"frame","head_patient","torso_patient","legs_patient","head_therapist","torso_therapist","legs_therapist"
271,0,0,0,37,166,0
272,0,0,0,31,66,0
273,0,0,0,1,10,0
274,0,0,0,0,3,0
275,0,0,0,2,7,53
276,0,0,0,60,1,0
277,0,0,0,183,30,0
278,0,0,0,38,65,0
279,0,0,0,12,69,0
280,0,0,0,9,79,0
281,0,0,0,18,30,0
282,0,0,0,96,0,0
283,0,0,0,98,15,6
284,0,0,0,45,16,0
285,0,0,0,38,29,0
286,0,0,0,76,25,0
287,0,0,0,75,15,0
288,0,0,0,76,4,0
289,0,0,0,139,0,0
290,0,0,0,250,0,0
291,0,0,0,225,1,0
292,0,0,0,83,0,0
293,0,0,0,52,0,5
294,0,0,0,45,17,19
295,0,0,0,0,38,11
296,0,0,0,8,43,30
297,0,0,0,63,86,23
298,0,0,0,27,82,2
299,0,0,0,1,63,0
300,0,0,0,0,43,0
301,0,0,0,0,41,0
302,0,0,0,0,3,0
303,0,0,0,0,4,1
304,0,0,0,7,3,0
305,0,0,0,22,2,0
306,0,0,0,0,2,0
307,0,0,0,0,75,0
308,0,0,0,0,132,0
309,0,0,0,0,125,0
310,0,0,0,80,97,0
311,0,0,0,153,27,0
312,0,0,0,214,14,0
313,0,0,0,244,7,3
314,0,0,0,185,26,1
315,0,0,0,77,20,0
316,0,0,0,34,60,0
317,0,0,0,12,77,0
318,0,0,0,16,89,0
319,0,0,0,30,85,0
320,0,0,0,38,63,0
321,0,0,0,8,2,0
322,0,0,0,14,0,2
323,0,0,0,7,18,0
324,0,0,0,0,82,0
325,0,0,0,0,103,0
326,0,0,0,16,75,0
327,0,0,0,0,1,0
328,0,0,0,0,16,0
329,0,0,0,17,2,0
330,0,0,0,0,8,0
331,0,0,0,0,0,0
332,0,0,4,0,0,0
333,0,0,0,0,0,0
334,0,0,0,0,0,0
335,0,0,0,0,0,0
336,0,0,0,0,0,0
337,0,0,0,0,62,0
338,0,0,0,0,107,0
339,0,0,0,0,116,0
340,0,0,0,0,96,0
341,0,0,0,2,80,0
342,0,0,0,0,26,0
343,0,0,0,0,13,0
344,0,0,0,26,5,0
345,0,0,0,63,0,0
346,0,0,0,67,1,0
347,0,0,0,33,15,0
348,0,0,0,69,116,0
349,0,0,0,213,149,0
350,0,0,0,266,91,0
351,0,0,0,264,67,0
352,0,0,0,245,57,0
353,0,0,0,205,8,0
354,0,0,0,162,0,0
355,0,0,0,66,0,0
356,0,0,0,1,0,0
357,0,0,0,0,0,0
358,0,0,0,0,42,0
359,0,0,0,0,148,0
360,0,0,0,3,538,0
361,12,0,0,11,947,10
362,5,0,0,31,1205,10
363,21,0,0,0,1506,2
364,11,0,0,0,1680,0
365,19,0,0,30,1621,4
366,22,0,0,36,1494,26
367,18,0,0,17,1086,77
368,17,0,0,82,1202,3
369,0,0,0,223,1514,18
370,0,0,0,359,1604,39
371,0,0,0,387,1704,7
372,0,0,0,355,1724,13
373,0,0,0,176,2149,97
374,0,0,0,69,2495,321
375,0,0,0,2,2916,386
376,0,0,0,11,3544,482
377,18,0,0,49,3770,691
378,16,0,0,17,3765,644
379,15,0,0,9,3866,404
380,82,0,0,73,4129,450
381,27,0,0,31,4122,247
382,69,0,0,7,3964,34
383,66,0,0,8,3746,2
384,60,0,0,93,2994,98
385,55,0,0,380,3600,130
386,62,0,0,326,4353,72
387,2,0,0,413,5330,0
388,8,0,0,387,5867,15
389,0,0,0,301,5849,31
390,0,0,0,204,5992,300
391,0,0,0,122,6126,486
392,0,0,0,246,6046,565
393,0,0,0,228,4655,317
394,0,0,0,194,3379,63
395,0,0,0,32,2849,16
396,0,0,0,27,2324,67
397,0,0,0,29,2000,384
398,0,0,0,7,2315,464
399,0,0,0,94,1726,454
400,0,0,0,126,613,301
401,0,0,0,137,295,33
402,0,0,0,234,214,0
403,0,0,0,246,252,50
404,0,0,0,304,227,0
405,0,0,0,314,138,0
406,0,0,0,300,60,0
407,0,0,0,266,26,0
408,0,0,0,197,0,0
409,0,0,0,231,4,0
410,0,0,0,229,0,0
411,0,0,0,161,4,0
412,0,0,0,104,38,0
413,0,0,0,62,22,0
414,0,0,0,5,28,2
415,0,0,0,73,169,0
416,0,0,0,27,283,0
417,0,0,0,142,355,0
418,0,0,0,94,284,0
419,0,0,0,49,161,0
420,0,0,0,78,97,0
421,0,0,0,48,146,1
422,0,0,0,21,133,2
423,0,0,0,35,131,0
424,0,0,0,20,146,0
425,0,0,0,28,34,0
426,0,0,0,17,2,0
427,0,0,0,1,37,0
428,0,0,0,9,83,0
429,0,0,0,26,14,0
430,0,0,0,17,1,0
431,0,0,0,27,0,0
432,0,0,0,53,18,0
433,0,0,0,27,44,0
434,0,0,0,2,13,0
435,0,0,0,2,0,0
436,0,0,0,5,0,0
437,0,0,0,0,0,0
438,0,0,0,0,0,0
439,0,0,0,0,0,0
440,0,0,0,0,0,0
441,0,0,0,0,0,0
442,0,0,0,0,0,0
443,0,0,0,14,0,0
444,0,0,0,20,9,0
445,0,0,0,44,0,0
446,0,0,0,107,1,0
447,0,0,0,245,0,0
448,0,0,0,294,0,0
449,0,0,0,133,1,0
450,0,0,0,34,1,0
451,0,0,0,37,6,0
452,0,0,0,43,0,0
453,0,0,0,17,0,0
454,0,0,0,3,1,0
455,0,0,0,0,0,0
456,0,0,0,21,0,0
457,0,0,0,11,2,0
458,0,0,0,20,60,0
459,0,0,0,18,109,0
460,0,0,0,65,52,0
461,0,0,0,143,16,0
462,0,0,0,71,0,2
463,0,0,0,34,0,0
464,0,0,0,38,0,0
465,0,0,0,9,0,0
466,0,0,0,0,1,0
467,0,0,0,0,0,0
468,0,0,0,0,5,0
469,0,0,0,0,28,0
470,0,0,0,0,58,0
471,0,0,0,0,0,0
472,0,0,0,1,0,0
473,0,0,0,21,0,0
474,0,0,0,3,1,0
475,0,0,0,1,0,0
476,0,0,0,0,20,0
477,0,0,0,5,76,0
478,0,0,0,0,211,0
479,0,0,1,0,412,0
480,0,0,7,0,558,0
481,0,0,0,4,695,0
482,0,0,0,0,864,0
483,0,0,13,1,950,0
484,0,0,0,0,984,0
485,0,0,0,24,982,0
486,0,0,10,10,1065,0
487,0,0,0,1,1159,0
488,0,0,23,34,1266,0
489,0,0,12,30,1793,0
490,0,0,0,88,2344,15
491,0,0,0,226,3120,32
492,0,0,1,397,4138,158
493,0,0,0,560,5206,163
494,0,0,0,667,5250,95
495,0,0,0,627,4683,102
496,0,0,0,691,4916,159
497,0,0,0,515,4550,37
498,0,0,0,401,4412,17
499,0,0,0,210,4128,4
500,0,0,0,107,3243,11
501,0,0,0,15,1538,5
502,0,0,0,9,2834,0
503,0,0,0,0,4405,7
504,0,0,0,0,4749,2
505,0,0,0,42,4515,24
506,0,0,0,33,4220,72
507,0,0,0,76,3802,135
508,0,0,0,180,3506,174
509,0,0,0,290,2994,72
510,0,0,0,214,2513,4
511,0,0,0,258,1881,8
512,0,0,0,138,1313,0
513,0,0,0,148,833,4
514,0,0,0,162,1618,66
515,0,0,0,136,1873,241
516,0,0,0,112,1990,165
517,0,0,0,114,2093,172
518,0,0,0,151,2337,244
519,0,0,0,147,1989,136
520,0,0,0,159,1934,159
521,0,0,0,286,2902,206
522,0,0,0,339,2838,118
523,0,0,0,403,2667,107
524,0,0,0,472,2970,96
525,0,0,0,485,2359,104
526,0,0,0,464,2123,6
527,0,0,0,468,1598,19
528,0,0,0,446,1084,8
529,0,0,0,354,855,100
530,0,0,0,337,956,138
531,0,0,0,165,1092,0
532,0,0,0,2,1542,1
533,0,0,0,3,1765,121
534,0,0,0,1,1729,35
535,0,0,0,170,1138,0
536,0,0,0,235,2009,0
537,0,0,0,312,2425,0
538,0,0,0,284,2662,16
539,0,0,0,403,2945,127
540,0,0,0,301,2236,59
541,0,0,0,287,1510,86
542,0,0,0,244,884,35
543,0,0,0,264,572,8
544,0,0,0,170,456,5
545,0,0,0,225,404,0
546,0,0,0,115,118,4
547,0,0,0,19,69,0
548,0,0,0,1,47,0
549,0,0,0,3,19,0
550,0,0,0,10,64,0
551,0,0,0,65,55,0
552,0,0,0,32,160,0
553,0,0,0,44,285,2
554,0,0,0,118,318,0
555,0,0,0,18,70,0
556,0,0,0,23,27,0
557,0,0,0,60,26,0
558,0,0,0,103,33,0
559,0,0,0,79,44,0
560,0,0,0,18,39,0
561,0,0,0,240,19,0
562,0,0,0,277,51,0
563,0,0,0,165,97,0
564,0,0,0,215,191,0
565,0,0,0,115,213,0
566,0,0,0,82,257,0
567,0,0,0,19,147,0
568,0,0,0,1,99,0
569,1,0,0,12,7,0
570,13,0,0,23,0,0
571,23,0,0,51,0,0
572,80,0,0,4,2,0
573,87,0,0,12,0,0
574,87,0,0,94,0,0
575,44,0,0,68,0,0
576,8,0,0,17,0,0
577,26,0,0,4,0,0
578,12,0,0,29,4,0
579,0,0,0,13,44,0
580,0,0,0,0,2,0
581,0,0,0,0,28,0
582,0,0,0,0,86,0
583,0,0,0,0,47,0
584,0,0,0,0,0,0
585,0,0,0,0,25,0
586,0,0,0,3,71,0
587,0,0,0,18,59,0
588,0,0,0,6,34,0
589,0,0,0,0,8,0
590,0,0,0,0,0,0
591,0,0,0,3,0,0
592,0,0,0,34,0,0
593,0,0,0,24,0,0
594,0,0,0,0,0,0
595,0,0,0,0,0,0
596,0,0,0,0,0,0
597,0,0,0,0,0,0
598,0,0,0,0,0,0
599,0,0,0,0,0,0
600,0,0,0,0,0,0
601,0,0,0,0,0,0
602,0,0,0,7,0,0
603,0,0,0,2,0,0
604,0,0,0,0,7,0
605,0,0,0,0,49,0
606,0,0,0,0,77,0
607,0,0,0,0,8,0
608,19,0,0,0,0,0
609,56,0,0,0,0,0
610,152,0,0,0,17,0
611,307,0,0,0,27,0
612,477,0,0,0,14,0
613,713,0,0,0,0,0
614,1004,0,0,0,0,0
615,1313,0,0,0,0,0
616,1522,0,0,0,0,0
617,1447,0,0,0,0,0
618,1422,0,0,0,0,0
619,1287,0,0,0,0,0
620,1071,0,0,0,0,0
621,884,0,0,0,0,0
622,630,0,0,0,0,0
623,291,0,0,0,0,0
624,0,0,0,0,0,0
625,59,0,0,0,0,0
626,242,0,0,2,0,0
627,464,0,0,0,20,0
628,706,0,5,0,13,0
629,966,0,0,0,45,0
630,1029,0,5,0,35,3
631,1059,0,0,8,2,1
632,924,0,0,3,0,1
633,707,0,0,0,3,0
634,544,0,2,0,3,6
635,415,0,5,0,0,0
636,379,0,1,0,0,0
637,360,0,0,0,0,0
638,440,0,0,0,0,0
639,444,0,0,0,1,0
640,483,0,0,0,0,0
641,368,0,26,9,66,12
642,210,0,1,0,0,4
643,0,0,0,0,4,0
644,0,0,0,0,12,0
645,0,0,0,0,22,0
646,1,0,0,0,46,0
647,12,0,10,4,107,7
648,2,0,19,0,63,0
649,0,1,0,3,5,0
650,0,0,0,2,21,0
651,10,1,0,0,4,0
652,96,5,0,0,0,0
653,188,0,0,0,55,0
654,265,0,7,0,134,0
655,182,0,3,17,401,1
656,153,0,0,28,705,0
657,79,0,0,32,967,34
658,40,0,0,39,1453,169
659,22,0,2,88,1474,145
660,7,2,9,13,1358,304
661,0,0,6,5,1295,251
662,0,2,38,5,1228,256
663,0,5,12,17,1266,38
664,0,10,4,14,1172,38
665,0,7,0,56,831,201
666,0,0,0,86,658,165
667,0,5,8,99,1253,139
668,0,0,0,81,1270,305
669,1,1,0,96,1675,338
670,10,0,1,99,2126,127
671,13,0,0,65,2398,136
672,0,0,0,53,1894,415
673,0,1,5,17,1662,394
674,22,25,57,3,1386,335
675,1,34,35,99,1725,403
676,8,25,50,240,1934,511
677,0,11,23,284,1556,449
678,0,0,14,344,745,459
679,0,0,0,350,679,129
680,0,0,0,359,623,24
681,0,0,0,417,689,2
682,0,0,4,327,344,0
683,13,0,3,97,66,0
684,1,0,0,72,5,69
685,27,0,0,30,19,175
686,79,0,0,45,71,199
687,181,0,0,5,59,100
688,307,0,0,59,46,244
689,337,3,0,41,94,269
690,341,0,0,94,120,427
691,318,0,14,175,118,544
692,235,7,15,161,108,610
693,135,11,0,280,87,481
694,34,6,0,247,91,324
695,0,15,0,203,44,139
696,0,0,0,162,0,8
697,0,0,0,160,4,18
698,0,0,0,179,77,10
699,0,0,0,248,146,241
700,0,0,0,304,315,594
701,0,0,0,355,170,184
702,0,0,0,315,30,0
703,0,0,0,245,0,0
704,0,0,0,144,0,0
705,0,0,0,59,0,0
706,0,0,0,96,13,0
707,0,0,0,56,41,0
708,0,0,0,43,37,12
709,0,0,0,43,22,4
710,0,0,1,77,0,0
711,0,0,0,1,1,0
712,0,0,0,38,5,0
713,0,0,0,82,7,10
714,0,0,0,75,1,4
715,0,0,0,53,5,7
716,0,0,0,106,0,13
717,0,0,0,52,0,0
718,0,0,0,103,2,0
719,0,0,0,187,11,0
720,0,0,0,125,28,0
721,0,0,0,158,0,0
722,0,0,0,100,12,0
723,0,0,0,89,26,5
724,0,0,0,106,8,0
725,0,0,0,108,0,0
726,0,0,0,0,0,0
727,0,0,0,0,0,0
728,0,0,0,46,0,0
729,0,0,0,50,0,0
730,0,0,0,69,0,0
731,0,0,0,101,0,0
732,0,0,0,54,0,0
733,0,0,0,70,14,0
734,0,0,3,18,115,0
735,0,0,13,0,247,0
736,0,6,145,1,332,0
737,0,5,165,1,219,0
738,0,14,182,1,132,0
739,0,10,255,5,2,0
740,0,3,251,1,329,0
741,0,0,192,3,410,0
742,0,0,126,14,272,0
743,0,0,52,26,196,3
744,0,0,34,7,69,0
745,0,0,52,2,15,0
746,0,0,43,38,61,0
747,0,0,23,12,4,0
748,0,0,7,7,16,0
749,0,1,11,13,9,0
750,2,0,64,7,0,0
751,2,0,77,12,6,0
752,0,0,114,4,6,0
753,0,0,79,3,0,0
754,0,0,71,4,1,0
755,0,0,53,0,0,0
756,0,0,25,0,0,0
757,0,0,6,0,0,0
758,0,0,8,0,0,0
759,0,0,4,0,0,0
760,0,0,0,2,0,0
761,0,0,0,1,0,0
762,0,0,0,0,0,0
763,0,0,0,0,0,0
764,1,0,0,0,0,0
765,0,0,0,8,0,0
766,0,0,0,9,0,0
767,0,0,0,13,0,0
768,0,0,0,6,0,0
769,0,0,1,4,0,0
770,0,0,0,0,0,0
771,0,0,0,0,0,0
772,0,0,0,2,0,0
773,0,0,0,23,0,0
774,0,0,0,0,0,0
775,0,0,2,22,0,0
776,0,0,0,4,0,0
777,0,0,25,3,0,0
778,0,0,5,8,0,0
779,0,12,10,3,0,0
780,0,7,0,8,0,0
781,0,0,0,0,0,0
782,0,0,0,3,0,0
783,0,0,0,0,0,0
784,0,0,0,0,0,0
785,0,0,0,0,0,0
786,0,0,0,0,0,0
787,0,0,0,6,0,0
788,0,0,0,30,0,0
789,0,0,0,169,0,0
790,0,0,0,265,0,0
791,0,0,0,264,0,0
792,0,0,0,237,0,0
793,0,0,0,200,0,0
794,0,0,0,252,0,0
795,0,0,0,261,0,0
796,0,0,0,164,1,0
797,0,0,0,53,0,0
798,0,0,0,10,0,0
799,0,0,0,129,28,0
800,0,0,0,86,39,0
801,0,0,0,0,18,0
802,0,0,0,103,0,0
803,0,0,0,8,0,0
804,0,0,0,0,0,0
805,0,0,0,0,0,0
806,0,0,0,6,21,0
807,0,0,0,0,34,0
808,0,0,0,5,47,0
809,0,0,0,16,32,0
810,0,0,0,21,0,0
811,0,0,0,129,0,0
812,0,0,0,3,0,0
813,0,0,0,0,0,0
814,0,0,0,24,0,0
815,0,0,0,66,0,0
816,0,0,0,73,0,0
817,0,0,0,14,0,0
818,0,0,0,52,3,0
819,0,0,0,147,0,0
820,0,0,0,25,3,0
821,0,0,0,21,20,0
822,0,0,0,70,13,0
823,0,0,0,86,9,0
824,0,0,0,30,11,0
825,0,0,0,68,13,0
826,0,0,0,247,7,0
827,0,0,0,122,12,0
828,0,0,0,51,0,0
829,0,0,0,62,0,0
830,0,0,0,43,0,0
831,0,0,0,20,0,0
832,0,0,0,0,0,0
833,0,0,0,2,0,0
834,0,0,0,0,0,0
835,0,0,0,0,0,0
836,0,0,0,0,9,0
837,0,0,0,0,22,0
838,0,0,0,0,19,0
839,0,0,0,0,0,0
840,0,0,0,0,0,0
841,0,0,0,1,0,0
842,0,0,0,0,0,0
843,0,0,0,0,0,0
844,0,0,0,0,0,0
845,0,0,0,0,0,0
846,0,0,0,0,0,0
847,0,0,0,0,0,0
848,0,0,0,0,0,0
849,0,0,0,0,0,0
850,0,0,0,0,0,0
851,0,0,0,0,0,0
852,0,0,0,0,0,0
853,0,0,0,0,0,0
854,0,0,0,0,0,0
855,0,0,0,0,0,0
856,0,0,0,0,0,0
857,0,0,4,0,0,0
858,0,0,4,0,0,0
859,0,0,0,0,0,0
860,0,0,0,0,0,0
861,0,0,0,0,0,0
862,0,0,0,0,0,0
863,0,0,0,0,0,0
864,0,0,0,0,0,0
865,0,0,9,0,0,0
866,0,0,19,1,0,0
867,0,0,3,1,0,0
868,0,0,29,0,0,0
869,0,0,38,0,0,0
870,1,0,0,0,0,0
871,4,0,90,1,6,0
872,0,0,100,0,1,1
873,38,0,0,0,0,0
874,132,0,16,0,0,0
875,238,0,4,0,0,0
876,326,0,0,1,0,0
877,440,0,5,0,0,0
878,554,0,0,0,0,0
879,543,0,0,0,0,0
880,601,0,1,0,0,0
881,542,0,0,0,0,0
882,499,0,0,0,0,0
883,389,0,0,0,0,0
884,354,0,0,0,0,0
885,257,0,0,0,0,0
886,221,0,0,1,0,0
887,158,0,0,0,0,0
888,87,0,0,0,0,0
889,4,0,0,0,0,0
890,0,0,1,0,0,0
891,0,0,0,0,0,0
892,0,0,0,0,0,0
893,2,0,1,0,0,0
894,1,0,1,0,0,0
895,3,0,0,0,0,0
896,74,0,1,0,0,0
897,317,0,0,0,0,0
898,486,0,0,0,0,0
899,725,0,0,0,0,0
900,804,0,0,0,0,0
901,785,0,0,0,0,0
902,619,0,0,0,0,0
903,476,0,0,0,0,0
904,298,0,0,0,0,0
905,242,0,0,3,0,0
906,188,0,0,0,0,0
907,172,0,0,0,0,0
908,223,0,0,0,0,0
909,317,0,0,6,0,0
910,409,0,0,3,0,0
911,338,0,0,2,0,0
912,308,0,0,1,0,0
913,200,0,0,0,0,0
914,198,0,0,4,1,0
915,177,0,0,19,2,0
916,101,0,0,40,3,0
917,1,0,0,76,18,0
918,4,0,0,49,13,0
919,0,0,0,74,38,0
920,0,0,0,40,34,0
921,0,0,0,37,11,0
922,0,0,0,15,5,0
923,10,1,4,2,30,0
924,10,2,4,0,1,0
925,28,0,33,2,17,0
926,49,1,76,0,17,0
927,48,5,78,0,0,0
928,29,2,65,22,1,0
929,70,0,79,37,1,0
930,21,2,90,33,0,0
931,1,2,273,44,0,0
932,0,3,203,116,14,0
933,1,0,31,109,0,0
934,5,0,74,122,2,0
935,7,0,90,249,13,0
936,14,0,112,223,0,0
937,31,2,93,250,0,0
938,39,0,110,180,17,0
939,99,0,157,81,5,0
940,166,3,85,17,0,0
941,187,0,13,0,0,0
942,200,0,1,0,0,0
943,162,0,98,0,0,0
944,119,5,52,2,0,0
945,154,0,11,8,0,0
946,148,0,0,6,0,0
947,127,0,0,13,0,0
948,100,0,50,0,0,0
949,101,0,67,0,0,0
950,61,0,14,0,0,0
951,5,0,4,0,0,0
952,0,0,0,0,0,0
953,18,0,0,3,0,0
954,0,0,0,0,0,0
955,0,0,0,0,0,0
956,0,0,0,1,0,0
957,0,0,0,14,0,0
958,0,0,0,0,0,0
959,0,0,0,0,0,0
960,0,0,0,0,0,0
961,0,0,0,0,0,0
962,0,0,3,4,0,0
963,0,0,10,3,1,0
964,21,0,0,0,0,0
965,5,0,24,0,0,0
966,7,0,0,0,0,0
967,0,0,0,2,0,0
968,0,0,0,61,0,0
969,0,0,2,45,0,0
970,0,0,48,19,0,0
971,2,0,39,0,0,2
972,0,2,0,0,0,0
973,0,0,55,10,3,0
974,0,0,83,25,17,0
975,0,0,60,3,24,0
976,0,0,46,14,23,0
977,0,0,37,3,26,0
978,0,0,37,0,0,0
979,0,0,33,2,0,0
980,0,0,45,0,0,0
981,0,0,24,0,29,0
982,0,0,36,0,276,0
983,0,0,82,5,522,0
984,0,0,100,61,869,0
985,0,0,68,178,1052,0
986,0,0,28,332,1051,0
987,0,0,0,485,247,1
988,0,0,1,587,710,0
989,0,0,0,694,881,4
990,0,0,0,1027,390,0
991,0,0,0,1416,30,0
992,0,0,0,1284,138,0
993,0,0,0,746,427,0
994,0,0,0,85,536,0
995,0,0,0,115,460,0
996,0,0,0,253,240,0
997,0,0,0,256,86,0
998,0,0,0,171,69,0
999,0,0,0,82,27,0
1000,0,0,0,30,27,0
1001,0,0,0,0,9,0
1002,0,0,0,0,0,0
1003,0,0,0,0,0,0
1004,0,9,33,3,0,0
1005,0,0,9,0,3,0
1006,0,0,0,5,6,2
1007,0,0,0,0,20,0
1008,0,0,0,0,4,0
1009,0,0,23,0,0,0
1010,0,0,47,0,0,0
1011,0,0,0,0,0,0
1012,0,0,0,0,0,0
1013,0,0,0,0,14,0
1014,0,0,0,0,0,0
1015,0,0,0,0,0,0
1016,0,0,0,7,0,0
1017,0,0,0,0,0,0
1018,0,0,0,49,0,0
1019,0,0,0,153,0,0
1020,0,0,7,71,0,0
1021,0,0,0,32,0,0
1022,0,0,0,57,0,0
1023,0,0,22,14,0,0
1024,0,0,2,71,0,0
1025,0,0,0,75,0,0
1026,0,0,36,8,0,0
1027,0,0,0,4,0,0
1028,0,0,0,21,0,0
1029,0,0,14,0,0,0
1030,0,0,0,2,0,0
1031,0,0,4,111,0,0
1032,0,0,19,20,0,0
1033,0,0,0,0,0,0
1034,0,0,0,6,0,0
1035,0,0,4,16,0,0
1036,0,0,0,28,0,0
1037,0,0,0,11,0,0
1038,0,0,0,0,0,0
1039,0,0,2,47,0,0
1040,0,0,0,125,0,0
1041,0,0,0,19,0,0
1042,0,0,3,11,0,0
1043,0,0,0,0,0,0
1044,0,0,0,18,0,0
1045,0,0,0,33,0,0
1046,0,0,0,6,0,0
1047,0,0,0,14,0,0
1048,0,0,1,5,0,0
1049,0,0,6,13,0,0
1050,0,0,0,13,0,0
1051,0,0,7,42,0,0
1052,0,0,0,26,0,0
1053,0,0,0,9,0,0
1054,0,0,30,9,0,0
1055,0,0,4,0,1,0
1056,0,0,0,0,0,0
1057,0,0,5,2,0,0
1058,0,0,0,0,0,0
1059,0,0,0,0,0,0
1060,0,0,0,0,1,0
1061,0,0,0,0,0,0
1062,0,0,0,0,0,0
1063,0,0,0,0,1,0
1064,0,0,0,0,1,0
1065,0,0,0,0,0,0
1066,0,0,0,0,0,0
1067,0,0,0,0,0,0
1068,0,0,3,12,0,0
1069,0,0,15,0,0,0
1070,0,0,0,1,0,0
1071,0,0,10,0,0,0
1072,0,0,12,0,0,0
1073,0,0,0,0,0,0
1074,0,0,4,0,0,0
1075,0,0,47,0,0,0
1076,0,0,0,0,0,0
1077,0,0,11,0,0,0
1078,0,0,0,0,0,0
1079,0,0,0,0,0,0
1080,0,0,4,0,0,0
1081,0,0,1,0,0,0
1082,0,0,0,0,0,0
1083,0,0,0,0,0,0
1084,0,0,0,0,0,0
1085,0,0,0,0,0,0
1086,0,0,0,0,0,0
1087,0,0,0,0,0,0
1088,0,0,0,0,0,0
1089,0,0,0,0,0,0
1090,0,0,0,0,13,0
1091,0,0,0,0,12,0
1092,0,0,0,0,23,0
1093,0,0,0,0,3,0
1094,0,0,0,0,2,0
1095,0,0,0,0,24,0
1096,0,0,0,0,1,0
1097,0,0,0,0,0,0
1098,0,0,0,0,1,0
1099,0,0,0,0,0,0
1100,0,0,0,0,0,0
1101,0,0,0,0,0,0
1102,0,0,0,0,2,0
1103,0,0,0,0,0,0
1104,0,0,0,0,15,0
1105,0,0,0,0,9,0
1106,0,0,0,0,13,0
1107,0,0,0,0,6,0
1108,0,0,0,0,0,0
1109,0,0,0,0,0,0
1110,0,0,0,0,0,0
1111,0,0,0,0,1,0
1112,0,0,0,0,2,0
1113,0,0,0,0,2,0
1114,0,0,0,0,6,0
1115,0,0,0,0,0,0
1116,0,0,0,0,0,0
1117,0,0,0,1,0,0
1118,0,0,0,9,0,0
1119,0,0,0,0,0,0
1120,0,0,0,0,0,0
1121,0,0,0,0,0,0
1122,0,0,0,0,0,0
1123,0,0,0,0,0,0
1124,0,0,0,0,0,0
1125,0,0,0,0,0,0
1126,0,0,0,1,3,0
1127,0,0,0,1,0,0
1128,0,0,0,0,0,0
1129,0,0,0,0,0,0
1130,0,0,0,3,0,0
1131,0,0,0,0,0,0
1132,0,0,0,0,0,0
1133,0,0,0,0,0,0
1134,0,0,0,0,0,0
1135,0,0,0,0,0,0
1136,0,0,0,0,0,0
1137,0,0,0,0,0,0
1138,0,0,0,0,0,0
1139,0,0,0,2,0,0
1140,0,0,0,4,0,0
1141,0,0,0,9,0,0
1142,0,0,0,9,0,0
1143,0,0,0,5,0,0
1144,0,0,0,4,0,0
1145,0,0,0,5,0,0
1146,0,0,0,2,0,0
1147,7,0,0,6,0,0
1148,0,0,0,0,0,0
1149,0,0,0,0,0,0
1150,0,0,0,7,0,0
1151,0,0,0,0,0,0
1152,0,0,0,0,0,0
1153,0,0,0,0,0,0
1154,0,0,0,0,0,0
1155,0,0,9,0,0,0
1156,0,0,0,0,0,0
1157,0,0,0,0,0,0
1158,0,0,36,0,0,0
1159,0,0,0,0,0,0
1160,0,0,0,0,0,0
1161,0,0,65,0,0,2
1162,0,0,10,0,0,0
1163,0,0,0,0,0,0
1164,0,0,25,0,0,0
1165,0,0,2,0,0,0
1166,0,0,4,0,0,0
1167,0,0,50,0,0,0
1168,0,0,0,0,0,0
1169,0,0,2,0,2,0
1170,0,0,28,0,0,0
1171,0,0,0,3,1,0
1172,0,0,36,0,0,0
1173,0,0,131,0,0,3
1174,0,0,0,0,0,0
1175,0,0,4,0,0,0
1176,0,0,72,0,0,5
1177,0,0,2,0,0,0
1178,0,0,17,3,0,0
1179,0,0,85,10,0,3
1180,0,0,3,0,0,0
1181,0,0,0,0,0,0
1182,0,0,28,0,0,0
1183,0,0,0,0,0,0
1184,0,0,0,0,0,0
1185,0,0,35,0,0,0
1186,0,0,12,0,0,0
1187,0,0,0,0,0,0
1188,0,0,53,14,0,0
1189,0,0,18,0,0,0
1190,0,0,2,1,0,0
1191,0,0,94,3,0,0
1192,0,0,26,0,0,0
1193,0,0,0,0,0,0
1194,0,0,48,0,0,3
1195,0,0,3,0,0,0
1196,0,0,0,0,0,0
1197,0,0,26,0,0,2
1198,0,0,0,0,0,0
1199,0,0,0,0,0,0
1200,0,0,3,0,0,0
1201,0,0,0,0,0,0
1202,0,0,0,0,0,0
1203,0,0,2,0,0,0
1204,0,0,0,0,0,0
1205,0,0,0,1,0,0
1206,0,0,0,0,0,0
1207,0,0,0,0,0,0
1208,0,0,0,0,0,0
1209,0,0,0,0,0,0
1210,0,0,0,0,1,0
1211,0,0,0,0,0,0
1212,0,0,0,0,0,0
1213,0,0,0,0,0,0
1214,0,0,0,0,0,0
1215,0,0,0,0,0,0
1216,0,0,0,0,0,0
1217,0,0,0,0,0,0
1218,0,0,0,0,0,0
1219,0,0,0,0,0,0
1220,0,0,0,0,0,0
1221,0,0,0,0,0,0
1222,0,0,0,0,0,0
1223,0,0,0,0,0,0
1224,0,0,0,0,0,0
1225,0,0,0,0,0,0
1226,0,0,0,0,0,0
1227,0,0,0,0,0,0
1228,0,0,0,12,0,0
1229,1,0,0,0,0,0
1230,0,0,0,0,0,0
1231,0,0,0,0,1,0
1232,0,0,0,18,0,0
1233,0,0,0,16,0,0
1234,0,0,0,0,0,0
1235,0,0,0,2,0,0
1236,0,0,0,0,0,0
1237,9,0,0,0,0,0
1238,0,0,0,0,0,0
1239,20,0,0,0,0,0
1240,6,0,0,0,0,0
1241,0,0,0,10,0,0
1242,0,0,0,0,0,0
1243,2,0,0,0,0,0
1244,0,0,0,30,0,0
1245,0,0,0,2,0,0
1246,0,0,0,32,1,0
1247,0,0,0,49,0,0
1248,0,0,0,43,0,0
1249,0,0,0,13,0,0
1250,0,0,0,12,0,0
1251,0,0,0,2,0,0
1252,0,0,0,0,0,0
1253,10,0,0,0,0,0
1254,16,0,0,2,1,0
1255,84,0,0,0,1,0
1256,97,0,0,14,0,0
1257,141,0,0,0,0,0
1258,115,0,0,8,0,0
1259,46,0,0,37,0,0
1260,0,0,0,25,0,0
1261,2,0,0,59,2,0
1262,0,0,0,38,0,0
1263,0,0,0,35,0,0
1264,0,0,3,35,0,0
1265,0,0,0,9,0,0
1266,0,0,0,0,0,0
1267,0,0,4,0,0,0
1268,0,0,2,0,0,0
1269,0,0,0,0,0,0
1270,0,0,1,0,0,0
1271,0,0,1,4,0,0
1272,0,0,0,0,0,0
1273,0,0,0,2,0,0
1274,0,0,0,0,0,0
1275,0,0,0,0,0,0
1276,0,0,2,0,0,0
1277,0,0,0,0,0,0
1278,0,0,0,0,0,0
1279,0,0,0,0,0,0
1280,0,0,0,0,0,0
1281,0,0,0,0,0,0
1282,0,0,0,0,0,0
1283,0,0,0,23,0,0
1284,0,0,0,37,0,0
1285,0,0,0,19,0,0
1286,0,0,0,10,0,0
1287,0,0,0,0,0,0
1288,0,0,0,0,0,0
1289,0,0,0,2,0,0
1290,0,0,0,11,0,0
1291,0,0,0,0,0,0
1292,0,0,0,0,0,0
1293,0,0,0,0,0,0
1294,1,0,3,0,0,0
1295,0,0,5,0,0,0
1296,0,0,0,0,0,0
1297,0,0,0,0,0,0
1298,1,0,0,3,0,0
1299,0,0,0,8,0,0
1300,0,0,0,0,0,0
1301,0,0,1,2,0,0
1302,0,0,0,0,0,0
1303,0,0,0,2,0,0
1304,0,0,1,21,0,0
1305,0,0,0,0,0,0
1306,0,0,0,8,0,0
1307,0,0,0,0,0,0
1308,0,0,0,0,0,0
1309,0,0,0,0,0,0
1310,0,0,4,10,0,0
1311,0,0,0,2,0,0
1312,0,0,0,0,0,0
1313,0,0,8,0,1,0
1314,0,0,1,0,0,0
1315,0,0,0,3,2,0
1316,0,0,0,19,0,0
1317,0,0,0,0,1,0
1318,0,0,0,0,0,0
1319,0,0,0,0,0,0
1320,0,0,0,0,0,0
1321,0,0,0,0,0,0
1322,0,0,0,0,0,0
1323,0,0,0,0,0,0
1324,0,0,0,0,0,0
1325,0,0,0,0,0,0
1326,0,0,0,0,1,0
1327,0,0,0,0,0,0
1328,0,0,0,0,0,0
1329,0,0,0,0,0,0
1330,0,0,0,0,0,0
1331,0,0,0,0,0,0
1332,0,0,0,0,0,0
1333,0,0,0,0,0,0
1334,0,0,0,0,0,0
1335,0,0,0,0,0,0
1336,0,0,0,0,6,0
1337,0,0,0,0,0,0
1338,0,0,0,0,1,0
1339,0,0,0,0,0,0
1340,0,0,0,0,0,0
1341,0,0,0,0,0,0
1342,0,0,0,2,0,0
1343,0,0,0,0,0,0
1344,0,0,0,1,0,0
1345,0,0,0,0,0,0
1346,0,0,0,0,0,0
1347,0,0,0,0,0,0
1348,0,0,0,0,0,0
1349,0,0,0,0,0,0
1350,0,0,0,0,0,0
1351,0,0,0,0,1,0
1352,0,0,0,0,1,0
1353,0,0,0,0,0,0
1354,0,0,0,0,0,0
1355,0,0,0,0,0,0
1356,0,0,0,0,0,0
1357,0,0,0,0,0,0
1358,0,0,0,0,0,0
1359,0,0,0,0,0,0
1360,0,0,0,0,0,0
1361,0,0,0,0,0,0
1362,0,0,0,0,0,0
1363,0,0,0,0,0,0
1364,0,0,1,0,0,0
1365,0,0,0,0,0,0
1366,0,0,0,0,0,0
1367,0,0,3,0,0,0
1368,0,0,0,0,0,0
1369,0,0,1,0,0,0
1370,0,0,8,0,0,0
1371,0,0,0,0,0,0
1372,3,0,0,0,0,0
1373,0,0,2,0,0,0
1374,0,0,0,0,0,0
1375,0,0,0,2,0,0
1376,0,0,2,0,0,1
1377,0,0,4,0,0,0
1378,0,0,0,0,0,0
1379,0,0,0,1,0,0
1380,0,0,0,0,0,0
1381,0,0,0,0,0,0
1382,0,0,0,0,0,0
1383,0,0,20,0,0,0
1384,0,0,3,0,0,0
1385,0,0,0,0,0,0
1386,0,0,13,0,0,0
1387,0,0,34,0,0,0
1388,0,0,0,0,0,0
1389,0,0,140,0,0,4
1390,0,0,219,5,0,7
1391,0,0,3,0,2,0
1392,0,0,85,7,0,0
1393,0,0,191,0,0,0
1394,0,0,0,0,0,0
1395,0,0,259,0,0,14
1396,0,0,442,0,0,50
1397,0,0,14,0,0,0
1398,0,0,129,0,0,3
1399,0,0,299,0,0,5
1400,0,0,17,0,0,0
1401,0,0,135,0,0,5
1402,0,0,264,0,0,16
1403,0,0,0,0,0,0
1404,0,0,48,0,0,0
1405,0,0,147,0,0,2
1406,0,0,1,0,0,0
1407,0,0,14,1,0,0
1408,0,0,68,0,0,0
1409,0,0,2,0,0,0
1410,0,0,16,0,0,0
1411,0,0,30,2,0,0
1412,0,0,0,6,0,0
1413,0,0,9,2,0,0
1414,0,0,60,0,0,0
1415,0,0,4,0,0,0
1416,0,0,9,0,0,0
1417,0,0,20,0,0,0
1418,0,0,0,0,0,0
1419,0,0,0,0,0,0
1420,0,0,24,0,0,6
1421,0,0,0,0,0,0
1422,0,0,0,0,0,0
1423,0,0,0,0,0,2
1424,0,0,0,0,0,0
1425,0,0,0,0,0,0
1426,5,0,0,3,4,0
1427,33,0,0,0,0,0
1428,315,0,0,0,0,0
1429,548,0,0,0,0,0
1430,499,0,0,0,0,0
1431,380,0,0,0,0,0
1432,195,0,0,0,0,0
1433,17,0,0,0,0,0
1434,85,0,0,0,0,0
1435,359,0,0,0,0,0
1436,430,0,0,0,0,0
1437,471,0,0,0,0,0
1438,420,0,0,1,0,0
1439,279,0,0,0,0,0
1440,61,0,0,0,0,0
1441,39,0,0,0,0,0
1442,54,0,0,0,0,0
1443,2,0,0,0,0,0
1444,108,0,0,0,0,0
1445,296,0,0,0,0,0
1446,377,0,0,0,0,0
1447,259,0,0,0,0,0
1448,9,0,0,1,0,0
1449,6,0,0,0,0,0
1450,231,0,0,0,0,0
1451,352,0,0,0,0,0
1452,61,0,0,0,0,0
1453,60,0,0,0,0,0
1454,263,0,0,0,0,0
1455,265,0,0,0,0,0
1456,86,0,0,0,0,0
1457,18,0,0,5,0,0
1458,232,0,0,3,0,0
1459,251,0,0,0,0,0
1460,86,0,0,0,0,0
1461,341,0,0,0,0,0
1462,498,0,0,0,0,0
1463,403,0,0,0,0,0
1464,94,0,0,0,0,0
1465,124,0,0,0,0,0
1466,197,0,0,0,0,0
1467,138,0,0,0,0,0
1468,19,0,0,0,0,0
1469,17,0,0,0,0,0
1470,3,0,0,0,0,0
1471,0,0,0,1,1,0
1472,0,0,0,0,0,0
1473,0,0,0,0,0,0
1474,0,0,0,0,0,0
1475,0,0,0,0,0,0
1476,0,0,0,0,0,0
1477,0,0,0,0,1,0
1478,0,0,0,1,0,0
1479,0,0,0,0,0,0
1480,0,0,0,0,0,0
1481,0,0,0,0,0,0
1482,0,0,0,0,0,0
1483,0,0,0,0,0,0
1484,0,0,0,0,0,0
1485,0,0,0,0,0,0
1486,0,0,0,2,1,0
1487,0,0,0,0,0,0
1488,0,0,0,0,0,0
1489,0,0,0,0,0,0
1490,0,0,0,0,0,0
1491,0,0,0,0,0,0
1492,0,0,0,0,0,0
1493,0,0,0,0,0,0
1494,0,0,0,0,0,0
1495,0,0,0,0,0,0
1496,0,0,0,0,0,0
1497,0,0,0,0,0,0
1498,0,0,0,0,0,0
1499,0,0,0,0,0,0
1500,0,0,0,0,0,0
1501,0,0,0,0,6,0
1502,0,0,0,0,0,0
1503,0,0,0,0,0,0
1504,0,0,0,2,0,0
1505,0,0,0,1,0,0
1506,0,0,0,0,0,0
1507,0,0,0,0,0,0
1508,0,0,0,0,0,0
1509,0,0,0,0,0,0
1510,0,0,0,0,0,0
1511,0,0,0,0,0,0
1512,0,0,0,0,0,0
1513,0,0,0,0,0,0
1514,0,0,0,0,0,0
1515,0,0,0,0,0,0
1516,0,0,0,4,2,0
1517,0,0,0,0,1,0
1518,0,0,0,0,0,0
1519,0,0,0,0,0,0
1520,0,0,0,0,0,0
1521,0,0,0,0,0,0
1522,0,0,0,3,0,0
1523,0,0,0,0,0,0
1524,0,0,0,0,0,0
1525,0,0,2,0,0,0
1526,0,0,0,0,0,0
1527,0,0,0,0,0,0
1528,0,0,0,2,0,0
1529,0,0,0,0,0,0
1530,0,0,0,0,0,0
1531,0,0,1,0,2,0
1532,0,0,0,0,0,0
1533,0,0,0,0,0,0
1534,2,0,0,0,0,0
1535,39,0,0,0,0,0
1536,330,0,0,0,0,0
1537,502,0,0,0,0,0
1538,529,0,0,0,2,0
1539,489,0,0,0,13,0
1540,218,0,0,0,15,0
1541,19,0,0,0,0,0
1542,51,0,0,0,0,0
1543,148,0,0,0,0,0
1544,213,0,0,0,0,0
1545,255,0,7,0,0,0
1546,93,0,0,0,1,0
1547,3,0,3,0,0,0
1548,0,0,0,0,0,0
1549,0,0,0,0,0,0
1550,0,0,0,0,0,0
1551,0,0,0,0,0,0
1552,24,0,7,0,0,0
1553,33,0,11,0,6,0
1554,42,0,0,0,5,0
1555,4,0,10,0,12,0
1556,0,0,0,3,27,0
1557,0,0,0,0,14,0
1558,0,0,0,2,17,0
1559,0,0,0,2,4,0
1560,0,0,0,0,0,0
1561,0,0,0,0,0,0
1562,0,0,0,0,0,0
1563,0,0,0,0,1,0
1564,0,0,0,0,0,0
1565,0,0,0,0,0,0
1566,0,0,0,0,0,0
1567,0,0,0,0,0,0
1568,0,0,0,0,0,0
1569,0,0,0,2,5,0
1570,0,0,0,0,0,0
1571,0,0,2,0,0,0
1572,0,0,0,0,0,0
1573,0,0,0,0,2,0
1574,0,0,0,0,0,0
1575,0,0,0,0,0,0
1576,0,0,0,0,3,0
1577,0,0,0,1,0,0
1578,0,0,0,2,0,0
1579,0,0,0,0,0,0
1580,0,0,0,0,0,0
1581,0,0,0,0,0,0
1582,0,0,0,0,0,0
1583,0,0,0,0,0,0
1584,0,0,0,0,0,0
1585,0,0,0,0,0,1
1586,0,0,0,0,1,0
1587,0,0,0,0,0,0
1588,0,0,0,0,0,0
1589,0,0,0,0,1,0
1590,0,0,0,0,6,0
1591,0,0,0,5,11,0
1592,0,0,0,2,8,0
1593,0,0,0,0,23,0
1594,0,0,0,0,27,0
1595,0,0,0,3,31,0
1596,0,0,0,0,7,0
1597,0,0,0,0,1,0
1598,0,0,0,0,0,0
1599,0,0,0,0,0,0
1600,0,0,0,0,0,0
1601,0,0,0,0,0,0
1602,0,0,0,2,0,0
1603,0,0,0,2,0,0
1604,0,0,0,0,0,0
1605,0,0,0,1,0,0
1606,0,0,1,6,0,0
1607,0,0,0,0,0,0
1608,0,0,0,0,0,0
1609,0,0,0,0,0,0
1610,0,0,0,0,0,0
1611,0,0,0,0,0,0
1612,0,0,0,2,0,0
1613,0,0,0,0,0,0
1614,0,0,0,0,0,0
1615,0,0,0,0,0,0
1616,0,0,0,0,0,0
1617,0,0,0,0,0,0
1618,0,0,2,0,0,0
1619,0,0,0,2,0,0
1620,0,0,0,0,0,0
1621,0,0,2,0,0,0
1622,0,0,0,0,0,0
1623,0,0,0,0,0,0
1624,0,0,0,0,0,0
1625,0,0,0,0,0,0
1626,0,0,0,0,0,0
1627,0,0,0,0,0,0
1628,0,0,0,0,0,0
1629,0,0,0,0,0,0
1630,0,0,0,0,0,0
1631,0,0,0,0,0,0
1632,0,0,0,0,0,0
1633,0,0,0,0,1,0
1634,3,0,0,0,0,0
1635,8,0,0,0,0,0
1636,94,0,0,8,3,0
1637,303,0,0,1,0,0
1638,462,0,0,3,0,0
1639,582,0,0,0,0,0
1640,505,0,0,0,0,0
1641,318,0,0,0,0,0
1642,144,0,0,0,0,0
1643,180,5,0,0,0,0
1644,192,0,0,0,0,0
1645,94,0,0,0,1,0
1646,36,18,0,0,1,0
1647,0,0,0,0,0,0
1648,0,0,0,0,0,0
1649,0,0,0,0,0,0
1650,0,0,0,0,0,0
1651,4,0,0,0,0,0
1652,0,0,0,0,0,0
1653,0,0,0,0,0,0
1654,0,0,0,0,0,0
1655,0,0,0,0,0,0
1656,0,0,0,0,0,0
1657,0,0,0,0,0,0
1658,0,0,0,0,0,0
1659,0,0,0,0,0,0
1660,0,0,0,0,0,0
1661,0,0,0,0,0,0
1662,0,0,0,0,0,0
1663,0,0,0,0,0,0
1664,0,0,0,0,0,0
1665,0,0,0,1,0,0
1666,0,0,0,0,4,0
1667,0,0,0,0,0,0
1668,0,0,0,0,0,0
1669,0,0,0,0,0,0
1670,0,0,0,0,0,0
1671,0,0,0,0,0,0
1672,0,0,0,0,0,0
1673,0,0,0,0,0,0
1674,0,0,0,0,1,0
1675,0,0,0,0,0,0
1676,0,0,0,0,0,0
1677,0,0,0,0,0,0
1678,0,0,0,0,0,0
1679,0,0,0,0,0,0
1680,0,0,0,0,0,0
1681,0,0,0,0,0,0
1682,0,0,0,0,0,0
1683,0,0,0,0,0,0
1684,0,0,0,0,0,0
1685,0,0,0,0,0,0
1686,0,0,0,0,0,0
1687,0,0,0,0,0,0
1688,0,0,0,0,0,0
1689,0,0,0,0,0,0
1690,0,0,0,0,0,0
1691,0,0,0,0,0,0
1692,0,0,0,0,0,0
1693,0,0,0,0,0,0
1694,0,0,0,2,0,0
1695,0,0,0,0,0,0
1696,0,0,0,10,0,0
1697,0,0,0,0,0,0
1698,0,0,0,0,0,0
1699,0,0,0,0,0,0
1700,0,0,0,0,0,0
1701,0,0,0,0,1,0
1702,0,0,0,0,0,0
1703,0,0,0,0,0,0
1704,0,0,0,0,0,0
1705,0,0,0,0,0,0
1706,0,0,0,0,1,0
1707,0,0,0,0,11,0
1708,0,0,0,0,38,0
1709,0,0,0,0,45,0
1710,0,0,0,0,31,0
1711,0,0,0,0,0,0
1712,0,0,0,0,0,0
1713,0,0,0,0,0,0
1714,0,0,0,0,0,0
1715,0,0,0,0,8,0
1716,0,0,0,0,0,0
1717,0,0,0,8,4,0
1718,0,0,0,0,0,0
1719,0,0,0,2,0,0
1720,0,0,0,0,0,0
1721,0,0,0,0,0,0
1722,0,0,0,0,0,0
1723,0,0,0,0,1,0
1724,0,0,0,0,0,0
1725,0,0,0,0,0,0
1726,0,0,0,0,2,0
1727,3,0,0,8,0,1
1728,15,0,0,2,0,0
1729,14,0,0,12,0,0
1730,4,0,0,17,0,0
1731,0,0,0,47,0,0
1732,0,0,0,37,0,0
1733,5,0,0,41,0,0
1734,8,0,0,14,0,0
1735,16,0,0,0,0,0
1736,3,0,0,15,0,0
1737,0,0,0,5,0,0
1738,0,0,0,0,0,0
1739,0,0,0,0,0,0
1740,0,0,0,0,0,0
1741,0,0,0,0,2,0
1742,0,0,0,4,9,0
1743,0,0,0,79,58,0
1744,0,0,0,147,122,0
1745,0,0,0,276,173,0
1746,0,0,0,307,201,0
1747,0,0,0,368,266,0
1748,0,0,0,407,368,0
1749,0,0,0,577,462,0
1750,0,0,0,801,655,0
1751,0,0,0,1083,880,1
1752,0,0,0,1191,928,36
1753,0,0,0,1409,970,23
1754,0,0,0,1036,1079,41
1755,57,0,0,1200,724,54
1756,28,0,0,884,612,92
1757,0,0,0,600,399,110
1758,11,0,0,451,263,134
1759,2,0,0,288,217,90
1760,0,0,0,170,149,117
1761,0,0,0,34,122,116
1762,0,0,0,21,25,88
1763,0,0,0,18,87,40
1764,0,0,0,23,7,4
1765,0,0,0,47,146,0
1766,0,0,0,210,444,0
1767,0,0,0,329,832,0
1768,0,0,0,565,1155,3
1769,0,0,0,882,1322,54
1770,0,0,0,1121,1735,239
1771,0,0,0,1527,2279,599
1772,0,0,0,1946,2822,762
1773,0,0,0,2621,3176,721
1774,0,0,0,3281,3109,685
1775,0,0,0,3953,3056,709
1776,0,0,0,4698,3916,1035
1777,0,0,0,5295,4478,1536
1778,0,0,0,5758,4656,2411
1779,0,0,1,6126,5633,3208
1780,0,0,0,6175,5599,4462
1781,0,0,0,6382,5429,6167
1782,0,0,0,6379,5358,8271
1783,4,0,0,6562,5662,8889
1784,0,0,0,6621,5716,8332
1785,0,0,0,6808,5595,6619
1786,0,0,0,6847,5930,5135
1787,4,0,0,6788,6201,4284
1788,0,0,0,6815,6750,2772
1789,0,0,0,6790,7596,1380
1790,0,0,0,6797,8634,1315
1791,0,0,0,6973,9376,1979
1792,0,0,0,7125,10101,2716
1793,0,0,0,7183,11150,3109
1794,0,0,0,7077,11324,2271
1795,0,0,0,6832,11334,2571
1796,0,0,0,6411,11296,2375
1797,0,0,0,6043,10331,2011
1798,0,0,0,5530,8894,2216
1799,0,0,0,5071,7617,2549
1800,0,0,0,3923,5429,2688
1801,0,0,0,2746,3110,3546
1802,0,0,0,1049,2089,3172
1803,0,0,0,2543,2831,2271
1804,0,0,0,4169,5024,1613
1805,0,0,0,4896,7128,1665
1806,0,0,0,5369,8149,1328
1807,0,0,0,5650,8549,1613
1808,0,0,0,6048,8692,2214
1809,0,0,0,6548,8794,2691
1810,0,0,12,7199,9441,2869
1811,0,0,0,7670,9814,2788
1812,0,0,165,7962,10246,2820
1813,0,0,10,8217,10314,3035
1814,0,0,0,8276,10045,3302
1815,0,0,0,8275,9452,3924
1816,0,0,0,8046,8704,4892
1817,0,0,21,7826,8693,6580
1818,0,0,50,7454,8839,7354
1819,0,0,27,6977,8483,9337
1820,0,0,1,6592,8303,10799
1821,0,0,0,5955,8116,12963
1822,0,0,0,5615,8389,13687
1823,0,0,0,5093,8494,13325
1824,0,0,10,5049,8330,11806
1825,0,0,213,4415,8033,9718
1826,0,0,2,4127,8026,8783
1827,0,0,0,3129,7622,8933
1828,0,0,2,2206,6808,9326
1829,0,0,2,1543,6485,7873
1830,0,0,2,1025,5678,5221
1831,0,0,251,619,5281,4634
1832,0,0,8,225,4995,4866
1833,0,0,1,592,4305,5777
1834,0,0,2,1171,4036,6563
1835,0,0,40,1320,3704,7208
1836,0,0,11,1476,4327,6793
1837,0,0,456,1469,5123,6766
1838,0,0,109,1530,6664,5758
1839,0,0,0,1166,8102,4660
1840,0,0,0,1099,9007,3196
1841,0,0,3,500,10220,2820
1842,0,0,321,222,10078,2570
1843,0,0,456,195,9494,2356
1844,0,0,222,428,8101,1447
1845,0,0,0,722,7735,1680
1846,0,0,0,845,7611,1398
1847,0,0,0,1229,6691,951
1848,0,0,123,1886,5881,997
1849,0,0,387,2177,5317,1233
1850,0,0,238,2435,4901,1135
1851,0,0,16,2128,4063,998
1852,0,0,0,1797,2433,770
1853,0,0,0,1153,1315,596
1854,0,0,28,883,747,917
1855,0,0,116,786,515,1233
1856,0,0,386,976,796,1209
1857,0,0,586,564,392,749
1858,0,0,398,623,572,440
1859,0,0,65,821,289,86
1860,0,0,48,861,418,68
1861,0,0,178,601,470,93
1862,0,0,122,435,1583,330
1863,0,0,166,714,2408,453
1864,0,0,243,1554,3848,846
1865,0,0,349,2417,4604,1227
1866,0,0,188,3303,5928,1492
1867,0,0,80,3294,7254,1555
1868,0,0,240,2350,9648,1637
1869,0,0,581,1660,11649,1779
1870,0,0,640,688,13746,1810
1871,0,0,351,928,14629,1408
1872,0,0,20,875,12529,1086
1873,0,0,0,1116,9733,1030
1874,0,0,0,724,6661,1410
1875,0,0,52,390,4507,1546
1876,0,0,159,193,2836,1683
1877,0,0,143,218,2478,1254
1878,0,0,43,82,1599,1084
1879,0,0,12,106,1328,1007
1880,4,0,10,73,828,620
1881,0,0,20,62,830,744
1882,0,0,65,92,1640,1303
1883,0,0,122,62,2083,1946
1884,2,0,375,223,3750,3156
1885,0,0,35,160,4092,3589
1886,0,0,31,609,5747,3703
1887,0,0,0,421,5872,3445
1888,0,0,47,709,6154,2871
1889,0,0,93,474,5542,1915
1890,0,0,89,566,4536,1023
1891,0,0,10,362,3414,1224
1892,0,0,0,479,2477,1578
1893,0,0,0,710,1362,1259
1894,0,0,46,810,694,533
1895,0,0,50,295,713,840
1896,0,0,295,138,459,782
1897,0,0,0,31,532,949
1898,0,0,0,123,838,574
1899,0,0,0,19,1443,687
1900,0,0,0,27,2080,785
1901,0,0,643,11,1986,1026
1902,0,0,2,3,1444,1428
1903,0,0,0,0,240,1068
1904,0,0,0,24,663,283
1905,0,0,0,47,1642,788
1906,0,0,0,163,2286,1337
1907,0,0,0,169,2679,1077
1908,0,0,0,89,2847,940
1909,0,0,3,121,2499,782
1910,0,0,0,55,937,501
1911,0,0,0,66,275,265
1912,0,0,0,54,883,372
1913,0,0,0,111,1101,515
1914,0,0,0,83,1169,493
1915,0,0,0,69,1104,571
1916,0,0,0,36,693,477
1917,0,0,0,28,241,43
1918,0,0,0,28,15,219
1919,0,0,0,47,5,229
1920,0,0,0,13,17,3
1921,0,0,0,2,78,10
1922,0,0,5,14,113,378
1923,0,0,0,11,165,522
1924,0,0,0,3,105,490
1925,0,0,0,23,43,493
1926,0,0,0,8,1,225
1927,0,0,1,3,0,141
1928,0,0,6,28,0,0
1929,3,0,0,4,0,279
1930,42,0,2,0,0,992
1931,15,0,0,27,0,1551
1932,1,0,0,0,1,1363
1933,9,0,0,0,1,500
1934,19,0,0,17,0,203
1935,28,0,0,0,2,84
1936,49,0,2,6,5,0
1937,3,0,0,2,45,24
1938,0,0,0,2,3,42
1939,0,0,3,0,0,0
1940,7,0,2,0,0,0
1941,4,0,0,0,0,0
1942,67,0,2,0,0,0
1943,70,0,3,0,0,0
1944,79,0,0,0,0,0
1945,211,0,5,2,0,0
1946,209,0,0,4,0,0
1947,248,0,0,0,0,0
1948,155,0,5,3,0,0
1949,6,0,0,2,0,0
1950,137,0,0,0,1,0
1951,372,0,0,6,1,0
1952,480,0,0,1,0,0
1953,505,0,0,0,0,0
1954,432,0,0,2,0,0
1955,320,0,0,38,0,0
1956,86,0,0,9,0,0
1957,0,0,0,68,1,0
1958,174,0,0,62,0,64
1959,285,0,0,0,0,257
1960,302,0,0,0,0,302
1961,288,0,0,0,0,338
1962,199,0,0,0,0,414
1963,45,0,0,0,0,488
1964,0,0,0,0,0,246
1965,0,0,0,0,0,13
1966,1,0,0,0,0,170
1967,3,0,0,0,0,305
1968,16,0,0,0,0,458
1969,0,0,0,0,0,486
1970,0,0,0,0,0,556
1971,0,0,0,0,0,625
1972,0,0,0,0,0,602
1973,0,0,0,7,0,458
1974,0,0,0,0,0,354
1975,38,0,0,0,0,42
1976,183,0,0,0,0,0
1977,250,0,0,0,0,492
1978,235,0,0,0,0,1166
1979,151,0,0,0,0,1671
1980,10,0,0,0,0,1897
1981,0,0,0,0,0,1608
1982,3,0,0,0,10,608
1983,3,0,0,0,0,173
1984,9,0,0,0,0,220
1985,31,0,2,0,0,0
1986,5,0,0,0,14,20
1987,39,0,0,0,0,0
1988,94,0,0,0,0,2
1989,123,0,0,0,0,0
1990,252,0,0,0,0,3
1991,343,0,0,0,10,0
1992,435,0,0,0,0,0
1993,472,0,0,0,0,0
1994,512,0,1,0,0,0
1995,536,0,1,0,0,0
1996,492,0,0,0,5,0
1997,436,0,0,0,1,0
1998,195,0,0,0,0,0
1999,8,0,0,0,0,0
2000,76,0,0,0,0,0
2001,248,0,0,0,0,0
2002,384,0,0,0,1,0
2003,500,0,0,0,0,0
2004,498,0,0,0,0,0
2005,509,0,0,0,0,0
2006,403,0,0,0,0,0
2007,143,0,0,0,0,0
2008,0,0,0,0,0,0
2009,0,0,0,0,0,0
2010,43,0,0,0,0,0
2011,5,0,0,0,0,0
2012,0,0,0,0,4,0
2013,0,0,0,0,0,0
2014,0,0,0,0,0,0
2015,0,0,0,0,0,0
2016,0,0,0,0,0,0
2017,0,0,0,0,0,0
2018,0,0,0,0,0,0
2019,0,0,0,0,0,0
2020,0,0,0,0,0,0
2021,0,0,0,4,0,0
2022,0,0,0,0,0,0
2023,0,0,0,0,0,0
2024,0,0,0,0,0,0
2025,0,0,0,0,0,0
2026,0,0,0,0,0,0
2027,0,0,0,0,0,0
2028,0,0,0,0,0,0
2029,0,0,0,0,0,0
2030,0,0,0,0,0,0
2031,0,0,0,0,0,0
2032,0,0,0,0,0,0
2033,0,0,0,0,0,0
2034,0,0,0,0,0,0
2035,0,0,0,0,0,0
2036,0,0,0,0,1,0
2037,0,0,0,0,1,0
2038,0,0,0,0,0,0
2039,0,0,0,0,18,0
2040,0,0,0,0,0,0
2041,0,0,0,0,0,0
2042,0,0,0,0,0,0
2043,0,0,0,0,2,5
2044,0,0,0,0,0,101
2045,1,0,0,0,0,161
2046,0,0,0,0,0,262
2047,10,0,0,0,0,429
2048,1,0,0,0,0,452
2049,0,0,0,0,0,402
2050,12,0,0,0,0,531
2051,10,0,0,0,0,523
2052,0,0,0,0,0,335
2053,0,0,0,0,0,115
2054,8,0,0,0,0,35
2055,0,0,0,0,0,86
2056,1,0,0,0,0,47
2057,0,0,0,0,1,13
2058,0,0,0,0,0,0
2059,0,0,0,0,0,6
2060,0,0,0,0,0,0
2061,0,0,0,0,1,2
2062,0,0,0,0,0,4
2063,0,0,0,0,0,38
2064,0,0,0,0,0,43
2065,0,0,0,0,0,127
2066,0,0,0,0,0,98
2067,0,0,0,0,0,177
2068,0,0,0,0,0,215
2069,0,0,0,0,0,151
2070,0,0,0,0,0,75
2071,0,0,0,0,0,83
2072,0,0,0,0,0,32
2073,0,0,0,0,0,0
2074,0,0,0,0,0,94
2075,0,0,0,0,0,5
2076,0,0,0,0,0,4
2077,0,0,0,0,0,181
2078,0,0,0,0,0,109
2079,0,0,0,0,0,15
2080,0,0,0,0,0,15
2081,0,0,0,0,0,24
2082,2,0,0,0,0,2
2083,22,0,0,0,0,0
2084,0,0,0,0,0,0
2085,0,0,0,0,0,0
2086,0,0,0,0,2,0
2087,0,0,0,0,0,0
2088,0,0,0,0,0,22
2089,0,0,0,0,0,40
2090,0,0,0,0,0,50
2091,0,0,0,0,0,38
2092,0,0,0,0,0,18
2093,0,0,0,0,0,0
2094,0,0,0,0,0,0
2095,0,0,0,0,0,0
2096,0,0,0,0,1,0
2097,0,0,0,0,0,0
2098,0,0,0,0,0,0
2099,0,0,0,0,0,0
2100,0,0,0,0,0,0
2101,0,0,0,0,0,0
2102,0,0,0,0,0,0
2103,0,0,0,0,0,0
2104,0,0,0,0,0,211
2105,0,0,0,0,0,488
2106,0,0,0,0,0,0
2107,0,0,0,6,0,0
2108,0,0,0,0,0,0
2109,0,0,0,0,0,0
2110,0,0,0,0,0,0
2111,0,0,0,0,0,0
2112,0,0,0,0,0,0
2113,0,0,0,0,0,0
2114,0,0,0,0,0,0
2115,0,0,0,0,0,0
2116,0,0,0,0,1,0
2117,0,0,0,3,1,33
2118,0,0,0,0,0,4
2119,0,0,0,0,0,2
2120,0,0,0,16,0,0
2121,0,0,0,0,0,0
2122,0,0,1,4,0,0
2123,0,0,0,1,0,0
2124,0,0,0,0,0,0
2125,0,0,0,0,0,0
2126,0,0,0,0,0,23
2127,1,0,0,0,0,136
2128,8,0,0,0,0,335
2129,11,0,0,0,0,508
2130,13,0,0,0,1,411
2131,22,0,0,0,6,420
2132,17,0,0,0,3,383
2133,18,0,0,0,0,437
2134,31,0,0,0,0,798
2135,36,0,0,0,0,1464
2136,48,0,0,0,0,1837
2137,34,0,0,0,0,1867
2138,18,0,0,0,0,993
2139,4,0,0,0,1,113
2140,0,0,0,0,0,431
2141,0,0,0,0,0,13
2142,0,0,0,0,3,80
2143,0,0,0,0,0,0
2144,0,0,0,0,0,4
2145,0,0,0,0,0,0
2146,0,0,0,0,9,15
2147,0,0,0,0,0,0
2148,0,0,0,0,0,0
2149,0,0,0,0,0,0
2150,0,0,0,0,0,0
2151,0,0,0,0,0,0
2152,0,0,0,0,1,0
2153,0,0,0,0,0,0
2154,0,0,0,0,0,0
2155,0,0,0,0,0,0
2156,0,0,0,0,0,0
2157,0,0,0,0,0,0
2158,0,0,0,0,0,0
2159,0,0,0,0,2,0
2160,0,0,0,0,0,0
2161,0,0,0,1,1,0
2162,0,0,0,0,0,0
2163,0,0,0,0,0,0
2164,0,0,0,0,0,0
2165,0,0,0,0,2,0
2166,0,0,0,0,0,0
2167,0,0,0,0,0,0
2168,0,0,0,0,0,0
2169,0,0,0,0,1,0
2170,0,0,0,0,0,0
2171,0,0,0,0,0,0
2172,0,0,0,0,0,0
2173,0,0,0,0,0,0
2174,0,0,0,0,0,0
2175,0,0,0,0,0,0
2176,0,0,0,0,1,0
2177,0,0,0,0,0,0
2178,0,0,0,0,0,0
2179,0,0,0,0,0,0
2180,0,0,0,0,0,0
2181,0,0,0,0,0,0
2182,0,0,0,0,0,0
2183,0,0,0,0,0,0
2184,0,0,0,0,0,0
2185,0,0,0,0,0,0
2186,0,0,0,0,0,0
2187,0,0,0,0,0,0
2188,0,0,0,0,1,0
2189,0,0,0,0,0,0
2190,0,0,0,0,1,0
2191,0,0,0,0,2,0
2192,0,0,0,0,0,0
2193,15,0,0,0,0,0
2194,244,0,0,0,2,0
2195,370,0,0,0,2,0
2196,343,0,0,0,0,0
2197,309,0,0,0,0,0
2198,179,0,0,0,0,0
2199,15,0,0,0,0,0
2200,0,0,0,0,0,0
2201,2,0,0,0,0,0
2202,50,0,0,0,0,0
2203,69,0,0,0,0,0
2204,27,0,0,0,0,0
2205,0,0,0,0,0,0
2206,0,0,0,0,0,0
2207,0,0,0,0,0,0
2208,0,0,0,2,0,0
2209,0,0,0,0,0,0
2210,0,0,0,0,0,0
2211,0,0,0,0,0,0
2212,0,0,0,0,0,0
2213,0,0,0,0,0,0
2214,0,0,0,0,0,0
2215,0,0,0,0,0,0
2216,0,0,0,0,0,0
2217,25,0,0,0,0,0
2218,16,0,0,0,0,0
2219,19,0,0,0,0,0
2220,1,0,0,0,0,0
2221,0,0,0,0,0,0
2222,0,0,0,0,0,0
2223,0,0,0,0,0,0
2224,0,0,0,0,0,0
2225,0,0,0,0,0,0
2226,0,0,0,0,0,0
2227,0,0,0,0,0,0
2228,0,0,0,0,0,0
2229,0,0,0,0,0,0
2230,0,0,0,0,0,0
2231,0,0,0,0,0,0
2232,0,0,0,0,0,0
2233,0,0,0,0,0,0
2234,0,0,0,0,0,0
2235,0,0,0,0,0,0
2236,0,0,0,0,0,0
2237,0,0,0,0,0,0
2238,0,0,0,0,0,0
2239,0,0,0,0,0,0
2240,0,0,0,0,0,0
2241,0,0,0,0,0,0
2242,0,0,0,0,0,0
2243,0,0,0,0,0,0
2244,0,0,0,0,0,0
2245,0,0,0,0,0,0
2246,0,0,0,0,0,0
2247,0,0,0,0,0,0
2248,0,0,0,0,0,0
2249,0,0,0,0,0,0
2250,0,0,0,0,0,0
2251,0,0,0,0,0,0
2252,0,0,0,0,0,0
2253,0,0,0,0,0,0
2254,0,0,0,0,0,0
2255,0,0,0,0,0,0
2256,0,0,0,0,0,0
2257,0,0,0,0,0,0
2258,0,0,0,0,0,0
2259,0,0,0,0,0,0
2260,0,0,0,0,0,0
2261,0,0,0,0,0,0
2262,0,0,0,0,0,0
2263,0,0,0,0,0,0
2264,0,0,0,0,0,0
2265,0,0,0,0,0,0
2266,0,0,1,0,1,0
2267,0,0,0,0,0,0
2268,0,0,0,0,0,0
2269,0,0,0,0,0,0
2270,0,0,0,0,0,0
2271,0,0,0,0,0,0
2272,0,0,0,0,0,0
2273,0,0,0,0,0,0
2274,0,0,0,0,0,0
2275,0,0,0,0,0,0
2276,0,0,0,0,0,0
2277,0,0,0,0,0,0
2278,0,0,0,0,0,0
2279,0,0,0,0,0,0
2280,0,0,0,0,0,0
2281,16,0,0,0,0,0
2282,25,0,0,0,0,0
2283,73,0,0,0,0,0
2284,44,0,0,0,0,0
2285,20,0,0,0,0,0
2286,0,0,0,0,0,0
2287,0,0,0,0,0,0
2288,0,0,0,0,0,0
2289,0,0,0,0,0,0
2290,0,0,0,0,0,0
2291,0,0,0,0,0,0
2292,0,0,0,0,0,0
2293,0,0,0,0,0,0
2294,0,0,0,0,0,0
2295,0,0,1,0,1,0
2296,0,0,2,0,0,0
2297,0,0,0,0,0,0
2298,0,0,0,0,0,0
2299,0,0,2,0,0,0
2300,0,0,0,0,0,0
2301,0,0,0,0,1,0
2302,0,0,0,0,0,0
2303,5,0,0,0,0,0
2304,0,0,0,0,0,0
2305,0,0,0,0,0,0
2306,0,0,0,0,0,0
2307,0,0,0,0,0,0
2308,0,0,0,0,0,0
2309,0,0,0,0,0,0
2310,0,0,0,0,0,0
2311,0,0,0,0,0,0
2312,0,0,0,0,0,0
2313,0,0,0,0,0,0
2314,0,0,0,0,0,0
2315,0,0,0,0,0,0
2316,0,0,0,0,0,0
2317,0,0,0,0,0,0
2318,0,0,0,0,0,0
2319,0,0,0,0,0,0
2320,0,0,0,0,1,0
2321,0,0,0,0,0,0
2322,0,0,0,0,0,0
2323,0,0,0,0,0,0
2324,0,0,0,0,0,0
2325,0,0,0,0,0,0
2326,0,0,0,0,0,0
2327,0,0,0,0,0,0
2328,0,0,0,0,0,0
2329,0,0,0,0,0,0
2330,0,0,0,0,0,0
2331,0,0,0,0,0,0
2332,0,0,0,0,0,0
2333,0,0,0,0,0,0
2334,0,0,0,0,0,0
2335,0,0,0,0,0,0
2336,0,0,0,0,0,0
2337,0,0,0,0,0,0
2338,0,0,0,0,0,0
2339,0,0,0,0,0,0
2340,0,0,0,0,1,0
2341,0,0,0,0,4,0
2342,0,0,0,0,0,0
2343,0,0,0,0,0,0
2344,0,0,0,0,0,0
2345,0,0,0,0,0,0
2346,0,0,0,0,0,0
2347,0,0,0,0,0,0
2348,0,0,0,0,0,0
2349,0,0,0,0,0,0
2350,0,0,0,0,0,0
2351,0,0,0,0,0,0
2352,0,0,0,0,0,0
2353,0,0,0,0,0,0
2354,0,0,0,0,0,0
2355,0,0,0,0,0,0
2356,0,0,2,0,0,0
2357,0,0,0,0,0,0
2358,0,0,0,0,0,0
2359,0,0,0,0,0,0
2360,0,0,0,0,0,0
2361,0,0,0,0,0,0
2362,0,0,0,0,0,0
2363,0,0,0,0,0,0
2364,0,0,0,0,1,0
2365,0,0,0,0,0,0
2366,0,0,1,0,0,0
2367,0,0,0,0,0,0
2368,0,0,0,0,0,0
2369,0,0,0,0,0,0
2370,0,0,0,0,0,0
2371,0,0,0,0,0,0
2372,0,0,0,0,1,0
2373,1,0,0,0,0,0
2374,0,0,0,0,0,0
2375,3,0,0,0,0,0
2376,20,0,0,0,0,0
2377,53,0,0,0,0,0
2378,29,0,0,0,0,0
2379,33,0,0,0,0,0
2380,3,0,0,0,0,0
2381,0,0,0,0,0,0
2382,0,0,0,0,0,0
2383,0,0,0,0,0,0
2384,0,0,0,0,0,0
2385,0,0,0,0,0,0
2386,0,0,0,0,4,0
2387,0,0,0,0,0,0
2388,8,0,0,0,0,0
2389,0,0,0,0,0,0
2390,0,0,0,0,0,0
2391,0,0,0,0,0,0
2392,0,0,0,0,0,0
2393,0,0,0,0,0,0
2394,0,0,0,0,0,0
2395,0,0,0,0,0,0
2396,0,0,0,0,1,0
2397,0,0,0,0,1,0
2398,0,0,0,0,0,0
2399,0,0,0,0,0,0
2400,0,0,0,0,0,0
2401,0,0,0,0,0,0
2402,0,0,0,0,1,0
2403,0,0,0,0,0,0
2404,0,0,0,0,0,0
2405,0,0,0,0,0,0
2406,0,0,0,0,0,0
2407,0,0,0,0,0,0
2408,0,0,0,0,0,0
2409,0,0,0,0,0,0
2410,0,0,0,0,0,0
2411,0,0,0,0,0,0
2412,0,0,0,0,0,0
2413,0,0,0,0,0,0
2414,0,0,0,0,0,0
2415,0,0,0,0,0,0
2416,6,0,0,0,0,0
2417,5,0,0,0,0,0
2418,0,0,0,0,0,0
2419,0,0,0,0,0,0
2420,0,0,0,0,0,0
2421,0,0,0,0,0,0
2422,0,0,0,0,3,0
2423,0,0,0,0,2,0
2424,0,0,0,0,0,0
2425,0,0,0,0,0,0
2426,0,0,0,0,0,0
2427,0,0,0,0,0,0
2428,0,0,0,0,0,0
2429,0,0,0,0,0,0
2430,0,0,0,0,0,0
2431,0,0,0,0,0,0
2432,0,0,0,0,0,0
2433,0,0,0,0,0,0
2434,0,0,0,0,0,0
2435,0,0,0,0,0,0
2436,0,0,0,0,0,0
2437,0,0,0,0,0,0
2438,0,0,2,0,0,0
2439,0,0,0,0,0,0
2440,0,0,0,0,0,0
2441,0,0,0,0,0,0
2442,0,0,0,0,0,0
2443,0,0,0,0,0,0
2444,0,0,0,0,0,0
2445,0,0,0,0,0,0
2446,0,0,0,0,0,0
2447,0,0,0,0,0,0
2448,0,0,0,0,0,0
2449,0,0,0,0,1,0
2450,0,0,0,0,0,0
2451,0,0,0,0,0,0
2452,0,0,0,0,0,0
2453,0,0,0,0,0,0
2454,0,0,0,0,0,0
2455,0,0,0,0,0,0
2456,3,0,0,0,0,0
2457,36,0,0,0,0,0
2458,22,0,0,0,0,0
2459,4,0,0,0,0,0
2460,40,0,0,0,0,0
2461,46,0,0,0,0,0
2462,27,0,0,0,0,0
2463,14,0,0,0,0,0
2464,31,0,0,0,1,0
2465,235,2,0,0,0,0
2466,322,15,0,0,0,0
2467,97,0,0,0,0,0
2468,63,49,0,0,0,0
2469,81,60,0,0,0,0
2470,20,29,0,0,0,0
2471,5,0,0,0,0,0
2472,2,0,0,0,0,0
2473,46,0,0,0,0,0
2474,132,20,0,0,0,0
2475,114,41,0,0,0,0
2476,79,29,0,0,0,0
2477,6,0,0,0,0,0
2478,100,0,0,0,0,0
2479,187,6,4,0,0,0
2480,115,8,0,0,0,0
2481,75,0,0,0,0,0
2482,12,0,0,0,0,0
2483,7,0,0,0,0,0
2484,0,0,3,0,0,0
2485,0,0,0,0,1,0
2486,0,0,0,0,2,0
2487,0,0,0,0,1,0
2488,0,0,0,0,0,0
2489,0,0,0,0,0,0
2490,0,0,1,0,0,0
2491,0,0,0,0,0,0
2492,6,0,0,0,0,0
2493,0,0,0,0,0,0
2494,0,0,0,0,0,0
2495,0,0,0,0,0,0
2496,0,0,2,0,0,0
2497,0,0,0,0,0,0
2498,0,0,0,0,1,0
2499,0,0,8,0,0,0
2500,0,0,5,0,0,0
2501,0,0,0,0,0,0
2502,0,0,15,0,0,0
2503,0,0,0,0,0,0
2504,0,0,0,0,1,0
2505,0,0,0,0,0,0
2506,0,0,2,0,0,0
2507,0,0,0,0,0,0
2508,0,0,0,0,0,0
2509,0,0,0,0,0,0
2510,0,0,0,0,0,0
2511,0,0,0,0,0,0
2512,0,0,0,0,0,0
2513,0,0,0,0,0,0
2514,0,0,0,0,0,0
2515,0,0,9,0,0,0
2516,0,0,0,0,0,0
2517,0,0,0,0,0,0
2518,0,0,4,0,0,0
2519,0,0,1,0,0,0
2520,0,0,0,0,0,0
2521,0,0,0,0,0,0
2522,19,0,0,0,0,0
2523,20,0,0,0,0,0
2524,12,0,0,0,1,0
2525,0,0,0,0,0,0
2526,3,0,0,0,0,0
2527,0,0,0,0,0,0
2528,0,0,0,0,0,0
2529,0,0,0,0,0,0
2530,0,0,0,0,0,0
2531,4,0,0,0,0,0
2532,2,0,0,0,0,0
2533,0,0,0,0,0,0
2534,0,0,0,0,0,0
2535,2,0,0,0,0,0
2536,0,0,0,0,0,0
2537,0,0,0,0,1,0
2538,34,0,0,0,0,0
2539,45,0,0,0,0,0
2540,0,0,0,0,0,0
2541,55,0,0,0,0,0
2542,52,7,0,0,0,0
2543,2,0,0,0,0,0
2544,0,0,0,0,0,0
2545,0,0,0,0,0,0
2546,0,0,0,0,0,0
2547,0,0,0,0,1,0
2548,0,0,0,0,0,0
2549,0,0,0,0,0,0
2550,0,0,0,0,0,0
2551,0,0,0,0,1,0
2552,0,0,0,0,1,0
2553,0,0,0,0,0,0
2554,0,0,0,0,0,0
2555,0,0,0,0,0,0
2556,0,0,0,0,0,0
2557,0,0,0,0,0,0
2558,0,0,0,0,0,0
2559,0,0,0,0,0,0
2560,0,0,0,0,0,0
2561,0,0,0,0,0,0
2562,0,0,0,0,0,0
2563,0,0,0,0,0,0
2564,0,0,1,0,0,0
2565,0,0,0,0,0,0
2566,0,0,0,0,0,118
2567,0,0,0,1,0,37
2568,0,0,0,0,1,15
2569,0,0,0,0,0,82
2570,0,0,0,0,1,230
2571,0,0,0,0,0,392
2572,0,0,0,0,0,631
2573,0,0,0,0,0,797
2574,0,0,1,0,0,921
2575,0,0,0,0,0,1022
2576,0,0,0,0,0,1209
2577,0,0,0,0,0,1313
2578,0,0,0,0,0,1317
2579,0,0,0,0,0,1256
2580,0,0,0,0,0,1063
2581,0,0,0,0,0,950
2582,0,0,0,0,0,838
2583,0,0,0,0,0,712
2584,0,0,0,0,0,613
2585,0,0,0,0,0,551
2586,0,0,0,0,0,473
2587,0,0,0,0,0,375
2588,0,0,0,0,0,308
2589,0,0,0,0,0,301
2590,0,0,0,0,0,222
2591,0,0,0,0,0,64
2592,0,0,0,14,0,66
2593,0,0,0,0,0,100
2594,0,0,0,0,0,194
2595,0,0,0,0,0,487
2596,13,0,0,4,0,622
2597,12,0,0,6,0,474
2598,0,0,0,18,0,294
2599,0,0,0,38,0,356
2600,0,0,0,20,1,284
2601,0,0,0,0,0,150
2602,0,0,0,0,0,191
2603,0,0,0,0,0,157
2604,0,0,0,0,0,113
2605,0,0,6,0,1,172
2606,0,0,0,0,1,97
2607,0,0,0,0,0,31
2608,0,0,8,9,0,80
2609,0,0,0,22,0,77
2610,0,0,0,16,0,35
2611,0,0,0,13,1,102
2612,0,0,0,0,0,37
2613,0,0,13,0,0,0
2614,0,0,0,0,0,0
2615,0,0,0,0,0,0
2616,0,0,0,0,0,0
2617,0,0,0,0,0,0
2618,0,0,2,0,0,0
2619,0,0,4,0,0,0
2620,0,0,0,0,0,0
2621,0,0,0,0,0,0
2622,0,0,0,0,0,0
2623,0,0,1,0,0,0
2624,0,0,0,0,0,0
2625,0,0,0,0,0,0
2626,0,0,0,0,0,0
2627,0,0,0,0,0,0
2628,0,0,0,0,0,0
2629,0,0,0,0,0,0
2630,0,0,0,0,0,0
2631,0,0,0,0,0,0
2632,0,0,4,0,0,0
2633,0,0,0,0,0,0
2634,0,0,0,0,0,0
2635,0,0,0,0,0,0
2636,0,0,0,0,0,0
2637,0,0,0,0,0,0
2638,0,0,0,0,0,0
2639,3,0,0,0,0,0
2640,0,0,0,0,0,1
2641,0,0,0,0,0,0
2642,0,0,2,0,0,0
2643,0,0,0,0,0,3
2644,0,0,0,0,0,0
2645,0,0,0,0,0,0
2646,0,0,0,0,0,0
2647,0,0,0,0,0,0
2648,0,0,1,0,0,0
2649,10,0,0,0,0,0
2650,37,0,0,0,0,0
2651,138,0,0,0,0,0
2652,129,0,0,0,0,0
2653,32,0,0,0,0,0
2654,16,0,0,0,0,4
2655,0,0,0,0,0,183
2656,0,0,2,0,0,930
2657,0,0,0,0,0,1218
2658,0,0,8,0,24,895
2659,0,0,4,0,40,369
2660,8,0,0,0,6,126
2661,0,0,0,0,0,68
2662,0,0,0,0,0,0
2663,0,0,0,0,2,250
2664,0,0,0,0,0,190
2665,0,0,0,0,0,23
2666,0,0,0,0,2,0
2667,0,0,0,0,9,0
2668,0,0,0,0,3,92
2669,0,0,0,0,0,158
2670,0,0,0,0,0,152
2671,0,0,0,0,0,30
2672,0,0,0,0,5,0
2673,0,0,0,0,2,0
2674,0,0,0,0,0,0
2675,0,0,0,0,0,0
2676,0,0,0,0,1,0
2677,0,0,0,0,1,0
2678,0,0,0,0,0,2
2679,7,0,0,0,0,37
2680,0,0,0,0,0,404
2681,0,0,0,0,0,882
2682,0,0,0,0,0,1402
2683,0,0,0,0,0,1892
2684,0,0,0,0,0,2284
2685,0,0,0,0,0,2509
2686,0,0,0,0,1,2313
2687,0,0,0,0,0,1344
2688,0,0,0,0,2,183
2689,0,0,0,0,0,611
2690,0,0,0,0,30,120
2691,0,0,0,0,13,110
2692,0,0,0,0,0,0
2693,0,0,0,0,0,0
2694,0,0,0,0,0,0
2695,0,0,0,0,0,35
2696,0,0,0,0,0,9
2697,0,0,0,0,0,0
2698,0,0,0,0,0,0
2699,0,0,0,0,0,0
2700,0,0,0,0,0,0
2701,0,0,0,0,0,0
2702,0,0,0,0,0,0
2703,0,0,0,0,0,0
2704,0,0,0,0,0,0
2705,0,0,0,0,0,0
2706,0,0,0,0,0,0
2707,0,0,0,0,0,0
2708,0,0,0,0,0,0
2709,0,0,0,0,0,0
2710,0,0,0,0,0,0
2711,0,0,0,0,0,0
2712,0,0,0,0,0,0
2713,0,0,0,0,0,0
2714,0,0,0,0,0,0
2715,2,0,0,0,1,0
2716,17,0,0,0,0,0
2717,0,0,0,0,0,0
2718,0,0,0,0,0,0
2719,3,0,0,0,0,0
2720,15,0,0,0,0,0
2721,5,0,0,0,0,0
2722,5,0,0,0,0,0
2723,0,0,0,0,0,0
2724,0,0,0,0,0,0
2725,0,0,0,0,0,0
2726,0,0,0,0,0,0
2727,0,0,0,0,0,0
2728,0,0,0,0,1,0
2729,0,0,0,0,0,0
2730,0,0,0,0,0,0
2731,0,0,0,0,0,0
2732,0,0,0,0,0,0
2733,0,0,0,0,0,0
2734,0,0,0,0,0,0
2735,0,0,1,0,0,0
2736,0,0,0,0,0,0
2737,0,0,0,0,0,0
2738,0,0,4,0,0,0
2739,0,0,0,0,0,0
2740,0,0,0,0,0,0
2741,0,0,0,0,0,0
2742,0,0,0,0,0,0
2743,0,0,0,0,0,0
2744,0,0,0,0,0,0
2745,36,0,0,0,0,0
2746,71,0,0,0,2,0
2747,0,0,0,0,0,0
2748,0,0,2,0,0,0
2749,21,0,0,0,0,0
2750,13,0,0,0,0,0
2751,6,0,0,0,0,0
2752,0,0,0,0,1,0
2753,0,0,0,0,0,0
2754,6,0,0,0,0,0
2755,53,0,0,0,0,0
2756,81,0,0,0,0,0
2757,19,0,1,0,0,0
2758,0,0,0,0,0,0
2759,0,0,0,0,0,0
2760,0,0,3,0,0,0
2761,104,0,0,0,0,0
2762,224,0,0,0,0,0
2763,223,0,2,0,0,0
2764,247,0,0,0,0,0
2765,205,0,0,0,1,0
2766,43,0,8,0,0,0
2767,0,0,0,0,0,0
2768,82,0,0,0,0,0
2769,93,0,9,0,0,0
2770,139,0,0,0,1,0
2771,58,0,0,0,0,0
2772,16,0,9,0,0,0
2773,7,0,1,0,0,0
2774,25,0,0,0,0,0
2775,10,0,0,0,0,0
2776,64,0,0,0,0,0
2777,121,0,0,0,1,0
2778,119,0,10,0,0,0
2779,151,0,2,0,0,1
2780,132,0,0,0,1,0
2781,23,0,2,0,0,0
2782,0,0,2,0,0,0
2783,0,0,0,0,0,0
2784,0,0,0,0,0,0
2785,61,0,0,0,0,0
2786,152,0,0,0,1,0
2787,184,0,0,0,0,0
2788,217,0,0,0,0,0
2789,167,0,0,0,0,0
2790,76,0,0,0,0,0
2791,0,0,3,0,0,0
2792,0,0,4,0,0,0
2793,0,0,0,0,0,0
2794,29,0,0,0,0,0
2795,5,0,0,0,0,0
2796,0,0,0,0,0,0
2797,0,0,0,0,0,0
2798,23,0,0,0,0,0
2799,32,0,0,0,0,0
2800,74,0,0,0,0,0
2801,4,0,0,0,0,0
2802,0,0,0,0,0,0
2803,0,0,0,0,0,0
2804,39,0,0,0,0,0
2805,11,0,0,0,0,0
2806,0,0,0,0,0,0
2807,0,0,0,0,0,0
2808,0,0,0,0,0,0
2809,0,0,0,0,0,0
2810,0,0,0,0,0,0
2811,0,0,0,0,0,0
2812,0,0,0,0,0,0
2813,0,0,0,0,0,0
2814,0,0,0,0,0,0
2815,0,0,0,0,0,0
2816,0,0,0,0,0,0
2817,0,0,0,0,0,0
2818,0,0,0,0,0,0
2819,0,0,0,0,0,0
2820,0,0,0,0,0,0
2821,0,0,0,1,0,0
2822,0,0,0,0,1,0
2823,0,0,0,0,1,0
2824,0,0,0,0,0,0
2825,0,0,0,0,0,0
2826,0,0,0,0,0,0
2827,0,0,0,0,0,0
2828,0,0,0,0,0,0
2829,0,0,0,0,0,0
2830,0,0,0,0,0,0
2831,0,0,0,0,0,0
2832,0,0,0,0,0,0
2833,0,0,0,0,1,0
2834,0,0,0,0,0,0
2835,0,0,0,0,0,0
2836,0,0,0,0,5,0
2837,0,0,0,0,0,0
2838,0,0,0,0,0,0
2839,0,0,0,0,0,0
2840,0,0,0,0,0,0
2841,1,0,0,0,0,0
2842,6,0,0,0,0,0
2843,3,0,0,0,0,0
2844,0,0,0,0,0,0
2845,0,0,0,0,0,0
2846,2,0,0,0,0,0
2847,0,0,9,0,0,0
2848,0,0,0,0,0,0
2849,0,0,0,0,0,0
2850,0,0,0,0,0,0
2851,0,0,0,0,0,0
2852,0,0,0,0,0,0
2853,0,0,0,0,0,0
2854,0,0,0,0,1,0
2855,0,0,0,0,1,0
2856,0,0,0,0,0,0
2857,0,0,0,0,0,0
2858,0,0,0,0,0,0
2859,0,0,0,0,0,0
2860,0,0,0,0,0,0
2861,0,0,0,0,1,0
2862,0,0,0,0,1,0
2863,0,0,0,0,0,0
2864,0,0,0,0,0,0
2865,0,0,0,0,0,0
2866,0,0,0,0,0,0
2867,0,0,0,0,0,0
2868,0,0,0,0,0,0
2869,0,0,0,0,0,0
2870,0,0,0,0,0,0
2871,0,0,0,0,0,0
2872,0,0,1,0,0,0
2873,0,0,0,0,0,0
2874,0,0,0,0,0,0
2875,0,0,0,0,0,0
2876,0,0,0,0,0,0
2877,0,0,0,0,0,0
2878,0,0,1,0,0,0
2879,0,0,0,0,0,0
2880,0,0,0,0,0,0
2881,0,0,0,0,0,0
2882,0,0,0,0,0,0
2883,0,0,0,0,0,0
2884,0,0,18,0,0,0
2885,0,0,4,0,0,0
2886,0,0,0,0,0,0
2887,0,0,4,0,0,0
2888,0,0,0,0,0,0
2889,0,0,0,0,0,0
2890,0,0,22,0,0,0
2891,0,0,14,0,0,0
2892,0,0,0,0,0,0
2893,0,0,5,0,0,0
2894,0,0,0,0,0,0
2895,0,0,0,0,0,0
2896,0,0,4,0,0,0
2897,0,0,5,0,0,0
2898,0,0,0,0,0,0
2899,0,0,0,0,0,0
2900,0,0,10,0,0,0
2901,0,0,0,0,0,0
2902,0,0,3,0,0,0
2903,0,0,41,0,0,0
2904,0,0,3,0,0,0
2905,0,0,0,0,0,0
2906,0,0,3,0,0,0
2907,0,0,0,0,0,0
2908,0,0,0,0,0,0
2909,0,0,25,0,0,0
2910,0,0,3,0,0,0
2911,0,0,0,0,0,0
2912,0,0,6,0,0,0
2913,0,0,4,0,1,0
2914,0,0,0,0,2,0
2915,0,0,0,0,0,0
2916,0,0,0,0,0,0
2917,0,0,0,0,0,0
2918,0,0,0,0,0,0
2919,20,0,0,0,0,0
2920,47,0,0,0,0,0
2921,104,0,0,0,0,0
2922,182,0,5,0,0,0
2923,488,0,0,0,0,0
2924,774,0,0,0,0,0
2925,591,0,0,0,0,0
2926,518,6,0,0,0,0
2927,672,28,0,0,0,0
2928,727,2,0,0,1,0
2929,655,0,0,0,0,0
2930,361,0,0,0,0,0
2931,203,0,0,0,0,0
2932,253,15,1,0,0,0
2933,529,0,0,0,0,0
2934,611,0,0,0,0,0
2935,591,0,0,0,0,0
2936,278,0,0,0,0,0
2937,203,0,0,0,0,0
2938,467,0,0,0,1,0
2939,635,0,0,0,0,0
2940,582,0,0,0,0,0
2941,515,0,0,0,0,0
2942,427,0,0,0,0,0
2943,470,0,0,0,0,0
2944,913,0,0,0,0,0
2945,925,0,0,0,0,0
2946,852,0,0,0,0,0
2947,683,0,0,0,0,0
2948,200,0,1,0,0,0
2949,1343,1,0,0,0,0
2950,1790,0,0,0,1,0
2951,1306,56,0,0,0,0
2952,797,51,0,0,1,0
2953,816,1,0,0,0,0
2954,862,0,0,0,0,0
2955,484,0,0,0,0,0
2956,629,0,0,0,0,0
2957,664,0,0,0,1,0
2958,543,0,0,0,0,0
2959,207,0,0,0,0,0
2960,92,0,0,0,0,0
2961,90,0,0,0,0,0
2962,51,0,0,0,0,0
2963,24,0,0,0,0,0
2964,28,0,0,0,0,0
2965,106,0,0,0,0,0
2966,1,0,0,0,0,0
2967,0,0,0,0,0,0
2968,5,0,0,0,0,0
2969,56,0,0,0,0,0
2970,0,0,2,0,0,0
2971,0,0,0,0,0,0
2972,54,0,0,0,1,0
2973,64,0,10,0,0,0
2974,83,0,16,0,0,0
2975,0,0,0,0,0,0
2976,0,0,2,0,1,0
2977,0,0,4,0,0,0
2978,0,0,0,0,0,0
2979,5,0,0,0,0,0
2980,0,0,2,0,0,0
2981,0,0,0,0,0,0
2982,0,0,13,0,0,0
2983,16,0,14,0,3,0
2984,1,0,0,0,1,0
2985,0,0,22,0,0,0
2986,0,0,80,0,0,5
2987,0,0,4,0,0,0
2988,0,0,23,0,0,0
2989,0,0,213,0,0,0
2990,0,0,29,0,0,0
2991,0,0,12,0,0,0
2992,0,0,215,0,0,1
2993,0,0,29,0,0,0
2994,0,0,9,0,0,0
2995,0,0,214,0,0,1
2996,0,0,25,0,0,1
2997,0,0,3,0,0,0
2998,0,0,109,2,0,1
2999,0,0,20,0,0,0
3000,0,0,0,0,2,0
3001,0,0,47,0,0,4
3002,0,0,4,0,0,14
3003,0,0,1,0,0,240
3004,0,0,4,0,0,494
3005,0,0,0,1,0,589
3006,0,0,0,0,1,586
3007,0,0,0,0,0,371
3008,0,0,0,1,0,6
3009,0,0,5,0,0,14
3010,0,0,3,6,0,343
3011,0,0,0,13,0,702
3012,0,0,0,6,2,839
3013,0,0,1,6,0,622
3014,0,0,0,132,0,0
3015,0,0,0,83,0,135
3016,0,0,1,37,1,0
3017,0,0,0,70,0,0
3018,0,0,0,29,0,0
3019,0,0,0,39,1,0
3020,0,0,0,46,0,0
3021,0,0,0,21,1,0
3022,0,0,0,0,0,0
3023,0,0,0,0,2,0
3024,0,0,0,0,0,0
3025,0,0,0,0,0,0
3026,0,0,0,29,0,0
3027,0,0,0,14,0,0
3028,0,0,0,13,1,0
3029,0,0,0,25,104,0
3030,0,0,0,0,140,0
3031,0,0,0,2,83,0
3032,0,0,0,0,91,0
3033,0,0,0,3,91,0
3034,0,0,0,1,0,0
3035,0,0,1,0,34,0
3036,0,0,2,1,0,0
3037,0,0,0,0,0,0
3038,0,0,0,0,0,0
3039,0,0,0,1,0,0
3040,0,0,0,2,0,0
3041,0,0,3,0,0,0
3042,1,0,0,0,0,0
3043,0,0,0,0,0,0
3044,0,0,0,0,1,0
3045,0,0,0,0,0,0
3046,0,0,0,0,0,0
3047,0,0,0,0,0,0
3048,14,0,0,0,0,0
3049,43,0,0,0,5,0
3050,107,0,0,2,57,9
3051,200,0,0,0,185,148
3052,350,0,0,0,381,316
3053,466,0,13,0,398,256
3054,541,0,2,8,376,105
3055,532,0,0,34,283,61
3056,335,0,22,110,187,37
3057,182,0,112,59,248,0
3058,177,0,0,25,524,25
3059,150,0,38,76,1031,121
3060,107,0,67,7,1580,226
3061,225,0,0,43,2638,274
3062,255,0,49,58,3847,428
3063,197,0,100,77,5816,642
3064,226,0,6,108,7550,441
3065,293,0,14,278,8958,236
3066,346,0,58,300,9365,82
3067,242,0,1,668,9022,42
3068,131,0,0,786,8045,52
3069,156,0,17,865,7099,49
3070,20,0,10,1288,6072,79
3071,1,0,0,1603,5685,281
3072,0,0,0,1747,5246,320
3073,0,0,0,1633,4382,414
3074,0,0,0,1624,3422,450
3075,0,0,0,1365,2388,379
3076,0,0,0,879,1819,293
3077,0,0,0,745,1692,187
3078,0,0,0,984,1263,4
3079,0,0,0,624,1024,11
3080,0,0,0,503,728,80
3081,0,0,0,554,93,0
3082,0,0,348,289,213,99
3083,0,0,218,202,349,43
3084,0,0,33,62,538,9
3085,0,0,0,7,11,0
3086,0,0,0,0,15,0
3087,0,0,17,19,40,8
3088,0,0,288,68,336,35
3089,0,0,474,179,409,105
3090,0,0,177,65,255,45
3091,0,0,9,244,233,0
3092,0,0,0,387,123,0
3093,0,0,0,228,257,21
3094,0,0,143,563,51,42
3095,0,0,209,538,41,77
3096,0,0,582,248,142,143
3097,0,0,0,107,226,0
3098,0,0,0,109,440,81
3099,0,0,0,77,218,259
3100,0,0,9,458,692,469
3101,0,0,99,1141,1796,765
3102,0,0,111,1219,3726,797
3103,0,0,26,1902,5058,952
3104,0,0,1,1606,6415,1010
3105,0,0,0,967,7447,1020
3106,31,0,3,634,8705,800
3107,81,0,38,811,9323,479
3108,123,0,57,840,9774,217
3109,75,0,11,1227,9087,487
3110,94,0,0,1109,7202,767
3111,37,0,0,749,4793,1121
3112,2,0,4,558,2841,1191
3113,10,0,34,601,2029,1189
3114,48,0,9,746,572,767
3115,80,0,0,935,586,674
3116,140,0,0,1069,552,604
3117,159,0,3,1180,270,689
3118,224,0,37,1326,415,758
3119,191,0,85,1032,226,440
3120,267,0,26,1015,234,433
3121,430,0,6,693,268,783
3122,404,0,0,632,166,1275
3123,438,0,0,379,337,1760
3124,245,2,17,319,224,1723
3125,80,0,63,95,250,923
3126,0,0,298,175,194,326
3127,0,0,28,45,350,955
3128,13,0,0,144,1335,2093
3129,139,0,0,35,1619,2936
3130,270,0,0,47,1668,3700
3131,336,0,0,9,1491,3655
3132,460,0,0,5,1254,3087
3133,521,0,1,0,932,2160
3134,453,0,0,4,735,1318
3135,363,0,0,4,472,980
3136,360,0,0,15,670,1038
3137,291,0,0,0,797,942
3138,250,0,0,0,597,1091
3139,182,0,0,0,244,746
3140,118,0,0,0,59,281
3141,110,0,0,0,62,0
3142,77,0,0,5,311,97
3143,43,0,0,16,941,499
3144,54,0,0,2,1182,610
3145,40,0,0,4,1112,497
3146,27,0,0,19,882,489
3147,17,0,0,0,206,157
3148,17,0,0,2,0,372
3149,19,0,0,2,13,672
3150,13,0,0,0,54,763
3151,2,0,4,11,97,688
3152,4,0,0,1,1,660
3153,0,0,0,0,4,605
3154,0,0,0,0,23,520
3155,0,0,0,0,0,305
3156,0,0,0,0,0,89
3157,0,0,0,0,0,2
3158,0,0,0,0,0,0
3159,0,0,0,0,0,0
3160,0,0,0,0,0,0
3161,0,0,0,0,0,45
3162,0,0,4,0,0,0
3163,0,0,0,0,0,0
3164,0,0,4,0,19,665
3165,0,0,4,0,0,1205
3166,0,0,0,0,2,1404
3167,0,0,0,2,1,1121
3168,0,0,0,0,45,187
3169,0,0,0,0,69,257
3170,0,0,0,0,31,313
3171,0,0,11,0,30,116
3172,0,0,2,0,38,39
3173,0,0,1,1,5,6
3174,0,0,2,0,0,0
3175,0,0,0,4,0,276
3176,0,0,0,3,0,213
3177,0,0,1,11,0,27
3178,0,0,0,0,0,0
3179,0,0,0,0,3,11
3180,0,0,0,0,2,3
3181,0,0,0,0,2,0
3182,0,0,0,0,1,0
3183,0,0,8,0,0,0
3184,0,0,0,0,0,0
3185,0,0,0,0,0,0
3186,0,0,0,0,0,0
3187,0,0,0,0,0,0
3188,0,0,0,0,0,0
3189,0,0,0,0,0,0
3190,0,0,0,0,0,0
3191,0,0,0,0,0,0
3192,0,0,0,2,0,0
3193,0,0,0,0,2,0
3194,0,0,0,0,0,0
3195,0,0,0,0,0,0
3196,0,0,0,0,0,0
3197,0,0,0,0,0,0
3198,0,0,0,0,0,0
3199,0,0,0,0,0,0
3200,0,0,0,0,0,0
3201,0,0,0,0,0,0
3202,0,0,0,0,0,0
3203,0,0,0,0,0,0
3204,0,0,8,0,0,0
3205,0,0,4,0,0,0
3206,0,0,0,2,0,0
3207,0,0,0,0,1,0
3208,0,0,0,0,0,0
3209,0,0,0,0,0,0
3210,90,0,0,0,0,0
3211,247,0,0,0,0,0
3212,301,0,0,0,0,0
3213,166,0,0,0,0,0
3214,47,0,0,0,0,0
3215,86,0,0,0,0,0
3216,211,0,0,0,0,0
3217,277,0,0,4,0,0
3218,299,0,0,0,0,0
3219,200,0,0,0,0,0
3220,10,0,0,0,0,0
3221,0,0,0,0,1,0
3222,95,0,0,0,0,0
3223,58,0,0,0,0,0
3224,0,0,0,0,0,0
3225,0,0,0,0,0,4
3226,53,0,0,0,1,0
3227,37,0,0,0,0,0
3228,0,0,0,0,0,0
3229,0,0,0,0,0,0
3230,62,0,0,0,0,0
3231,24,0,0,0,0,0
3232,0,0,0,0,0,0
3233,0,0,0,0,0,0
3234,44,0,0,0,0,0
3235,25,0,0,0,0,0
3236,0,0,0,0,0,0
3237,1,0,0,0,0,0
3238,16,0,0,0,0,0
3239,7,0,0,0,0,0
3240,0,0,5,0,0,0
3241,0,0,6,0,0,0
3242,0,0,0,0,0,0
3243,0,0,9,0,0,0
3244,0,0,5,0,0,0
3245,0,0,0,0,0,0
3246,0,0,13,0,0,0
3247,0,0,8,0,0,0
3248,0,0,0,0,0,0
3249,7,0,0,0,0,0
3250,16,0,0,8,0,0
3251,3,0,0,0,0,0
3252,5,0,0,0,0,1
3253,0,0,0,0,0,0
3254,2,0,0,0,0,0
3255,0,0,0,0,0,0
3256,0,0,0,0,0,0
3257,0,0,0,0,0,0
3258,0,0,0,0,0,0
3259,0,0,1,0,0,0
3260,0,0,0,0,0,0
3261,0,0,0,0,0,0
3262,0,0,0,0,0,0
3263,3,0,0,0,0,0
3264,12,0,0,0,0,0
3265,0,0,0,0,0,0
3266,0,0,0,0,0,0
3267,0,0,0,0,0,0
3268,0,0,7,0,0,0
3269,0,0,7,0,0,0
3270,0,0,0,0,0,0
3271,0,0,0,0,1,0
3272,0,0,0,0,0,0
3273,0,0,0,0,0,0
3274,0,0,0,0,0,0
3275,0,0,0,0,2,0
3276,0,0,0,0,3,0
3277,0,0,0,0,0,0
3278,0,0,2,0,0,0
3279,0,0,0,0,0,0
3280,0,0,0,0,0,0
3281,0,0,0,0,0,0
3282,0,0,0,0,0,0
3283,0,0,0,0,0,0
3284,0,0,0,0,0,0
3285,0,0,0,0,0,0
3286,0,0,2,0,0,0
3287,0,0,0,0,1,0
3288,0,0,0,0,1,0
3289,0,0,10,0,0,0
3290,0,0,0,0,0,0
3291,0,0,2,0,0,0
3292,0,0,0,0,0,0
3293,0,0,0,0,0,0
3294,0,0,3,0,0,0
3295,0,0,0,0,0,0
3296,0,0,6,0,0,0
3297,0,0,0,0,0,0
3298,0,0,0,0,0,0
3299,0,0,0,0,0,0
3300,0,0,0,0,0,0
3301,0,0,0,0,0,0
3302,0,0,0,2,0,0
3303,0,0,0,2,0,0
3304,0,0,0,0,0,0
3305,0,0,0,0,0,0
3306,0,0,0,0,0,0
3307,0,0,0,0,0,0
3308,0,0,0,0,0,0
3309,0,0,0,1,0,0
3310,0,0,1,0,0,0
3311,3,0,0,0,0,0
3312,43,0,0,0,0,0
3313,85,0,0,0,0,0
3314,204,0,6,0,0,0
3315,232,0,0,0,0,0
3316,75,0,3,0,0,0
3317,8,0,1,0,0,0
3318,5,0,0,0,0,2
3319,126,0,0,0,0,0
3320,35,0,0,0,0,0
3321,1,0,0,0,0,0
3322,0,0,3,0,0,0
3323,0,0,5,0,0,0
3324,0,0,0,0,0,0
3325,0,0,6,0,0,0
3326,0,0,3,0,0,0
3327,0,0,0,0,0,0
3328,0,0,0,0,12,0
3329,0,0,0,0,44,0
3330,0,0,0,0,0,0
3331,0,0,0,0,2,0
3332,0,0,0,0,0,0
3333,0,0,1,0,1,0
3334,0,0,6,0,0,0
3335,0,0,0,0,0,0
3336,0,0,0,0,0,0
3337,0,0,0,0,0,0
3338,0,0,0,0,0,0
3339,0,0,0,0,0,0
3340,0,0,0,0,0,0
3341,0,0,0,0,0,0
3342,0,0,0,0,0,0
3343,0,0,0,0,0,0
3344,0,0,0,0,0,0
3345,0,0,0,0,0,0
3346,0,0,0,1,1,0
3347,0,0,0,0,0,0
3348,0,0,0,0,0,0
3349,0,0,0,0,0,0
3350,0,0,3,0,0,0
3351,0,0,0,0,0,0
3352,0,0,0,0,0,0
3353,0,0,0,0,0,0
3354,0,0,63,0,0,0
3355,0,0,0,0,0,0
3356,0,0,2,0,0,0
3357,0,0,0,0,0,0
3358,0,0,0,0,0,0
3359,0,0,0,0,0,0
3360,0,0,0,0,0,0
3361,0,0,6,0,0,0
3362,0,0,0,0,0,0
3363,0,0,0,0,0,0
3364,0,0,0,0,0,0
3365,0,0,0,0,0,0
3366,0,0,0,0,0,0
3367,0,0,0,0,0,0
3368,0,0,0,0,0,0
3369,0,0,0,0,0,0
3370,0,0,0,0,0,0
3371,0,0,0,0,0,0
3372,0,0,0,0,0,0
3373,0,0,0,0,0,0
3374,0,0,2,0,0,0
3375,0,0,0,0,0,0
3376,0,0,0,4,0,0
3377,0,0,0,0,0,0
3378,0,0,0,0,0,0
3379,0,0,0,0,0,0
3380,0,0,0,0,0,0
3381,0,0,8,0,0,0
3382,0,0,0,0,0,0
3383,0,0,0,0,0,0
3384,0,0,0,0,0,0
3385,0,0,0,0,0,0
3386,0,0,0,0,0,0
3387,0,0,7,0,0,1
3388,0,0,6,0,0,0
3389,0,0,1,0,0,0
3390,0,0,0,0,0,0
3391,0,0,10,3,1,0
3392,0,0,0,0,0,0
3393,0,0,9,0,0,0
3394,0,0,22,0,0,0
3395,0,0,0,0,0,0
3396,0,0,3,0,0,0
3397,0,0,11,0,0,0
3398,0,0,1,0,0,0
3399,0,0,1,0,0,0
3400,0,0,37,0,0,0
3401,0,0,1,0,0,0
3402,0,0,0,0,0,0
3403,0,0,1,0,0,0
3404,0,0,0,0,0,0
3405,0,0,1,0,0,0
3406,0,0,15,0,0,0
3407,0,0,0,0,0,0
3408,0,0,0,0,0,0
3409,0,0,0,0,0,0
3410,0,0,0,0,0,0
3411,0,0,0,0,0,0
3412,0,0,2,0,1,0
3413,0,0,1,0,0,0
3414,0,0,0,0,0,0
3415,0,0,0,0,0,0
3416,0,0,10,0,0,0
3417,0,0,4,0,0,0
3418,0,0,0,0,0,0
3419,0,0,8,0,0,0
3420,0,0,0,0,0,0
3421,0,0,0,0,0,0
3422,0,0,8,0,0,0
3423,0,0,1,0,0,0
3424,0,0,0,0,0,0
3425,0,0,0,0,0,0
3426,0,0,2,0,0,0
3427,0,0,0,0,0,0
3428,0,0,0,0,0,0
3429,0,0,5,2,0,0
3430,0,0,0,0,0,0
3431,0,0,0,0,0,0
3432,0,0,19,0,0,3
3433,0,0,0,0,0,0
3434,0,0,0,0,0,0
3435,0,0,0,0,0,0
3436,0,0,0,0,1,0
3437,0,0,0,0,0,0
3438,0,0,13,0,0,0
3439,0,0,6,0,0,0
3440,0,0,0,0,0,0
3441,0,0,1,0,0,0
3442,6,0,0,0,0,0
3443,65,0,0,0,0,0
3444,5,0,26,0,0,0
3445,0,0,0,0,0,0
3446,9,0,0,0,0,0
3447,1,0,0,0,0,0
3448,2,0,0,0,0,0
3449,0,0,0,0,0,0
3450,0,0,0,0,0,0
3451,0,0,0,0,0,0
3452,0,0,0,9,0,0
3453,9,0,0,0,0,0
3454,14,0,0,0,0,0
3455,43,0,0,0,0,0
3456,62,0,0,0,0,0
3457,0,0,3,0,0,0
3458,4,0,0,0,0,0
3459,39,0,0,0,0,0
3460,17,0,0,0,0,0
3461,11,0,0,0,0,0
3462,12,0,0,0,0,0
3463,0,0,0,0,0,0
3464,0,0,0,0,0,0
3465,0,0,0,0,0,0
3466,0,0,0,0,4,0
3467,33,0,0,0,0,0
3468,45,0,0,0,1,0
3469,4,0,0,0,0,0
3470,35,0,0,0,0,0
3471,36,0,0,0,0,0
3472,0,6,0,0,0,0
3473,0,0,0,0,0,0
3474,0,0,0,0,0,0
3475,0,0,0,0,0,0
3476,0,0,0,0,0,0
3477,0,0,0,0,0,0
3478,1,0,0,0,0,0
3479,0,0,0,0,0,0
3480,0,0,0,0,0,0
3481,0,0,0,0,2,0
3482,0,0,0,0,2,0
3483,0,0,0,0,0,0
3484,0,0,0,0,0,0
3485,0,0,0,0,0,0
3486,0,0,0,0,0,0
3487,0,0,0,0,0,0
3488,0,0,0,0,0,0
3489,0,0,0,0,0,0
3490,0,0,0,0,0,0
3491,0,0,0,0,0,0
3492,0,0,0,0,0,0
3493,0,0,0,18,0,0
3494,0,0,0,0,0,0
3495,0,0,0,0,0,0
3496,0,0,0,1,2,0
3497,0,0,0,5,0,0
3498,0,0,0,0,0,0
3499,0,0,2,0,1,0
3500,0,0,0,0,0,0
3501,0,0,0,0,0,0
3502,0,0,0,0,0,0
3503,0,0,0,0,0,0
3504,0,0,0,0,0,0
3505,0,0,0,0,0,0
3506,0,0,0,0,0,0
3507,0,0,0,0,0,0
3508,0,0,0,0,0,0
3509,0,0,0,0,0,0
3510,0,0,0,0,0,0
3511,0,0,0,0,3,0
3512,0,0,3,0,2,0
3513,0,0,0,0,1,0
3514,0,0,0,0,0,0
3515,0,0,0,0,0,0
3516,0,0,0,0,1,0
3517,0,0,0,0,0,0
3518,0,0,2,0,0,0
3519,0,0,0,0,0,0
3520,0,0,0,0,0,0
3521,0,0,0,0,0,0
3522,0,0,0,0,0,0
3523,0,0,0,0,0,0
3524,0,0,0,0,0,0
3525,0,0,0,0,0,0
3526,0,0,0,0,2,0
3527,0,0,0,0,0,0
3528,0,0,0,0,0,2
3529,0,0,0,0,0,0
3530,0,0,0,0,0,0
3531,0,0,0,0,0,0
3532,0,0,0,4,0,0
3533,0,0,0,0,0,0
3534,0,0,0,0,0,0
3535,0,0,0,0,0,0
3536,0,0,0,1,0,0
3537,0,0,0,0,0,0
3538,0,0,0,0,0,0
3539,0,0,0,0,0,0
3540,0,0,0,0,0,0
3541,0,0,0,0,0,0
3542,0,0,0,0,0,0
3543,0,0,0,0,0,0
3544,0,0,0,0,0,0
3545,0,0,0,0,0,0
3546,0,0,0,0,0,0
3547,0,0,0,0,0,0
3548,0,0,0,0,1,0
3549,0,0,0,0,0,0
3550,0,0,0,0,0,0
3551,0,0,2,0,0,0
3552,0,0,0,0,0,0
3553,0,0,0,0,0,0
3554,0,0,0,0,0,0
3555,0,0,0,0,0,0
3556,0,0,0,0,0,0
3557,0,0,0,0,0,0
3558,0,0,0,0,0,0
3559,0,0,0,0,0,0
3560,0,0,0,0,0,0
3561,0,0,0,0,0,0
3562,0,0,0,0,0,0
3563,0,0,0,0,0,0
3564,0,0,0,4,0,0
3565,0,0,0,0,0,0
3566,0,0,17,0,0,0
3567,0,0,0,0,0,0
3568,0,0,0,0,0,0
3569,0,0,3,0,0,0
3570,0,0,0,0,0,0
3571,0,0,1,0,0,0
3572,0,0,15,0,0,0
3573,0,0,0,0,0,0
3574,0,0,0,0,0,0
3575,0,0,4,0,0,0
3576,0,0,0,0,0,0
3577,0,0,0,0,0,0
3578,12,0,7,0,0,0
3579,31,0,0,0,0,0
3580,0,0,0,0,0,0
3581,37,0,5,0,0,0
3582,65,0,0,0,0,0
3583,136,0,0,0,0,0
3584,201,0,1,0,0,0
3585,55,0,15,0,0,0
3586,1,0,0,0,0,0
3587,12,0,0,0,0,0
3588,143,0,0,0,1,0
3589,147,0,0,0,0,0
3590,93,0,0,0,0,0
3591,36,0,0,0,0,0
3592,0,0,0,0,6,0
3593,0,0,0,0,0,0
3594,5,0,0,0,0,0
3595,49,0,0,0,0,0
3596,1,0,0,0,0,0
3597,0,0,0,0,0,0
3598,60,0,0,0,0,0
3599,190,0,0,0,0,0
3600,143,0,0,0,0,0
3601,0,0,0,0,0,0
3602,0,0,0,0,0,0
3603,34,0,0,0,0,0
3604,53,0,0,0,1,0
3605,0,0,0,0,1,0
3606,0,0,0,0,0,0
3607,4,0,0,0,0,0
3608,2,0,0,0,0,0
3609,0,0,0,0,0,0
3610,0,0,0,0,0,0
3611,0,0,0,0,0,0
3612,0,0,0,0,0,0
3613,0,0,0,0,0,0
3614,0,0,0,0,0,0
3615,0,0,0,0,0,0
3616,0,0,0,0,0,0
3617,0,0,0,0,0,0
3618,0,0,0,0,0,0
3619,0,0,0,0,0,0
3620,0,0,0,0,0,0
3621,0,0,0,0,0,0
3622,0,0,0,0,0,0
3623,0,0,0,0,0,0
3624,0,0,0,0,0,0
3625,0,0,0,0,0,0
3626,0,0,0,0,0,0
3627,0,0,0,0,0,0
3628,0,0,0,0,0,0
3629,0,0,0,0,0,0
3630,0,0,0,0,0,0
3631,0,0,0,0,0,0
3632,0,0,0,0,0,0
3633,0,0,0,0,0,0
3634,0,0,0,0,0,0
3635,0,0,0,0,0,0
3636,0,0,0,0,0,0
3637,0,0,0,0,0,0
3638,0,0,0,0,0,0
3639,0,0,0,0,0,0
3640,0,0,0,0,0,0
3641,0,0,0,0,0,0
3642,0,0,0,0,0,0
3643,0,0,0,0,0,0
3644,0,0,0,0,0,0
3645,0,0,0,0,0,0
3646,0,0,0,0,0,0
3647,0,0,0,0,1,0
3648,0,0,0,0,0,0
3649,0,0,0,0,0,0
3650,0,0,0,0,0,0
3651,0,0,0,0,0,0
3652,0,0,0,0,0,0
3653,0,0,0,0,0,0
3654,0,0,0,0,0,0
3655,0,0,0,0,0,0
3656,0,0,0,0,0,0
3657,0,0,0,0,0,0
3658,0,0,0,0,0,0
3659,0,0,0,0,0,0
3660,0,0,0,0,0,0
3661,0,0,0,0,0,0
3662,0,0,0,0,0,0
3663,0,0,0,0,0,0
3664,0,0,0,0,0,0
3665,0,0,0,0,0,0
3666,0,0,0,0,0,0
3667,0,0,0,1,0,0
3668,0,0,0,0,0,0
3669,0,0,0,0,0,0
3670,0,0,0,0,0,0
3671,0,0,0,0,0,0
3672,0,0,0,0,0,0
3673,0,0,0,0,0,0
3674,0,0,0,0,0,0
3675,0,0,0,0,0,0
3676,21,0,0,0,0,0
3677,48,0,0,0,0,0
3678,0,0,0,0,0,0
3679,0,0,0,0,0,0
3680,11,0,0,0,0,0
3681,10,0,0,0,0,0
3682,2,0,0,0,0,0
3683,0,0,0,0,0,0
3684,0,0,0,0,0,0
3685,0,0,0,0,0,0
3686,0,0,0,0,0,0
3687,0,0,0,0,0,0
3688,0,0,0,0,0,0
3689,0,0,0,0,0,0
3690,6,0,0,0,0,0
3691,0,0,0,0,0,0
3692,0,0,0,0,0,0
3693,0,0,0,0,0,0
3694,0,0,0,0,0,0
3695,0,0,0,0,0,0
3696,0,0,0,0,0,0
3697,0,0,0,0,0,0
3698,0,0,0,0,0,1
3699,0,0,0,0,0,0
3700,0,0,0,0,0,0
3701,0,0,0,1,0,0
3702,0,0,0,0,0,0
3703,0,0,0,0,0,0
3704,0,0,0,0,0,0
3705,0,0,0,0,0,0
3706,0,0,0,0,0,0
3707,3,0,0,0,0,0
3708,2,0,0,0,0,0
3709,0,0,0,0,0,0
3710,0,0,0,0,0,0
3711,0,0,0,0,0,0
3712,0,0,0,0,0,0
3713,0,0,0,19,0,0
3714,0,0,0,0,0,0
3715,0,0,0,0,0,0
3716,0,0,0,0,0,0
3717,0,0,0,0,0,0
3718,14,0,0,0,0,0
3719,207,0,0,0,0,0
3720,353,0,0,0,0,0
3721,352,0,0,0,0,0
3722,110,0,0,0,0,0
3723,435,0,0,0,0,0
3724,763,0,0,0,0,0
3725,659,0,0,0,0,0
3726,512,0,0,0,0,0
3727,487,1,0,0,0,0
3728,937,0,0,0,0,0
3729,479,0,0,0,0,0
3730,399,0,0,0,0,0
3731,381,0,0,0,0,0
3732,426,0,0,0,0,0
3733,408,0,0,0,0,0
3734,363,0,0,0,0,0
3735,71,0,0,0,0,0
3736,1,0,0,0,1,0
3737,0,0,0,0,3,0
3738,3,0,0,0,0,0
3739,5,0,0,0,0,0
3740,23,0,0,0,0,0
3741,0,0,0,0,0,0
3742,1,0,0,0,0,0
3743,58,0,0,0,0,0
3744,101,0,0,0,0,0
3745,0,0,0,0,0,0
3746,0,0,0,0,0,0
3747,1,0,0,0,0,0
3748,20,0,0,0,0,0
3749,0,0,0,0,0,0
3750,0,0,0,0,0,0
3751,0,0,0,0,0,1
3752,0,0,0,0,0,0
3753,0,0,5,0,1,1
3754,0,0,0,0,0,0
3755,0,0,0,0,0,0
3756,0,0,0,0,0,0
3757,0,0,0,0,0,0
3758,0,0,0,0,0,0
3759,0,0,0,0,0,0
3760,0,0,3,0,0,0
3761,0,0,0,0,0,0
3762,0,0,0,0,1,0
3763,0,0,0,0,0,0
3764,0,0,0,0,0,0
3765,0,0,0,0,0,0
3766,0,0,0,0,0,0
3767,0,0,0,0,0,0
3768,0,0,0,0,0,0
3769,0,0,0,0,0,0
3770,0,0,0,0,0,0
3771,0,0,0,0,0,0
3772,0,0,0,0,0,0
3773,0,0,0,0,0,0
3774,0,0,0,0,0,0
3775,0,0,0,0,0,0
3776,0,0,0,0,0,0
3777,0,0,0,0,0,0
3778,0,0,0,0,0,0
3779,0,0,0,0,0,0
3780,0,0,0,0,0,0
3781,0,0,0,0,0,0
3782,0,0,0,0,0,0
3783,0,0,0,0,1,0
3784,0,0,0,2,0,0
3785,0,0,0,0,0,0
3786,0,0,0,0,0,0
3787,0,0,0,0,0,0
3788,0,0,0,0,0,0
3789,0,0,0,0,0,0
3790,0,0,0,0,0,0
3791,0,0,0,0,0,0
3792,0,0,0,0,0,0
3793,0,0,0,0,0,0
3794,0,0,0,0,0,2
3795,0,0,0,0,0,0
3796,0,0,0,0,1,3
3797,0,0,0,0,0,0
3798,0,0,0,0,0,0
3799,0,0,0,0,0,0
3800,0,0,0,0,0,0
3801,0,0,0,0,0,26
3802,0,0,0,0,0,135
3803,0,0,0,0,0,90
3804,0,0,0,0,0,0
3805,0,0,0,0,0,0
3806,0,0,0,0,0,0
3807,0,0,0,2,0,0
3808,0,0,0,4,0,0
3809,0,0,0,0,0,0
3810,0,0,0,0,0,0
3811,0,0,0,0,1,0
3812,0,0,0,1,0,0
3813,0,0,0,1,0,0
3814,0,0,0,0,0,0
3815,0,0,0,0,0,0
3816,0,0,0,0,0,0
3817,0,0,0,0,0,0
3818,0,0,0,0,0,0
3819,0,0,0,0,3,0
3820,0,0,0,0,0,0
3821,0,0,0,0,0,0
3822,0,0,0,0,0,0
3823,0,0,0,0,0,0
3824,0,0,0,0,0,0
3825,0,0,0,0,0,0
3826,0,0,0,0,0,0
3827,0,0,0,0,0,0
3828,0,0,0,0,0,0
3829,0,0,0,0,0,0
3830,0,0,0,0,0,0
3831,0,0,0,0,0,0
3832,0,0,0,0,0,0
3833,0,0,0,0,0,0
3834,0,0,0,0,0,0
3835,0,0,0,0,0,0
3836,0,0,0,0,0,0
3837,0,0,0,0,0,0
3838,0,0,0,0,0,0
3839,0,0,0,0,0,0
3840,0,0,0,0,0,0
3841,0,0,0,0,1,0
3842,0,0,0,0,0,0
3843,0,0,0,0,0,0
3844,0,0,0,0,0,0
3845,0,0,0,0,0,0
3846,0,0,0,0,0,0
3847,0,0,0,0,0,0
3848,0,0,0,0,0,0
3849,0,0,0,0,0,0
3850,0,0,0,0,0,0
3851,0,0,0,0,0,0
3852,0,0,0,0,0,0
3853,0,0,0,0,0,0
3854,0,0,0,0,0,0
3855,0,0,0,0,0,0
3856,0,0,0,0,0,0
3857,0,0,0,0,0,0
3858,0,0,0,0,0,0
3859,0,0,0,0,0,0
3860,0,0,0,0,0,0
3861,0,0,0,0,0,0
3862,0,0,0,0,0,0
3863,0,0,0,0,0,0
3864,0,0,0,0,0,0
3865,0,0,0,0,0,0
3866,0,0,4,0,0,0
3867,0,0,8,0,0,0
3868,0,0,0,1,0,0
3869,0,0,2,0,1,0
3870,0,0,0,0,0,0
3871,0,0,0,0,6,0
3872,0,0,4,0,0,0
3873,0,0,0,0,0,0
3874,0,0,0,0,0,0
3875,0,0,0,0,0,0
3876,0,0,0,0,0,0
3877,0,0,0,0,0,0
3878,0,0,0,0,0,0
3879,0,0,0,0,0,0
3880,0,0,0,0,0,0
3881,0,0,0,0,0,0
3882,0,0,0,0,0,0
3883,0,0,0,0,0,0
3884,0,0,0,0,0,0
3885,0,0,0,0,0,0
3886,0,0,0,0,0,0
3887,0,0,0,0,0,0
3888,0,0,0,0,2,0
3889,0,0,0,0,0,0
3890,0,0,0,0,0,0
3891,0,0,0,0,0,0
3892,0,0,0,0,0,0
3893,0,0,0,0,0,0
3894,0,0,0,3,0,0
3895,0,0,0,0,0,0
3896,0,0,0,0,0,0
3897,0,0,0,0,0,0
3898,0,0,0,0,0,0
3899,0,0,0,0,0,0
3900,0,0,0,0,0,0
3901,0,0,0,0,7,0
3902,0,0,0,0,0,0
3903,0,0,0,0,0,0
3904,0,0,0,0,0,0
3905,0,0,0,0,0,0
3906,0,0,0,0,0,0
3907,0,0,0,0,0,0
3908,0,0,0,1,0,0
3909,0,0,0,0,0,0
3910,0,0,0,0,0,0
3911,0,0,0,0,0,0
3912,0,0,0,0,0,0
3913,0,0,0,0,0,0
3914,0,0,0,0,16,0
3915,0,0,0,0,0,0
3916,0,0,0,0,4,0
3917,0,0,0,0,0,0
3918,0,0,0,0,1,0
3919,0,0,0,0,1,0
3920,0,0,0,0,3,0
3921,0,0,0,6,0,0
3922,0,0,0,0,0,0
3923,0,0,2,1,0,0
3924,0,0,0,0,0,0
3925,0,0,1,0,0,0
3926,0,0,1,0,0,0
3927,0,0,0,0,0,0
3928,0,0,0,0,0,0
3929,0,0,0,0,0,0
3930,0,0,0,0,0,0
3931,0,0,0,0,0,0
3932,0,0,19,0,0,0
3933,0,0,1,0,0,0
3934,0,0,0,0,0,0
3935,0,0,11,0,0,19
3936,0,0,0,0,0,275
3937,0,0,0,0,0,300
3938,0,0,18,0,0,245
3939,0,0,19,0,0,229
3940,0,0,0,0,0,156
3941,0,0,8,0,0,82
3942,0,0,28,0,0,109
3943,0,0,0,5,0,195
3944,0,0,4,3,0,153
3945,0,0,25,11,0,17
3946,0,0,0,19,0,44
3947,0,0,0,16,0,106
3948,0,0,6,0,0,74
3949,0,0,0,8,0,6
3950,0,0,0,35,0,0
3951,0,0,0,26,0,0
3952,0,0,0,31,0,0
3953,0,0,0,14,0,0
3954,0,0,0,11,0,0
3955,0,0,0,8,0,0
3956,0,0,0,0,0,0
3957,0,0,0,0,0,0
3958,0,0,0,0,0,29
3959,0,0,0,7,63,0
3960,0,0,0,17,6,0
3961,0,0,0,19,10,0
3962,0,0,0,17,19,0
3963,0,0,0,14,16,0
3964,0,0,0,24,0,0
3965,0,0,0,34,21,0
3966,0,0,0,23,4,0
3967,0,0,0,36,5,0
3968,0,0,0,7,43,0
3969,0,0,0,24,0,0
3970,0,0,0,13,0,0
3971,0,0,0,7,5,0
3972,0,0,0,0,2,0
3973,0,0,0,19,33,0
3974,0,0,0,56,19,0
3975,0,0,0,165,40,0
3976,0,0,0,265,18,0
3977,0,0,0,245,35,0
3978,0,0,0,222,6,47
3979,0,0,0,221,1,286
3980,0,0,0,225,8,230
3981,0,0,0,320,34,448
3982,0,0,0,449,13,1067
3983,0,0,0,608,91,954
3984,0,0,0,554,27,207
3985,0,0,0,454,0,174
3986,0,0,0,261,0,0
3987,0,0,0,223,12,8
3988,0,0,0,236,39,4
3989,0,0,0,319,0,7
3990,0,0,0,320,1,26
3991,0,0,0,437,18,96
3992,0,0,0,532,8,346
3993,0,0,0,487,6,396
3994,0,0,0,483,0,288
3995,0,0,0,538,2,194
3996,0,0,0,530,0,154
3997,0,0,0,629,0,58
3998,0,0,0,620,3,9
3999,0,0,1,662,0,22
4000,0,0,0,693,1,58
4001,0,0,0,610,5,0
4002,0,0,0,681,31,0
4003,0,0,0,676,43,5
4004,0,0,0,584,22,3
4005,0,0,0,410,1,0
4006,0,0,0,254,4,0
4007,0,0,0,129,4,15
4008,0,0,0,31,0,72
4009,0,0,0,79,0,5
4010,0,0,0,75,0,4
4011,0,0,0,64,0,18
4012,0,0,0,60,0,22
4013,0,0,0,99,0,4
4014,0,0,0,63,0,0
4015,0,0,0,41,0,0
4016,0,0,0,5,0,0
4017,0,0,0,4,0,0
4018,0,0,0,41,0,2
4019,0,0,2,78,0,0
4020,0,0,0,62,0,0
4021,0,0,0,6,0,0
4022,0,0,0,1,0,0
4023,0,0,0,0,0,0
4024,0,0,0,4,0,0
4025,0,0,0,8,0,8
4026,0,0,0,28,0,4
4027,0,0,0,24,0,0
4028,0,0,0,0,0,0
4029,0,0,0,5,0,0
4030,0,0,0,0,1,8
4031,0,0,2,0,0,0
4032,0,0,0,0,0,0
4033,0,0,0,0,0,0
4034,0,0,1,0,0,0
4035,0,0,0,0,1,0
4036,0,0,0,20,8,0
4037,0,0,0,7,1,24
4038,0,0,0,0,0,0
4039,0,0,0,2,0,0
4040,0,0,0,0,2,1
4041,0,0,0,0,0,22
4042,0,0,0,0,0,0
4043,0,0,0,0,0,0
4044,0,0,0,0,0,0
4045,0,0,0,0,0,0
4046,0,0,0,0,63,107
4047,0,0,0,0,26,46
4048,0,0,0,4,29,42
4049,0,0,0,0,0,0
4050,0,0,0,0,0,2
4051,0,0,0,0,0,0
4052,0,0,6,1,0,0
4053,0,0,25,0,0,0
4054,0,0,0,4,0,0
4055,0,0,0,0,0,0
4056,0,0,9,0,0,0
4057,0,0,0,7,0,0
4058,0,0,1,27,0,0
4059,0,0,57,14,0,0
4060,0,0,1,40,0,0
4061,0,0,0,32,0,0
4062,0,0,11,37,0,0
4063,0,0,0,66,0,0
4064,0,0,0,92,0,0
4065,0,0,2,82,0,0
4066,0,0,0,75,1,0
4067,0,0,0,79,0,0
4068,0,0,2,106,0,0
4069,0,0,2,44,0,0
4070,0,0,0,39,0,0
4071,0,0,0,203,0,0
4072,0,0,1,455,0,0
4073,0,0,0,745,0,0
4074,0,0,0,791,0,0
4075,0,0,4,670,0,0
4076,0,0,0,369,0,0
4077,0,0,0,232,0,0
4078,0,0,0,160,0,0
4079,0,0,0,71,0,0
4080,0,0,0,47,0,0
4081,0,0,0,29,0,0
4082,0,0,0,8,0,0
4083,0,0,0,10,0,0
4084,0,0,0,10,0,0
4085,0,0,0,33,0,0
4086,0,0,0,115,0,0
4087,0,0,0,183,0,0
4088,0,0,0,204,0,0
4089,0,0,0,177,0,0
4090,0,0,0,277,0,0
4091,0,0,0,151,0,0
4092,0,0,0,13,0,0
4093,0,0,0,6,0,0
4094,0,0,0,12,0,0
4095,0,0,0,12,0,0
4096,0,0,0,5,0,0
4097,0,0,0,0,0,0
4098,0,0,0,0,0,0
4099,0,0,0,0,0,0
4100,0,0,0,0,0,0
4101,0,0,0,0,0,0
4102,0,0,0,25,0,0
4103,0,0,0,0,0,0
4104,0,0,0,18,0,0
4105,0,0,0,15,0,0
4106,0,0,0,18,0,0
4107,0,0,0,60,0,0
4108,0,0,0,1,0,0
4109,0,0,4,0,0,0
4110,0,0,0,1,0,0
4111,0,0,6,30,0,0
4112,0,0,15,0,0,0
4113,0,0,0,0,0,0
4114,0,0,32,7,0,0
4115,0,0,31,8,0,0
4116,0,0,0,0,0,0
4117,0,0,2,0,0,0
4118,0,0,8,17,0,0
4119,0,0,0,0,0,0
4120,0,0,9,1,0,0
4121,0,0,10,8,0,0
4122,0,0,0,0,0,0
4123,0,0,9,0,0,0
4124,0,0,20,0,0,0
4125,0,0,0,0,0,0
4126,0,0,9,0,1,0
4127,0,0,4,0,0,0
4128,0,0,0,0,0,0
4129,0,0,8,0,0,0
4130,0,0,11,29,2,0
4131,0,0,0,22,0,0
4132,0,0,18,0,0,0
4133,0,0,0,3,0,0
4134,0,0,0,86,0,0
4135,0,0,4,124,0,0
4136,0,0,0,81,0,0
4137,0,0,0,32,0,0
4138,0,0,6,25,2,0
4139,0,0,0,21,0,0
4140,0,0,0,0,0,0
4141,0,0,2,22,0,0
4142,0,0,2,0,0,0
4143,0,0,0,0,0,0
4144,0,0,0,0,0,0
4145,0,0,0,3,0,0
4146,0,0,0,8,0,0
4147,0,0,0,0,0,0
4148,0,0,0,17,0,0
4149,0,0,0,0,0,0
4150,0,0,0,0,0,0
4151,37,0,0,21,0,0
4152,27,0,0,0,0,0
4153,0,0,0,0,1,0
4154,10,0,0,0,0,0
4155,9,0,0,0,0,0
4156,10,0,0,0,2,0
4157,0,0,0,0,0,0
4158,0,0,0,0,0,0
4159,0,0,0,6,0,0
4160,0,0,0,74,0,0
4161,0,0,0,94,0,0
4162,0,0,0,29,0,0
4163,0,0,0,0,0,0
4164,0,0,0,0,0,0
4165,0,0,0,0,0,0
4166,0,0,0,32,0,0
4167,0,0,0,0,0,0
4168,0,0,0,0,0,0
4169,0,0,0,4,0,0
4170,0,0,0,1,0,0
4171,0,0,0,44,0,3
4172,0,0,0,12,2,0
4173,0,0,0,0,0,0
4174,0,0,0,0,0,0
4175,2,0,0,0,0,0
4176,0,0,0,19,0,0
4177,3,0,0,19,0,0
4178,2,0,0,50,0,0
4179,1,0,0,0,0,0
4180,40,2,0,0,0,0
4181,27,0,0,14,0,0
4182,20,0,0,0,0,0
4183,10,0,0,0,0,0
4184,2,0,0,24,0,0
4185,2,0,0,28,0,0
4186,38,0,6,35,0,0
4187,50,8,0,18,0,0
4188,32,12,1,11,0,0
4189,28,6,0,0,0,0
4190,33,4,0,10,0,0
4191,58,2,2,0,0,0
4192,77,0,0,0,0,0
4193,114,7,0,0,0,0
4194,84,11,0,0,0,0
4195,122,11,0,0,0,0
4196,139,18,0,0,0,0
4197,106,16,0,0,0,0
4198,145,4,4,0,0,0
4199,101,5,0,0,0,0
4200,79,4,0,0,0,0
4201,86,6,1,0,0,0
4202,53,0,0,0,0,0
4203,83,0,1,0,0,0
4204,97,0,3,0,0,0
4205,119,0,0,0,0,0
4206,101,0,0,0,0,0
4207,73,0,0,0,0,0
4208,22,1,0,0,0,0
4209,11,8,0,0,0,0
4210,54,0,0,0,0,0
4211,112,28,0,0,0,0
4212,266,36,0,0,0,0
4213,432,62,0,0,0,0
4214,578,65,0,0,0,0
4215,719,85,0,0,0,0
4216,768,92,0,15,0,0
4217,586,86,0,0,0,0
4218,220,28,0,0,0,0
4219,0,0,0,0,0,0
4220,27,0,0,0,0,0
4221,61,0,0,0,0,0
4222,27,0,0,0,0,0
4223,0,0,0,0,0,0
4224,0,0,13,0,0,0
4225,0,0,79,0,1,4
4226,0,0,0,0,18,0
4227,0,0,40,0,2,0
4228,2,0,161,0,0,0
4229,20,0,4,0,0,0
4230,37,0,126,0,0,5
4231,49,0,420,0,4,15
4232,38,0,76,0,0,0
4233,6,0,69,0,1,0
4234,33,0,404,0,0,13
4235,0,0,84,0,0,0
4236,0,0,26,0,0,2
4237,0,0,311,0,1,5
4238,0,0,124,0,0,0
4239,0,2,0,0,0,0
4240,0,3,53,0,0,0
4241,0,0,58,0,0,0
4242,0,2,0,4,0,0
4243,0,0,26,0,0,0
4244,0,0,114,0,0,0
4245,2,0,31,0,0,0
4246,0,0,16,0,3,0
4247,5,0,69,0,0,0
4248,13,0,35,0,0,0
4249,24,0,0,0,0,0
4250,11,0,11,0,0,0
4251,15,0,27,0,0,0
4252,7,0,0,0,0,0
4253,0,0,7,0,0,0
4254,0,0,30,0,0,2
4255,0,0,0,0,0,0
4256,0,0,0,0,0,0
4257,0,0,9,0,0,0
4258,0,0,6,0,0,0
4259,0,0,0,0,0,0
4260,0,0,3,0,0,0
4261,0,0,21,0,0,0
4262,0,0,0,0,1,0
4263,0,0,13,0,0,0
4264,0,0,33,0,1,0
4265,0,0,2,0,0,0
4266,0,0,0,0,0,0
4267,0,0,2,0,0,0
4268,14,0,0,0,0,0
4269,4,0,0,0,0,0
4270,0,0,0,0,0,0
4271,0,0,0,0,0,0
4272,0,0,0,0,0,0
4273,0,0,1,0,0,0
4274,0,0,0,0,0,0
4275,0,0,0,0,0,0
4276,0,0,0,0,2,0
4277,0,0,0,0,0,0
4278,0,0,0,0,0,0
4279,0,0,0,0,0,0
4280,0,0,0,0,0,0
4281,0,0,0,0,0,0
4282,0,0,0,0,0,0
4283,0,0,0,0,0,0
4284,0,0,0,0,0,0
4285,0,0,0,0,0,0
4286,0,0,0,0,0,0
4287,0,0,0,0,0,0
4288,0,0,0,0,0,0
4289,0,0,0,0,0,0
4290,7,0,0,0,0,0
4291,60,0,0,0,1,0
4292,41,0,0,0,0,0
4293,1,0,0,0,0,0
4294,12,0,0,0,0,0
4295,31,0,0,0,0,0
4296,8,0,0,0,0,0
4297,0,0,0,0,0,0
4298,0,0,0,0,0,0
4299,0,0,0,0,0,0
4300,0,0,0,0,0,0
4301,0,0,0,0,0,0
4302,0,0,0,0,0,0
4303,0,0,0,0,0,0
4304,0,0,0,0,0,0
4305,0,0,0,0,0,0
4306,0,0,0,0,0,0
4307,0,0,0,0,0,0
4308,0,0,0,0,1,0
4309,0,0,0,0,0,0
4310,0,0,0,0,0,0
4311,0,0,0,0,0,0
4312,0,0,0,0,0,0
4313,0,0,0,0,0,0
4314,0,0,0,0,0,0
4315,0,0,0,0,0,0
4316,0,0,0,0,0,0
4317,0,0,0,0,0,0
4318,0,0,0,0,0,0
4319,0,0,0,0,0,0
4320,0,0,0,0,0,0
4321,0,0,0,0,1,0
4322,0,0,0,0,0,0
4323,0,0,0,0,0,0
4324,0,0,0,0,0,0
4325,0,0,0,0,0,0
4326,0,0,0,0,0,0
4327,0,0,0,0,0,0
4328,0,0,5,0,0,0
4329,1,0,0,0,0,0
4330,1,0,0,0,0,0
4331,10,0,0,0,0,0
4332,0,0,0,0,0,0
4333,0,0,0,0,0,0
4334,0,0,0,0,0,0
4335,0,0,0,0,0,0
4336,0,0,0,0,1,0
4337,0,0,0,0,0,0
4338,0,0,0,0,0,0
4339,0,0,2,0,0,0
4340,0,0,0,0,0,0
4341,0,0,0,0,0,0
4342,0,0,0,0,0,0
4343,0,0,3,0,0,0
4344,0,0,0,0,0,0
4345,0,0,8,0,0,0
4346,0,0,2,0,0,0
4347,0,0,0,0,0,0
4348,0,0,3,0,0,0
4349,0,0,0,0,0,0
4350,0,0,0,0,0,0
4351,0,0,0,0,0,0
4352,0,0,0,0,0,0
4353,0,0,0,0,0,0
4354,0,0,1,0,0,0
4355,0,0,0,0,0,0
4356,0,0,0,0,0,0
4357,0,0,0,0,0,0
4358,0,0,0,0,0,0
4359,0,0,0,0,0,0
4360,0,0,0,0,0,0
4361,0,0,0,0,0,0
4362,0,0,0,0,0,0
4363,0,0,0,0,0,0
4364,0,0,0,0,0,0
4365,0,0,0,0,0,0
4366,0,0,0,0,0,0
4367,0,0,0,0,1,0
4368,0,0,0,0,1,0
4369,0,0,0,0,0,0
4370,0,0,0,0,0,0
4371,0,0,0,0,0,0
4372,0,0,0,0,0,0
4373,0,0,0,0,0,0
4374,0,0,0,0,0,0
4375,0,0,0,0,0,0
4376,0,0,0,0,0,0
4377,0,0,0,0,0,0
4378,0,0,0,0,0,0
4379,0,0,0,0,0,0
4380,0,0,0,0,0,0
4381,0,0,0,0,0,0
4382,0,0,1,0,0,0
4383,0,0,0,0,0,1
4384,0,0,0,0,0,0
4385,0,0,1,0,0,0
4386,0,0,0,0,0,0
4387,0,0,0,0,0,0
4388,0,0,0,0,0,0
4389,0,0,0,0,0,0
4390,2,0,0,0,0,0
4391,0,0,0,0,0,0
4392,34,0,0,0,0,0
4393,90,0,0,0,0,0
4394,127,0,0,0,0,0
4395,185,0,4,0,0,0
4396,180,0,0,0,0,0
4397,195,0,0,0,1,0
4398,226,0,0,0,0,0
4399,187,0,0,0,0,0
4400,36,0,0,0,0,0
4401,21,0,0,0,0,0
4402,10,0,0,0,0,0
4403,165,0,0,0,0,0
4404,278,0,0,0,0,0
4405,437,0,0,0,0,0
4406,490,0,0,0,0,0
4407,438,0,0,0,0,0
4408,196,1,0,0,0,0
4409,176,0,0,0,0,0
4410,291,0,0,0,0,0
4411,449,0,0,0,0,0
4412,327,0,0,0,0,0
4413,54,0,0,0,0,0
4414,147,0,0,0,0,0
4415,189,0,0,0,0,0
4416,141,0,0,0,0,0
4417,34,0,0,0,0,0
4418,58,0,0,0,0,0
4419,56,0,0,0,0,0
4420,0,0,0,0,0,0
4421,4,0,0,0,0,0
4422,64,0,0,0,0,0
4423,52,0,0,0,0,0
4424,0,0,0,0,0,0
4425,0,0,0,0,0,0
4426,30,0,0,0,2,0
4427,0,0,0,0,1,0
4428,0,0,0,1,1,0
4429,0,0,0,0,0,0
4430,0,0,0,0,0,0
4431,2,0,0,0,0,0
4432,0,0,0,0,0,0
4433,0,0,0,0,0,0
4434,0,0,0,0,0,0
4435,0,0,0,0,0,0
4436,0,0,0,0,0,0
4437,0,0,0,0,0,0
4438,0,0,0,0,0,0
4439,0,0,0,0,0,0
4440,0,0,2,0,0,0
4441,0,0,0,0,0,0
4442,0,0,0,0,1,0
4443,0,0,0,0,1,0
4444,0,0,0,0,0,0
4445,0,0,0,0,0,0
4446,0,0,0,0,3,0
4447,49,0,0,0,0,0
4448,212,0,2,0,20,0
4449,371,0,0,0,77,0
4450,488,0,0,0,214,0
4451,554,0,0,0,215,0
4452,647,0,0,0,173,0
4453,658,0,0,0,125,0
4454,623,0,0,0,86,0
4455,568,0,0,0,105,0
4456,496,0,0,0,205,0
4457,362,0,0,0,219,0
4458,136,0,0,0,216,0
4459,0,0,0,0,108,0
4460,0,0,0,0,1,28
4461,0,0,0,0,0,3
4462,0,0,0,0,23,0
4463,0,0,0,0,13,0
4464,0,0,0,0,70,0
4465,0,0,0,0,1,0
4466,8,0,0,0,0,0
4467,0,0,0,0,0,0
4468,11,0,0,0,0,0
4469,17,0,0,0,0,0
4470,2,0,0,0,0,0
4471,11,0,0,0,0,0
4472,10,0,0,0,0,0
4473,0,0,0,0,0,0
4474,1,0,0,0,0,0
4475,0,0,0,0,0,0
4476,0,0,0,0,0,0
4477,0,0,0,0,0,0
4478,0,0,0,0,0,0
4479,0,0,0,0,0,0
4480,0,0,0,0,0,0
4481,0,0,2,0,0,0
4482,0,0,0,0,0,0
4483,0,0,0,0,0,0
4484,0,0,3,0,0,0
4485,0,0,2,0,0,0
4486,0,0,0,0,0,0
4487,0,0,0,1,0,0
4488,0,0,0,0,2,0
4489,0,0,0,3,103,18
4490,0,0,0,31,456,83
4491,0,0,0,101,1187,270
4492,5,0,0,25,2361,313
4493,71,0,0,54,3411,227
4494,249,0,0,19,4782,419
4495,406,0,0,28,6954,424
4496,503,0,0,34,8238,277
4497,526,0,0,82,9315,136
4498,495,0,0,280,9082,20
4499,511,0,0,417,8418,1
4500,426,0,0,625,7426,22
4501,300,0,0,986,6484,20
4502,75,0,0,1047,5777,62
4503,5,0,0,1394,5027,188
4504,0,0,0,1518,4464,234
4505,0,0,0,1700,4943,386
4506,0,0,0,1774,5542,743
4507,0,0,0,1691,5394,1072
4508,0,0,0,1759,4775,1046
4509,0,0,0,2270,2855,1109
4510,0,0,0,2648,3097,1198
4511,0,0,0,2090,3886,1103
4512,0,0,0,1654,4087,1049
4513,0,0,0,1544,4273,654
4514,0,0,0,1221,4200,493
4515,0,0,0,408,4349,286
4516,0,0,0,218,5319,182
4517,0,0,0,125,5955,0
4518,0,0,0,422,6457,216
4519,0,0,2,921,8088,462
4520,0,0,0,1345,8411,816
4521,0,0,0,1876,8498,851
4522,0,0,0,2260,8889,1379
4523,0,0,0,2834,9231,1846
4524,0,0,0,3142,9252,2107
4525,0,0,0,3105,8549,1944
4526,0,0,0,2970,7275,2316
4527,0,0,0,2956,5862,2715
4528,0,0,0,2478,3479,2522
4529,0,0,0,1534,1121,1413
4530,0,0,0,965,74,317
4531,0,0,0,738,200,332
4532,0,0,0,564,103,45
4533,0,0,0,537,43,88
4534,0,0,0,488,218,266
4535,0,0,0,561,489,272
4536,0,0,0,350,457,124
4537,0,0,5,383,232,17
4538,0,0,0,449,443,112
4539,0,0,0,458,449,214
4540,0,0,0,377,238,196
4541,0,0,0,223,44,100
4542,0,0,0,137,0,8
4543,0,0,0,179,63,33
4544,0,0,0,410,106,19
4545,0,0,0,294,63,178
4546,0,0,0,405,320,184
4547,0,0,5,800,662,7
4548,0,0,0,772,804,141
4549,0,0,0,947,802,94
4550,0,0,6,1319,997,0
4551,0,0,0,1864,1848,0
4552,0,0,0,2474,3772,34
4553,0,0,0,2863,5914,464
4554,0,0,0,2767,8024,955
4555,0,0,0,2624,9840,1385
4556,0,0,0,2079,11337,1588
4557,0,0,0,2062,12415,1367
4558,0,0,0,1703,13078,1373
4559,0,0,0,1693,13767,1049
4560,0,0,0,1420,12409,782
4561,0,0,0,1509,10113,841
4562,0,0,14,1196,7175,943
4563,0,0,0,922,3575,982
4564,0,0,0,650,1439,1100
4565,0,0,54,576,862,419
4566,0,0,10,730,1191,880
4567,0,0,0,1257,483,112
4568,0,0,39,1442,63,0
4569,0,0,7,1634,158,0
4570,0,0,0,1950,243,0
4571,0,0,0,1966,290,0
4572,0,0,5,2185,46,0
4573,0,0,0,2165,78,2
4574,0,0,0,1992,131,98
4575,0,0,0,1783,374,292
4576,0,0,0,1687,655,460
4577,0,0,0,1455,709,668
4578,0,0,0,1164,650,528
4579,0,0,8,992,339,249
4580,0,0,0,735,40,70
4581,0,0,0,497,68,1
4582,0,0,0,389,666,60
4583,0,0,0,390,1410,177
4584,0,0,0,461,1514,165
4585,0,0,0,496,1675,174
4586,0,0,0,489,1217,119
4587,0,0,0,616,641,81
4588,0,0,0,507,169,1
4589,0,0,0,384,34,0
4590,0,0,0,148,12,0
4591,0,0,0,102,34,19
4592,0,0,0,31,64,77
4593,0,0,0,0,74,22
4594,0,0,0,18,16,17
4595,0,0,0,24,11,41
4596,0,0,0,5,8,53
4597,0,0,0,2,45,309
4598,0,0,0,26,11,470
4599,0,0,0,13,144,538
4600,0,0,0,19,282,667
4601,0,0,0,25,407,681
4602,0,0,0,11,455,551
4603,0,0,0,25,412,335
4604,0,0,0,36,192,46
4605,0,0,0,38,41,74
4606,0,0,0,18,4,212
4607,0,0,0,35,20,226
4608,0,0,0,0,18,394
4609,0,0,0,0,60,778
4610,0,0,0,5,347,1571
4611,0,0,3,0,519,2161
4612,0,0,0,56,681,2565
4613,0,0,0,217,687,2629
4614,0,0,7,377,510,2095
4615,0,0,0,439,313,1448
4616,0,0,0,373,18,720
4617,0,0,2,310,320,201
4618,0,0,0,283,513,328
4619,0,0,0,283,375,188
4620,0,0,2,168,98,1
4621,0,0,13,148,9,2
4622,0,0,0,64,130,15
4623,0,0,3,17,81,2
4624,0,0,15,0,38,22
4625,0,0,0,0,0,51
4626,0,0,1,0,20,13
4627,0,0,44,0,41,106
4628,0,0,18,0,53,107
4629,0,0,0,0,1,8
4630,0,0,1,0,0,0
4631,0,0,4,15,0,71
4632,0,0,0,26,2,0
4633,0,0,6,28,0,0
4634,0,0,12,4,0,0
4635,0,0,0,0,4,0
4636,0,0,4,1,14,0
4637,0,0,0,1,3,0
4638,0,0,0,3,0,150
4639,0,0,0,1,0,390
4640,0,0,1,3,1,456
4641,0,0,0,2,1,651
4642,0,0,1,2,0,1021
4643,0,0,0,14,1,1388
4644,0,0,0,4,0,1753
4645,0,0,0,1,0,2007
4646,0,0,0,0,0,1799
4647,0,0,0,0,0,1249
4648,0,0,0,0,0,100
4649,0,0,0,0,0,395
4650,0,0,0,0,0,157
4651,0,0,0,0,26,46
4652,0,0,0,0,0,1
4653,0,0,0,0,2,0
4654,0,0,0,1,0,0
4655,0,0,0,0,10,0
4656,0,0,0,3,0,0
4657,0,0,0,0,0,0
4658,0,0,0,2,14,219
4659,0,0,0,0,8,190
4660,0,0,0,0,2,1
4661,0,0,0,0,0,1
4662,0,0,0,0,0,33
4663,0,0,0,0,0,7
4664,0,0,0,0,0,0
4665,0,0,0,0,0,0
4666,0,0,0,0,0,52
4667,0,0,0,0,0,149
4668,0,0,0,0,0,18
4669,0,0,0,0,2,0
4670,0,0,0,0,0,21
4671,0,0,0,0,0,0
4672,0,0,0,0,0,6
4673,0,0,0,0,0,0
4674,8,0,0,0,0,0
4675,45,0,0,0,0,0
4676,47,0,0,0,0,0
4677,65,0,0,0,0,0
4678,0,0,0,0,5,0
4679,0,0,0,0,0,0
4680,0,0,0,0,0,0
4681,0,0,0,0,0,0
4682,0,0,0,0,2,0
4683,0,0,0,0,0,0
4684,0,0,0,0,2,1
4685,0,0,0,0,0,2
4686,0,0,0,0,1,0
4687,0,0,10,0,0,0
4688,0,0,24,0,12,5
4689,0,0,22,0,0,5
4690,0,0,14,0,6,0
4691,0,0,22,0,3,0
4692,0,0,0,0,1,0
4693,0,0,0,0,0,0
4694,0,0,0,2,1,4
4695,0,0,0,0,0,0
4696,0,0,0,0,0,0
4697,0,0,0,0,0,0
4698,0,0,0,0,0,0
4699,0,0,0,0,0,0
4700,0,0,0,0,0,0
4701,0,0,0,0,0,0
4702,0,0,0,0,0,0
4703,0,0,0,0,0,0
4704,0,0,0,0,0,0
4705,12,0,0,0,0,0
4706,4,0,0,0,0,0
4707,0,0,0,1,0,0
4708,0,0,0,0,0,0
4709,0,0,0,0,0,0
4710,0,0,0,0,0,0
4711,0,0,0,0,0,0
4712,0,0,0,0,1,0
4713,0,0,0,0,0,0
4714,0,0,0,0,0,0
4715,0,0,0,0,0,0
4716,0,0,0,0,0,0
4717,0,0,0,0,0,0
4718,0,0,0,0,0,0
4719,0,0,0,0,0,0
4720,0,0,0,0,0,0
4721,0,0,0,0,0,0
4722,0,0,0,0,0,0
4723,0,0,0,0,0,0
4724,0,0,0,0,0,0
4725,0,0,0,0,0,0
4726,0,0,0,0,1,0
4727,0,0,0,1,0,0
4728,0,0,0,0,0,0
4729,0,0,0,0,0,0
4730,0,0,2,0,0,0
4731,0,0,0,0,0,0
4732,0,0,0,0,0,0
4733,0,0,0,0,0,0
4734,0,0,0,0,0,0
4735,0,0,0,0,0,0
4736,0,0,0,0,0,0
4737,0,0,0,0,0,0
4738,0,0,0,0,0,0
4739,0,0,0,0,0,0
4740,0,0,0,0,0,0
4741,0,0,0,0,0,0
4742,0,0,0,0,0,0
4743,0,0,0,0,0,0
4744,0,0,0,0,0,0
4745,0,0,0,0,0,0
4746,0,0,0,0,0,0
4747,0,0,0,0,0,0
4748,0,0,0,0,0,0
4749,0,0,0,0,0,0
4750,0,0,0,0,0,0
4751,0,0,0,0,0,0
4752,0,0,10,0,0,0
4753,0,0,0,0,0,0
4754,0,0,0,0,0,0
4755,0,0,2,0,0,0
4756,2,0,0,0,1,0
4757,0,0,4,0,1,0
4758,0,0,4,0,0,0
4759,0,0,0,0,0,0
4760,0,0,1,0,0,0
4761,0,0,17,0,1,0
4762,0,0,0,0,0,0
4763,0,0,0,0,0,0
4764,0,0,1,0,0,0
4765,0,0,0,0,0,0
4766,0,0,0,0,0,0
4767,0,0,4,0,0,0
4768,0,0,0,0,0,0
4769,0,0,0,0,0,0
4770,0,0,0,0,0,0
4771,0,0,3,0,1,0
4772,0,0,0,0,0,0
4773,0,0,5,0,0,0
4774,0,0,0,0,0,0
4775,0,0,0,0,0,0
4776,0,0,0,0,0,0
4777,0,0,5,0,2,0
4778,0,0,0,0,2,0
4779,0,0,0,0,0,0
4780,0,0,1,0,0,0
4781,0,0,0,0,0,0
4782,0,0,0,0,0,0
4783,0,0,0,0,0,0
4784,0,0,0,0,0,0
4785,0,0,0,0,0,0
4786,0,0,0,1,2,0
4787,0,0,0,0,4,0
4788,0,0,0,0,2,0
4789,0,0,0,0,0,0
4790,0,0,0,0,1,0
4791,0,0,0,0,0,0
4792,0,0,0,0,0,0
4793,0,0,4,0,0,0
4794,0,0,2,0,0,0
4795,0,0,0,0,0,0
4796,0,0,4,0,0,0
4797,0,0,27,0,0,0
4798,0,0,0,0,0,0
4799,0,0,1,0,0,0
4800,0,0,6,0,0,0
4801,0,0,0,1,1,0
4802,0,0,8,8,0,0
4803,0,0,6,0,0,0
4804,0,0,1,0,0,0
4805,0,0,1,0,0,0
4806,0,0,11,1,0,0
4807,0,0,0,0,0,0
4808,0,0,6,0,0,0
4809,0,0,20,0,0,0
4810,0,0,0,0,0,0
4811,0,0,0,0,0,0
4812,0,0,1,0,0,0
4813,0,0,0,0,0,0
4814,0,0,0,0,0,0
4815,0,0,10,0,0,0
4816,0,0,2,0,0,0
4817,0,0,0,0,0,0
4818,0,0,0,0,0,0
4819,0,0,0,0,0,0
4820,0,0,0,0,0,0
4821,0,0,0,0,0,0
4822,0,0,0,0,0,0
4823,0,0,0,0,0,0
4824,0,0,0,0,0,0
4825,0,0,0,0,0,0
4826,0,0,0,0,0,0
4827,0,0,0,0,0,0
4828,0,0,0,0,0,0
4829,0,0,0,0,0,0
4830,0,0,0,0,0,0
4831,0,0,0,0,0,0
4832,0,0,0,0,1,0
4833,0,0,0,0,0,0
4834,0,0,0,0,0,0
4835,0,0,0,0,0,0
4836,0,0,0,0,0,0
4837,0,0,0,0,0,0
4838,0,0,0,0,0,0
4839,0,0,0,0,0,0
4840,0,0,0,0,0,0
4841,0,0,0,0,0,0
4842,0,0,0,0,0,0
4843,0,0,0,0,0,0
4844,0,0,0,0,0,0
4845,9,0,0,0,0,0
4846,6,0,0,7,0,0
4847,2,0,0,10,0,0
4848,5,0,0,6,0,0
4849,2,0,0,2,0,0
4850,1,0,0,13,0,0
4851,0,0,0,13,0,0
4852,0,0,0,7,0,0
4853,0,0,0,20,0,0
4854,0,0,0,3,0,0
4855,0,0,0,4,3,0
4856,0,0,0,5,3,0
4857,3,0,0,7,0,0
4858,5,0,0,1,0,0
4859,0,0,0,0,0,0
4860,3,0,0,0,0,0
4861,3,0,0,0,2,0
4862,0,0,0,0,0,0
4863,16,0,0,0,0,0
4864,15,0,0,0,0,0
4865,28,0,0,0,0,0
4866,11,0,0,0,0,0
4867,21,0,0,0,0,0
4868,0,0,0,0,0,0
4869,0,0,0,0,0,0
4870,0,0,0,0,0,1
4871,13,0,0,0,0,0
4872,48,0,0,0,0,0
4873,72,0,0,0,0,0
4874,126,0,0,0,0,0
4875,137,0,0,0,0,0
4876,103,0,0,0,2,0
4877,57,0,0,8,0,0
4878,44,0,0,2,0,0
4879,16,0,0,0,0,0
4880,7,0,1,0,0,0
4881,0,0,0,0,0,0
4882,0,0,0,0,0,0
4883,0,0,0,0,0,0
4884,0,0,9,0,0,0
4885,0,0,0,0,0,0
4886,0,0,0,0,0,0
4887,0,0,2,0,0,0
4888,0,0,0,0,1,0
4889,0,0,0,0,0,0
4890,0,0,16,0,0,0
4891,0,0,0,0,0,6
4892,0,0,3,0,0,0
4893,0,0,4,0,0,0
4894,0,0,0,0,0,0
4895,0,0,0,0,0,0
4896,0,0,4,0,0,0
4897,0,0,0,0,0,0
4898,0,0,0,0,0,0
4899,0,0,6,0,0,0
4900,0,0,0,0,0,0
4901,0,0,2,0,0,0
4902,0,0,8,8,0,1
4903,0,0,0,45,1,0
4904,0,0,0,84,0,0
4905,0,0,0,81,0,0
4906,0,0,0,131,0,0
4907,0,0,0,61,0,0
4908,0,0,1,2,0,26
4909,0,0,0,12,0,48
4910,0,0,0,19,0,51
4911,0,0,0,4,0,15
4912,0,0,0,2,0,0
4913,0,0,3,0,0,0
4914,1,0,0,0,0,0
4915,0,0,0,110,0,0
4916,0,0,1,46,0,2
4917,0,0,0,0,0,0
4918,0,0,0,53,0,0
4919,0,0,3,80,0,0
4920,0,0,0,7,0,3
4921,0,0,0,41,2,11
4922,0,0,0,63,2,9
4923,0,0,0,24,3,0
4924,0,0,0,15,1,0
4925,0,0,0,6,0,0
4926,0,0,0,7,0,0
4927,0,0,0,58,0,0
4928,0,0,0,70,1,0
4929,0,0,0,0,0,0
4930,0,0,0,47,0,2
4931,0,0,0,46,0,84
4932,0,0,0,0,3,152
4933,0,0,0,17,0,217
4934,0,0,0,39,1,332
4935,0,0,0,59,82,458
4936,0,0,0,7,148,317
4937,0,0,0,10,81,176
4938,0,0,0,18,51,123
4939,0,0,0,7,109,0
4940,0,0,0,0,204,5
4941,0,0,0,0,249,2
4942,0,0,0,0,289,6
4943,0,0,0,0,251,43
4944,0,0,0,0,60,211
4945,0,0,0,22,0,652
4946,0,0,0,31,130,766
4947,0,0,2,2,134,680
4948,0,0,0,0,2,368
4949,0,0,0,0,279,186
4950,0,0,0,5,370,1
4951,0,0,0,16,341,55
4952,0,0,0,3,0,41
4953,0,0,2,2,279,0
4954,0,0,0,1,426,134
4955,0,0,0,0,394,152
4956,0,0,0,0,124,47
4957,0,0,0,0,27,14
4958,0,0,0,0,225,17
4959,0,0,0,0,137,45
4960,0,0,0,0,0,70
4961,0,0,0,0,6,101
4962,0,0,0,0,8,198
4963,0,0,0,3,0,375
4964,0,0,0,0,0,402
4965,0,0,0,0,131,73
4966,0,0,0,0,241,8
4967,0,0,0,0,126,10
4968,0,0,0,0,80,60
4969,0,0,0,0,256,103
4970,0,0,0,7,302,85
4971,0,0,0,51,78,63
4972,0,0,0,176,300,74
4973,0,0,0,240,606,79
4974,0,0,0,252,675,201
4975,0,0,0,289,766,337
4976,0,0,0,380,847,317
4977,0,0,0,316,743,113
4978,0,0,0,271,513,67
4979,0,0,0,271,42,73
4980,0,0,0,225,208,0
4981,0,0,0,211,480,0
4982,0,0,2,185,179,220
4983,0,0,0,60,244,235
4984,0,0,0,9,409,132
4985,0,0,0,0,531,92
4986,0,0,0,22,483,110
4987,0,0,0,29,443,475
4988,0,0,0,0,273,846
4989,0,0,0,18,34,882
4990,0,0,0,24,28,811
4991,0,0,0,35,252,510
4992,0,0,0,74,384,178
4993,0,0,0,50,347,157
4994,0,0,0,22,270,36
4995,0,0,0,17,556,153
4996,0,0,0,26,539,423
4997,0,0,0,87,367,683
4998,0,0,0,119,81,1009
4999,0,0,0,41,23,953
5000,0,0,0,5,10,602
5001,0,0,0,2,1,27
5002,0,0,0,6,6,272
5003,0,0,0,18,1,13
5004,0,0,0,24,0,180
5005,0,0,0,53,0,0
5006,0,0,0,26,2,2
5007,0,0,0,67,2,8
5008,0,0,0,58,0,1
5009,0,0,0,97,0,0
5010,0,0,0,169,0,0
5011,0,0,0,201,3,0
5012,0,0,0,444,0,0
5013,0,0,0,545,0,0
5014,0,0,0,690,0,0
5015,0,0,0,703,0,0
5016,0,0,0,621,0,0
5017,0,0,0,595,1,0
5018,0,0,0,342,8,0
5019,0,0,0,224,0,0
5020,0,0,0,17,0,0
5021,0,0,0,0,0,0
5022,0,0,1,25,0,0
5023,8,0,0,58,0,0
5024,11,0,0,136,0,0
5025,0,0,0,83,0,0
5026,0,0,0,68,0,0
5027,3,0,0,36,2,0
5028,43,0,6,12,0,109
5029,29,0,2,0,0,181
5030,45,0,106,0,0,246
5031,49,0,470,0,2,202
5032,56,30,687,0,0,0
5033,185,131,1164,0,0,0
5034,362,342,1628,0,0,0
5035,687,596,2201,0,0,1
5036,715,1160,2291,0,0,40
5037,586,1840,2212,0,0,0
5038,281,2429,1984,0,0,0
5039,418,2670,1834,0,0,0
5040,629,1983,1374,0,0,0
5041,640,1970,1251,0,0,33
5042,443,1893,1677,0,0,162
5043,197,1973,1482,0,0,339
5044,524,2519,1372,0,0,299
5045,202,2781,1418,0,0,124
5046,191,2671,1339,0,0,3
5047,613,2302,1280,0,0,0
5048,851,2116,1476,0,0,0
5049,798,2333,1435,0,0,0
5050,527,2255,1288,0,0,0
5051,275,2083,1177,0,0,0
5052,524,1791,975,0,0,0
5053,408,1279,824,0,0,0
5054,242,626,771,16,2,0
5055,345,1101,1011,0,0,0
5056,283,1156,1220,0,0,0
5057,337,1081,959,2,0,0
5058,252,664,273,0,0,0
5059,298,442,95,0,0,0
5060,136,293,428,0,0,0
5061,75,410,471,0,0,0
5062,174,749,543,0,0,0
5063,235,777,487,0,4,0
5064,76,282,273,0,0,0
5065,14,162,125,0,0,0
5066,1,93,89,0,0,0
5067,0,121,129,0,0,0
5068,0,249,87,0,0,0
5069,0,304,47,0,0,0
5070,0,167,20,0,0,0
5071,55,69,54,0,0,0
5072,108,299,76,0,0,0
5073,419,598,40,0,1,0
5074,998,683,15,0,0,0
5075,1506,893,17,0,0,0
5076,1916,1238,50,0,0,0
5077,2331,1359,122,0,0,0
5078,2459,1538,216,0,0,0
5079,2282,1485,260,0,0,0
5080,2084,1369,222,0,0,0
5081,1760,1374,235,0,0,0
5082,1642,1397,294,0,0,0
5083,1452,1123,280,0,0,0
5084,1651,1417,207,0,0,0
5085,1931,1848,29,0,0,0
5086,2205,1924,23,0,1,1
5087,2725,1796,51,0,2,0
5088,3226,2226,117,0,0,0
5089,3904,2654,118,0,0,0
5090,4226,2813,129,0,0,0
5091,3853,2428,192,0,0,0
5092,3289,1482,596,0,0,1
5093,2538,939,826,0,0,0
5094,1706,1085,755,0,0,0
5095,1222,1392,632,0,0,0
5096,814,1093,506,0,2,0
5097,740,803,420,0,0,0
5098,729,331,305,0,0,0
5099,755,151,112,0,0,0
5100,569,52,49,0,0,0
5101,349,119,56,0,0,0
5102,276,159,14,0,0,0
5103,387,233,17,0,0,0
5104,489,243,31,1,0,0
5105,496,210,42,4,0,0
5106,472,80,32,0,0,0
5107,432,0,0,0,0,0
5108,326,6,0,0,0,0
5109,130,11,2,4,0,0
5110,0,32,11,0,0,0
5111,22,18,11,0,0,0
5112,183,35,43,0,0,0
5113,170,25,139,0,0,0
5114,64,10,103,0,0,0
5115,157,21,20,0,0,0
5116,182,8,8,0,1,0
5117,141,5,10,0,0,0
5118,116,5,4,0,0,0
5119,5,65,43,0,0,0
5120,8,282,287,0,0,0
5121,10,345,255,0,0,0
5122,10,315,399,0,0,0
5123,17,301,356,0,0,0
5124,0,284,130,0,0,0
5125,0,494,432,0,0,0
5126,0,248,249,0,0,0
5127,0,103,244,0,2,0
5128,4,69,29,0,0,0
5129,0,5,2,0,0,0
5130,9,16,5,0,0,0
5131,11,38,18,2,0,0
5132,12,83,63,1,0,0
5133,16,221,75,0,0,0
5134,5,388,241,0,0,0
5135,3,396,312,0,0,0
5136,1,251,360,0,0,0
5137,0,154,500,0,0,0
5138,0,248,541,0,0,0
5139,0,415,649,0,0,0
5140,0,364,578,0,0,0
5141,1,250,549,0,0,0
5142,24,348,653,0,0,0
5143,0,340,551,0,0,0
5144,0,205,419,0,0,0
5145,0,140,346,0,0,0
5146,36,123,186,0,2,0
5147,67,94,201,0,0,0
5148,128,105,207,0,0,0
5149,114,54,174,0,1,0
5150,57,87,180,0,0,0
5151,14,357,323,0,0,0
5152,43,534,394,0,0,0
5153,17,491,425,0,0,0
5154,0,242,448,0,0,0
5155,8,143,431,0,0,0
5156,9,85,380,0,0,0
5157,0,12,357,0,0,0
5158,45,86,232,19,0,0
5159,45,47,161,3,0,0
5160,10,1,139,0,0,0
5161,4,0,101,0,0,0
5162,139,14,160,0,0,0
5163,350,31,106,0,0,0
5164,538,23,35,0,0,0
5165,651,42,28,0,0,0
5166,745,2,0,0,0,0
5167,609,0,2,0,0,0
5168,239,11,13,0,0,0
5169,181,0,6,0,0,0
5170,688,0,15,0,0,0
5171,816,0,18,0,0,0
5172,620,0,23,0,0,0
5173,464,47,62,0,0,0
5174,534,94,105,0,0,0
5175,354,20,179,0,0,0
5176,250,7,228,0,0,0
5177,420,0,175,0,0,0
5178,402,6,104,0,1,0
5179,205,9,13,0,0,0
5180,188,0,1,0,0,0
5181,153,4,0,0,0,0
5182,73,18,7,0,0,0
5183,50,34,13,0,0,0
5184,59,15,33,0,0,0
5185,193,14,57,0,0,0
5186,252,0,49,0,0,0
5187,245,0,17,0,0,0
5188,180,0,0,0,0,0
5189,6,0,0,0,0,0
5190,0,0,0,0,0,0
5191,0,0,0,0,0,0
5192,5,0,1,0,0,0
5193,44,32,28,0,0,0
5194,77,62,164,0,0,0
5195,148,137,383,0,0,0
5196,308,184,416,0,0,0
5197,301,111,544,0,0,0
5198,216,7,296,0,0,0
5199,194,3,175,0,0,0
5200,242,1,168,0,0,0
5201,128,12,241,0,0,0
5202,64,34,248,0,0,0
5203,89,43,215,0,0,0
5204,77,33,134,11,0,0
5205,56,13,78,0,0,0
5206,56,5,4,0,0,0
5207,71,1,2,0,1,0
5208,108,11,0,0,0,0
5209,85,16,0,0,0,0
5210,52,0,4,0,0,0
5211,60,0,0,0,0,0
5212,77,0,11,0,0,0
5213,39,0,10,0,0,0
5214,0,0,2,0,0,0
5215,1,0,2,0,0,0
5216,12,0,0,0,0,0
5217,10,0,0,0,0,0
5218,18,0,0,0,0,0
5219,0,0,0,0,0,0
5220,0,0,0,0,0,0
5221,0,0,0,0,0,0
5222,0,0,0,0,0,0
5223,0,0,0,0,0,0
5224,0,0,0,0,0,0
5225,0,0,0,0,0,0
5226,0,0,0,0,0,0
5227,0,0,0,0,0,0
5228,0,0,0,0,0,0
5229,0,0,0,0,0,0
5230,0,0,0,0,0,0
5231,0,0,0,0,0,0
5232,0,0,0,0,0,0
5233,3,0,0,0,0,0
5234,31,0,0,0,0,0
5235,39,0,0,0,0,0
5236,25,0,0,0,0,0
5237,47,0,0,0,2,0
5238,47,1,0,0,0,0
5239,30,0,0,0,0,0
5240,32,0,0,0,0,0
5241,0,0,0,0,0,0
5242,0,0,0,0,0,0
5243,0,0,0,0,0,0
5244,0,0,0,0,0,0
5245,0,0,0,0,0,0
5246,0,0,0,0,0,0
5247,0,0,0,0,0,0
5248,0,0,0,0,0,0
5249,0,0,0,0,0,0
5250,0,0,0,0,0,0
5251,0,0,0,0,1,0
5252,0,0,0,0,0,0
5253,0,0,0,0,1,0
5254,0,0,0,0,0,0
5255,0,0,0,0,0,0
5256,0,0,0,0,0,0
5257,0,0,0,0,0,0
5258,0,0,0,0,0,0
5259,0,0,0,0,0,0
5260,0,0,0,0,0,0
5261,0,0,0,0,0,0
5262,0,0,0,0,0,0
5263,0,0,0,0,0,0
5264,0,0,0,0,0,0
5265,0,0,0,0,0,0
5266,0,0,0,0,0,0
5267,0,0,0,0,0,0
5268,0,0,0,0,0,0
5269,0,0,0,0,0,0
5270,0,0,0,0,0,0
5271,0,0,0,0,0,0
5272,0,0,0,0,0,0
5273,0,0,0,0,0,0
5274,0,0,0,0,0,0
5275,0,0,0,0,0,0
5276,0,0,0,0,0,0
5277,0,0,0,0,0,0
5278,0,0,0,0,0,0
5279,0,0,0,0,0,0
5280,0,0,0,0,0,0
5281,0,0,0,0,0,0
5282,0,0,0,16,0,0
5283,0,0,0,0,0,0
5284,0,0,0,0,0,0
5285,0,0,0,0,0,0
5286,0,0,0,0,0,0
5287,0,0,0,0,0,0
5288,0,0,0,0,0,0
5289,2,0,12,0,0,0
5290,0,0,0,0,0,0
5291,0,0,2,0,0,0
5292,0,0,31,0,0,0
5293,0,0,6,0,0,0
5294,0,0,0,0,0,0
5295,0,0,2,0,0,0
5296,0,0,0,0,1,0
5297,0,0,1,0,0,0
5298,0,0,5,0,0,0
5299,0,0,12,0,0,0
5300,0,0,0,0,0,0
5301,0,0,0,0,0,0
5302,0,0,0,0,0,0
5303,0,0,0,0,1,0
5304,0,0,0,0,0,0
5305,0,0,0,0,0,0
5306,0,0,0,0,0,0
5307,0,0,0,0,0,0
5308,0,0,0,0,0,0
5309,0,0,0,0,0,0
5310,0,0,0,0,0,0
5311,0,0,0,0,5,0
5312,0,0,0,0,0,0
5313,0,0,0,0,0,0
5314,0,0,0,0,0,0
5315,0,0,0,0,0,0
5316,0,0,0,0,0,0
5317,0,0,0,0,0,0
5318,0,0,0,0,0,0
5319,0,0,0,0,0,0
5320,39,0,0,0,0,0
5321,363,0,1,0,0,0
5322,699,0,0,0,0,0
5323,732,0,41,0,0,0
5324,546,0,52,0,0,0
5325,383,0,69,0,0,0
5326,102,0,81,0,3,0
5327,0,0,70,0,0,0
5328,0,0,50,0,0,0
5329,3,0,58,0,0,0
5330,66,0,23,0,0,0
5331,47,0,16,0,0,0
5332,12,0,0,0,0,0
5333,17,0,0,0,0,0
5334,3,0,0,0,0,0
5335,0,0,0,0,0,0
5336,0,0,0,0,0,0
5337,0,0,0,0,0,0
5338,0,0,1,0,0,0
5339,5,0,0,0,0,0
5340,5,0,41,0,0,0
5341,0,0,83,3,0,0
5342,7,0,35,0,0,0
5343,0,0,24,0,0,0
5344,0,0,26,0,0,0
5345,0,0,16,0,0,0
5346,0,0,8,0,0,0
5347,0,0,16,0,0,0
5348,0,0,9,0,0,0
5349,0,0,21,0,0,0
5350,0,0,0,0,0,0
5351,0,0,0,0,0,0
5352,0,0,0,0,0,0
5353,0,0,0,0,0,0
5354,0,0,0,0,0,0
5355,0,0,0,0,0,0
5356,0,0,0,0,0,0
5357,0,0,0,0,0,0
5358,0,0,0,0,0,0
5359,0,0,0,0,0,0
5360,0,0,0,0,0,0
5361,0,0,2,0,0,0
5362,0,0,10,0,0,0
5363,0,0,0,0,0,0
5364,0,0,0,0,0,0
5365,0,0,0,0,0,0
5366,0,0,0,0,1,0
5367,0,0,0,0,0,0
5368,0,0,0,0,0,0
5369,0,0,0,0,0,0
5370,0,0,0,0,0,1
5371,0,0,0,0,0,0
5372,0,0,0,0,0,0
5373,0,0,0,0,0,0
5374,0,0,0,0,0,0
5375,0,0,0,0,0,0
5376,0,0,0,0,0,0
5377,0,0,0,0,0,0
5378,0,0,0,0,0,0
5379,0,0,0,0,0,0
5380,0,0,0,0,0,0
5381,0,0,0,0,0,0
5382,0,0,0,0,0,0
5383,0,0,0,0,0,0
5384,0,0,0,0,0,0
5385,0,0,0,0,0,0
5386,0,0,0,0,0,0
5387,0,0,0,0,0,0
5388,0,0,0,0,0,0
5389,0,0,0,0,0,0
5390,0,0,0,0,0,0
5391,0,0,0,0,0,0
5392,0,0,0,0,0,0
5393,0,0,0,0,0,0
5394,0,0,0,0,0,0
5395,0,0,0,0,0,0
5396,0,0,0,0,0,0
5397,0,0,0,0,0,0
5398,0,0,0,0,0,0
5399,0,0,0,0,0,0
5400,0,0,0,0,0,0
5401,0,0,0,0,1,0
5402,0,0,0,0,0,0
5403,0,0,0,0,0,0
5404,0,0,0,0,0,0
5405,0,0,0,0,0,0
5406,0,0,0,0,0,0
5407,0,0,0,0,0,0
5408,0,0,0,0,0,0
5409,3,0,0,0,0,0
5410,39,0,0,0,0,0
5411,165,0,0,0,0,0
5412,426,0,0,0,0,0
5413,435,2,0,9,0,0
5414,167,138,4,2,0,0
5415,142,200,0,0,0,0
5416,164,207,0,0,0,0
5417,45,101,0,0,0,0
5418,6,0,0,0,0,0
5419,0,0,0,0,0,0
5420,10,12,0,0,0,0
5421,47,21,0,0,0,0
5422,76,10,0,0,0,0
5423,59,0,0,0,0,0
5424,26,0,0,0,0,0
5425,25,0,0,0,0,0
5426,11,0,0,0,0,0
5427,10,0,0,0,0,0
5428,15,0,0,0,0,0
5429,0,0,2,0,0,0
5430,0,0,0,0,0,0
5431,0,0,0,0,0,0
5432,0,0,0,0,0,0
5433,0,0,0,0,0,0
5434,0,0,0,0,0,0
5435,0,0,0,0,0,0
5436,0,0,0,0,0,0
5437,0,0,0,0,0,0
5438,0,0,0,0,0,0
5439,0,0,0,0,0,0
5440,0,0,0,0,0,0
5441,0,0,0,0,0,0
5442,0,0,0,0,0,0
5443,0,0,0,0,0,0
5444,0,0,0,0,0,0
5445,0,0,0,0,0,0
5446,0,0,0,0,0,0
5447,0,0,0,0,0,0
5448,0,0,0,0,0,0
5449,0,0,0,0,0,0
5450,0,0,0,0,0,0
5451,0,0,0,0,0,0
5452,0,0,0,0,0,0
5453,0,0,0,0,0,0
5454,0,0,0,0,0,0
5455,0,0,0,0,0,0
5456,0,0,0,0,0,0
5457,0,0,0,0,0,0
5458,0,0,0,0,0,0
5459,0,0,0,0,0,0
5460,0,0,0,0,0,0
5461,0,0,1,4,10,0
5462,0,3,0,1,0,0
5463,0,0,0,13,2,0
5464,0,0,0,0,1,0
5465,0,0,0,0,1,0
5466,0,0,0,0,0,0
5467,0,0,0,0,0,0
5468,0,0,0,1,0,0
5469,0,0,0,2,0,0
5470,0,0,0,1,0,0
5471,0,0,0,0,0,0
5472,0,0,0,0,0,0
5473,0,0,0,0,0,0
5474,0,0,0,0,0,0
5475,0,0,0,0,0,0
5476,0,0,0,0,0,0
5477,6,0,0,0,0,0
5478,5,0,0,0,0,0
5479,0,0,0,0,0,0
5480,0,0,0,0,0,0
5481,0,0,0,0,0,0
5482,0,0,0,0,0,0
5483,3,0,0,0,0,0
5484,0,0,0,0,0,0
5485,0,0,1,0,0,0
5486,0,0,1,1,0,0
5487,3,0,0,0,0,0
5488,2,0,0,0,0,0
5489,0,0,0,0,0,0
5490,0,0,0,0,0,0
5491,16,0,0,0,0,0
5492,32,0,0,6,0,0
5493,25,0,0,0,0,0
5494,20,0,0,0,0,0
5495,26,0,0,0,0,0
5496,33,0,0,0,0,0
5497,2,0,0,4,0,0
5498,9,0,3,0,0,0
5499,0,0,0,0,0,0
5500,0,0,0,0,0,0
5501,0,0,0,0,0,0
5502,0,0,0,0,0,0
5503,0,0,0,0,0,0
5504,0,0,0,0,0,0
5505,0,0,0,0,0,0
5506,0,0,0,0,2,0
5507,0,0,0,0,0,0
5508,0,0,0,0,0,0
5509,0,0,0,0,1,0
5510,0,0,0,0,0,0
5511,0,0,0,0,0,0
5512,0,0,0,0,0,0
5513,0,0,0,0,0,0
5514,0,0,0,0,0,0
5515,0,0,0,0,1,0
5516,0,0,0,0,0,0
5517,0,0,0,0,0,0
5518,0,0,0,0,0,0
5519,0,0,0,0,0,0
5520,0,0,0,0,0,0
5521,0,0,0,0,2,0
5522,0,0,0,0,0,0
5523,0,0,0,0,1,0
5524,0,0,0,0,0,0
5525,0,0,0,0,0,0
5526,0,0,0,0,0,0
5527,0,0,0,0,0,0
5528,0,0,0,0,0,0
5529,0,0,0,0,0,0
5530,0,0,0,0,0,0
5531,0,0,1,0,0,0
5532,0,0,0,0,0,0
5533,0,0,0,0,0,0
5534,0,0,0,0,0,0
5535,0,0,0,0,0,0
5536,0,0,0,0,0,0
5537,0,0,0,0,0,0
5538,0,0,0,0,0,0
5539,0,0,0,0,0,0
5540,0,0,0,0,0,2
5541,0,0,0,0,0,0
5542,0,0,0,0,0,0
5543,0,0,0,0,0,0
5544,0,0,0,0,0,0
5545,0,0,0,5,0,0
5546,0,0,0,8,0,0
5547,0,0,0,0,0,0
5548,0,0,0,0,1,0
5549,0,0,0,0,0,0
5550,0,0,0,0,0,0
5551,0,0,0,0,7,0
5552,0,0,0,0,1,0
5553,0,0,0,0,0,0
5554,0,0,0,0,0,0
5555,0,0,2,0,0,0
5556,0,0,0,10,0,0
5557,0,0,0,32,0,0
5558,0,0,0,74,2,0
5559,0,0,0,77,0,0
5560,0,0,0,51,12,0
5561,0,0,0,16,59,0
5562,0,0,0,0,5,12
5563,0,0,0,0,2,0
5564,0,0,0,0,6,0
5565,0,0,0,6,0,0
5566,0,0,0,4,0,0
5567,0,0,0,8,8,0
5568,0,0,0,0,160,0
5569,0,0,0,0,250,0
5570,0,0,0,0,187,0
5571,0,0,0,0,143,0
5572,0,0,0,0,96,0
5573,0,0,0,0,109,0
5574,0,0,0,0,83,0
5575,0,0,0,0,42,0
5576,0,0,0,0,0,0
5577,0,0,0,0,71,0
5578,0,0,0,0,19,0
5579,0,0,0,0,23,0
5580,0,0,0,0,0,0
5581,0,0,0,0,2,0
5582,0,0,0,14,0,0
5583,0,0,0,19,0,0
5584,0,0,0,0,0,0
5585,0,0,0,2,3,0
5586,0,0,0,0,0,0
5587,0,0,0,0,0,0
5588,0,0,0,4,5,0
5589,0,0,0,0,5,0
5590,0,0,0,0,47,0
5591,0,0,0,4,62,0
5592,0,0,0,0,46,0
5593,0,0,0,16,20,0
5594,0,0,2,14,76,0
5595,0,0,0,0,88,0
5596,0,0,0,27,78,0
5597,0,0,0,17,22,0
5598,0,0,0,11,0,0
5599,0,0,0,0,0,0
5600,1,0,0,0,15,0
5601,0,0,0,42,60,0
5602,2,0,0,1,55,0
5603,0,0,0,14,45,0
5604,0,0,0,0,29,0
5605,0,0,0,0,14,1
5606,0,0,0,0,0,0
5607,0,0,0,0,1,0
5608,0,0,0,0,0,0
5609,0,0,0,0,0,0
5610,0,0,0,0,0,0
5611,0,0,0,0,0,0
5612,3,0,0,11,0,0
5613,3,0,0,9,0,0
5614,4,0,0,0,0,0
5615,2,0,0,0,0,0
5616,0,0,0,0,0,0
5617,0,0,0,2,0,0
5618,0,0,0,30,0,0
5619,0,0,0,54,0,0
5620,0,0,0,0,0,0
5621,21,0,0,15,0,0
5622,16,0,0,32,0,0
5623,39,0,0,16,0,0
5624,39,0,0,0,0,0
5625,36,0,0,0,0,0
5626,22,0,0,0,0,0
5627,23,0,0,0,0,0
5628,27,0,0,0,1,0
5629,28,0,0,0,0,0
5630,36,0,0,0,0,0
5631,73,0,0,4,0,0
5632,63,0,0,0,0,0
5633,162,0,0,0,0,0
5634,188,0,0,0,0,0
5635,149,0,0,46,0,0
5636,122,0,0,94,15,0
5637,137,0,0,5,13,1
5638,76,0,0,8,4,1
5639,21,0,0,0,0,0
5640,37,0,0,4,0,0
5641,6,0,0,0,5,0
5642,0,0,0,0,16,2
5643,0,0,0,0,33,0
5644,0,0,0,0,179,4
5645,0,0,0,0,204,0
5646,31,0,0,0,177,0
5647,66,0,0,0,15,0
5648,118,0,0,0,108,0
5649,168,0,0,0,198,0
5650,211,0,0,0,190,0
5651,273,0,0,0,107,0
5652,258,0,0,77,110,3
5653,227,0,0,65,239,0
5654,193,0,0,37,334,0
5655,138,0,0,0,264,0
5656,18,0,0,0,84,0
5657,2,0,0,22,17,0
5658,0,0,0,0,98,0
5659,0,0,0,0,92,0
5660,0,0,0,0,43,0
5661,0,0,0,0,22,0
5662,24,0,0,0,304,0
5663,21,0,0,0,444,0
5664,0,0,0,3,228,0
5665,0,0,0,0,241,0
5666,0,0,0,7,196,0
5667,22,0,0,4,115,0
5668,30,0,0,0,45,0
5669,66,0,0,0,115,0
5670,254,0,0,0,248,0
5671,582,0,0,0,316,0
5672,760,0,0,0,375,0
5673,685,0,0,0,434,0
5674,376,0,0,0,455,0
5675,378,111,0,14,369,0
5676,114,65,0,38,191,0
5677,145,0,0,6,102,0
5678,415,0,0,0,34,0
5679,541,2,2,26,45,0
5680,655,0,0,59,125,0
5681,628,16,0,8,110,0
5682,469,1,0,11,121,0
5683,168,0,0,0,43,0
5684,0,0,0,0,50,0
5685,0,0,0,0,0,0
5686,106,0,0,3,0,0
5687,383,0,0,0,0,0
5688,625,0,0,5,0,0
5689,618,0,0,0,0,0
5690,279,0,0,0,0,0
5691,23,2,0,0,0,0
5692,50,0,0,0,0,0
5693,37,0,0,0,0,0
5694,111,0,0,0,0,0
5695,193,9,2,0,1,0
5696,109,1,0,0,0,0
5697,31,0,0,0,0,0
5698,13,0,0,0,0,0
5699,5,0,0,0,0,0
5700,6,0,0,0,0,0
5701,1,0,0,0,0,0
5702,0,0,0,0,2,0
5703,14,0,0,0,1,0
5704,48,0,0,0,0,0
5705,7,0,0,0,0,0
5706,162,0,0,0,0,0
5707,389,0,0,0,0,0
5708,112,0,0,0,0,0
5709,6,0,0,0,0,0
5710,161,75,0,0,0,0
5711,107,28,0,0,0,0
5712,0,0,0,0,1,0
5713,112,1,0,0,0,0
5714,127,57,0,4,5,0
5715,12,5,2,0,73,0
5716,70,0,4,2,160,0
5717,133,0,2,0,230,0
5718,94,0,2,0,244,0
5719,4,0,0,0,189,0
5720,12,0,0,0,110,0
5721,0,0,0,0,242,0
5722,0,0,0,0,333,0
5723,0,0,0,11,338,0
5724,0,0,0,14,290,0
5725,0,0,0,53,175,0
5726,11,0,0,90,49,0
5727,23,0,0,5,10,0
5728,23,0,0,0,4,0
5729,0,0,0,22,0,0
5730,0,0,0,0,46,0
5731,0,0,0,0,36,2
5732,0,0,0,0,0,0
5733,0,0,0,0,1,0
5734,0,0,0,2,0,0
5735,0,0,0,0,0,0
5736,0,0,0,0,0,0
5737,0,0,0,71,0,0
5738,9,0,0,70,0,0
5739,43,0,0,2,0,0
5740,26,0,0,1,0,0
5741,4,0,0,13,2,0
5742,1,0,0,26,0,0
5743,2,0,0,0,0,0
5744,0,0,0,0,0,0
5745,0,0,0,14,9,0
5746,1,0,0,46,71,0
5747,21,0,0,42,50,0
5748,14,0,0,37,56,0
5749,34,0,0,27,3,0
5750,68,0,2,8,4,0
5751,48,0,0,0,0,0
5752,0,0,10,0,15,0
5753,0,0,6,0,45,0
5754,2,0,0,0,38,0
5755,5,0,0,0,0,0
5756,5,0,0,0,0,0
5757,9,0,0,1,0,0
5758,12,0,0,1,0,0
5759,9,0,1,0,0,0
5760,0,0,0,27,0,0
5761,0,0,3,53,0,0
5762,0,0,0,27,0,1
5763,7,0,0,0,1,0
5764,7,0,0,0,0,0
5765,25,0,10,0,0,0
5766,28,0,0,0,0,0
5767,16,0,0,0,0,0
5768,21,0,0,0,0,0
5769,13,0,0,0,0,0
5770,3,0,0,0,0,0
5771,38,0,0,0,0,0
5772,16,0,0,0,0,0
5773,0,0,0,0,0,0
5774,0,0,1,0,0,0
5775,25,0,0,0,0,0
5776,18,0,0,4,1,0
5777,16,0,0,0,0,0
5778,107,0,0,0,0,0
5779,174,0,0,0,6,0
5780,184,0,0,0,15,0
5781,142,0,0,0,40,0
5782,97,0,0,0,33,0
5783,12,0,0,0,26,0
5784,0,0,0,0,26,0
5785,0,0,0,0,12,0
5786,0,0,0,0,3,0
5787,17,0,0,0,0,0
5788,44,0,0,0,0,0
5789,59,0,0,0,1,0
5790,38,0,0,0,0,0
5791,0,0,0,0,0,0
5792,45,0,0,0,0,0
5793,0,0,0,1,0,0
5794,0,0,0,0,0,0
5795,1,0,0,0,0,0
5796,8,0,0,0,3,0
5797,0,0,0,0,0,0
5798,0,0,0,0,0,0
5799,1,0,0,0,0,0
5800,0,0,0,0,0,0
5801,0,0,0,0,0,0
5802,0,0,0,0,2,0
5803,0,0,0,0,0,0
5804,0,0,0,0,0,0
5805,0,0,0,0,0,0
5806,0,0,0,0,0,0
5807,2,0,0,0,0,0
5808,0,0,0,0,0,0
5809,8,0,0,0,0,0
5810,0,0,0,0,0,0
5811,0,0,0,0,0,0
5812,0,0,0,0,0,0
5813,0,0,0,0,0,0
5814,4,0,0,0,0,0
5815,0,0,0,0,0,0
5816,0,0,0,0,0,0
5817,2,0,0,0,0,0
5818,0,0,0,0,0,0
5819,0,0,0,0,0,0
5820,0,0,0,0,0,0
5821,0,0,0,0,1,0
5822,0,0,0,0,2,0
5823,1,0,0,0,0,0
5824,0,0,0,0,0,0
5825,0,0,4,0,0,0
5826,9,0,0,0,0,0
5827,12,0,0,0,0,0
5828,0,0,0,0,0,0
5829,0,0,0,0,0,0
5830,0,0,0,0,0,0
5831,0,0,0,0,0,0
5832,0,0,0,0,0,0
5833,0,0,0,0,0,0
5834,0,0,0,0,0,0
5835,0,0,0,0,0,0
5836,0,0,0,0,1,0
5837,0,0,0,0,0,0
5838,0,0,0,0,0,0
5839,0,0,0,0,0,0
5840,0,0,0,2,0,0
5841,0,0,0,0,0,0
5842,0,0,0,7,0,0
5843,0,0,0,8,0,0
5844,0,0,0,2,0,0
5845,0,0,0,0,0,0
5846,0,0,0,0,0,0
5847,0,0,0,0,0,0
5848,0,0,0,0,0,0
5849,0,0,0,0,0,0
5850,0,0,0,0,0,0
5851,0,0,0,0,0,0
5852,0,0,0,0,1,0
5853,0,0,0,0,1,0
5854,0,0,0,0,0,0
5855,0,0,0,0,0,0
5856,0,0,0,0,0,0
5857,0,0,0,0,0,0
5858,0,0,0,0,0,0
5859,0,0,0,0,0,0
5860,0,0,0,0,0,0
5861,0,0,0,0,0,0
5862,0,0,0,0,0,0
5863,0,0,0,0,0,0
5864,0,0,0,0,0,0
5865,0,0,0,0,0,0
5866,0,0,0,0,0,0
5867,0,0,0,0,0,0
5868,0,0,0,0,0,0
5869,0,0,0,0,0,0
5870,0,0,0,0,0,0
5871,0,0,0,0,1,0
5872,0,0,0,0,0,0
5873,0,0,0,0,0,0
5874,0,0,0,0,0,0
5875,0,0,9,0,0,0
5876,0,0,0,0,0,0
5877,0,0,0,0,0,0
5878,0,0,0,0,0,0
5879,0,0,0,0,0,0
5880,0,0,0,0,0,0
5881,0,0,0,0,0,0
5882,0,0,0,0,0,0
5883,0,0,0,0,0,0
5884,0,0,0,0,0,0
5885,0,0,0,0,0,0
5886,0,0,0,0,0,0
5887,0,0,3,0,0,0
5888,0,0,12,0,0,0
5889,0,0,2,0,0,0
5890,0,0,0,0,0,0
5891,0,0,3,0,0,0
5892,0,0,2,0,0,0
5893,3,0,0,0,0,0
5894,0,0,0,0,0,0
5895,10,0,1,0,0,0
5896,0,0,0,0,0,0
5897,0,0,0,0,0,2
5898,0,0,3,0,0,0
5899,5,0,0,0,0,0
5900,6,0,0,0,0,0
5901,0,0,0,0,0,0
5902,0,0,0,0,0,0
5903,0,0,0,0,0,0
5904,0,0,0,0,0,0
5905,0,0,0,0,0,0
5906,0,0,0,0,0,0
5907,0,0,0,0,0,0
5908,0,0,0,0,0,0
5909,0,0,0,0,0,0
5910,0,0,0,0,0,0
5911,1,0,0,0,1,0
5912,19,0,0,0,0,0
5913,17,0,0,0,0,0
5914,44,0,0,0,0,0
5915,104,0,0,0,0,0
5916,76,0,0,5,0,0
5917,59,0,0,0,0,0
5918,6,0,0,0,0,0
5919,0,0,0,0,0,0
5920,10,0,0,2,0,0
5921,15,0,0,0,0,0
5922,35,0,0,0,0,0
5923,64,0,0,0,0,0
5924,217,0,0,0,0,0
5925,205,0,0,0,0,0
5926,439,0,0,0,0,0
5927,522,0,0,0,0,0
5928,566,0,2,0,0,0
5929,614,0,0,0,0,0
5930,544,0,0,0,0,0
5931,332,0,1,0,0,0
5932,28,0,0,0,0,0
5933,0,0,0,0,0,0
5934,2,0,0,0,0,0
5935,58,0,0,0,0,0
5936,219,0,0,0,0,0
5937,366,0,0,0,0,0
5938,371,0,0,0,0,0
5939,309,0,0,0,0,0
5940,146,0,0,0,0,0
5941,32,0,0,0,0,0
5942,0,0,0,0,0,0
5943,0,0,0,0,0,0
5944,0,0,0,0,0,0
5945,0,0,0,0,0,0
5946,0,0,0,0,0,0
5947,0,0,0,0,0,0
5948,0,0,0,0,0,0
5949,0,0,0,0,0,0
5950,0,0,0,0,0,0
5951,0,0,0,0,0,0
5952,0,0,0,0,0,0
5953,0,0,0,0,0,0
5954,0,0,0,0,0,0
5955,0,0,0,0,0,0
5956,0,0,0,0,0,0
5957,0,0,0,0,0,0
5958,0,0,0,0,0,0
5959,0,0,0,0,0,0
5960,0,0,0,0,0,0
5961,0,0,0,0,0,0
5962,0,0,0,0,0,0
5963,0,0,0,16,0,0
5964,0,0,0,18,0,0
5965,0,0,3,3,0,0
5966,0,0,1,1,0,0
5967,0,0,0,0,0,0
5968,0,0,0,0,0,0
5969,0,0,0,0,0,0
5970,0,0,0,0,0,0
5971,0,0,2,0,0,0
5972,0,0,7,1,1,0
5973,0,0,0,0,0,0
5974,41,0,0,0,0,0
5975,39,0,0,0,0,0
5976,0,0,0,0,0,0
5977,9,0,0,0,0,0
5978,8,0,1,0,0,0
5979,16,0,7,0,0,0
5980,0,0,0,0,0,0
5981,7,0,0,0,0,0
5982,4,0,0,0,0,0
5983,20,0,0,0,0,0
5984,18,0,0,0,0,0
5985,36,0,1,0,0,0
5986,30,0,0,0,0,0
5987,30,0,0,0,0,0
5988,8,0,0,0,0,0
5989,4,0,0,0,0,0
5990,9,0,0,0,2,0
5991,1,0,0,0,3,0
5992,0,0,0,0,1,0
5993,0,0,0,0,0,0
5994,0,0,0,0,0,0
5995,0,0,0,0,0,0
5996,0,0,0,0,0,0
5997,0,0,0,0,0,0
5998,0,0,0,0,0,0
5999,0,0,0,0,0,0
6000,0,0,0,0,0,0
6001,0,0,0,0,0,0
6002,0,0,0,0,0,0
6003,0,0,0,0,0,0
6004,0,0,0,0,0,0
6005,0,0,0,0,0,0
6006,0,0,3,0,0,0
6007,4,0,0,0,0,0
6008,0,0,0,0,0,0
6009,0,0,0,0,0,0
6010,0,0,0,0,0,0
6011,0,0,0,0,0,0
6012,0,0,2,0,0,0
6013,0,0,0,0,0,0
6014,0,0,0,0,0,0
6015,0,0,0,7,0,0
6016,0,0,0,0,0,0
6017,0,0,0,0,3,0
6018,0,0,2,0,2,0
6019,0,0,0,0,0,0
6020,0,0,0,0,0,0
6021,0,0,0,0,0,0
6022,0,0,0,0,0,0
6023,0,0,0,0,0,0
6024,0,0,0,0,0,0
6025,0,0,0,0,0,0
6026,0,0,0,0,0,0
6027,0,0,0,0,0,0
6028,0,0,0,0,0,0
6029,0,0,0,0,0,0
6030,0,0,0,0,0,0
6031,0,0,0,0,0,0
6032,0,0,0,0,0,0
6033,0,0,0,0,0,0
6034,0,0,0,0,0,0
6035,0,0,0,0,0,0
6036,0,0,0,0,0,0
6037,0,0,0,0,0,0
6038,0,0,0,0,0,0
6039,0,0,0,0,0,0
6040,0,0,0,0,0,0
6041,0,0,0,0,0,0
6042,0,0,0,0,0,0
6043,0,0,0,0,0,0
6044,0,0,0,0,0,0
6045,0,0,0,0,0,0
6046,0,0,0,0,0,0
6047,0,0,0,0,0,0
6048,0,0,0,0,0,0
6049,0,0,0,0,0,0
6050,0,0,0,0,0,0
6051,0,0,0,0,0,0
6052,6,0,0,0,0,0
6053,0,0,0,0,0,0
6054,0,0,0,0,0,0
6055,0,0,0,0,0,0
6056,0,0,0,0,0,0
6057,0,0,0,0,0,0
6058,12,0,0,0,0,0
6059,6,0,0,0,0,0
6060,0,0,0,0,0,0
6061,0,0,0,0,0,0
6062,10,0,0,0,1,0
6063,0,0,0,0,0,0
6064,0,0,0,0,0,0
6065,0,0,0,0,0,0
6066,0,0,0,0,0,0
6067,0,0,0,0,0,0
6068,0,0,0,0,0,0
6069,0,0,0,0,0,0
6070,0,0,0,0,0,0
6071,0,0,0,0,0,0
6072,0,0,0,0,0,0
6073,0,0,0,0,0,0
6074,0,0,0,9,0,0
6075,0,0,6,4,0,0
6076,0,0,0,0,0,0
6077,0,0,0,0,1,0
6078,0,0,0,0,0,0
6079,0,0,0,1,0,0
6080,0,0,0,0,0,0
6081,0,0,0,0,0,0
6082,0,0,0,0,0,0
6083,0,0,0,0,0,0
6084,0,0,0,0,0,0
6085,0,0,0,0,0,0
6086,2,0,0,0,0,0
6087,0,0,0,0,0,0
6088,1,0,0,0,0,0
6089,1,0,0,0,0,0
6090,43,0,8,0,0,0
6091,83,0,4,0,0,0
6092,62,0,0,0,0,0
6093,83,0,0,0,0,0
6094,41,0,0,0,0,0
6095,29,0,4,0,0,0
6096,182,0,0,0,0,0
6097,443,0,2,0,0,0
6098,919,0,0,0,0,0
6099,1474,2,0,0,1,0
6100,2103,18,3,0,0,0
6101,2196,29,2,0,0,0
6102,1768,170,0,0,0,0
6103,1289,435,2,0,0,0
6104,647,431,0,0,0,0
6105,244,18,0,0,0,0
6106,688,143,0,0,0,0
6107,982,322,0,0,1,0
6108,1231,423,0,0,0,0
6109,1095,357,0,0,0,0
6110,1017,147,0,0,0,0
6111,701,0,0,0,2,0
6112,391,0,0,0,0,0
6113,81,4,0,0,0,0
6114,10,0,0,0,0,0
6115,0,0,0,0,0,0
6116,0,0,0,0,0,0
6117,0,0,0,0,0,0
6118,0,0,0,0,0,0
6119,0,0,0,0,0,0
6120,23,1,0,0,0,0
6121,144,20,0,0,0,0
6122,209,29,0,0,0,0
6123,171,3,0,0,0,0
6124,270,7,0,0,0,0
6125,213,6,0,0,0,0
6126,265,0,0,0,0,0
6127,252,0,0,4,0,0
6128,266,0,0,0,0,0
6129,241,0,0,0,0,0
6130,247,0,0,0,0,0
6131,115,0,0,0,0,0
6132,82,0,0,10,0,0
6133,69,0,0,0,0,0
6134,58,0,0,0,0,0
6135,24,0,0,0,3,0
6136,39,0,0,0,0,0
6137,75,0,0,0,0,0
6138,36,0,0,0,0,0
6139,15,0,0,0,0,0
6140,30,0,0,0,1,0
6141,2,0,0,0,0,0
6142,18,0,0,0,0,0
6143,1,0,0,0,0,0
6144,3,0,0,0,0,0
6145,13,0,0,0,0,0
6146,6,0,0,0,0,0
6147,66,0,0,0,0,0
6148,72,1,0,0,0,0
6149,60,0,0,0,0,0
6150,50,32,0,0,0,0
6151,61,43,0,0,0,0
6152,32,48,0,0,0,0
6153,48,1,0,0,0,0
6154,52,0,0,0,0,0
6155,16,0,0,0,0,0
6156,30,0,0,0,0,0
6157,22,0,0,0,0,0
6158,7,0,0,0,0,0
6159,21,0,0,0,0,0
6160,2,0,0,0,0,0
6161,8,0,0,0,0,0
6162,33,0,0,0,0,0
6163,50,0,0,0,0,0
6164,70,4,0,0,0,0
6165,98,11,0,0,0,0
6166,135,37,0,0,0,0
6167,183,30,0,8,3,0
6168,171,50,0,8,0,0
6169,74,25,0,0,0,0
6170,2,0,0,0,0,0
6171,9,0,0,0,0,0
6172,64,0,0,0,0,0
6173,83,0,0,0,0,0
6174,13,0,0,0,0,0
6175,9,0,0,0,0,0
6176,7,0,0,0,0,0
6177,0,0,0,0,0,0
6178,1,0,0,0,0,0
6179,0,0,0,0,0,0
6180,0,0,0,0,0,0
6181,0,0,0,0,0,0
6182,0,0,0,0,0,0
6183,0,0,0,0,0,0
6184,0,0,0,0,0,0
6185,0,0,0,0,0,0
6186,0,0,0,0,0,0
6187,0,0,0,0,0,0
6188,0,0,0,0,0,0
6189,0,0,0,0,0,0
6190,0,0,0,0,0,0
6191,0,0,0,0,0,0
6192,0,0,0,0,0,0
6193,0,0,0,0,0,0
6194,0,0,0,0,0,0
6195,0,0,0,0,0,0
6196,0,0,0,0,0,0
6197,0,0,0,0,0,0
6198,0,0,0,0,0,0
6199,0,0,0,0,0,0
6200,2,0,0,0,0,0
6201,0,0,0,0,0,0
6202,0,0,0,0,0,0
6203,0,0,0,0,0,0
6204,0,0,0,0,0,0
6205,0,0,0,0,0,0
6206,0,0,0,0,0,0
6207,0,0,0,0,0,0
6208,0,0,0,0,0,0
6209,0,0,0,0,0,0
6210,0,0,0,0,0,0
6211,3,0,0,0,3,0
6212,0,0,0,0,1,0
6213,0,0,0,0,0,0
6214,0,0,0,0,0,0
6215,0,0,0,0,0,0
6216,0,0,0,0,0,0
6217,0,0,0,0,0,0
6218,0,0,0,0,0,0
6219,20,0,0,0,0,0
6220,25,0,0,0,0,0
6221,5,0,0,0,0,0
6222,42,0,0,0,0,0
6223,41,0,0,0,0,0
6224,63,0,0,0,0,0
6225,67,0,0,0,0,0
6226,50,0,0,0,0,0
6227,52,0,0,0,0,0
6228,29,0,0,0,2,0
6229,20,0,0,0,0,0
6230,0,0,0,0,0,0
6231,0,0,0,0,0,0
6232,0,0,0,0,0,0
6233,0,0,0,0,0,0
6234,0,0,0,0,0,0
6235,0,0,0,0,0,0
6236,0,0,0,0,0,0
6237,0,0,0,0,0,0
6238,0,0,0,0,0,0
6239,0,0,0,0,0,0
6240,0,0,0,0,0,0
6241,0,0,0,0,0,0
6242,0,0,0,0,0,0
6243,0,0,0,0,0,0
6244,0,0,0,0,0,0
6245,0,0,0,0,0,0
6246,0,0,0,0,0,0
6247,0,0,0,0,0,0
6248,0,0,0,0,0,0
6249,0,0,0,0,0,0
6250,0,0,0,0,0,0
6251,0,0,0,0,0,0
6252,0,0,0,0,0,0
6253,3,0,0,0,0,0
6254,38,0,0,0,0,0
6255,61,0,0,0,0,0
6256,22,0,0,0,0,0
6257,1,0,0,0,0,0
6258,139,0,0,0,0,0
6259,167,0,0,8,0,0
6260,44,0,0,10,0,0
6261,71,0,0,0,0,0
6262,8,0,0,0,0,0
6263,0,0,0,2,0,0
6264,0,0,0,0,0,0
6265,4,8,0,0,0,0
6266,0,0,0,0,0,0
6267,0,0,0,0,0,0
6268,0,0,0,0,0,0
6269,0,0,0,0,0,0
6270,0,0,0,0,0,0
6271,0,0,0,0,2,0
6272,0,0,0,0,0,0
6273,0,0,0,0,0,0
6274,17,0,0,0,0,0
6275,0,0,0,0,0,0
6276,0,0,0,0,0,0
6277,2,0,0,0,0,0
6278,17,0,0,0,0,0
6279,18,0,0,0,0,0
6280,0,0,0,0,0,0
6281,0,0,0,0,0,0
6282,4,0,0,0,0,0
6283,2,0,0,0,0,0
6284,5,0,0,0,0,0
6285,7,0,0,0,0,0
6286,0,0,0,0,0,0
6287,0,0,0,0,1,0
6288,7,0,0,0,0,0
6289,0,0,0,0,0,0
6290,0,0,0,0,0,0
6291,0,0,0,0,0,0
6292,0,0,0,0,0,0
6293,0,0,0,0,0,0
6294,0,0,0,0,0,0
6295,0,0,0,0,0,0
6296,0,0,0,0,0,0
6297,0,0,0,0,0,0
6298,0,0,0,0,0,0
6299,0,0,0,0,0,0
6300,0,0,0,0,0,0
6301,0,0,0,0,2,0
6302,0,0,0,0,0,0
6303,0,0,0,0,0,0
6304,0,0,0,0,0,0
6305,0,0,0,0,0,0
6306,0,0,0,0,0,0
6307,0,0,0,0,0,0
6308,0,0,0,0,0,0
6309,0,0,0,0,0,0
6310,0,0,0,0,0,0
6311,13,0,0,0,0,0
6312,5,0,0,0,0,0
6313,0,0,0,3,0,0
6314,0,0,0,1,0,0
6315,0,0,0,0,0,0
6316,0,0,0,0,1,0
6317,0,0,0,0,0,0
6318,0,0,0,0,2,0
6319,0,0,0,0,1,0
6320,0,0,0,0,0,0
6321,0,0,0,0,0,0
6322,0,0,0,0,0,0
6323,0,0,0,0,0,0
6324,0,0,0,0,0,0
6325,0,0,0,0,0,0
6326,0,0,0,0,0,0
6327,0,0,0,0,0,0
6328,0,0,0,0,0,0
6329,0,0,0,0,0,0
6330,0,0,0,0,0,0
6331,0,0,4,0,2,0
6332,2,0,0,0,0,0
6333,0,0,0,0,0,0
6334,0,0,0,0,0,0
6335,0,0,0,0,0,0
6336,0,0,0,0,0,0
6337,0,0,0,0,0,0
6338,0,0,0,0,0,0
6339,0,0,0,0,0,0
6340,0,0,0,0,0,0
6341,0,0,0,0,0,0
6342,0,0,0,1,0,0
6343,0,0,0,0,0,0
6344,0,0,0,0,0,0
6345,0,0,0,0,0,0
6346,0,0,0,0,0,0
6347,0,0,0,0,0,0
6348,3,0,0,0,0,0
6349,20,0,0,0,0,0
6350,26,0,0,0,0,0
6351,3,0,0,0,0,0
6352,39,0,0,0,0,0
6353,30,0,0,0,0,0
6354,18,0,0,0,0,0
6355,5,0,0,0,4,0
6356,0,0,0,0,0,0
6357,2,0,0,3,0,0
6358,0,0,0,0,0,0
6359,0,0,0,0,0,0
6360,0,0,0,0,0,0
6361,0,0,0,0,0,0
6362,0,0,0,0,0,0
6363,0,0,4,0,0,5
6364,0,0,0,0,0,35
6365,0,0,0,0,0,0
6366,0,0,0,0,0,0
6367,0,0,0,0,0,0
6368,0,0,0,0,0,0
6369,0,0,0,0,0,0
6370,0,0,0,0,0,0
6371,0,0,0,0,0,0
6372,0,0,1,0,0,0
6373,0,0,0,0,0,0
6374,0,0,0,0,0,0
6375,0,0,0,0,0,0
6376,0,0,0,0,0,0
6377,0,0,0,0,1,0
6378,0,0,0,0,0,0
6379,0,0,0,0,0,0
6380,0,0,0,0,0,0
6381,0,0,0,0,0,0
6382,0,0,0,0,0,0
6383,0,0,0,0,0,0
6384,0,0,0,0,0,0
6385,0,0,0,0,0,0
6386,0,0,0,0,0,0
6387,0,0,0,0,0,0
6388,0,0,0,0,0,0
6389,0,0,0,0,0,0
6390,0,0,8,0,0,0
6391,0,0,0,0,1,0
6392,0,0,0,0,0,0
6393,0,0,0,0,1,0
6394,0,0,2,0,0,0
6395,0,0,0,0,1,0
6396,0,0,0,1,0,0
6397,0,0,0,0,0,0
6398,2,0,0,0,0,0
6399,0,0,0,0,0,0
6400,0,0,0,0,0,0
6401,0,0,0,0,0,0
6402,0,0,2,0,0,0
6403,0,0,0,0,0,0
6404,0,0,0,0,0,0
6405,0,0,0,0,0,0
6406,0,0,0,0,0,0
6407,0,0,0,0,0,0
6408,0,0,0,0,0,0
6409,0,0,0,0,0,0
6410,0,0,0,0,0,0
6411,0,0,0,0,0,0
6412,0,0,0,0,0,0
6413,0,0,0,0,0,0
6414,0,0,0,0,0,0
6415,0,0,0,0,0,0
6416,0,0,0,0,0,0
6417,0,0,0,0,0,0
6418,0,0,0,0,0,0
6419,0,0,0,0,0,0
6420,8,0,0,0,0,0
6421,45,0,0,0,0,0
6422,65,0,0,0,0,0
6423,57,0,0,0,1,0
6424,32,0,0,0,0,0
6425,14,0,0,7,0,0
6426,3,0,0,1,0,0
6427,0,0,0,0,0,0
6428,0,0,0,0,0,0
6429,0,0,0,0,0,0
6430,0,0,0,0,0,0
6431,8,0,0,2,0,0
6432,0,0,0,0,0,0
6433,0,0,0,0,0,0
6434,0,0,0,0,0,0
6435,0,0,0,0,0,0
6436,0,0,0,1,2,0
6437,0,0,0,0,0,0
6438,0,0,0,0,3,0
6439,0,0,0,0,0,0
6440,0,0,0,0,0,0
6441,1,0,0,0,0,0
6442,12,0,0,0,0,0
6443,22,0,0,0,0,0
6444,25,0,0,0,0,0
6445,7,0,0,0,0,0
6446,0,0,0,0,0,0
6447,0,0,0,0,0,0
6448,0,0,0,0,0,0
6449,0,0,0,0,0,0
6450,0,0,0,0,0,0
6451,0,0,0,0,2,0
6452,0,0,0,0,1,0
6453,0,0,0,0,1,0
6454,0,0,0,0,0,0
6455,0,0,0,0,0,0
6456,0,0,0,0,0,0
6457,0,0,0,0,0,0
6458,0,0,0,0,0,0
6459,0,0,0,0,1,0
6460,6,0,0,0,0,0
6461,11,0,0,0,0,0
6462,31,0,0,0,0,0
6463,35,0,0,0,0,0
6464,65,0,0,0,0,0
6465,24,0,0,0,0,0
6466,0,0,0,0,0,0
6467,0,0,0,0,2,0
6468,0,0,0,0,0,0
6469,0,0,0,0,0,0
6470,0,0,0,0,0,0
6471,0,0,0,0,0,0
6472,0,0,0,0,0,0
6473,0,0,0,0,0,0
6474,0,0,0,0,0,0
6475,0,0,0,0,0,0
6476,0,0,0,0,0,0
6477,0,0,0,0,0,0
6478,0,0,0,0,0,0
6479,0,0,0,0,0,0
6480,0,0,0,0,0,0
6481,0,0,0,0,0,0
6482,0,0,0,0,0,0
6483,0,0,0,0,0,0
6484,0,0,0,0,0,0
6485,0,0,0,0,0,0
6486,0,0,0,0,0,0
6487,0,0,0,0,0,0
6488,0,0,0,0,0,0
6489,0,0,0,0,0,0
6490,0,0,0,0,0,0
6491,0,0,0,0,0,0
6492,0,0,0,0,0,0
6493,0,0,0,0,0,0
6494,0,0,0,0,0,0
6495,0,0,0,0,0,0
6496,0,0,0,2,0,0
6497,0,0,0,0,0,0
6498,0,0,0,0,0,0
6499,0,0,0,0,0,0
6500,0,0,0,0,0,0
6501,0,0,0,0,0,0
6502,0,0,0,0,0,0
6503,0,0,0,0,1,0
6504,0,0,0,0,0,0
6505,0,0,0,0,0,0
6506,0,0,0,0,0,0
6507,0,0,0,0,0,0
6508,0,0,0,0,0,0
6509,0,0,0,0,0,0
6510,0,0,0,0,0,0
6511,0,0,0,6,0,0
6512,0,0,0,0,0,0
6513,0,0,0,0,2,0
6514,0,0,0,0,0,0
6515,0,0,0,0,0,0
6516,0,0,5,0,0,0
6517,0,0,0,0,0,0
6518,0,0,0,0,0,0
6519,0,0,0,0,0,0
6520,0,0,6,0,0,0
6521,0,0,0,0,0,0
6522,0,0,2,0,0,0
6523,0,0,16,0,0,0
6524,0,0,2,0,0,0
6525,0,0,0,0,0,0
6526,0,0,6,4,0,0
6527,0,0,7,0,0,0
6528,0,0,0,0,0,0
6529,0,0,4,0,0,0
6530,0,0,0,0,2,0
6531,0,0,0,0,0,0
6532,0,0,0,0,0,0
6533,0,0,0,0,0,0
6534,0,0,0,0,0,0
6535,0,0,0,0,0,0
6536,0,0,0,0,0,0
6537,0,0,0,0,0,0
6538,0,0,0,0,0,0
6539,0,0,0,0,0,0
6540,0,0,0,0,0,0
6541,0,0,0,0,0,0
6542,0,0,2,0,0,4
6543,0,0,0,0,0,0
6544,0,0,0,0,0,0
6545,0,0,0,0,0,0
6546,0,0,0,0,0,0
6547,0,0,0,0,0,0
6548,0,0,1,0,0,0
6549,0,0,0,0,0,0
6550,0,0,0,0,0,0
6551,0,0,0,0,0,0
6552,14,0,0,0,0,0
6553,0,0,0,0,0,0
6554,6,0,0,9,0,0
6555,0,0,0,0,0,0
6556,0,0,1,0,0,0
6557,0,0,3,0,0,0
6558,0,0,0,0,0,0
6559,0,0,0,0,0,0
6560,0,0,0,0,0,0
6561,0,0,0,0,0,0
6562,0,0,0,0,0,0
6563,0,0,1,0,0,0
6564,0,0,0,0,0,0
6565,0,0,0,0,0,0
6566,0,0,1,0,0,0
6567,0,0,0,0,0,0
6568,0,0,0,0,0,0
6569,0,0,0,3,0,0
6570,0,0,0,0,0,0
6571,0,0,0,0,1,0
6572,0,0,0,0,0,0
6573,0,0,4,0,0,0
6574,0,0,0,0,0,0
6575,0,0,0,0,0,0
6576,0,0,0,0,0,0
6577,0,0,0,0,0,0
6578,0,0,0,0,0,0
6579,0,0,0,0,0,0
6580,0,0,0,0,0,0
6581,0,0,0,0,1,0
6582,0,0,0,0,0,0
6583,0,0,0,0,0,0
6584,0,0,0,0,0,0
6585,0,0,0,0,0,0
6586,0,0,0,0,0,0
6587,0,0,0,0,0,0
6588,0,0,0,0,0,0
6589,0,0,0,0,0,0
6590,0,0,0,0,0,0
6591,0,0,0,0,0,0
6592,0,0,0,0,0,0
6593,0,0,0,0,0,0
6594,0,0,0,0,0,0
6595,0,0,0,0,0,0
6596,0,0,0,0,0,0
6597,0,0,0,0,0,0
6598,0,0,0,0,0,0
6599,0,0,0,0,0,0
6600,0,0,0,0,0,0
6601,0,0,0,0,1,0
6602,0,0,0,0,0,0
6603,0,0,0,0,0,0
6604,0,0,0,6,0,0
6605,0,0,0,0,0,0
6606,0,0,0,0,0,0
6607,0,0,0,0,0,0
6608,0,0,0,0,0,0
6609,0,0,0,0,0,0
6610,0,0,0,0,0,0
6611,0,0,0,0,0,0
6612,0,0,0,0,0,0
6613,0,0,0,0,0,0
6614,0,0,0,0,0,0
6615,0,0,0,0,0,0
6616,0,0,0,0,0,0
6617,0,0,0,0,0,0
6618,0,0,0,0,0,0
6619,0,0,0,0,0,0
6620,0,0,0,0,0,0
6621,0,0,0,0,0,0
6622,0,0,0,0,0,0
6623,0,0,0,0,0,0
6624,10,0,0,0,0,0
6625,21,0,0,0,0,0
6626,0,0,0,0,0,0
6627,0,0,0,0,0,0
6628,0,0,0,0,0,0
6629,0,0,0,0,0,0
6630,0,0,0,0,0,0
6631,3,0,0,0,0,0
6632,8,0,0,0,0,0
6633,0,0,0,0,2,0
6634,96,0,1,0,0,0
6635,118,0,0,0,0,0
6636,149,0,0,0,0,0
6637,132,0,0,0,0,0
6638,79,2,0,0,0,0
6639,85,1,0,0,0,0
6640,3,0,0,0,0,0
6641,0,0,0,0,0,0
6642,0,0,0,0,0,0
6643,0,0,0,0,0,0
6644,0,0,0,0,0,0
6645,0,0,6,0,0,0
6646,5,0,16,0,1,0
6647,0,0,0,0,0,0
6648,0,0,0,0,0,0
6649,0,0,0,0,0,0
6650,0,0,0,0,0,2
6651,0,0,0,0,0,0
6652,0,0,9,0,0,0
6653,0,0,0,0,0,0
6654,0,0,0,0,0,0
6655,0,0,0,0,0,0
6656,0,0,0,0,0,0
6657,0,0,0,0,0,0
6658,0,0,0,0,0,0
6659,102,0,0,0,0,0
6660,457,0,0,0,0,0
6661,647,0,0,0,0,0
6662,707,0,0,1,0,0
6663,739,24,0,0,0,0
6664,549,99,0,0,0,0
6665,238,0,0,0,0,0
6666,5,0,0,0,0,0
6667,28,0,0,0,0,0
6668,137,2,0,0,0,0
6669,38,0,0,1,0,0
6670,1,0,0,0,0,0
6671,2,0,0,0,0,0
6672,0,0,0,0,0,0
6673,0,0,0,0,0,0
6674,0,0,0,0,0,0
6675,0,0,0,0,0,0
6676,0,0,0,0,0,0
6677,0,0,0,0,0,0
6678,0,0,0,0,1,0
6679,0,0,0,0,0,0
6680,0,0,0,0,0,0
6681,0,0,0,0,0,0
6682,0,0,0,0,0,0
6683,0,0,0,13,0,0
6684,0,0,0,0,0,0
6685,0,0,0,0,1,0
6686,0,0,0,0,1,0
6687,0,0,0,0,0,0
6688,0,0,0,0,0,0
6689,0,0,0,0,0,0
6690,0,0,0,0,0,0
6691,0,0,4,0,0,0
6692,0,0,0,0,0,0
6693,0,0,0,0,0,0
6694,0,0,0,0,0,0
6695,0,0,0,0,0,0
6696,0,0,0,0,0,0
6697,0,0,0,0,0,0
6698,0,0,0,0,0,0
6699,0,0,0,0,0,0
6700,0,0,0,0,0,0
6701,0,0,0,0,0,0
6702,0,0,0,0,0,0
6703,0,0,0,0,0,0
6704,0,0,8,0,0,0
6705,0,0,0,0,1,0
6706,0,0,0,2,0,0
6707,0,0,0,0,0,0
6708,0,0,0,0,0,0
6709,0,0,0,0,0,0
6710,0,0,0,0,0,0
6711,0,0,0,0,0,0
6712,0,0,0,0,0,0
6713,0,0,0,0,0,0
6714,0,0,0,0,0,0
6715,0,0,0,0,0,0
6716,0,0,0,5,0,0
6717,0,0,0,0,0,0
6718,0,0,0,0,0,0
6719,0,0,0,0,0,0
6720,0,0,0,1,0,0
6721,0,0,0,1,0,0
6722,0,0,0,0,1,0
6723,0,0,0,0,0,0
6724,0,0,0,0,0,0
6725,0,0,0,0,0,0
6726,0,0,0,0,0,0
6727,0,0,0,0,0,0
6728,0,0,0,0,0,0
6729,0,0,0,0,0,0
6730,0,0,0,0,2,0
6731,5,0,0,0,0,0
6732,0,0,0,0,0,0
6733,0,0,0,0,0,0
6734,0,0,0,0,0,0
6735,0,0,0,0,0,0
6736,0,0,0,17,0,0
6737,0,0,0,3,0,0
6738,0,0,0,0,1,0
6739,0,0,0,0,0,0
6740,0,0,0,0,0,0
6741,0,0,0,0,0,0
6742,0,0,0,0,0,0
6743,0,0,0,0,0,0
6744,0,0,0,0,0,0
6745,0,0,0,0,0,0
6746,0,0,0,0,0,0
6747,0,0,0,0,0,0
6748,0,0,0,0,1,0
6749,0,0,0,0,0,0
6750,0,0,0,0,0,0
6751,0,0,0,0,0,0
6752,0,0,0,0,0,0
6753,0,0,0,0,0,0
6754,0,0,0,0,0,0
6755,0,0,0,0,0,0
6756,0,0,0,0,0,0
6757,0,0,0,0,0,0
6758,0,0,0,0,0,0
6759,0,0,0,0,0,0
6760,0,0,0,0,0,0
6761,0,0,0,0,0,0
6762,0,0,0,0,0,0
6763,0,0,0,0,0,0
6764,0,0,0,0,0,0
6765,0,0,0,0,0,0
6766,0,0,0,0,0,0
6767,0,0,0,0,0,0
6768,0,0,0,0,0,0
6769,0,0,0,0,0,0
6770,0,0,0,0,0,0
6771,0,0,0,0,0,0
6772,0,0,0,0,0,0
6773,0,0,0,0,0,0
6774,0,0,0,0,0,0
6775,0,0,0,0,0,0
6776,0,0,0,0,0,0
6777,0,0,0,0,0,0
6778,0,0,0,0,0,0
6779,28,0,0,0,0,0
6780,17,0,0,0,0,0
6781,0,0,0,16,1,0
6782,0,0,0,37,0,0
6783,6,0,0,42,2,0
6784,4,0,0,51,0,0
6785,1,0,0,44,0,0
6786,0,0,0,32,0,0
6787,0,0,0,51,1,0
6788,0,0,0,30,0,0
6789,0,0,0,0,0,0
6790,0,0,0,0,0,0
6791,0,0,0,0,0,22
6792,0,0,0,0,0,63
6793,0,0,0,4,0,99
6794,0,0,0,7,0,24
6795,0,0,0,10,0,0
6796,0,0,8,5,0,0
6797,0,0,0,0,0,0
6798,0,0,0,0,0,0
6799,0,0,0,0,0,2
6800,0,0,0,0,0,0
6801,0,0,0,0,0,0
6802,0,0,0,0,0,0
6803,0,0,0,0,0,0
6804,0,0,0,0,0,0
6805,0,0,0,0,0,0
6806,0,0,0,0,0,13
6807,0,0,0,0,0,25
6808,0,0,0,0,0,47
6809,0,0,0,0,0,0
6810,0,0,0,0,0,0
6811,0,0,0,0,0,13
6812,0,0,0,0,0,175
6813,0,0,0,0,0,37
6814,0,0,0,0,0,0
6815,0,0,0,0,0,0
6816,0,0,0,0,0,0
6817,0,0,0,0,0,0
6818,0,0,0,0,1,0
6819,0,0,0,0,1,0
6820,0,0,0,0,0,3
6821,0,0,0,0,0,64
6822,0,0,0,0,0,118
6823,0,0,0,0,0,170
6824,0,0,0,0,0,192
6825,0,0,0,0,0,98
6826,0,0,0,0,1,5
6827,0,0,0,0,0,0
6828,0,0,0,0,0,0
6829,0,0,0,0,0,0
6830,0,0,0,0,0,0
6831,0,0,0,0,0,0
6832,0,0,0,0,0,0
6833,0,0,0,0,0,0
6834,0,0,0,0,0,0
6835,0,0,0,0,0,0
6836,0,0,0,0,0,0
6837,0,0,0,0,0,0
6838,0,0,0,0,0,0
6839,0,0,0,0,0,0
6840,0,0,0,0,0,0
6841,0,0,0,0,2,0
6842,0,0,0,0,0,0
6843,0,0,0,0,0,0
6844,0,0,0,0,0,0
6845,0,0,0,0,0,0
6846,0,0,0,0,0,0
6847,0,0,0,0,1,0
6848,0,0,0,0,0,0
6849,0,0,0,0,0,0
6850,0,0,0,0,0,3
6851,0,0,0,0,0,0
6852,0,0,0,0,0,0
6853,0,0,0,0,2,0
6854,0,0,0,2,0,0
6855,0,0,0,0,0,0
6856,0,0,0,0,0,0
6857,0,0,0,0,0,0
6858,0,0,0,0,1,0
6859,0,0,0,0,2,0
6860,0,0,0,0,2,0
6861,0,0,0,0,0,0
6862,0,0,0,0,0,0
6863,0,0,0,0,0,0
6864,0,0,0,0,0,0
6865,0,0,0,0,0,0
6866,0,0,0,0,0,0
6867,0,0,0,0,0,0
6868,0,0,0,0,0,0
6869,0,0,0,0,0,0
6870,0,0,0,0,0,0
6871,0,0,0,0,2,0
6872,0,0,0,0,1,0
6873,0,0,0,0,0,0
6874,0,0,0,0,0,0
6875,0,0,0,0,0,0
6876,0,0,0,0,0,0
6877,0,0,0,0,0,0
6878,0,0,0,0,0,0
6879,0,0,0,0,0,0
6880,0,0,0,0,0,0
6881,0,0,0,0,0,0
6882,0,0,0,0,0,0
6883,0,0,0,0,0,0
6884,0,0,0,1,0,0
6885,0,0,0,0,0,0
6886,0,0,0,0,2,0
6887,0,0,0,4,0,0
6888,0,0,0,0,0,0
6889,0,0,0,0,0,0
6890,0,0,0,0,0,0
6891,0,0,0,0,0,0
6892,0,0,0,2,0,0
6893,0,0,0,0,0,0
6894,0,0,0,0,0,0
6895,0,0,0,0,0,0
6896,0,0,0,0,0,0
6897,0,0,0,0,0,0
6898,0,0,0,0,0,0
6899,0,0,0,0,0,0
6900,0,0,0,0,0,0
6901,0,0,0,2,0,0
6902,0,0,0,0,0,0
6903,25,0,0,0,0,0
6904,247,0,0,0,1,0
6905,518,0,0,0,0,0
6906,799,0,0,0,0,0
6907,623,0,0,0,0,0
6908,333,0,0,0,0,0
6909,1286,0,0,0,0,0
6910,1755,0,0,0,0,0
6911,1154,3,0,0,0,0
6912,441,24,0,0,0,0
6913,485,4,0,0,1,0
6914,939,14,1,0,0,0
6915,649,4,0,0,0,0
6916,830,0,0,0,0,0
6917,777,0,0,0,0,0
6918,283,0,0,0,0,0
6919,706,0,0,0,0,0
6920,1052,0,0,0,0,0
6921,727,0,3,0,1,0
6922,523,27,0,0,0,0
6923,415,19,0,0,0,0
6924,606,0,1,10,0,0
6925,615,0,0,0,0,0
6926,369,0,4,0,0,0
6927,417,0,2,0,0,0
6928,373,0,0,0,0,0
6929,542,0,0,4,0,0
6930,326,0,0,2,0,0
6931,228,0,0,0,2,0
6932,258,0,0,0,0,0
6933,187,0,0,0,0,0
6934,155,0,0,0,0,0
6935,185,0,0,0,0,0
6936,286,0,0,0,0,0
6937,376,0,0,0,0,0
6938,335,0,0,0,0,0
6939,317,0,0,0,0,0
6940,148,0,0,0,0,0
6941,65,0,0,0,0,0
6942,121,0,0,0,0,0
6943,29,0,0,0,0,0
6944,12,0,0,0,0,0
6945,12,0,0,0,0,0
6946,25,0,0,0,1,0
6947,0,0,0,0,0,0
6948,0,0,0,0,0,0
6949,0,0,0,0,0,0
6950,0,0,0,0,0,0
6951,2,0,0,0,0,0
6952,0,0,0,0,0,0
6953,0,0,0,0,0,0
6954,4,0,0,0,0,0
6955,0,0,0,0,0,0
6956,0,0,0,0,0,0
6957,0,0,0,0,0,0
6958,0,0,0,0,0,0
6959,0,0,0,0,0,0
6960,0,0,0,0,0,0
6961,0,0,0,0,0,0
6962,0,0,0,0,0,0
6963,0,0,0,0,0,0
6964,0,0,0,0,0,0
6965,7,0,0,0,0,0
6966,0,0,0,0,0,0
6967,0,0,0,0,0,0
6968,0,0,0,0,0,0
6969,0,0,0,0,0,0
6970,0,0,0,0,0,0
6971,0,0,0,0,0,0
6972,0,0,0,0,0,0
6973,0,0,0,0,0,0
6974,0,0,0,0,0,0
6975,0,0,0,0,0,0
6976,0,0,0,3,0,0
6977,0,0,0,0,0,0
6978,0,0,0,0,0,0
6979,0,0,0,0,0,0
6980,0,0,0,0,0,0
6981,0,0,0,0,0,0
6982,0,0,0,0,0,0
6983,0,0,0,0,0,0
6984,0,0,0,0,0,0
6985,0,0,0,0,0,0
6986,0,0,0,0,0,0
6987,0,0,0,0,0,0
6988,0,0,0,0,0,0
6989,0,0,0,0,0,0
6990,0,0,0,0,0,0
6991,0,0,0,0,5,0
6992,0,0,0,0,0,0
6993,0,0,0,0,0,0
6994,2,0,0,0,0,0
6995,24,0,0,0,0,0
6996,11,0,0,0,0,0
6997,0,0,0,0,0,0
6998,0,0,0,0,0,0
6999,2,0,0,0,0,0
7000,0,0,0,0,0,0
7001,0,0,0,0,0,0
7002,3,0,0,0,0,0
7003,0,0,0,0,0,0
7004,0,0,0,0,0,0
7005,0,0,0,0,0,0
7006,0,0,0,0,1,0
7007,0,0,0,0,0,0
7008,0,0,0,0,0,0
7009,0,0,0,0,0,0
7010,0,0,0,0,0,0
7011,0,0,0,0,0,0
7012,0,0,0,0,0,0
7013,0,0,0,0,0,0
7014,0,0,0,0,0,0
7015,0,0,0,0,0,0
7016,0,0,0,8,0,0
7017,0,0,0,2,0,0
7018,0,0,0,1,0,0
7019,0,0,0,0,0,0
7020,0,0,0,0,0,0
7021,0,0,0,0,0,0
7022,0,0,0,0,0,0
7023,0,0,0,0,0,0
7024,0,0,0,0,0,0
7025,0,0,0,0,0,0
7026,0,0,0,0,0,0
7027,0,0,0,0,0,0
7028,0,0,0,0,0,0
7029,0,0,0,0,0,0
7030,0,0,0,0,1,0
7031,0,0,0,0,0,0
7032,0,0,0,0,0,0
7033,0,0,0,0,0,0
7034,0,0,0,0,0,0
7035,0,0,0,0,0,0
7036,0,0,0,0,2,0
7037,0,0,0,0,0,0
7038,0,0,5,1,0,0
7039,0,0,2,0,0,0
7040,0,0,0,0,0,0
7041,0,0,0,0,0,0
7042,0,0,0,0,0,0
7043,0,0,0,0,0,0
7044,0,0,0,0,1,0
7045,0,0,0,0,0,0
7046,0,0,0,0,0,0
7047,0,0,0,0,0,0
7048,0,0,0,0,0,0
7049,0,0,0,0,0,0
7050,0,0,0,0,0,0
7051,0,0,0,0,0,0
7052,0,0,0,0,0,0
7053,0,0,2,0,0,0
7054,0,0,0,0,0,0
7055,0,0,0,0,0,0
7056,0,0,0,0,0,0
7057,0,0,0,0,0,0
7058,0,0,0,0,0,0
7059,0,0,0,0,0,0
7060,0,0,0,0,0,0
7061,0,0,0,0,0,0
7062,0,0,0,0,0,0
7063,0,0,0,0,0,0
7064,0,0,0,0,0,0
7065,0,0,0,0,0,0
7066,0,0,0,0,1,0
7067,0,0,0,0,1,0
7068,0,0,1,0,0,0
7069,0,0,0,0,0,0
7070,0,0,0,0,0,0
7071,0,0,0,8,0,0
7072,0,0,0,0,0,0
7073,0,0,0,0,0,0
7074,0,0,0,0,0,0
7075,0,0,0,0,0,0
7076,0,0,0,0,0,0
7077,0,0,0,0,0,0
7078,0,0,0,0,0,0
7079,0,0,0,0,0,0
7080,0,0,0,0,0,0
7081,0,0,0,0,0,0
7082,0,0,0,0,0,0
7083,0,0,0,0,0,0
7084,0,0,0,0,0,0
7085,0,0,0,2,0,0
7086,0,0,0,0,0,0
7087,0,0,0,21,0,0
7088,0,0,0,8,25,0
7089,0,0,0,0,0,0
7090,0,0,0,4,0,0
7091,0,0,0,47,1,0
7092,0,0,0,184,0,0
7093,0,0,0,172,1,0
7094,0,0,0,187,0,0
7095,0,0,0,102,0,0
7096,0,0,0,95,3,8
7097,0,0,0,34,0,0
7098,0,0,0,21,0,10
7099,0,0,0,114,0,39
7100,0,0,0,33,0,6
7101,0,0,0,0,0,5
7102,0,0,0,0,0,1
7103,0,0,0,0,0,0
7104,0,0,0,0,0,0
7105,0,0,0,0,0,21
7106,0,0,0,0,0,91
7107,0,0,0,0,0,94
7108,0,0,0,0,0,88
7109,0,0,0,0,0,145
7110,0,0,0,6,0,112
7111,0,0,2,0,0,93
7112,0,0,0,0,2,22
7113,0,0,0,0,0,8
7114,0,0,0,0,0,0
7115,0,0,0,0,0,0
7116,0,0,0,0,1,0
7117,0,0,0,0,0,0
7118,0,0,0,0,0,0
7119,0,0,0,0,0,0
7120,0,0,0,0,0,0
7121,0,0,0,0,0,0
7122,0,0,0,0,1,0
7123,0,0,0,0,0,0
7124,0,0,0,0,0,0
7125,0,0,0,0,0,0
7126,0,0,0,0,0,0
7127,0,0,0,0,1,0
7128,0,0,0,0,1,0
7129,0,0,0,0,0,0
7130,0,0,0,0,1,0
7131,0,0,0,0,0,0
7132,0,0,0,0,0,0
7133,0,0,0,0,0,0
7134,0,0,0,0,0,0
7135,0,0,0,0,0,0
7136,0,0,0,0,0,0
7137,0,0,0,0,0,0
7138,0,0,0,0,0,0
7139,0,0,0,0,0,0
7140,0,0,0,0,0,0
7141,0,0,0,0,2,0
7142,0,0,0,0,0,0
7143,0,0,1,0,0,0
7144,0,0,0,0,0,0
7145,0,0,0,0,0,0
7146,0,0,0,0,0,0
7147,0,0,0,0,0,0
7148,0,0,0,1,0,0
7149,0,0,0,0,0,0
7150,0,0,0,0,0,0
7151,0,0,0,0,0,0
7152,0,0,0,0,0,0
7153,0,0,0,0,0,0
7154,0,0,0,0,0,0
7155,0,0,0,0,0,0
7156,0,0,0,0,1,0
7157,0,0,0,0,0,0
7158,0,0,0,0,0,0
7159,0,0,1,0,0,6
7160,0,0,1,0,0,252
7161,0,0,0,0,0,510
7162,0,0,0,0,0,379
7163,0,0,0,0,5,113
7164,0,0,0,0,0,0
7165,0,0,0,0,0,0
7166,37,0,0,0,0,0
7167,0,0,0,0,0,0
7168,0,0,0,0,0,0
7169,7,0,0,0,0,0
7170,53,0,0,0,0,6
7171,93,0,0,0,2,0
7172,75,0,1,0,0,0
7173,106,0,4,0,0,0
7174,178,0,0,0,0,0
7175,550,0,0,11,0,0
7176,843,0,0,0,0,0
7177,952,0,0,0,0,0
7178,843,82,0,0,0,0
7179,791,94,0,0,0,0
7180,497,43,0,0,0,0
7181,208,0,1,0,0,0
7182,50,0,0,0,0,0
7183,105,0,0,0,0,0
7184,249,0,0,0,0,0
7185,487,0,0,0,1,0
7186,513,0,0,0,2,0
7187,399,0,2,0,0,0
7188,318,0,0,0,0,0
7189,198,0,0,0,1,0
7190,129,0,0,0,0,0
7191,113,0,0,0,0,0
7192,127,0,0,0,0,0
7193,53,0,0,0,0,0
7194,45,0,0,0,0,0
7195,3,0,0,0,1,0
7196,4,0,0,0,0,0
7197,0,0,0,0,0,0
7198,0,0,0,0,0,0
7199,0,0,0,2,0,0
7200,0,0,0,8,0,0
7201,0,0,0,0,0,0
7202,0,0,0,4,0,0
7203,0,0,0,0,0,0
7204,0,0,0,1,0,0
7205,0,0,0,0,0,0
7206,1,0,0,0,0,0
7207,2,0,0,0,0,0
7208,1,0,0,0,0,0
7209,15,0,0,0,0,0
7210,10,0,0,0,0,0
7211,9,0,0,0,0,0
7212,49,0,0,0,0,0
7213,32,0,0,0,0,0
7214,29,0,0,0,0,0
7215,0,0,0,0,0,0
7216,0,0,0,0,1,0
7217,6,0,0,0,0,0
7218,3,0,0,0,0,0
7219,1,0,0,0,1,0
7220,2,0,0,0,0,0
7221,0,0,0,0,0,0
7222,12,0,0,0,0,0
7223,32,0,0,0,0,0
7224,90,0,2,0,0,0
7225,96,0,0,0,0,0
7226,31,0,0,0,0,0
7227,1,0,0,0,0,0
7228,0,0,0,0,0,0
7229,0,0,0,0,0,0
7230,0,0,0,0,0,0
7231,0,0,0,0,0,0
7232,0,0,0,0,0,0
7233,0,0,0,0,0,0
7234,0,0,0,0,0,0
7235,0,0,0,0,0,0
7236,0,0,0,0,0,0
7237,0,0,0,0,0,0
7238,0,0,0,0,0,0
7239,0,0,0,0,0,0
7240,0,0,0,0,0,0
7241,0,0,0,0,0,0
7242,0,0,2,0,0,0
7243,0,0,0,1,0,0
7244,0,0,0,0,0,0
7245,0,0,5,0,0,7
7246,0,0,0,7,2,0
7247,0,0,0,0,0,0
7248,0,0,15,0,0,0
7249,0,0,14,0,0,0
7250,0,0,0,0,0,0
7251,0,0,6,0,0,0
7252,0,0,0,0,0,0
7253,0,0,0,0,0,0
7254,0,0,0,0,0,0
7255,0,0,0,0,0,0
7256,0,0,0,0,0,0
7257,0,0,0,0,0,0
7258,0,0,0,0,0,0
7259,0,0,0,0,0,0
7260,0,0,0,0,0,0
7261,0,0,0,0,0,0
7262,0,0,0,0,0,0
7263,0,0,0,0,0,0
7264,0,0,1,0,0,0
7265,0,0,0,0,0,0
7266,0,0,0,0,0,0
7267,0,0,0,0,0,0
7268,0,0,0,16,0,0
7269,0,0,0,2,0,0
7270,0,0,0,0,0,0
7271,0,0,0,0,0,0
7272,0,0,0,0,0,0
7273,0,0,0,0,0,0
7274,0,0,0,0,0,0
7275,0,0,0,0,0,0
7276,0,0,0,0,1,0
7277,0,0,0,0,0,0
7278,0,0,0,0,0,0
7279,0,0,0,0,0,0
7280,0,0,0,0,0,0
7281,0,0,0,0,0,0
7282,0,0,0,0,0,0
7283,0,0,0,0,0,0
7284,0,0,0,0,0,0
7285,0,0,0,0,0,0
7286,0,0,0,0,0,0
7287,0,0,0,0,0,0
7288,0,0,0,0,0,0
7289,0,0,0,0,0,0
7290,0,0,0,0,0,0
7291,0,0,0,6,3,0
7292,0,0,0,6,1,0
7293,0,0,0,0,0,0
7294,0,0,0,0,0,0
7295,0,0,0,0,1,0
7296,0,0,0,0,0,0
7297,0,0,0,0,0,0
7298,0,0,0,0,0,0
7299,0,0,0,0,0,0
7300,0,0,0,0,0,0
7301,0,0,0,0,0,0
7302,0,0,0,0,0,0
7303,5,0,0,0,0,0
7304,31,0,2,0,0,0
7305,67,0,0,0,1,0
7306,93,0,0,0,0,0
7307,125,0,0,0,0,0
7308,124,0,0,0,0,0
7309,179,0,2,0,0,0
7310,126,0,0,0,0,0
7311,5,0,0,0,0,0
7312,0,0,0,0,0,0
7313,0,0,0,0,0,0
7314,0,0,0,0,0,0
7315,4,0,0,0,0,0
7316,9,0,0,0,0,0
7317,5,0,0,0,0,0
7318,0,0,0,0,0,0
7319,2,0,0,0,0,0
7320,2,0,0,0,0,0
7321,0,0,0,0,0,0
7322,0,0,0,0,0,0
7323,0,0,0,0,0,0
7324,0,0,0,0,0,0
7325,0,0,0,0,0,0
7326,0,0,0,0,0,0
7327,0,0,0,0,0,0
7328,0,0,0,0,0,0
7329,0,0,0,0,0,0
7330,27,0,0,0,0,0
7331,130,0,0,0,0,0
7332,356,0,0,0,0,0
7333,396,0,0,0,0,0
7334,483,0,0,3,0,0
7335,397,0,0,10,0,0
7336,293,0,0,0,1,0
7337,11,0,2,0,0,0
7338,0,0,0,0,0,0
7339,0,0,0,0,0,0
7340,0,0,0,0,0,0
7341,0,0,0,0,0,0
7342,0,0,0,0,0,0
7343,0,0,0,0,0,0
7344,0,0,0,0,0,0
7345,0,0,0,0,0,0
7346,0,0,0,0,0,0
7347,0,0,0,0,0,0
7348,34,0,0,0,0,0
7349,71,0,0,0,0,0
7350,136,0,0,0,0,0
7351,134,0,0,0,0,0
7352,70,0,0,0,0,0
7353,29,0,0,0,2,0
7354,0,0,0,0,0,0
7355,0,0,0,0,0,0
7356,1,0,0,0,0,0
7357,37,0,0,0,0,0
7358,19,0,0,0,0,0
7359,4,0,0,0,0,0
7360,0,0,0,0,0,0
7361,0,0,0,0,0,0
7362,0,0,0,0,0,0
7363,0,0,0,0,0,0
7364,0,0,0,0,0,0
7365,4,0,0,0,0,0
7366,0,0,0,0,0,0
7367,0,0,0,0,1,0
7368,0,0,0,0,1,0
7369,0,0,0,0,0,0
7370,0,0,0,0,0,0
7371,0,0,0,0,0,0
7372,1,0,0,0,0,0
7373,9,0,0,0,0,0
7374,0,0,0,0,0,0
7375,0,0,0,0,0,0
7376,0,0,0,0,0,0
7377,0,0,0,0,0,0
7378,0,0,0,0,0,0
7379,0,0,0,0,0,0
7380,0,0,0,0,0,0
7381,0,0,0,0,0,0
7382,0,0,0,0,0,0
7383,0,0,0,0,0,0
7384,0,0,0,0,0,0
7385,0,0,0,0,0,0
7386,0,0,0,0,0,0
7387,0,0,0,0,0,0
7388,1,0,0,0,0,0
7389,0,0,0,0,1,0
7390,0,0,0,0,0,0
7391,0,0,0,0,0,0
7392,0,0,0,0,0,0
7393,0,0,0,0,0,0
7394,0,0,0,0,0,0
7395,0,0,0,0,0,0
7396,0,0,0,0,0,0
7397,0,0,0,0,0,0
7398,0,0,0,0,0,0
7399,0,0,0,0,0,0
7400,0,0,0,0,0,0
7401,0,0,0,0,0,0
7402,0,0,0,0,0,0
7403,0,0,0,0,0,0
7404,0,0,0,0,0,0
7405,0,0,0,0,0,0
7406,0,0,0,0,0,0
7407,0,0,0,0,0,0
7408,0,0,0,0,0,0
7409,0,0,0,0,0,0
7410,0,0,1,0,0,0
7411,0,0,0,0,0,0
7412,0,0,1,0,0,0
7413,0,0,0,0,0,0
7414,0,0,0,0,1,0
7415,0,0,0,2,0,0
7416,0,0,0,3,0,0
7417,0,0,0,0,0,0
7418,0,0,0,2,0,0
7419,0,0,0,0,0,0
7420,0,0,0,0,0,0
7421,0,0,0,0,0,0
7422,0,0,0,0,0,0
7423,0,0,0,0,0,0
7424,0,0,0,0,0,0
7425,0,0,0,0,0,0
7426,0,0,0,0,0,0
7427,0,0,0,0,0,0
7428,0,0,0,0,0,0
7429,0,0,0,0,0,0
7430,0,0,0,0,0,0
7431,0,0,0,0,0,0
7432,0,0,0,0,0,0
7433,0,0,0,0,0,0
7434,0,0,0,0,0,0
7435,0,0,0,0,0,0
7436,0,0,0,0,0,0
7437,0,0,0,0,0,0
7438,0,0,0,0,0,0
7439,0,0,0,0,0,0
7440,0,0,0,0,0,0
7441,0,0,0,0,2,0
7442,0,0,0,0,0,0
7443,0,0,0,0,0,0
7444,0,0,0,0,2,0
7445,0,0,0,0,1,0
7446,0,0,0,0,0,0
7447,0,0,0,0,0,0
7448,0,0,0,0,0,0
7449,0,0,0,0,0,0
7450,0,0,0,0,0,0
7451,0,0,0,0,0,0
7452,0,0,0,0,0,0
7453,0,0,0,0,0,0
7454,0,0,0,0,0,0
7455,0,0,0,0,0,0
7456,0,0,0,0,0,0
7457,0,0,0,0,0,0
7458,0,0,0,0,0,0
7459,0,0,0,0,0,0
7460,0,0,0,0,0,0
7461,0,0,0,0,0,0
7462,0,0,0,0,0,0
7463,0,0,1,0,0,0
7464,0,0,0,0,0,0
7465,0,0,0,0,0,0
7466,0,0,0,0,0,0
7467,0,0,0,0,0,0
7468,0,0,0,33,0,0
7469,0,0,0,89,0,0
7470,0,0,0,82,49,0
7471,0,0,0,75,272,96
7472,0,0,0,214,564,167
7473,0,0,0,440,1292,90
7474,0,0,0,599,2101,218
7475,0,0,0,746,2992,445
7476,0,0,0,563,3557,395
7477,0,0,0,532,4314,413
7478,0,0,0,461,4949,399
7479,0,0,0,408,5787,270
7480,0,0,0,170,6420,138
7481,0,0,0,127,6416,55
7482,0,0,0,74,5621,135
7483,0,0,0,213,5400,254
7484,0,0,0,304,4893,339
7485,0,0,0,429,4084,498
7486,0,0,0,334,3732,720
7487,0,0,1,429,3615,817
7488,0,0,0,383,3343,650
7489,0,0,0,367,2964,374
7490,0,0,0,363,3038,867
7491,0,0,0,508,2892,966
7492,0,0,0,543,2693,826
7493,0,0,0,689,2966,1310
7494,0,0,0,942,3273,1656
7495,0,0,0,1002,3629,2255
7496,0,0,0,1056,4013,2764
7497,0,0,0,1337,4153,3209
7498,0,0,0,1176,4049,3622
7499,0,0,0,1013,3960,2696
7500,0,0,0,1079,3694,2105
7501,0,0,0,1090,3429,2006
7502,0,0,0,1016,3300,2187
7503,0,0,2,954,2728,2329
7504,0,0,6,793,2215,1904
7505,0,0,0,829,1755,1395
7506,0,0,0,754,1308,1203
7507,0,0,2,495,757,1173
7508,0,0,0,444,499,1432
7509,0,0,0,125,542,1580
7510,0,0,0,52,610,1011
7511,0,0,0,38,568,356
7512,0,0,0,129,1180,1283
7513,0,0,0,185,1514,1309
7514,0,0,6,240,1610,1406
7515,0,0,0,158,1604,1751
7516,0,0,2,34,2129,1731
7517,0,0,4,7,2415,1489
7518,0,0,0,46,2208,728
7519,0,0,0,128,1765,227
7520,0,0,0,37,645,350
7521,0,0,1,12,576,155
7522,0,0,0,41,785,253
7523,0,0,0,134,870,330
7524,0,0,0,66,459,395
7525,0,0,0,160,1131,100
7526,0,0,0,327,920,34
7527,0,0,0,244,334,0
7528,0,0,0,258,419,362
7529,0,0,0,316,491,368
7530,0,0,0,102,379,144
7531,0,0,0,149,335,0
7532,0,0,0,83,217,0
7533,0,0,0,0,42,0
7534,0,0,0,1,43,0
7535,0,0,0,8,52,0
7536,0,0,0,39,310,0
7537,0,0,0,142,778,21
7538,0,0,0,126,708,134
7539,0,0,0,40,587,70
7540,0,0,0,82,705,317
7541,0,0,0,157,1028,423
7542,0,0,0,27,857,455
7543,0,0,0,56,743,268
7544,0,0,3,22,1086,61
7545,0,0,0,132,1249,57
7546,0,0,0,230,1972,186
7547,0,0,0,69,2670,143
7548,0,0,0,99,3134,191
7549,0,0,0,203,3535,349
7550,0,0,0,328,3965,387
7551,0,0,0,437,4513,597
7552,0,0,0,471,5506,577
7553,0,0,0,422,6583,786
7554,0,0,0,313,6735,267
7555,0,0,0,551,8230,508
7556,0,0,0,738,9202,651
7557,0,0,0,950,9006,728
7558,0,0,0,1019,8555,1186
7559,0,0,0,1290,8745,1460
7560,0,0,0,1576,8397,1518
7561,0,0,0,1809,7782,1394
7562,0,0,0,1924,5215,1078
7563,0,0,0,1839,3504,689
7564,0,0,0,1450,2445,984
7565,0,0,0,1293,2784,950
7566,0,0,0,1052,3251,940
7567,0,0,0,737,2721,1065
7568,0,0,0,400,1524,1071
7569,0,0,0,226,493,751
7570,0,0,0,216,18,239
7571,0,0,0,211,95,1
7572,0,0,0,178,170,37
7573,0,0,0,143,34,164
7574,0,0,0,212,50,193
7575,0,0,0,116,19,108
7576,0,0,6,190,80,150
7577,0,0,0,191,67,157
7578,0,0,1,226,42,166
7579,0,0,0,314,26,246
7580,0,0,0,299,54,315
7581,0,0,0,263,18,247
7582,0,0,0,304,22,177
7583,0,0,0,235,32,79
7584,0,0,0,190,15,16
7585,0,0,0,216,28,163
7586,0,0,0,40,45,291
7587,0,0,0,0,123,502
7588,0,0,0,6,192,598
7589,0,0,0,2,246,584
7590,0,0,0,6,220,577
7591,0,0,0,25,192,714
7592,0,0,0,19,259,752
7593,0,0,0,69,305,485
7594,0,0,0,28,129,410
7595,0,0,0,93,430,797
7596,0,0,0,233,799,1321
7597,0,0,0,451,877,2014
7598,0,0,0,579,949,2318
7599,0,0,0,638,837,2054
7600,0,0,0,694,645,1459
7601,0,0,0,818,435,809
7602,0,0,0,960,161,364
7603,0,0,0,916,8,112
7604,0,0,0,929,97,375
7605,0,0,0,742,303,308
7606,0,0,0,835,152,240
7607,0,0,0,847,3,88
7608,0,0,0,810,20,110
7609,0,0,0,847,70,233
7610,0,0,0,389,38,174
7611,0,0,0,160,19,0
7612,0,0,0,50,1,0
7613,0,0,0,13,2,66
7614,0,0,0,59,48,44
7615,0,0,0,26,33,0
7616,0,0,0,24,43,35
7617,0,0,0,44,4,0
7618,0,0,0,32,0,0
7619,0,0,7,0,0,13
7620,0,0,0,0,0,26
7621,0,0,0,0,2,132
7622,0,0,0,8,0,314
7623,0,0,0,0,0,250
7624,0,0,0,1,0,20
7625,0,0,0,8,0,0
7626,0,0,0,0,0,0
7627,0,0,0,0,0,0
7628,0,0,0,0,3,11
7629,0,0,0,0,0,5
7630,0,0,0,0,0,0
7631,0,0,7,0,0,0
7632,0,0,0,0,0,0
7633,0,0,0,0,0,0
7634,0,0,0,0,0,0
7635,0,0,0,0,0,0
7636,0,0,0,0,3,233
7637,0,0,3,0,0,237
7638,0,0,8,0,0,122
7639,0,0,0,0,0,8
7640,0,0,0,0,0,0
7641,0,0,2,0,0,0
7642,0,0,0,0,0,0
7643,0,0,0,0,0,0
7644,0,0,6,0,0,0
7645,0,0,0,0,0,0
7646,28,0,0,0,0,0
7647,100,0,0,0,0,0
7648,160,0,0,0,0,0
7649,120,0,0,0,0,0
7650,80,0,0,0,0,0
7651,0,0,3,0,0,0
7652,0,0,0,0,0,0
7653,28,0,3,0,0,0
7654,65,0,3,0,0,0
7655,62,0,0,0,0,0
7656,21,0,0,0,0,0
7657,5,0,1,0,0,0
7658,1,0,0,0,0,0
7659,1,0,2,0,0,0
7660,0,0,0,0,0,0
7661,0,0,0,0,0,0
7662,0,0,3,0,0,0
7663,0,0,0,0,0,0
7664,0,0,0,0,0,0
7665,0,0,0,0,0,0
7666,0,0,2,0,0,0
7667,5,0,0,0,0,0
7668,0,0,1,0,0,0
7669,0,0,10,0,0,0
7670,0,0,0,0,0,0
7671,0,0,0,0,0,0
7672,0,0,3,10,0,0
7673,0,0,0,0,0,0
7674,0,0,0,0,0,0
7675,0,0,0,0,0,0
7676,0,0,0,0,0,0
7677,0,0,0,0,0,0
7678,0,0,0,0,0,0
7679,0,0,0,0,0,0
7680,0,0,0,0,0,0
7681,0,0,0,0,1,0
7682,0,0,0,2,0,0
7683,0,0,0,0,0,0
7684,0,0,0,0,0,0
7685,2,0,0,21,0,0
7686,0,0,0,0,0,0
7687,0,0,0,0,0,0
7688,0,0,0,0,0,0
7689,0,0,0,0,0,0
7690,0,0,0,0,0,0
7691,0,0,0,0,0,0
7692,0,0,0,0,0,0
7693,21,0,0,0,0,0
7694,31,0,0,0,0,0
7695,8,0,0,0,0,0
7696,0,0,0,0,0,0
7697,0,0,0,0,0,0
7698,0,0,0,0,0,0
7699,0,0,0,0,0,0
7700,6,0,0,0,0,0
7701,15,0,0,0,0,0
7702,12,0,0,0,0,0
7703,2,0,0,0,0,0
7704,0,0,0,0,0,0
7705,0,0,0,0,0,0
7706,0,0,0,0,0,0
7707,28,0,0,0,0,0
7708,79,0,0,0,0,0
7709,68,0,0,0,0,0
7710,5,0,0,0,0,0
7711,0,0,0,0,0,0
7712,0,0,0,0,0,0
7713,4,0,0,0,0,0
7714,25,0,0,0,0,0
7715,16,0,0,0,0,0
7716,1,0,0,0,0,0
7717,0,0,0,0,0,0
7718,0,0,0,0,0,0
7719,1,0,0,0,0,0
7720,0,0,0,0,0,0
7721,0,0,0,0,0,0
7722,0,0,0,0,0,0
7723,0,0,0,0,0,0
7724,10,0,0,0,0,0
7725,12,0,0,0,0,0
7726,2,0,0,0,0,0
7727,0,0,0,0,0,0
7728,0,0,0,0,0,0
7729,0,0,0,0,0,0
7730,0,0,0,0,0,0
7731,7,0,0,0,0,0
7732,7,0,0,0,0,0
7733,0,0,0,0,0,0
7734,0,0,0,0,0,0
7735,0,0,0,0,0,0
7736,0,0,0,0,0,0
7737,8,0,0,0,0,0
7738,7,0,0,0,0,0
7739,0,0,0,0,0,0
7740,0,0,0,0,0,0
7741,0,0,0,0,2,0
7742,0,0,0,0,0,0
7743,20,0,0,0,1,1
7744,2,0,0,0,0,0
7745,83,0,0,0,0,0
7746,28,0,0,0,0,0
7747,0,0,0,0,0,0
7748,13,0,0,0,0,0
7749,25,0,0,0,0,0
7750,11,0,0,0,0,0
7751,0,0,0,0,0,0
7752,0,0,0,0,0,0
7753,0,0,0,0,0,0
7754,0,0,0,0,0,0
7755,0,0,0,0,0,0
7756,0,0,0,0,2,0
7757,0,0,3,0,0,0
7758,0,0,0,0,1,0
7759,0,0,0,0,0,0
7760,0,0,0,0,0,0
7761,0,0,0,0,0,0
7762,0,0,0,0,0,0
7763,0,0,0,0,0,0
7764,0,0,0,0,0,0
7765,0,0,0,0,0,0
7766,0,0,0,0,0,0
7767,0,0,0,0,0,0
7768,0,0,0,0,0,0
7769,4,0,0,0,0,0
7770,33,0,0,0,0,0
7771,12,0,0,0,0,0
7772,3,0,0,0,0,0
7773,4,0,0,0,0,0
7774,0,0,0,0,0,0
7775,0,0,0,0,0,0
7776,0,0,0,0,0,0
7777,0,0,0,0,0,0
7778,0,0,0,0,0,0
7779,0,0,0,0,0,0
7780,0,0,0,0,0,0
7781,0,0,0,0,0,0
7782,0,0,0,0,0,0
7783,0,0,0,0,0,0
7784,0,0,0,0,0,0
7785,0,0,0,0,0,0
7786,0,0,0,0,2,0
7787,0,0,0,0,0,0
7788,0,0,0,0,0,0
7789,0,0,0,0,0,0
7790,0,0,0,0,0,0
7791,0,0,0,0,0,0
7792,0,0,0,0,0,0
7793,0,0,0,0,0,0
7794,0,0,0,0,0,0
7795,0,0,0,7,0,0
7796,0,0,0,20,0,0
7797,0,0,0,0,0,0
7798,0,0,0,0,0,0
7799,0,0,0,0,0,0
7800,0,0,0,0,0,0
7801,0,0,0,1,1,0
7802,0,0,0,22,1,0
7803,0,0,0,36,0,0
7804,0,0,0,23,0,0
7805,0,0,0,2,0,0
7806,0,0,0,0,0,0
7807,0,0,0,5,0,0
7808,0,0,0,33,1,0
7809,0,0,0,65,0,0
7810,0,0,0,63,0,0
7811,0,0,0,37,0,0
7812,0,0,0,0,0,12
7813,0,0,0,0,10,20
7814,0,0,0,0,10,169
7815,0,0,0,0,7,289
7816,0,0,0,3,0,231
7817,0,0,0,7,9,50
7818,0,0,0,0,0,7
7819,0,0,0,0,2,0
7820,0,0,0,0,0,0
7821,0,0,0,1,0,0
7822,0,0,0,0,0,0
7823,0,0,0,23,3,2
7824,0,0,0,0,25,11
7825,0,0,0,0,0,0
7826,0,0,0,3,0,0
7827,0,0,0,0,0,0
7828,0,0,0,0,0,0
7829,0,0,0,3,0,0
7830,0,0,0,31,0,0
7831,0,0,0,124,1,0
7832,0,0,0,95,0,0
7833,0,0,1,59,0,0
7834,0,0,0,0,0,0
7835,0,0,0,7,0,0
7836,0,0,0,0,0,0
7837,0,0,0,0,0,0
7838,0,0,0,0,37,71
7839,0,0,0,0,164,610
7840,0,0,0,0,174,1072
7841,0,0,0,8,28,924
7842,0,0,0,0,89,194
7843,0,0,0,0,15,35
7844,0,0,0,3,6,18
7845,0,0,0,0,30,52
7846,0,0,0,0,14,10
7847,0,0,0,0,4,89
7848,0,0,0,0,50,6
7849,0,0,0,0,149,3
7850,0,0,0,6,44,2
7851,0,0,0,0,45,2
7852,0,0,0,0,92,5
7853,0,0,0,40,31,1
7854,0,0,0,17,6,0
7855,0,0,0,0,31,2
7856,0,0,0,0,74,4
7857,0,0,0,0,68,3
7858,0,0,0,0,29,9
7859,0,0,0,29,0,33
7860,0,0,0,39,61,30
7861,0,0,0,0,83,42
7862,0,0,1,0,50,7
7863,0,0,0,0,26,0
7864,0,0,0,0,0,0
7865,0,0,0,30,0,0
7866,0,0,0,5,0,0
7867,0,0,0,0,0,1
7868,0,0,0,42,0,2
7869,0,0,0,47,0,2
7870,0,0,0,0,1,13
7871,0,0,0,0,0,105
7872,0,0,0,33,0,78
7873,0,0,0,0,0,64
7874,0,0,0,0,0,0
7875,0,0,0,0,0,0
7876,0,0,0,0,0,0
7877,0,0,0,0,0,0
7878,0,0,0,0,14,0
7879,0,0,0,0,32,0
7880,0,0,0,0,21,0
7881,0,0,0,0,0,0
7882,0,0,0,0,58,0
7883,0,0,0,0,7,0
7884,0,0,0,0,0,0
7885,0,0,2,4,0,0
7886,0,0,0,0,0,0
7887,0,0,0,0,1,0
7888,0,0,0,0,0,0
7889,0,0,0,0,57,0
7890,0,0,0,0,1,0
7891,0,0,0,0,5,0
7892,0,0,0,0,6,0
7893,0,0,0,0,0,0
7894,0,0,0,0,0,0
7895,0,0,0,49,0,0
7896,0,0,0,0,0,0
7897,0,0,0,0,0,0
7898,0,0,0,0,0,0
7899,0,0,0,0,0,0
7900,0,0,0,12,1,0
7901,0,0,0,7,0,0
7902,0,0,0,0,0,0
7903,0,0,0,0,0,0
7904,0,0,0,0,0,0
7905,0,0,0,0,0,0
7906,0,0,0,0,2,0
7907,0,0,0,0,0,0
7908,0,0,0,0,0,0
7909,0,0,0,0,0,0
7910,0,0,0,0,0,0
7911,0,0,0,0,0,0
7912,0,0,0,76,2,0
7913,0,0,0,3,0,0
7914,0,0,0,0,0,0
7915,0,0,0,7,0,0
7916,0,0,0,9,0,0
7917,0,0,0,0,0,0
7918,0,0,0,39,0,0
7919,0,0,0,93,0,0
7920,0,0,0,10,0,0
7921,0,0,0,150,0,0
7922,0,0,0,87,0,0
7923,0,0,0,3,0,0
7924,0,0,0,114,0,0
7925,0,0,0,123,0,0
7926,0,0,0,59,0,0
7927,0,0,0,70,0,0
7928,0,0,3,22,0,0
7929,0,0,0,32,0,0
7930,0,0,3,13,0,0
7931,0,0,16,27,0,0
7932,0,0,0,54,0,0
7933,0,0,8,122,0,0
7934,0,0,0,35,0,0
7935,0,0,0,46,0,0
7936,0,0,0,139,0,0
7937,0,0,0,116,0,0
7938,0,0,0,81,0,0
7939,0,0,6,26,0,0
7940,0,0,4,0,0,0
7941,0,0,0,0,0,0
7942,0,0,2,0,0,0
7943,0,0,9,4,0,0
7944,0,0,2,0,0,0
7945,0,0,2,0,0,0
7946,0,0,11,0,0,0
7947,0,0,0,0,0,0
7948,0,0,0,0,0,0
7949,0,0,2,0,0,0
7950,0,0,0,0,0,0
7951,0,0,0,0,1,0
7952,0,0,0,0,0,0
7953,0,0,0,0,0,0
7954,0,0,0,0,0,0
7955,0,0,0,0,0,0
7956,3,0,0,0,0,0
7957,0,0,0,0,0,0
7958,0,0,0,0,0,0
7959,0,0,2,0,0,0
7960,45,0,0,0,0,0
7961,12,0,0,0,3,0
7962,0,0,0,0,1,0
7963,0,0,0,0,0,0
7964,0,0,0,0,2,0
7965,0,0,0,0,1,0
7966,0,0,2,0,4,0
7967,0,0,0,0,0,0
7968,0,0,0,0,0,0
7969,0,0,0,0,0,0
7970,0,0,0,0,0,0
7971,0,0,0,0,0,0
7972,0,0,0,0,0,0
7973,0,0,0,0,0,0
7974,0,0,0,0,0,0
7975,0,0,0,0,0,0
7976,0,0,0,0,0,0
7977,0,0,0,0,0,0
7978,0,0,0,0,0,0
7979,0,0,0,0,0,0
7980,0,0,0,0,0,0
7981,0,0,0,1,0,0
7982,0,0,0,0,0,0
7983,0,0,1,0,0,0
7984,0,0,0,0,0,0
7985,0,0,0,0,0,0
7986,0,0,0,0,0,0
7987,0,0,0,0,0,0
7988,0,0,0,0,0,0
7989,0,0,0,0,0,0
7990,0,0,0,0,0,0
7991,0,0,0,0,0,0
7992,0,0,3,0,0,0
7993,0,0,0,0,0,0
7994,0,0,0,0,0,0
7995,0,0,0,0,0,0
7996,0,0,0,10,0,0
7997,0,0,0,0,0,0
7998,0,0,0,0,0,0
7999,0,0,0,0,0,0
8000,0,0,0,30,8,0
8001,0,0,0,13,78,0
8002,0,0,0,0,90,0
8003,0,0,0,0,34,0
8004,0,0,0,26,0,0
8005,0,0,0,7,53,0
8006,0,0,0,36,115,2
8007,0,0,0,84,61,0
8008,0,0,0,122,7,0
8009,0,0,0,60,0,0
8010,0,0,0,46,17,0
8011,0,0,0,75,10,0
8012,0,0,0,56,0,0
8013,0,0,0,15,0,0
8014,0,0,0,1,5,0
8015,0,0,0,39,3,0
8016,0,0,0,0,19,0
8017,0,0,0,0,0,0
8018,0,0,0,29,0,0
8019,0,0,0,0,0,0
8020,0,0,0,1,2,0
8021,0,0,0,0,32,0
8022,0,0,0,0,0,0
8023,0,0,0,0,0,0
8024,0,0,0,1,0,0
8025,0,0,0,20,0,0
8026,0,0,0,44,17,0
8027,0,0,0,82,1,0
8028,0,0,0,15,0,0
8029,0,0,0,62,0,0
8030,0,0,0,69,0,0
8031,0,0,0,41,0,0
8032,0,0,0,21,0,0
8033,0,0,0,32,0,0
8034,0,0,0,0,0,0
8035,0,0,0,49,0,0
8036,0,0,0,79,0,0
8037,0,0,0,34,0,0
8038,0,0,0,0,0,0
8039,0,0,0,0,0,0
8040,0,0,0,0,0,0
8041,0,0,0,0,2,0
8042,0,0,0,5,0,0
8043,0,0,0,10,0,0
8044,0,0,0,9,0,0
8045,0,0,0,73,0,0
8046,0,0,0,64,0,0
8047,0,0,2,80,0,0
8048,0,0,0,64,0,0
8049,0,0,0,84,0,0
8050,0,0,0,122,0,0
8051,0,0,0,78,0,0
8052,0,0,0,29,0,0
8053,9,0,0,28,0,0
8054,10,0,0,123,1,0
8055,0,0,0,81,0,0
8056,2,0,0,25,2,0
8057,10,0,0,55,0,0
8058,3,0,0,17,4,0
8059,0,0,0,16,0,0
8060,0,0,0,43,2,0
8061,0,0,0,7,0,0
8062,0,0,0,3,7,0
8063,13,0,0,11,18,0
8064,14,0,0,0,0,0
8065,134,0,0,0,0,0
8066,294,0,0,10,18,0
8067,333,0,0,0,0,0
8068,147,0,0,0,1,0
8069,20,0,0,7,0,0
8070,117,1,0,0,0,0
8071,215,0,0,0,5,0
8072,293,0,0,0,0,0
8073,313,0,0,0,0,0
8074,130,2,0,0,0,0
8075,16,24,0,12,0,0
8076,0,0,2,39,0,0
8077,15,0,0,53,0,0
8078,36,0,0,95,0,0
8079,128,0,0,14,0,0
8080,215,0,1,6,0,0
8081,128,0,0,19,0,0
8082,0,0,0,5,0,0
8083,0,0,0,0,0,0
8084,5,0,0,0,0,0
8085,42,0,2,0,0,0
8086,110,0,0,30,1,0
8087,8,0,0,78,0,0
8088,1,0,0,172,0,0
8089,0,0,0,46,0,0
8090,0,0,0,39,0,0
8091,0,0,0,0,0,0
8092,0,0,0,74,0,4
8093,2,0,0,148,5,0
8094,5,0,0,51,7,0
8095,2,0,0,11,0,0
8096,0,0,0,34,0,0
8097,0,0,0,0,0,0
8098,0,0,2,0,16,0
8099,0,0,0,0,12,0
8100,0,0,0,0,0,0
8101,0,0,0,46,5,0
8102,0,0,0,128,0,0
8103,0,0,0,116,0,0
8104,0,0,0,26,2,0
8105,0,0,0,16,0,0
8106,0,0,0,0,0,0
8107,0,0,0,0,0,0
8108,0,0,0,56,0,0
8109,0,0,0,73,0,0
8110,0,0,8,61,0,0
8111,0,0,6,24,0,0
8112,0,0,0,0,0,0
8113,0,0,1,0,0,0
8114,0,0,0,1,0,0
8115,0,0,0,0,0,0
8116,0,0,4,0,1,0
8117,0,0,6,14,1,0
8118,0,0,0,3,9,0
8119,0,0,0,34,0,0
8120,0,0,5,6,0,0
8121,0,0,0,0,0,0
8122,0,0,0,0,25,0
8123,0,0,14,0,0,1
8124,0,0,0,84,0,0
8125,0,0,3,179,0,0
8126,0,0,10,181,0,0
8127,0,0,0,218,0,0
8128,0,0,1,237,0,0
8129,0,0,13,274,0,0
8130,0,0,6,176,0,0
8131,0,0,0,92,13,0
8132,0,0,6,18,0,0
8133,0,0,0,2,0,0
8134,0,0,0,36,0,0
8135,0,0,17,81,0,0
8136,0,0,0,145,0,0
8137,0,0,0,123,0,0
8138,0,0,0,71,0,0
8139,0,0,0,52,0,0
8140,0,0,0,28,0,0
8141,0,0,2,17,0,0
8142,0,0,0,18,0,0
8143,2,0,0,13,0,0
8144,0,0,0,36,0,0
8145,0,0,0,0,0,0
8146,0,0,0,33,0,0
8147,0,0,5,38,0,0
8148,0,0,1,1,0,0
8149,0,0,0,0,0,0
8150,0,0,0,0,0,0
8151,1,0,0,0,0,0
8152,0,0,0,0,0,0
8153,0,0,0,22,0,0
8154,0,0,0,0,0,0
8155,0,0,0,0,0,0
8156,0,0,0,0,2,0
8157,0,0,0,10,0,0
8158,0,0,0,0,0,0
8159,0,0,0,2,8,0
8160,0,0,0,0,68,0
8161,0,0,0,1,120,0
8162,0,0,0,6,88,0
8163,0,0,0,0,129,4
8164,0,0,0,1,171,15
8165,0,0,0,18,155,0
8166,0,0,0,0,0,0
8167,0,0,0,0,2,0
8168,0,0,0,0,28,8
8169,0,0,1,0,85,16
8170,0,0,0,0,77,26
8171,0,0,0,0,57,17
8172,0,0,0,36,26,0
8173,0,0,0,46,16,0
8174,0,0,0,7,3,0
8175,0,0,0,0,5,0
8176,0,0,0,92,41,0
8177,0,0,0,90,81,0
8178,0,0,0,0,49,0
8179,0,0,0,21,25,0
8180,0,0,0,9,0,0
8181,0,0,0,0,0,0
8182,0,0,0,0,0,0
8183,0,0,0,82,16,0
8184,0,0,0,73,15,0
8185,0,0,0,51,9,0
8186,0,0,0,10,0,0
8187,0,0,0,52,40,0
8188,0,0,0,88,0,0
8189,0,0,0,0,5,0
8190,0,0,0,8,0,0
8191,0,0,0,108,1,0
8192,0,0,0,213,0,0
8193,0,0,0,263,0,0
8194,1,0,0,310,0,0
8195,0,0,0,348,0,0
8196,2,0,0,396,0,0
8197,0,0,0,338,0,0
8198,0,0,0,307,0,0
8199,0,0,0,307,0,0
8200,0,0,0,149,0,0
8201,0,0,0,67,0,0
8202,0,0,0,7,0,0
8203,1,0,0,20,20,0
8204,0,0,0,76,6,0
8205,0,0,0,52,3,0
8206,0,0,0,17,1,0
8207,0,0,0,46,1,0
8208,0,0,0,4,0,0
8209,0,0,0,3,0,0
8210,0,0,1,58,0,0
8211,0,0,0,0,0,0
8212,13,0,0,0,0,0
8213,50,0,0,37,0,0
8214,73,0,0,27,0,0
8215,96,0,0,76,0,0
8216,63,0,0,42,0,0
8217,15,0,0,1,0,0
8218,0,0,0,0,0,0
8219,0,0,1,0,0,0
8220,0,0,0,0,0,0
8221,21,0,0,0,0,0
8222,65,0,1,0,1,0
8223,187,0,1,0,0,0
8224,282,0,0,0,0,0
8225,243,0,0,0,0,0
8226,164,0,0,0,0,0
8227,117,0,0,0,0,0
8228,89,0,0,0,0,0
8229,39,0,0,0,0,0
8230,44,0,0,0,0,0
8231,2,0,0,0,0,0
8232,0,0,0,0,0,0
8233,0,0,0,19,0,0
8234,0,0,0,5,0,0
8235,0,0,0,22,0,0
8236,7,0,0,41,0,0
8237,0,0,1,70,0,0
8238,4,0,0,77,0,0
8239,0,0,0,102,0,0
8240,0,0,0,56,0,0
8241,6,0,0,62,0,0
8242,0,0,0,83,0,0
8243,0,0,3,178,0,0
8244,0,0,0,194,0,0
8245,0,0,0,185,0,0
8246,0,0,1,269,0,0
8247,0,0,0,178,0,0
8248,0,0,0,201,0,0
8249,0,0,0,285,0,0
8250,0,0,2,271,0,0
8251,0,0,0,229,2,0
8252,0,0,0,225,0,0
8253,0,0,0,177,2,0
8254,0,0,0,190,0,0
8255,0,0,0,140,0,0
8256,0,0,0,100,0,0
8257,0,0,0,79,0,0
8258,0,0,0,90,0,0
8259,0,0,0,4,0,0
8260,0,0,0,1,0,0
8261,0,0,0,8,5,0
8262,0,0,0,20,0,0
8263,0,0,0,49,0,0
8264,0,0,0,97,0,0
8265,0,0,0,134,0,0
8266,0,0,0,194,2,0
8267,0,0,0,252,1,0
8268,0,0,0,265,0,0
8269,0,0,0,365,0,0
8270,0,0,0,336,0,0
8271,0,0,0,372,0,0
8272,0,0,0,334,0,0
8273,0,0,0,415,0,0
8274,0,0,0,274,0,0
8275,0,0,0,244,0,0
8276,0,0,0,169,2,0
8277,0,0,0,62,2,0
8278,0,0,0,24,0,0
8279,0,0,0,13,0,0
8280,0,0,0,0,0,0
8281,0,0,0,0,1,0
8282,0,0,0,0,0,0
8283,0,0,0,0,0,0
8284,0,0,0,2,6,0
8285,0,0,0,0,195,0
8286,0,0,0,10,60,0
8287,0,0,0,18,0,0
8288,0,0,0,11,32,0
8289,0,0,0,0,87,0
8290,0,0,0,1,73,0
8291,0,0,0,30,83,0
8292,0,0,0,0,64,2
8293,0,0,0,43,0,0
8294,0,0,0,79,57,0
8295,0,0,0,35,81,0
8296,0,0,0,0,46,0
8297,0,0,0,34,0,0
8298,0,0,0,84,0,0
8299,0,0,0,0,0,0
8300,0,0,0,0,0,0
8301,0,0,0,0,0,0
8302,0,0,0,0,0,0
8303,0,0,0,19,0,0
8304,0,0,0,17,0,0
8305,0,0,0,2,0,0
8306,0,0,0,18,0,0
8307,0,0,0,3,2,0
8308,0,0,0,5,0,0
8309,0,0,1,0,0,0
8310,0,0,18,0,0,2
8311,0,0,0,0,1,0
8312,0,0,0,0,11,0
8313,0,0,0,0,8,0
8314,0,0,0,0,0,0
8315,0,0,8,0,0,0
8316,0,0,12,0,0,0
8317,0,0,0,0,29,0
8318,0,0,0,0,46,1
8319,0,0,0,18,28,0
8320,0,0,0,42,0,0
8321,0,0,0,33,0,0
8322,0,0,4,6,0,0
8323,0,0,0,0,0,0
8324,0,0,0,0,11,0
8325,0,0,1,0,19,0
8326,0,0,0,3,7,0
8327,0,0,0,14,0,0
8328,0,0,6,30,40,0
8329,0,0,0,23,78,3
8330,0,0,0,0,18,0
8331,0,0,0,0,0,0
8332,0,0,0,0,0,0
8333,0,0,0,0,0,0
8334,0,0,0,0,0,0
8335,0,0,0,0,0,0
8336,0,0,0,0,0,0
8337,0,0,0,0,0,0
8338,0,0,0,0,2,0
8339,0,0,0,0,0,0
8340,0,0,0,0,0,0
8341,0,0,0,0,2,0
8342,0,0,0,0,0,0
8343,0,0,0,0,1,0
8344,0,0,0,0,7,0
8345,0,0,0,0,25,0
8346,0,0,0,0,40,0
8347,0,0,0,0,14,0
8348,0,0,0,0,0,0
8349,0,0,0,0,0,0
8350,0,0,0,0,0,0
8351,0,0,0,0,0,0
8352,0,0,0,0,0,0
8353,0,0,0,0,0,0
8354,0,0,0,0,0,0
8355,0,0,0,0,0,0
8356,0,0,6,0,2,0
8357,0,0,0,0,21,0
8358,0,0,0,0,10,0
8359,0,0,2,0,26,0
8360,0,0,0,0,19,0
8361,0,0,0,0,30,0
8362,0,0,12,0,5,0
8363,0,0,7,0,34,0
8364,0,0,0,0,15,0
8365,0,0,4,0,86,0
8366,0,0,18,0,224,0
8367,0,0,0,0,277,6
8368,0,0,18,0,231,2
8369,0,0,4,0,107,0
8370,0,0,0,0,32,9
8371,0,0,9,0,1,0
8372,0,0,1,0,0,0
8373,0,0,0,0,0,0
8374,0,0,39,0,0,0
8375,0,0,39,0,0,0
8376,0,0,0,0,0,0
8377,0,0,8,17,19,0
8378,0,0,31,10,47,10
8379,0,0,0,32,211,11
8380,0,0,24,39,352,3
8381,0,0,35,8,366,0
8382,0,0,0,2,331,0
8383,0,0,7,85,159,1
8384,0,0,30,223,176,0
8385,0,0,2,327,495,15
8386,0,0,10,478,515,11
8387,0,0,52,456,432,10
8388,0,0,0,468,135,1
8389,0,0,8,323,0,0
8390,0,0,81,256,3,4
8391,0,0,0,114,6,5
8392,0,0,4,38,29,9
8393,0,0,9,25,28,0
8394,0,0,17,30,18,0
8395,0,0,0,0,3,0
8396,0,0,20,0,0,0
8397,0,0,9,0,0,0
8398,0,0,0,11,0,0
8399,0,0,53,9,0,0
8400,0,0,31,0,0,0
8401,0,0,0,0,2,0
8402,0,0,0,0,11,0
8403,0,0,0,0,47,0
8404,0,0,0,0,126,9
8405,0,0,0,6,151,5
8406,0,0,0,0,213,7
8407,0,0,0,1,194,6
8408,0,0,0,0,59,1
8409,0,0,0,0,0,0
8410,0,0,0,9,211,9
8411,0,0,0,40,333,12
8412,0,0,0,0,339,21
8413,0,0,0,0,158,0
8414,0,0,0,18,40,0
8415,0,0,0,21,50,0
8416,0,0,0,18,53,0
8417,0,0,0,7,2,0
8418,0,0,0,14,0,0
8419,0,0,0,1,3,0
8420,0,0,0,0,0,0
8421,0,0,0,12,0,0
8422,0,0,0,63,0,0
8423,0,0,0,92,0,0
8424,0,0,0,40,0,0
8425,0,0,0,9,0,0
8426,0,0,0,5,0,0
8427,0,0,0,10,0,0
8428,0,0,0,38,0,0
8429,0,0,0,75,0,0
8430,0,0,0,86,0,0
8431,0,0,0,18,0,0
8432,0,0,0,0,1,0
8433,0,0,0,38,1,0
8434,0,0,0,11,0,0
8435,0,0,0,0,0,0
8436,0,0,0,32,0,0
8437,0,0,0,12,0,0
8438,0,0,0,0,0,0
8439,0,0,0,0,0,0
8440,16,0,0,0,0,0
8441,17,0,0,20,0,0
8442,0,0,0,0,0,0
8443,0,0,0,0,0,0
8444,58,0,0,0,0,0
8445,59,0,0,0,0,0
8446,104,0,0,0,4,0
8447,49,0,0,0,10,0
8448,12,1,0,0,52,0
8449,15,0,0,21,11,0
8450,30,0,0,52,0,0
8451,23,0,0,0,35,0
8452,11,0,0,0,103,0
8453,126,1,0,0,98,0
8454,32,0,0,0,59,0
8455,0,0,0,3,0,0
8456,13,0,0,17,0,0
8457,73,6,0,0,2,0
8458,67,0,0,25,0,0
8459,50,0,0,59,0,0
8460,0,0,0,68,0,0
8461,69,0,0,18,0,0
8462,121,15,0,0,0,0
8463,44,0,0,0,1,0
8464,0,0,0,12,0,0
8465,14,0,0,0,0,0
8466,11,11,0,0,0,0
8467,7,0,0,0,0,0
8468,0,0,0,2,0,0
8469,35,0,0,9,0,0
8470,27,2,0,38,0,0
8471,0,0,0,95,0,0
8472,0,0,0,71,0,0
8473,11,0,0,19,0,0
8474,0,0,0,28,0,0
8475,0,0,0,21,0,0
8476,0,0,0,7,4,0
8477,17,0,0,13,0,0
8478,0,0,0,25,0,0
8479,0,0,0,0,0,0
8480,0,0,0,0,0,0
8481,0,0,0,0,0,0
8482,0,0,0,41,0,0
8483,0,0,0,29,0,0
8484,0,0,0,3,0,0
8485,0,0,0,0,0,0
8486,0,0,0,0,0,0
8487,0,0,0,0,0,0
8488,0,0,0,1,0,0
8489,0,0,0,0,0,0
8490,0,0,0,0,0,0
8491,0,0,0,14,2,0
8492,0,0,0,0,0,0
8493,0,0,0,0,0,0
8494,0,0,0,0,0,0
8495,0,0,0,0,2,0
8496,0,0,0,0,0,0
8497,0,0,0,0,0,0
8498,0,0,0,0,0,0
8499,0,0,0,0,0,0
8500,0,0,0,0,0,0
8501,0,0,0,0,18,0
8502,0,0,0,0,70,0
8503,0,0,0,0,134,0
8504,0,0,0,9,120,0
8505,0,0,0,4,6,0
8506,0,0,0,37,10,0
8507,0,0,0,50,84,0
8508,0,0,0,38,120,0
8509,0,0,0,18,144,0
8510,0,0,0,10,110,0
8511,0,0,0,76,29,0
8512,0,0,0,46,0,0
8513,0,0,0,0,0,0
8514,0,0,0,0,0,0
8515,0,0,0,0,0,0
8516,0,0,0,73,0,0
8517,0,0,0,19,0,0
8518,0,0,0,0,0,0
8519,0,0,0,0,3,0
8520,0,0,0,0,0,0
8521,0,0,2,13,0,0
8522,0,0,0,23,0,0
8523,0,0,0,30,0,0
8524,0,0,0,22,0,0
8525,0,0,0,0,0,0
8526,0,0,0,0,0,0
8527,0,0,0,0,8,0
8528,0,0,0,0,6,0
8529,0,0,0,2,10,0
8530,0,0,0,16,0,0
8531,0,0,0,86,0,0
8532,0,0,0,26,0,0
8533,0,0,0,0,0,0
8534,0,0,0,16,0,0
8535,0,0,0,0,0,0
8536,0,0,0,0,0,0
8537,0,0,0,0,0,0
8538,0,0,0,0,0,0
8539,0,0,3,0,0,0
8540,0,0,0,21,0,0
8541,0,0,0,25,0,0
8542,0,0,0,44,0,0
8543,0,0,0,4,0,0
8544,0,0,0,0,0,0
8545,0,0,0,1,0,0
8546,0,0,0,33,0,0
8547,0,0,0,98,0,0
8548,0,0,0,17,0,0
8549,0,0,0,0,0,0
8550,0,0,0,8,0,0
8551,0,0,0,0,0,0
8552,0,0,0,0,0,0
8553,0,0,0,2,3,0
8554,0,0,0,0,0,0
8555,0,0,0,0,0,0
8556,0,0,0,0,0,0
8557,0,0,0,0,0,0
8558,0,0,0,36,0,0
8559,0,0,0,25,0,0
8560,0,0,0,29,0,0
8561,0,0,0,42,0,0
8562,0,0,0,0,0,0
8563,0,0,0,0,0,0
8564,0,0,0,0,0,0
8565,0,0,0,0,0,0
8566,0,0,0,27,0,0
8567,0,0,0,0,0,0
8568,0,0,0,15,0,0
8569,0,0,0,12,0,0
8570,0,0,0,15,1,0
8571,8,0,0,19,0,0
8572,0,0,0,53,0,0
8573,0,0,0,66,0,0
8574,0,0,0,21,0,0
8575,2,0,0,46,0,0
8576,8,0,0,51,0,0
8577,9,0,0,27,0,0
8578,27,0,0,91,0,0
8579,1,0,0,157,0,0
8580,0,0,0,178,0,0
8581,0,0,0,231,3,0
8582,0,0,0,227,0,0
8583,11,0,0,153,0,0
8584,17,0,0,132,0,4
8585,21,0,0,74,0,40
8586,11,0,0,0,0,63
8587,0,0,0,0,0,93
8588,0,0,0,21,0,198
8589,0,0,0,20,0,99
8590,0,0,0,0,0,100
8591,4,0,0,3,0,135
8592,26,0,0,2,0,111
8593,10,0,0,9,0,31
8594,45,0,9,73,0,0
8595,41,0,0,63,0,0
8596,52,0,0,165,0,0
8597,93,0,0,198,0,2
8598,90,0,1,257,0,0
8599,36,0,0,262,0,0
8600,40,0,0,354,0,0
8601,0,0,0,326,0,0
8602,9,0,0,321,1,0
8603,16,0,1,271,4,0
8604,5,0,0,323,1,0
8605,14,0,0,276,2,0
8606,45,0,0,224,16,0
8607,30,0,0,143,0,130
8608,23,0,0,32,0,660
8609,32,0,0,25,6,896
8610,24,0,0,1,0,763
8611,14,0,0,0,0,193
8612,0,0,0,0,0,35
8613,0,0,0,0,7,0
8614,0,0,0,0,0,7
8615,0,0,0,0,0,0
8616,0,0,0,0,0,0
8617,1,0,0,0,0,0
8618,3,0,0,0,0,0
8619,3,0,0,3,0,0
8620,0,0,0,0,0,0
8621,0,0,0,0,0,0
8622,0,0,0,0,0,0
8623,0,0,1,0,0,0
8624,0,0,6,0,0,0
8625,7,0,0,0,0,0
8626,8,0,2,10,4,0
8627,0,0,0,10,11,0
8628,0,0,0,2,0,0
8629,0,0,0,7,0,0
8630,0,0,0,65,0,0
8631,0,0,0,158,0,0
8632,0,0,0,216,0,0
8633,0,0,0,246,0,0
8634,0,0,0,371,0,0
8635,0,0,0,305,0,0
8636,0,0,0,227,0,0
8637,0,0,1,86,0,0
8638,7,0,0,8,0,0
8639,49,0,0,53,0,0
8640,139,0,0,0,0,0
8641,167,0,0,28,2,0
8642,164,0,0,269,0,46
8643,94,0,0,508,0,435
8644,0,0,0,215,5,605
8645,17,0,0,4,0,322
8646,43,0,0,36,3,42
8647,178,0,0,56,59,161
8648,307,0,0,23,17,0
8649,427,0,0,0,0,0
8650,374,0,0,0,0,0
8651,190,0,0,0,42,1
8652,0,0,0,0,22,127
8653,0,0,0,0,2,194
8654,48,0,0,0,7,0
8655,270,0,0,0,0,1
8656,170,0,0,0,7,0
8657,80,2,0,0,0,2
8658,63,4,0,3,0,0
8659,0,0,0,3,0,0
8660,7,0,0,36,8,0
8661,67,8,0,13,15,0
8662,29,24,0,23,2,0
8663,0,0,0,134,0,0
8664,33,0,0,5,0,0
8665,50,0,0,0,0,0
8666,24,0,0,0,0,0
8667,70,0,0,0,0,0
8668,62,0,0,25,0,0
8669,78,0,0,40,0,0
8670,85,0,0,15,0,0
8671,4,0,0,0,1,0
8672,47,0,0,0,0,0
8673,70,0,0,51,0,0
8674,83,0,0,60,0,0
8675,65,0,0,0,0,0
8676,49,0,0,0,0,0
8677,16,9,0,0,0,0
8678,8,0,0,7,0,0
8679,0,0,0,0,0,0
8680,1,0,0,0,0,0
8681,12,3,0,0,0,0
8682,0,0,0,0,0,0
8683,0,0,0,0,0,0
8684,34,0,0,0,0,0
8685,29,0,0,53,0,0
8686,26,0,0,156,9,0
8687,0,0,0,72,0,0
8688,0,0,0,35,0,0
8689,0,0,0,0,0,0
8690,0,0,0,52,0,0
8691,0,0,0,229,3,0
8692,0,0,0,239,0,0
8693,0,0,0,165,0,0
8694,0,0,0,301,0,0
8695,0,0,0,281,0,0
8696,0,0,0,317,0,0
8697,0,0,0,158,0,0
8698,0,0,0,64,0,0
8699,0,0,0,0,0,0
8700,0,0,0,0,0,0
8701,0,0,0,14,11,0
8702,0,0,0,3,2,0
8703,8,0,0,0,0,0
8704,5,0,0,0,0,0
8705,30,0,0,0,0,0
8706,16,0,0,0,0,0
8707,0,0,0,15,0,0
8708,0,0,0,35,0,0
8709,0,0,0,14,0,0
8710,0,0,0,0,0,0
8711,0,0,0,0,0,0
8712,0,0,3,0,0,0
8713,0,0,0,6,0,0
8714,0,0,0,28,0,0
8715,0,0,0,0,0,0
8716,0,0,0,46,2,0
8717,0,0,0,105,0,0
8718,0,0,0,24,0,0
8719,0,0,2,2,0,0
8720,0,0,0,48,0,0
8721,0,0,0,47,0,0
8722,0,0,0,14,0,0
8723,0,0,0,0,0,0
8724,0,0,0,0,0,0
8725,0,0,0,0,0,0
8726,0,0,0,0,0,0
8727,17,0,0,0,0,0
8728,45,0,0,0,0,0
8729,198,0,0,0,0,0
8730,343,0,0,0,0,0
8731,267,0,0,0,1,0
8732,128,0,0,0,0,0
8733,97,0,0,0,0,0
8734,7,0,0,0,0,0
8735,3,0,0,0,0,0
8736,22,0,0,0,0,0
8737,39,0,0,3,0,0
8738,32,0,0,12,0,0
8739,23,0,0,13,0,0
8740,0,0,0,9,0,0
8741,0,0,0,0,0,0
8742,10,0,0,0,0,0
8743,8,0,0,0,0,0
8744,3,0,0,0,0,0
8745,6,0,0,0,0,0
8746,0,0,0,0,2,0
8747,0,0,0,0,0,0
8748,0,0,0,0,0,0
8749,0,0,0,0,0,0
8750,0,0,0,8,0,0
8751,0,0,0,0,0,0
8752,0,0,0,0,0,0
8753,0,0,0,0,0,0
8754,0,0,0,3,0,0
8755,0,0,0,0,0,0
8756,0,0,0,9,0,0
8757,0,0,0,0,0,0
8758,1,0,0,6,0,0
8759,0,0,0,6,0,0
8760,4,0,0,0,0,0
8761,28,0,0,0,1,0
8762,55,0,0,7,0,0
8763,8,0,0,12,1,0
8764,3,0,0,0,0,0
8765,32,1,0,9,0,0
8766,22,0,0,3,0,0
8767,0,0,0,4,0,0
8768,2,0,0,0,0,0
8769,7,0,0,0,0,0
8770,1,0,0,0,0,0
8771,0,0,0,0,0,0
8772,0,0,0,0,0,0
8773,0,0,0,4,3,0
8774,0,0,0,44,0,0
8775,0,0,0,16,0,0
8776,0,0,0,13,3,0
8777,3,0,0,0,0,0
8778,0,0,0,0,0,0
8779,0,0,0,0,1,0
8780,0,0,0,36,44,0
8781,0,0,0,2,29,0
8782,0,0,0,9,1,0
8783,0,0,0,85,107,0
8784,0,0,0,59,18,0
8785,0,0,0,69,0,0
8786,0,0,0,41,0,0
8787,0,0,0,0,0,0
8788,0,0,0,0,4,0
8789,0,0,0,9,0,0
8790,0,0,0,14,19,0
8791,0,0,0,4,36,0
8792,0,0,0,16,7,102
8793,0,0,1,6,56,294
8794,0,0,0,0,82,213
8795,0,0,0,30,133,212
8796,0,0,0,2,15,292
8797,0,0,0,12,0,311
8798,0,0,0,79,0,338
8799,0,0,0,46,0,291
8800,0,0,0,216,1,28
8801,0,0,0,305,0,10
8802,0,0,0,387,18,45
8803,0,0,0,461,26,1
8804,0,0,0,510,68,80
8805,0,0,0,684,83,130
8806,0,0,0,831,5,75
8807,0,0,0,811,1,0
8808,0,0,5,805,85,74
8809,0,0,0,599,11,58
8810,0,0,0,554,33,1
8811,0,0,0,452,7,6
8812,0,0,0,303,1,0
8813,0,0,0,211,0,0
8814,0,0,0,55,3,0
8815,0,0,0,3,2,0
8816,0,0,0,13,11,0
8817,0,0,0,0,0,0
8818,0,0,0,0,0,0
8819,0,0,0,13,0,0
8820,0,0,0,0,0,314
8821,0,0,0,9,2,859
8822,0,0,0,1,1,628
8823,0,0,0,32,1,121
8824,0,0,0,26,0,0
8825,0,0,0,60,1,0
8826,0,0,0,15,0,36
8827,0,0,0,4,0,83
8828,0,0,0,1,0,0
8829,0,0,0,4,0,137
8830,0,0,0,18,0,217
8831,0,0,0,7,0,186
8832,0,0,0,0,2,79
8833,0,0,0,0,0,1
8834,0,0,0,1,0,0
8835,0,0,0,3,0,0
8836,0,0,2,0,2,0
8837,0,0,0,4,29,0
8838,0,0,0,0,0,0
8839,0,0,0,0,16,0
8840,0,0,0,13,32,0
8841,0,0,0,6,5,0
8842,0,0,0,11,5,0
8843,0,0,2,0,35,0
8844,0,0,0,0,0,147
8845,0,0,0,2,15,302
8846,0,0,0,7,70,249
8847,0,0,0,0,4,192
8848,0,0,0,0,2,465
8849,0,0,0,0,0,655
8850,0,0,0,0,0,291
8851,0,0,0,0,1,24
8852,0,0,0,64,1,0
8853,0,0,6,284,1,0
8854,0,0,0,533,0,0
8855,0,0,3,852,0,13
8856,0,0,2,832,0,76
8857,0,0,0,663,0,4
8858,0,0,0,565,8,0
8859,0,0,12,523,3,0
8860,0,0,0,474,10,0
8861,0,0,0,439,13,7
8862,0,0,21,480,7,51
8863,0,0,0,444,0,291
8864,0,0,0,451,3,987
8865,0,0,7,438,3,1103
8866,0,0,2,284,70,225
8867,0,0,0,274,88,884
8868,0,0,18,277,10,1037
8869,0,0,10,109,0,383
8870,0,0,0,104,27,47
8871,0,0,0,9,2,1
8872,0,0,0,0,3,9
8873,0,0,0,18,0,53
8874,0,0,0,0,0,216
8875,0,0,0,12,3,143
8876,0,0,0,0,11,36
8877,0,0,0,0,0,52
8878,0,0,0,0,0,188
8879,0,0,0,0,1,277
8880,0,0,0,3,0,188
8881,0,0,0,11,0,8
8882,0,0,0,0,0,0
8883,0,0,0,7,0,0
8884,0,0,0,65,0,0
8885,0,0,0,25,0,0
8886,0,0,0,33,1,0
8887,0,0,0,1,1,0
8888,0,0,0,11,0,0
8889,0,0,0,46,0,0
8890,0,0,0,80,0,0
8891,0,0,0,65,0,0
8892,0,0,0,74,0,0
8893,0,0,0,73,0,0
8894,0,0,0,95,0,0
8895,0,0,0,19,0,0
8896,0,0,0,5,3,0
8897,0,0,1,3,0,0
8898,0,0,0,0,0,0
8899,0,0,0,13,0,0
8900,0,0,0,56,0,0
8901,0,0,0,0,0,0
8902,0,0,0,0,0,0
8903,0,0,0,0,0,0
8904,0,0,0,3,0,0
8905,0,0,0,59,0,0
8906,0,0,0,4,0,0
8907,0,0,0,0,0,0
8908,0,0,0,0,0,0
8909,0,0,0,143,0,0
8910,0,0,0,22,0,0
8911,0,0,3,11,0,0
8912,0,0,20,7,0,0
8913,0,0,0,3,0,0
8914,0,0,15,1,0,0
8915,0,0,16,7,0,0
8916,0,0,0,41,0,0
8917,0,0,9,9,0,0
8918,0,0,56,1,0,0
8919,0,0,3,0,0,0
8920,0,0,0,1,0,0
8921,0,0,29,2,0,1
8922,0,0,3,0,0,0
8923,0,0,0,0,0,0
8924,0,0,47,0,0,0
8925,0,0,74,0,0,0
8926,0,0,0,2,2,0
8927,0,0,54,11,0,0
8928,0,0,46,11,0,0
8929,0,0,0,0,0,0
8930,0,0,15,15,0,0
8931,0,0,4,0,0,0
8932,0,0,4,29,0,0
8933,0,0,0,12,0,0
8934,0,0,4,20,0,0
8935,0,0,0,1,0,0
8936,0,0,0,0,0,0
8937,0,0,6,0,0,0
8938,0,0,0,0,0,0
8939,0,0,0,0,0,0
8940,0,0,0,3,0,0
8941,0,0,0,30,2,0
8942,0,0,0,24,0,0
8943,0,0,0,53,0,0
8944,0,0,0,27,0,0
8945,0,0,0,93,0,0
8946,0,0,0,186,0,0
8947,0,0,0,202,0,0
8948,0,0,0,56,0,0
8949,0,0,0,87,0,0
8950,0,0,2,0,0,0
8951,0,0,0,11,1,0
8952,0,0,0,10,0,0
8953,0,0,0,0,0,0
8954,0,0,0,0,0,0
8955,2,0,0,0,0,0
8956,0,0,0,12,0,0
8957,0,0,0,37,1,0
8958,24,0,0,19,1,0
8959,29,0,0,0,0,0
8960,0,0,0,0,0,0
8961,0,0,0,27,0,0
8962,31,0,0,10,3,0
8963,32,0,0,0,0,0
8964,0,0,0,0,0,0
8965,120,0,0,0,0,0
8966,129,48,0,0,0,0
8967,29,0,0,0,0,0
8968,27,0,0,0,0,0
8969,99,15,0,39,0,0
8970,50,4,0,28,0,0
8971,50,0,0,0,1,0
8972,7,0,0,0,0,0
8973,8,2,3,0,1,0
8974,39,10,0,0,0,0
8975,0,0,0,57,0,0
8976,0,0,0,0,0,0
8977,0,0,0,0,0,0
8978,9,6,0,43,0,0
8979,0,0,3,91,0,0
8980,0,0,0,1,0,0
8981,6,0,0,0,0,0
8982,0,0,0,0,0,0
8983,0,0,0,0,0,0
8984,0,0,0,0,0,0
8985,0,0,0,0,0,0
8986,1,0,0,1,2,0
8987,0,0,0,0,0,0
8988,0,0,0,6,1,0
8989,0,0,0,7,2,0
8990,0,0,0,7,0,0
8991,0,0,0,8,2,0
8992,0,0,0,0,4,2
8993,0,0,0,22,42,0
8994,0,0,0,57,14,0
8995,0,0,0,0,0,0
8996,0,0,0,19,0,0
8997,0,0,0,29,0,0
8998,0,0,0,258,3,0
8999,0,0,0,288,1,0
9000,0,0,0,361,15,0
9001,0,0,0,300,19,0
9002,0,0,0,156,13,0
9003,0,0,0,129,9,0
9004,0,0,0,275,152,0
9005,0,0,0,264,122,0
9006,0,0,0,240,3,0
9007,4,0,0,140,18,0
9008,17,0,0,119,101,0
9009,4,0,0,20,0,0
9010,0,0,0,4,0,0
9011,0,0,0,9,0,0
9012,0,0,0,0,0,0
9013,19,0,0,4,0,0
9014,47,0,0,1,0,0
9015,163,0,0,0,0,0
9016,95,0,0,16,3,0
9017,88,1,0,0,1,3
9018,143,5,0,0,0,0
9019,268,0,0,0,0,0
9020,315,0,0,0,0,0
9021,404,77,0,0,0,0
9022,301,133,0,9,0,0
9023,108,48,0,16,0,0
9024,0,0,0,0,0,0
9025,59,0,0,18,0,0
9026,70,46,0,32,0,0
9027,0,11,0,0,0,0
9028,31,0,0,0,0,0
9029,86,0,0,8,0,0
9030,40,0,0,13,0,0
9031,11,0,3,21,4,0
9032,56,0,0,0,3,0
9033,55,0,0,0,1,0
9034,55,0,7,0,0,0
9035,10,0,0,0,0,0
9036,1,0,0,0,0,0
9037,7,0,18,0,0,1
9038,65,0,0,0,0,0
9039,115,0,0,0,0,0
9040,24,0,7,0,0,0
9041,87,5,6,0,1,0
9042,102,21,0,0,1,0
9043,29,0,0,0,0,0
9044,6,0,0,9,27,0
9045,8,0,0,24,0,0
9046,11,22,1,4,5,0
9047,0,0,0,32,49,0
9048,0,0,0,10,12,0
9049,2,0,0,9,23,0
9050,0,3,0,51,127,0
9051,0,0,0,3,32,0
9052,0,0,0,2,18,0
9053,5,0,10,0,50,0
9054,14,0,0,0,19,0
9055,0,0,17,0,0,3
9056,0,0,32,2,109,0
9057,0,0,0,0,6,0
9058,1,0,0,0,0,0
9059,0,0,0,0,0,0
9060,0,0,0,0,0,0
9061,0,0,4,11,0,0
9062,0,0,16,9,0,0
9063,0,0,2,0,1,0
9064,0,0,4,0,3,0
9065,0,0,14,17,0,0
9066,0,0,0,20,0,0
9067,0,0,3,27,0,0
9068,0,0,5,4,0,0
9069,0,0,0,5,0,0
9070,0,0,0,46,0,0
9071,0,0,0,45,0,0
9072,0,0,0,97,0,0
9073,0,0,0,235,0,0
9074,0,0,0,224,0,0
9075,0,0,0,427,0,0
9076,0,0,0,414,1,0
9077,0,0,0,283,3,0
9078,0,0,0,150,0,0
9079,0,0,0,32,0,0
9080,0,0,0,40,0,0
9081,0,0,0,5,0,0
9082,0,0,0,30,0,0
9083,0,0,0,80,0,0
9084,0,0,0,95,0,0
9085,0,0,0,79,0,0
9086,0,0,0,8,0,0
9087,0,0,0,131,0,0
9088,0,0,0,118,0,17
9089,0,0,0,45,0,89
9090,0,0,0,85,0,140
9091,0,0,0,91,1,181
9092,0,0,0,1,0,88
9093,0,0,0,103,0,5
9094,0,0,0,246,0,3
9095,0,0,0,234,0,0
9096,0,0,0,222,0,0
9097,0,0,0,268,0,0
9098,0,0,0,245,0,0
9099,0,0,0,200,0,0
9100,0,0,0,94,0,0
9101,0,0,8,39,0,0
9102,0,0,4,8,2,0
9103,0,0,0,52,0,0
9104,0,0,0,46,0,27
9105,0,0,0,0,0,260
9106,0,0,4,4,0,543
9107,0,0,12,0,0,322
9108,0,0,0,1,0,74
9109,0,0,0,8,0,0
9110,0,0,14,13,0,4
9111,0,0,9,37,0,0
9112,0,0,0,61,0,0
9113,0,0,5,57,0,0
9114,0,0,0,23,0,0
9115,0,0,0,66,0,0
9116,0,0,0,55,0,0
9117,0,0,0,43,0,0
9118,0,0,0,22,0,0
9119,0,0,0,3,0,0
9120,0,0,0,0,0,0
9121,0,0,0,0,4,0
9122,0,0,0,0,0,0
9123,0,0,0,0,0,0
9124,0,0,0,13,0,0
9125,0,0,0,40,0,0
9126,0,0,0,5,0,0
9127,0,0,0,0,0,0
9128,0,0,0,0,0,0
9129,0,0,0,0,0,0
9130,0,0,0,3,0,0
9131,0,0,0,9,0,0
9132,0,0,0,0,0,0
9133,0,0,0,0,0,0
9134,0,0,0,7,0,0
9135,0,0,0,0,0,0
9136,0,0,0,0,1,0
9137,0,0,0,0,2,0
9138,0,0,0,0,0,0
9139,0,0,0,0,0,0
9140,0,0,0,45,0,0
9141,0,0,0,71,0,0
9142,0,0,0,30,0,0
9143,0,0,0,80,0,0
9144,0,0,0,74,0,0
9145,0,0,0,97,37,0
9146,0,0,0,96,3,0
9147,0,0,0,25,1,0
9148,0,0,0,15,0,0
9149,0,0,0,76,0,0
9150,0,0,0,33,0,0
9151,0,0,0,8,2,0
9152,0,0,0,3,0,0
9153,0,0,0,0,0,0
9154,0,0,0,0,0,0
9155,0,0,0,10,0,0
9156,0,0,0,3,0,0
9157,0,0,0,2,0,0
9158,0,0,0,63,0,0
9159,0,0,0,26,0,0
9160,0,0,0,0,2,0
9161,0,0,0,4,0,0
9162,0,0,0,15,3,0
9163,0,0,0,0,0,0
9164,0,0,0,0,0,0
9165,0,0,0,0,0,0
9166,0,0,0,0,1,0
9167,0,0,0,0,0,0
9168,0,0,0,36,1,0
9169,0,0,0,29,0,0
9170,0,0,0,0,0,0
9171,0,0,0,29,0,0
9172,0,0,2,0,0,0
9173,0,0,0,0,1,0
9174,0,0,0,0,0,0
9175,0,0,0,0,0,0
9176,0,0,0,8,0,0
9177,0,0,0,0,0,0
9178,0,0,3,0,0,0
9179,0,0,8,9,0,0
9180,0,0,0,11,0,0
9181,0,0,0,24,1,0
9182,0,0,1,19,0,0
9183,0,0,0,12,0,0
9184,0,0,0,26,0,0
9185,0,0,3,15,0,0
9186,0,0,0,0,0,0
9187,0,0,0,0,0,0
9188,0,0,0,0,0,0
9189,0,0,0,0,0,0
9190,0,0,0,37,0,0
9191,0,0,0,6,0,0
9192,0,0,0,0,0,0
9193,0,0,0,0,0,0
9194,0,0,0,0,0,0
9195,0,0,0,14,0,0
9196,0,0,0,37,2,0
9197,0,0,6,47,0,0
9198,0,0,2,25,13,0
9199,0,0,0,0,0,0
9200,0,0,0,0,4,0
9201,0,0,5,0,2,0
9202,0,0,0,18,0,0
9203,0,0,0,32,2,0
9204,0,0,20,0,0,0
9205,0,0,4,14,0,0
9206,0,0,0,0,0,0
9207,0,0,1,0,0,0
9208,0,0,0,8,0,0
9209,0,0,0,92,0,0
9210,0,0,21,54,0,2
9211,0,0,27,23,1,0
9212,0,0,0,0,0,0
9213,0,0,14,28,0,0
9214,0,0,32,0,0,0
9215,0,0,0,11,0,0
9216,0,0,7,28,0,0
9217,0,0,55,0,0,0
9218,0,0,13,13,0,0
9219,0,0,3,34,0,0
9220,0,0,31,56,1,0
9221,0,0,21,23,0,0
9222,0,0,0,0,0,0
9223,0,0,13,0,0,0
9224,0,0,64,0,0,0
9225,0,0,0,0,0,0
9226,0,0,4,0,1,0
9227,0,0,32,0,0,0
9228,0,0,0,0,0,0
9229,0,0,0,0,0,0
9230,0,0,8,0,0,0
9231,0,0,0,0,0,0
9232,0,0,0,0,0,0
9233,0,0,0,0,0,0
9234,0,0,0,0,0,0
9235,0,0,0,0,1,0
9236,0,0,0,0,2,0
9237,0,0,0,0,0,0
9238,0,0,0,0,0,0
9239,0,0,0,0,0,0
9240,0,0,0,0,3,0
9241,0,0,0,0,0,0
9242,0,0,2,0,2,0
9243,0,0,0,0,1,0
9244,0,0,0,0,0,0
9245,0,0,0,0,0,0
9246,0,0,0,13,0,0
9247,0,0,2,0,0,0
9248,0,0,0,0,0,0
9249,0,0,0,0,2,0
9250,0,0,0,0,0,0
9251,0,0,0,0,0,0
9252,0,0,0,0,0,0
9253,0,0,0,4,0,0
9254,0,0,0,6,0,0
9255,0,0,0,0,0,0
9256,0,0,0,2,0,0
9257,0,0,0,0,0,0
9258,0,0,0,0,0,0
9259,0,0,10,0,0,0
9260,0,0,0,0,0,0
9261,0,0,0,0,0,0
9262,0,0,0,9,4,0
9263,0,0,0,25,2,0
9264,0,0,0,3,2,0
9265,0,0,0,33,0,0
9266,0,0,0,2,0,0
9267,0,0,0,0,0,0
9268,0,0,0,1,0,0
9269,0,0,0,41,0,0
9270,0,0,0,54,0,0
9271,0,0,0,113,0,0
9272,0,0,0,52,0,0
9273,0,0,0,36,0,0
9274,0,0,0,12,0,0
9275,0,0,0,0,39,0
9276,0,0,0,6,25,0
9277,0,0,0,3,0,0
9278,0,0,0,0,4,0
9279,0,0,0,3,0,0
9280,0,0,0,0,5,0
9281,0,0,0,0,23,0
9282,0,0,0,69,0,0
9283,0,0,0,45,0,0
9284,0,0,0,21,0,0
9285,0,0,0,9,0,0
9286,0,0,0,2,2,0
9287,0,0,0,0,1,0
9288,0,0,0,0,0,0
9289,0,0,0,5,0,0
9290,0,0,0,25,0,0
9291,0,0,0,30,0,0
9292,0,0,0,0,0,0
9293,0,0,0,11,0,0
9294,0,0,0,0,0,0
9295,0,0,0,0,0,0
9296,0,0,0,24,0,0
9297,0,0,0,39,0,0
9298,0,0,0,91,0,0
9299,0,0,0,90,0,0
9300,0,0,0,31,0,0
9301,0,0,11,2,2,0
9302,0,0,2,0,0,0
9303,0,0,1,0,2,0
9304,0,0,28,0,0,0
9305,0,0,0,26,0,0
9306,0,0,0,24,0,0
9307,0,0,16,0,0,0
9308,0,0,2,0,0,0
9309,0,0,5,0,0,0
9310,0,0,6,0,2,0
9311,0,0,0,0,0,0
9312,0,0,5,0,0,0
9313,0,0,3,0,0,1
9314,0,0,0,0,0,0
9315,0,0,6,0,0,0
9316,0,0,13,4,2,6
9317,0,0,0,7,0,0
9318,0,0,1,0,0,0
9319,0,0,46,7,0,0
9320,0,0,0,33,0,0
9321,0,0,0,0,0,0
9322,0,0,14,9,0,0
9323,0,0,2,12,0,0
9324,0,0,0,0,0,0
9325,0,0,0,0,0,0
9326,0,0,0,0,0,0
9327,0,0,0,0,0,0
9328,0,0,0,0,0,0
9329,0,0,5,0,0,0
9330,0,0,0,0,0,0
9331,0,0,0,0,0,0
9332,0,0,8,0,0,0
9333,0,0,18,0,0,0
9334,0,0,0,0,0,0
9335,0,0,0,0,0,0
9336,0,0,0,0,0,0
9337,0,0,0,0,0,0
9338,0,0,0,0,0,0
9339,0,0,3,0,0,0
9340,0,0,0,0,0,0
9341,0,0,0,0,0,0
9342,0,0,0,0,0,0
9343,0,0,0,0,0,0
9344,0,0,0,0,0,0
9345,0,0,0,0,0,0
9346,0,0,0,0,0,0
9347,0,0,0,0,0,0
9348,0,0,0,0,0,0
9349,0,0,0,0,0,0
9350,0,0,0,0,0,0
9351,0,0,0,0,0,0
9352,0,0,0,0,0,0
9353,0,0,0,0,0,0
9354,0,0,0,0,0,0
9355,0,0,0,0,0,0
9356,0,0,0,0,0,0
9357,0,0,0,0,0,0
9358,0,0,8,0,0,0
9359,0,0,6,0,0,0
9360,0,0,0,0,0,0
9361,0,0,6,0,0,0
9362,0,0,9,0,0,0
9363,0,0,0,0,1,0
9364,0,0,0,0,0,0
9365,0,0,0,4,0,0
9366,0,0,0,0,0,0
9367,0,0,0,0,0,2
9368,0,0,0,0,0,0
9369,0,0,0,0,0,0
9370,0,0,0,0,0,0
9371,0,0,0,0,0,0
9372,0,0,0,0,0,0
9373,0,0,0,0,0,0
9374,0,0,0,0,0,0
9375,0,0,0,0,0,0
9376,0,0,0,0,1,0
9377,0,0,0,0,1,0
9378,0,0,0,0,0,0
9379,0,0,0,0,0,0
9380,2,1,3,0,0,0
9381,0,0,0,0,0,0
9382,0,0,2,0,0,0
9383,0,0,9,0,0,0
9384,0,0,0,0,0,0
9385,0,0,4,0,0,0
9386,0,2,10,0,0,0
9387,0,0,0,0,0,0
9388,0,0,6,0,0,0
9389,0,0,6,0,0,0
9390,0,0,0,0,0,0
9391,0,0,18,0,0,0
9392,0,0,10,0,0,0
9393,0,0,0,0,0,0
9394,0,0,20,0,0,0
9395,0,0,42,0,0,0
9396,0,0,0,0,0,0
9397,0,0,29,0,0,0
9398,0,0,5,0,0,0
9399,0,0,0,0,0,0
9400,0,0,27,0,0,0
9401,0,0,18,0,0,0
9402,0,0,0,0,0,0
9403,0,0,38,0,0,0
9404,0,0,42,0,0,0
9405,0,0,0,0,0,0
9406,0,0,41,0,0,0
9407,0,0,49,0,0,0
9408,0,0,0,0,0,0
9409,0,0,15,0,0,0
9410,0,0,48,2,0,0
9411,0,0,0,12,0,0
9412,0,0,10,16,0,0
9413,0,0,26,141,0,0
9414,0,0,0,84,0,0
9415,0,0,0,82,0,0
9416,0,0,2,165,0,0
9417,0,0,2,116,0,0
9418,0,0,0,223,0,0
9419,0,0,0,325,0,0
9420,0,0,0,410,0,0
9421,0,0,0,347,9,0
9422,0,0,4,425,0,0
9423,0,0,4,215,0,0
9424,0,0,0,171,0,0
9425,0,0,0,128,0,0
9426,0,0,0,13,0,0
9427,0,0,1,7,0,0
9428,0,0,0,28,0,0
9429,0,0,1,0,0,0
9430,0,0,4,0,0,0
9431,0,0,0,0,0,0
9432,0,0,0,0,0,0
9433,0,0,15,0,0,0
9434,0,0,16,0,0,0
9435,0,0,0,0,0,0
9436,0,0,26,0,0,0
9437,0,0,68,0,0,0
9438,0,0,0,0,0,0
9439,0,0,14,0,0,0
9440,0,0,31,0,0,0
9441,0,0,0,0,0,0
9442,0,0,11,0,0,0
9443,0,0,42,0,0,0
9444,0,0,0,0,0,0
9445,0,0,0,0,0,0
9446,0,0,11,0,0,0
9447,0,0,3,0,0,0
9448,0,0,0,0,0,0
9449,0,0,20,0,0,0
9450,0,0,2,0,0,0
9451,0,0,0,4,0,0
9452,0,0,0,31,0,0
9453,0,0,0,1,0,0
9454,0,0,0,0,0,0
9455,0,0,0,25,0,0
9456,0,0,2,0,0,0
9457,0,0,0,0,0,0
9458,0,0,0,0,0,0
9459,0,0,0,0,0,0
9460,0,0,0,0,0,0
9461,2,0,0,2,0,0
9462,0,0,0,0,0,0
9463,0,0,0,9,0,0
9464,0,0,9,0,0,0
9465,0,0,64,0,0,4
9466,0,0,11,5,1,0
9467,0,0,20,0,0,0
9468,0,0,197,0,0,0
9469,0,0,23,0,0,0
9470,0,0,46,0,0,0
9471,0,0,289,0,0,5
9472,1,0,37,0,0,0
9473,15,0,23,0,0,0
9474,2,0,253,0,0,10
9475,104,0,42,0,0,0
9476,214,0,24,0,0,0
9477,292,0,240,0,0,8
9478,38,0,43,0,0,0
9479,85,0,0,0,0,0
9480,17,0,20,0,0,0
9481,0,0,0,0,0,0
9482,0,0,0,0,0,0
9483,0,0,29,0,0,0
9484,0,0,19,0,0,0
9485,0,0,0,0,0,0
9486,0,0,0,0,0,0
9487,0,0,3,0,0,0
9488,0,0,0,0,0,0
9489,0,0,0,0,0,0
9490,0,0,0,0,0,0
9491,0,0,0,0,0,0
9492,0,0,0,0,0,0
9493,0,0,0,0,0,0
9494,0,0,0,0,0,0
9495,0,0,0,14,0,0
9496,0,0,0,0,0,0
9497,0,0,0,0,0,0
9498,0,0,0,0,0,0
9499,0,0,0,0,0,0
9500,0,0,0,3,0,0
9501,0,0,0,0,0,0
9502,0,0,0,0,0,0
9503,0,0,0,0,0,0
9504,0,0,0,0,0,0
9505,0,0,0,0,0,0
9506,0,0,0,0,0,0
9507,0,0,0,0,0,0
9508,0,0,0,0,0,0
9509,0,0,0,0,0,0
9510,4,0,0,0,0,0
9511,0,0,0,0,1,0
9512,0,0,0,0,0,0
9513,0,0,0,0,1,1
9514,0,0,0,0,0,0
9515,0,0,3,0,0,0
9516,0,0,0,0,0,0
9517,0,0,0,0,0,0
9518,0,0,5,0,0,0
9519,0,0,0,0,0,0
9520,0,0,5,0,0,1
9521,0,0,6,0,0,0
9522,0,0,0,0,0,0
9523,0,0,0,0,0,0
9524,0,0,0,0,0,0
9525,0,0,0,0,0,0
9526,0,0,0,0,2,0
9527,0,0,2,0,1,0
9528,0,0,0,0,0,0
9529,0,0,0,0,0,0
9530,0,0,0,0,0,0
9531,0,0,0,0,0,0
9532,0,0,0,0,0,0
9533,0,0,0,0,0,0
9534,0,0,26,0,0,0
9535,0,0,0,0,0,0
9536,0,0,0,0,0,0
9537,0,0,64,0,0,0
9538,0,0,34,0,0,0
9539,0,0,3,0,0,0
9540,0,0,88,0,0,0
9541,0,0,75,4,0,0
9542,0,0,0,9,0,0
9543,0,0,40,0,0,0
9544,0,0,71,0,0,0
9545,0,0,0,0,0,0
9546,0,0,5,0,0,0
9547,0,0,15,0,0,0
9548,0,0,0,0,0,0
9549,0,0,4,0,0,0
9550,0,0,12,0,0,0
9551,0,0,0,0,0,0
9552,0,0,3,0,0,0
9553,0,0,28,0,0,0
9554,0,0,0,0,0,0
9555,0,0,3,0,0,0
9556,0,0,22,3,4,0
9557,0,0,0,0,0,0
9558,0,0,15,0,0,0
9559,0,0,27,0,0,0
9560,0,0,0,0,0,0
9561,0,0,0,0,0,0
9562,0,0,14,0,0,0
9563,0,0,0,0,0,0
9564,0,0,0,0,0,0
9565,0,0,0,0,0,0
9566,0,0,0,0,0,0
9567,0,0,0,12,0,0
9568,0,0,0,0,0,0
9569,0,0,0,0,0,0
9570,0,0,0,0,0,0
9571,0,0,0,0,0,0
9572,0,0,0,0,0,0
9573,0,0,0,0,0,0
9574,0,0,0,0,0,0
9575,0,0,0,0,0,0
9576,0,0,0,0,0,0
9577,0,0,0,1,0,0
9578,0,0,0,0,0,0
9579,0,0,0,0,0,0
9580,0,0,0,0,0,0
9581,0,0,0,0,0,0
9582,0,0,0,0,0,0
9583,0,0,0,0,0,0
9584,0,0,0,0,0,0
9585,0,0,0,0,0,0
9586,0,0,0,5,0,0
9587,0,0,0,3,0,0
9588,0,0,0,0,0,0
9589,0,0,0,0,0,0
9590,0,0,0,0,0,0
9591,0,0,1,0,0,0
9592,0,0,0,0,0,0
9593,0,0,0,0,0,0
9594,0,0,9,0,0,0
9595,0,0,0,0,0,0
9596,0,0,0,0,0,0
9597,0,0,3,0,0,0
9598,0,0,1,12,0,0
9599,0,0,1,0,0,0
9600,0,0,14,3,0,0
9601,0,0,1,39,0,0
9602,0,0,0,17,0,0
9603,0,0,0,33,0,0
9604,0,0,10,10,0,0
9605,0,0,0,3,0,0
9606,0,0,0,20,0,0
9607,0,0,0,0,0,0
9608,0,0,0,0,0,0
9609,0,0,2,1,0,0
9610,0,0,0,0,0,0
9611,0,0,0,0,2,0
9612,0,0,1,0,0,0
9613,0,0,0,0,0,0
9614,0,0,0,0,0,0
9615,0,0,0,0,0,0
9616,0,0,0,0,0,0
9617,0,0,0,0,0,0
9618,87,0,0,0,1,0
9619,73,0,0,0,0,0
9620,2,0,3,0,0,0
9621,0,0,1,0,0,0
9622,3,0,0,0,0,0
9623,0,0,0,0,0,0
9624,0,0,0,0,0,0
9625,0,0,0,0,0,0
9626,2,0,0,0,0,0
9627,10,0,6,0,0,0
9628,17,0,0,0,0,0
9629,0,0,0,0,0,0
9630,0,0,0,0,0,0
9631,0,0,0,0,0,0
9632,0,0,0,0,0,0
9633,0,0,0,0,0,0
9634,0,0,0,0,0,0
9635,0,0,0,0,0,0
9636,0,0,0,0,0,0
9637,4,0,0,0,0,0
9638,14,0,0,0,0,0
9639,11,0,0,0,0,0
9640,15,0,0,0,0,0
9641,3,0,0,0,0,0
9642,1,0,0,0,0,0
9643,0,0,0,0,0,0
9644,0,0,0,0,0,0
9645,0,0,0,0,0,0
9646,0,0,1,0,3,0
9647,0,0,0,0,0,0
9648,0,0,0,0,1,0
9649,0,0,7,0,0,0
9650,6,0,0,0,0,0
9651,0,0,0,0,0,0
9652,0,0,0,0,0,0
9653,3,0,0,0,0,0
9654,0,0,0,0,0,0
9655,0,0,0,0,0,0
9656,0,0,0,0,0,0
9657,0,0,0,0,0,0
9658,0,0,0,0,0,0
9659,0,0,0,0,0,0
9660,0,0,0,0,0,0
9661,0,0,0,0,0,0
9662,0,0,0,0,1,0
9663,0,0,0,0,1,0
9664,0,0,0,0,0,0
9665,0,0,0,0,0,0
9666,0,0,0,0,0,0
9667,0,0,0,0,0,0
9668,0,0,0,0,0,0
9669,0,0,0,0,0,0
9670,0,0,0,17,0,0
9671,0,0,0,0,0,0
9672,0,0,0,0,0,0
9673,0,0,0,0,0,0
9674,0,0,0,0,0,0
9675,0,0,0,0,0,0
9676,0,0,0,0,0,0
9677,0,0,1,0,1,0
9678,0,0,0,0,1,0
9679,0,0,0,0,0,0
9680,0,0,11,0,0,0
9681,0,0,0,0,0,0
9682,0,0,0,0,0,0
9683,0,0,0,0,0,0
9684,0,0,0,5,0,0
9685,0,0,0,10,0,0
9686,12,0,36,1,0,0
9687,0,0,94,24,0,0
9688,0,0,0,4,0,0
9689,3,0,22,34,0,0
9690,0,0,141,8,0,0
9691,2,0,49,8,9,0
9692,0,0,8,5,0,0
9693,0,0,198,0,0,4
9694,0,0,51,0,0,0
9695,0,0,0,0,0,0
9696,0,0,35,4,0,0
9697,0,0,30,0,0,0
9698,0,0,1,0,0,0
9699,0,0,3,0,0,0
9700,0,0,15,0,0,0
9701,0,0,0,7,0,0
9702,0,0,0,0,0,0
9703,0,0,0,0,0,0
9704,0,0,0,2,0,0
9705,0,0,0,0,0,0
9706,0,0,2,0,0,0
9707,0,0,0,0,0,0
9708,0,0,0,0,0,0
9709,0,0,1,0,0,0
9710,0,0,7,0,0,0
9711,0,0,0,0,0,0
9712,0,0,0,0,0,0
9713,0,0,20,0,0,0
9714,0,0,11,0,0,0
9715,0,0,0,0,0,0
9716,0,0,0,0,0,0
9717,0,0,0,0,0,0
9718,0,0,0,0,0,0
9719,0,0,0,0,0,0
9720,0,0,0,0,0,0
9721,0,0,0,0,1,0
9722,0,0,0,0,0,0
9723,0,0,0,0,0,0
9724,0,0,0,0,0,0
9725,0,0,0,0,0,0
9726,0,0,2,0,0,0
9727,0,0,0,0,0,0
9728,0,0,2,0,0,0
9729,0,0,2,0,0,0
9730,0,0,0,0,0,0
9731,0,0,0,0,0,0
9732,0,0,4,0,0,0
9733,12,0,1,0,0,0
9734,0,0,2,0,0,0
9735,0,0,26,0,0,0
9736,0,0,21,0,0,0
9737,0,0,0,0,1,0
9738,0,0,8,0,2,0
9739,0,0,58,0,0,0
9740,0,0,14,0,0,0
9741,0,0,19,0,0,0
9742,0,0,233,0,0,0
9743,0,0,46,0,0,0
9744,0,0,34,0,0,0
9745,0,0,346,0,0,5
9746,0,0,172,0,0,0
9747,0,0,6,0,0,0
9748,0,0,241,0,0,0
9749,0,0,215,0,0,3
9750,0,0,0,0,0,0
9751,0,0,67,6,0,0
9752,0,0,170,0,1,7
9753,0,0,6,0,0,0
9754,0,0,31,0,0,0
9755,0,0,68,0,0,0
9756,0,0,6,0,0,0
9757,0,0,7,0,0,0
9758,0,0,10,0,0,0
9759,4,0,0,0,0,0
9760,0,0,0,0,0,0
9761,0,0,9,0,0,0
9762,0,0,5,0,0,0
9763,0,0,0,0,0,0
9764,0,0,0,0,0,0
9765,0,0,0,0,0,0
9766,0,0,1,0,6,0
9767,0,0,0,0,0,0
9768,0,0,0,0,0,0
9769,0,0,0,0,0,0
9770,0,0,0,0,0,0
9771,0,0,0,0,0,0
9772,0,0,0,0,0,0
9773,0,0,0,0,0,0
9774,0,0,0,0,0,0
9775,0,0,0,0,0,0
9776,0,0,4,0,0,0
9777,0,0,0,0,0,0
9778,0,0,0,0,0,0
9779,0,0,0,0,0,0
9780,0,0,0,0,0,0
9781,0,0,0,0,4,0
9782,0,0,0,0,0,0
9783,0,0,0,2,0,0
9784,0,0,0,4,0,0
9785,0,0,3,0,0,0
9786,0,0,11,0,0,0
9787,0,0,0,0,0,0
9788,0,0,2,0,0,0
9789,0,0,14,0,0,0
9790,0,0,0,0,0,0
9791,0,0,0,0,0,0
9792,0,0,8,0,0,0
9793,0,0,8,0,0,0
9794,0,0,0,0,0,0
9795,0,0,0,0,0,0
9796,0,0,22,0,1,0
9797,0,0,10,0,0,0
9798,0,0,0,0,0,0
9799,0,0,7,0,0,0
9800,0,0,12,0,0,0
9801,0,0,0,0,0,0
9802,0,0,9,0,1,0
9803,0,0,38,0,0,0
9804,0,0,0,0,0,0
9805,0,0,3,0,0,0
9806,0,0,35,0,0,0
9807,0,0,10,0,0,0
9808,0,0,3,0,0,0
9809,0,0,66,0,0,1
9810,0,0,12,0,0,0
9811,0,0,0,0,1,0
9812,0,0,40,0,0,0
9813,0,0,12,0,0,0
9814,0,0,0,0,0,0
9815,0,0,31,0,0,0
9816,0,0,10,0,0,0
9817,0,0,0,0,0,0
9818,0,0,0,0,0,0
9819,0,0,0,0,0,0
9820,0,0,0,0,0,0
9821,0,0,0,0,0,0
9822,0,0,0,0,0,0
9823,0,0,0,0,0,0
9824,0,0,0,0,0,0
9825,0,0,0,0,0,0
9826,0,0,1,0,1,0
9827,0,0,0,0,0,0
9828,0,0,0,0,0,0
9829,0,0,0,0,0,0
9830,0,0,0,0,0,0
9831,0,0,2,0,0,0
9832,0,0,0,0,0,0
9833,0,0,0,0,0,0
9834,0,0,1,0,0,0
9835,0,0,0,0,0,0
9836,0,0,0,0,0,0
9837,0,0,0,0,0,0
9838,0,0,0,0,0,0
9839,0,0,0,0,0,0
9840,0,0,0,0,0,0
9841,0,0,0,0,2,0
9842,0,0,0,14,0,0
9843,0,0,0,4,0,0
9844,0,0,0,0,0,0
9845,0,0,0,0,0,0
9846,0,0,0,0,0,0
9847,2,0,3,0,0,0
9848,0,0,0,0,0,0
9849,52,0,0,0,0,0
9850,123,0,15,0,0,0
9851,207,0,0,0,0,0
9852,174,0,13,0,0,0
9853,186,0,25,0,0,0
9854,107,0,0,0,0,0
9855,29,0,4,0,0,0
9856,49,0,29,0,0,0
9857,2,0,0,0,0,0
9858,9,0,9,0,2,0
9859,72,0,39,0,0,4
9860,139,0,2,0,0,0
9861,158,0,5,0,0,0
9862,184,0,32,0,0,0
9863,117,0,1,0,0,0
9864,76,0,0,0,0,0
9865,47,0,19,0,0,0
9866,49,0,0,0,0,0
9867,39,0,0,0,0,0
9868,155,0,0,0,0,0
9869,272,0,0,0,0,0
9870,415,0,0,0,0,0
9871,462,0,0,0,3,0
9872,421,0,0,0,0,0
9873,362,0,0,0,0,0
9874,364,0,0,0,0,0
9875,366,0,0,0,0,0
9876,300,0,0,0,0,0
9877,209,0,0,0,0,0
9878,19,0,0,0,0,0
9879,0,0,0,0,0,0
9880,0,0,0,0,0,0
9881,13,0,0,0,0,0
9882,106,0,0,0,0,0
9883,71,0,0,0,0,0
9884,92,0,0,0,0,0
9885,11,0,0,0,0,0
9886,14,0,0,0,0,0
9887,3,0,0,0,0,0
9888,0,0,0,0,0,0
9889,5,0,0,0,0,0
9890,13,0,0,0,0,0
9891,0,0,0,0,0,0
9892,27,0,0,0,0,0
9893,61,0,0,0,0,0
9894,195,0,0,0,0,0
9895,172,0,0,0,0,0
9896,92,0,0,0,0,0
9897,2,0,0,0,0,0
9898,0,0,0,0,0,0
9899,0,0,0,0,0,0
9900,2,0,0,0,0,0
9901,4,0,0,0,2,0
9902,1,0,0,0,0,0
9903,0,0,0,0,0,0
9904,0,0,0,0,0,0
9905,0,0,6,0,0,0
9906,0,0,0,0,0,0
9907,0,0,0,0,0,0
9908,0,0,0,0,0,0
9909,3,0,0,0,0,0
9910,13,0,0,0,0,0
9911,5,0,0,0,0,0
9912,0,0,0,0,0,0
9913,0,0,0,0,0,0
9914,0,0,0,0,0,0
9915,0,0,0,0,0,0
9916,3,0,0,0,1,0
9917,0,0,0,0,0,0
9918,0,0,0,0,0,0
9919,0,0,0,0,0,0
9920,0,0,0,0,0,0
9921,0,0,0,0,0,0
9922,0,0,0,0,0,0
9923,0,0,0,0,0,0
9924,0,0,0,0,0,0
9925,0,0,0,8,0,0
9926,0,0,0,0,0,0
9927,0,0,0,0,0,0
9928,0,0,0,0,0,0
9929,0,0,0,0,0,0
9930,0,0,0,0,0,0
9931,0,0,0,0,0,0
9932,0,0,0,0,0,0
9933,0,0,0,0,0,0
9934,0,0,0,0,0,0
9935,0,0,0,0,0,0
9936,0,0,0,0,0,0
9937,29,0,0,0,0,0
9938,106,0,0,0,1,0
9939,175,0,0,0,0,0
9940,25,0,0,0,0,0
9941,17,0,0,0,0,0
9942,18,0,0,0,0,0
9943,0,0,0,0,0,0
9944,7,0,0,0,0,0
9945,12,0,0,0,0,0
9946,0,0,0,0,1,0
9947,0,0,1,0,1,0
9948,0,0,6,0,0,0
9949,0,0,0,0,0,0
9950,0,0,0,0,0,0
9951,0,0,6,0,0,0
9952,0,0,0,0,0,0
9953,0,0,0,0,0,0
9954,0,0,8,0,0,0
9955,0,0,0,0,0,0
9956,0,0,0,0,0,0
9957,0,0,0,0,0,0
9958,0,0,0,0,0,0
9959,0,0,0,0,0,0
9960,0,0,0,0,0,0
9961,0,0,0,0,0,0
9962,0,0,0,0,0,0
9963,0,0,0,0,1,0
9964,0,0,0,0,1,0
9965,0,0,0,0,0,0
9966,0,0,13,0,0,0
9967,0,0,0,15,0,0
9968,0,0,0,0,0,0
9969,0,0,0,0,0,0
9970,0,0,0,0,0,0
9971,0,0,9,0,0,0
9972,1,0,12,0,0,0
9973,0,0,0,0,0,0
9974,0,0,31,0,0,0
9975,0,0,16,0,0,0
9976,2,0,0,0,0,0
9977,28,0,114,0,0,1
9978,0,0,112,0,0,14
9979,0,0,0,0,0,0
9980,2,0,148,0,0,1
9981,0,0,137,0,0,0
9982,0,0,3,0,0,0
9983,0,0,308,0,0,3
9984,2,0,276,0,0,11
9985,0,0,0,0,0,0
9986,0,0,159,0,0,3
9987,0,0,147,0,0,3
9988,0,0,0,0,0,0
9989,0,0,182,0,0,7
9990,0,0,224,0,0,10
9991,0,0,0,0,0,0
9992,0,0,200,0,0,10
9993,0,0,150,0,0,7
9994,0,0,0,0,0,0
9995,0,0,70,0,0,0
9996,0,0,90,0,0,0
9997,0,0,0,0,0,0
9998,0,0,7,0,0,0
9999,0,0,15,0,0,0
10000,0,0,0,0,0,0
10001,0,0,3,0,0,0
10002,0,0,11,0,0,0
10003,0,0,4,0,0,0
10004,0,0,0,0,0,0
10005,0,0,10,0,0,0
10006,0,0,0,0,1,0
10007,0,0,2,0,1,0
10008,0,0,63,0,0,0
10009,0,0,10,0,1,0
10010,0,0,0,0,0,0
10011,0,0,30,0,0,0
10012,0,0,0,8,0,0
10013,0,0,0,2,0,0
10014,0,0,33,0,1,0
10015,0,0,2,0,0,0
10016,0,0,0,0,0,0
10017,0,0,17,0,0,0
10018,0,0,0,0,0,0
10019,0,0,6,0,0,0
10020,0,0,54,0,0,0
10021,0,0,0,0,2,0
10022,0,0,0,0,0,0
10023,0,0,39,0,0,0
10024,0,0,14,0,0,0
10025,0,0,0,0,0,0
10026,0,0,21,0,1,0
10027,0,0,2,0,0,0
10028,0,0,0,0,0,0
10029,0,0,0,0,0,0
10030,0,0,0,0,0,0
10031,0,0,0,0,0,0
10032,0,0,0,0,0,0
10033,0,0,8,0,0,0
10034,0,0,2,0,0,0
10035,0,0,0,0,0,0
10036,0,0,1,0,0,0
10037,0,0,0,0,1,0
10038,0,0,0,0,1,0
10039,0,0,5,0,0,0
10040,0,0,0,0,0,0
10041,0,0,0,0,0,0
10042,0,0,0,0,0,0
10043,0,0,2,0,0,0
10044,0,0,1,0,0,0
10045,0,0,0,0,0,0
10046,0,0,4,0,0,0
10047,0,0,0,0,0,0
10048,0,0,0,0,0,0
10049,0,0,0,0,0,0
10050,0,0,0,0,0,0
10051,0,0,0,0,1,0
10052,0,0,12,0,0,0
10053,0,0,18,0,0,0
10054,0,0,0,0,0,0
10055,0,0,0,0,0,0
10056,0,0,1,0,0,0
10057,0,0,1,0,0,0
10058,0,0,0,0,0,0
10059,0,0,9,0,0,0
10060,0,0,6,0,0,0
10061,0,0,0,0,0,0
10062,0,0,13,0,0,0
10063,0,0,6,0,0,0
10064,0,0,0,0,0,0
10065,0,0,2,0,0,0
10066,0,0,0,0,1,0
10067,0,0,0,7,0,1
10068,0,0,0,5,0,0
10069,0,0,0,0,0,0
10070,0,0,0,0,0,0
10071,0,0,0,0,0,0
10072,2,0,0,0,0,0
10073,0,0,0,0,0,0
10074,0,0,0,0,0,0
10075,0,0,0,0,0,0
10076,0,0,0,0,0,0
10077,2,0,0,0,0,0
10078,0,0,0,0,0,0
10079,0,0,0,0,0,0
10080,2,0,0,0,1,0
10081,0,0,0,0,0,0
10082,0,0,0,0,0,0
10083,0,0,0,0,0,0
10084,0,0,0,0,0,0
10085,0,0,0,0,0,0
10086,0,0,0,0,0,0
10087,0,0,0,0,0,0
10088,0,0,0,0,0,0
10089,0,0,0,0,0,0
10090,0,0,0,0,0,0
10091,0,0,0,0,0,0
10092,0,0,0,0,0,0
10093,0,0,0,0,0,0
10094,0,0,0,0,0,0
10095,0,0,0,0,0,0
10096,0,0,0,0,0,0
10097,0,0,0,0,0,0
10098,0,0,0,0,0,0
10099,0,0,0,0,0,0
10100,0,0,0,0,0,0
10101,0,0,0,0,0,0
10102,5,0,11,0,0,0
10103,12,0,0,0,0,0
10104,57,0,0,0,0,0
10105,86,0,7,0,0,0
10106,39,1,0,0,0,0
10107,48,0,1,0,0,0
10108,17,0,37,0,0,0
10109,13,0,0,0,0,0
10110,7,0,0,0,0,0
10111,0,0,4,0,0,0
10112,0,0,0,0,0,0
10113,0,0,0,0,0,0
10114,0,0,16,0,0,0
10115,0,0,10,0,0,0
10116,0,0,0,0,0,0
10117,0,0,0,0,0,0
10118,2,0,0,0,0,0
10119,3,0,0,0,0,0
10120,29,0,6,0,0,0
10121,28,0,7,0,0,0
10122,86,0,0,0,0,0
10123,100,0,2,0,0,0
10124,121,0,1,0,1,0
10125,104,0,2,0,0,0
10126,183,0,1,0,0,0
10127,146,0,26,0,0,0
10128,204,0,0,0,0,0
10129,139,0,0,0,0,0
10130,63,0,15,0,0,0
10131,119,0,0,10,0,0
10132,53,0,0,0,0,0
10133,121,0,13,0,0,0
10134,222,0,0,0,0,0
10135,247,0,0,0,0,0
10136,209,0,6,0,0,0
10137,143,0,0,0,0,0
10138,111,0,0,0,0,0
10139,104,0,0,0,0,0
10140,89,0,0,0,0,0
10141,59,0,0,0,0,0
10142,8,0,0,0,2,0
10143,12,0,0,0,0,0
10144,8,0,0,0,0,0
10145,10,0,0,0,0,0
10146,0,0,0,0,0,0
10147,6,0,2,0,0,0
10148,0,0,4,0,0,0
10149,0,0,6,0,0,0
10150,9,0,0,0,0,0
10151,30,0,12,0,0,0
10152,19,0,2,0,0,0
10153,97,0,0,0,0,0
10154,126,0,6,0,0,0
10155,206,0,0,0,0,0
10156,124,0,95,0,15,6
10157,12,0,223,0,3,25
10158,0,0,128,0,0,0
10159,0,0,0,0,0,0
10160,5,0,0,0,0,0
10161,1,0,0,0,0,0
10162,0,0,58,1,0,1
10163,0,0,207,0,0,22
10164,0,0,49,0,0,3
10165,0,0,0,0,0,0
10166,0,0,0,0,0,0
10167,0,0,0,0,0,0
10168,0,0,40,0,0,2
10169,4,0,109,0,0,11
10170,0,0,17,0,0,3
10171,0,0,0,0,0,0
10172,0,0,0,0,4,0
10173,0,0,0,0,0,0
10174,6,0,8,0,0,0
10175,0,0,18,0,0,0
10176,0,0,0,0,0,0
10177,0,0,143,0,3,82
10178,0,0,0,0,0,0
10179,0,0,1,0,0,0
10180,0,0,36,0,0,5
10181,0,0,18,0,0,1
10182,0,0,0,0,0,0
10183,0,0,0,0,0,0
10184,0,0,0,0,0,0
10185,0,0,11,0,0,0
10186,0,0,13,0,0,0
10187,0,0,185,0,3,19
10188,0,0,10,0,0,0
10189,0,0,0,0,0,0
10190,0,0,0,0,0,2
10191,0,0,0,0,0,2
10192,0,0,0,22,0,0
10193,0,0,23,0,0,0
10194,0,0,143,0,0,41
10195,0,0,9,0,0,0
10196,0,0,0,0,0,0
10197,0,0,0,0,0,0
10198,0,0,0,0,0,0
10199,0,0,7,0,0,0
10200,0,0,41,0,0,14
10201,0,0,56,0,0,10
10202,0,0,29,0,0,0
10203,0,0,0,0,0,0
10204,0,0,7,0,0,2
10205,0,0,8,0,0,0
10206,0,0,38,0,0,3
10207,0,0,37,0,0,11
10208,0,0,0,0,0,0
10209,0,0,0,0,0,0
10210,0,0,7,0,0,6
10211,0,0,0,0,0,0
10212,0,0,0,0,0,0
10213,0,0,0,0,0,0
10214,0,0,0,0,0,0
10215,0,0,0,0,0,0
10216,0,0,0,0,0,0
10217,0,0,0,0,0,0
10218,0,0,0,0,0,0
10219,0,0,0,0,0,0
10220,0,0,0,0,0,0
10221,0,0,0,0,0,0
10222,0,0,0,0,0,0
10223,0,0,0,0,0,0
10224,0,0,0,0,0,0
10225,0,0,0,0,0,0
10226,0,0,0,0,0,0
10227,0,0,0,0,0,0
10228,0,0,0,0,0,0
10229,0,0,0,0,0,0
10230,56,0,0,0,0,0
10231,198,0,0,0,2,0
10232,335,0,0,0,5,0
10233,449,0,0,0,0,0
10234,339,0,0,0,0,0
10235,284,0,0,0,0,0
10236,262,2,0,0,0,0
10237,4,0,0,0,0,0
10238,91,0,0,0,0,0
10239,262,0,0,0,0,0
10240,265,0,0,0,0,0
10241,146,0,0,0,0,0
10242,16,0,0,0,0,0
10243,1,0,1,0,0,0
10244,0,0,0,0,0,0
10245,0,0,0,0,0,0
10246,8,0,0,0,0,0
10247,1,0,0,0,0,0
10248,16,0,0,0,0,0
10249,60,0,0,0,0,0
10250,130,0,0,0,0,0
10251,29,0,0,0,0,0
10252,22,0,0,0,0,0
10253,0,0,0,0,0,0
10254,0,0,0,0,0,0
10255,0,0,0,0,0,0
10256,0,0,0,0,0,0
10257,0,0,0,0,0,0
10258,0,0,0,0,0,0
10259,0,0,0,0,0,0
10260,0,0,0,0,0,0
10261,0,0,3,0,0,0
10262,0,0,0,0,0,0
10263,0,0,2,0,0,0
10264,0,0,1,0,0,0
10265,0,0,0,0,0,0
10266,0,0,0,0,0,0
10267,0,0,0,0,0,0
10268,0,0,0,0,0,0
10269,0,0,0,0,0,0
10270,0,0,0,0,0,0
10271,0,0,0,0,0,0
10272,0,0,0,0,0,0
10273,0,0,0,0,0,0
10274,10,0,0,0,0,0
10275,25,0,0,0,0,0
10276,151,0,0,0,2,0
10277,400,0,0,0,0,0
10278,745,0,0,0,0,0
10279,1135,0,0,0,0,1
10280,1107,0,2,0,0,0
10281,825,0,0,0,0,0
10282,475,0,0,0,0,0
10283,441,0,0,14,0,0
10284,365,0,0,0,0,0
10285,522,0,0,0,0,0
10286,729,0,0,0,1,0
10287,892,0,0,0,0,0
10288,1292,0,0,0,0,0
10289,1709,0,0,0,0,0
10290,2168,0,0,0,0,0
10291,2316,0,0,4,0,0
10292,2096,0,0,0,0,0
10293,1748,0,0,0,0,0
10294,906,39,0,0,0,0
10295,243,136,0,0,0,0
10296,584,127,0,0,0,0
10297,773,153,0,0,0,0
10298,1031,46,0,0,0,0
10299,1585,140,0,0,0,0
10300,2130,139,0,0,0,0
10301,2336,78,0,0,0,0
10302,2463,18,0,0,1,0
10303,2269,29,0,0,0,0
10304,1774,81,0,0,0,0
10305,931,0,0,0,0,0
10306,431,0,0,0,0,0
10307,268,0,0,0,0,0
10308,234,0,0,0,0,0
10309,529,0,0,0,0,0
10310,1006,0,0,0,0,0
10311,1230,0,0,0,0,0
10312,1426,0,0,0,0,0
10313,1420,0,0,0,0,0
10314,1067,0,0,0,0,0
10315,500,0,0,0,0,0
10316,613,1,0,0,0,0
10317,743,89,0,0,0,0
10318,474,0,0,0,0,0
10319,251,0,0,0,0,0
10320,583,2,0,0,0,0
10321,502,39,0,0,0,0
10322,531,34,0,0,0,0
10323,135,10,0,0,0,0
10324,197,0,0,0,0,0
10325,35,0,0,0,0,0
10326,0,0,0,0,0,0
10327,49,0,0,0,0,0
10328,100,0,0,0,0,0
10329,72,0,0,0,0,0
10330,0,0,0,0,0,0
10331,0,0,0,0,0,0
10332,0,0,0,0,0,0
10333,0,0,0,0,0,0
10334,0,0,0,0,0,0
10335,0,0,0,0,0,0
10336,0,0,0,0,0,0
10337,0,0,0,0,0,0
10338,0,0,0,0,0,0
10339,0,0,0,0,0,0
10340,0,0,0,0,0,0
10341,2,0,0,0,0,0
10342,0,0,0,0,0,0
10343,0,0,0,0,0,0
10344,4,0,0,0,0,0
10345,13,0,0,0,0,0
10346,5,0,3,0,0,0
10347,0,0,0,0,0,0
10348,0,0,0,0,0,0
10349,0,0,0,0,0,0
10350,0,0,0,0,0,0
10351,0,0,0,0,0,0
10352,0,0,0,0,0,0
10353,0,0,0,0,0,0
10354,0,0,0,0,0,0
10355,0,0,0,0,0,0
10356,0,0,0,0,0,0
10357,0,0,0,0,0,0
10358,0,0,0,0,0,0
10359,0,0,0,0,0,0
10360,0,0,0,0,0,0
10361,0,0,2,0,0,0
10362,0,0,0,0,0,0
10363,0,0,0,0,0,0
10364,0,0,2,0,0,0
10365,0,0,0,0,0,0
10366,0,0,3,0,2,0
10367,0,0,3,0,0,0
10368,0,0,1,0,0,0
10369,0,0,0,0,0,0
10370,0,6,0,0,0,0
10371,37,2,0,0,0,0
10372,33,0,0,0,0,0
10373,73,3,0,0,0,0
10374,75,0,0,0,0,0
10375,3,0,0,0,0,0
10376,1,0,0,0,0,0
10377,0,0,0,0,0,0
10378,0,0,0,0,0,0
10379,0,0,0,0,0,0
10380,0,0,0,0,0,0
10381,0,0,0,0,0,0
10382,0,0,0,0,0,0
10383,0,0,0,0,0,0
10384,0,0,0,0,0,0
10385,0,0,0,0,0,0
10386,0,0,0,0,0,0
10387,0,0,0,0,0,0
10388,4,0,0,8,0,0
10389,27,8,0,9,0,0
10390,90,14,0,0,0,0
10391,81,0,0,0,0,0
10392,109,21,0,0,0,0
10393,51,2,0,1,0,0
10394,41,0,0,0,0,0
10395,28,0,0,0,0,0
10396,2,0,0,0,8,0
10397,7,0,0,0,0,0
10398,0,0,0,0,0,0
10399,0,0,0,0,0,0
10400,0,0,0,0,0,0
10401,0,0,0,0,0,0
10402,0,0,0,0,0,0
10403,0,0,0,0,0,0
10404,0,0,0,0,0,0
10405,0,0,0,0,0,0
10406,0,0,0,0,0,0
10407,0,0,0,0,0,0
10408,0,0,0,0,0,0
10409,0,0,0,0,0,0
10410,0,0,0,0,0,0
10411,0,0,0,0,0,0
10412,0,0,0,0,0,0
10413,0,0,0,0,0,0
10414,0,0,0,0,0,0
10415,0,0,0,0,0,0
10416,0,0,0,0,0,0
10417,0,0,0,0,0,0
10418,0,0,0,0,0,0
10419,0,0,0,0,0,0
10420,0,0,0,0,0,0
10421,0,0,0,0,0,0
10422,0,0,0,0,0,0
10423,0,0,0,0,0,0
10424,0,0,0,0,0,0
10425,0,0,0,0,0,0
10426,0,0,0,0,0,0
10427,0,0,0,0,0,0
10428,0,0,0,0,0,0
10429,0,0,0,0,0,0
10430,0,0,0,0,0,0
10431,0,0,0,0,0,0
10432,0,0,0,0,0,0
10433,0,0,0,0,0,0
10434,0,0,2,0,0,0
10435,0,0,0,0,0,0
10436,0,0,0,0,0,0
10437,0,0,0,0,0,0
10438,0,0,0,0,0,0
10439,0,0,0,0,0,0
10440,0,0,0,0,0,0
10441,0,0,0,0,0,0
10442,0,0,0,0,0,0
10443,0,0,0,0,0,0
10444,0,0,0,0,0,0
10445,0,0,0,0,0,0
10446,0,0,0,0,0,0
10447,0,0,0,0,0,0
10448,0,0,0,0,0,0
10449,0,0,0,0,0,0
10450,0,0,0,0,0,0
10451,0,0,0,0,0,0
10452,0,0,0,0,0,0
10453,0,0,0,0,0,0
10454,0,0,0,0,0,0
10455,0,0,0,4,0,0
10456,0,0,0,2,2,0
10457,0,0,0,0,0,0
10458,0,0,0,0,0,0
10459,0,0,0,0,0,0
10460,0,0,0,0,0,0
10461,0,0,0,0,0,0
10462,0,0,0,0,0,0
10463,0,0,0,0,0,0
10464,0,0,0,0,0,0
10465,0,0,0,0,0,0
10466,0,0,0,0,0,0
10467,0,0,0,0,0,0
10468,0,0,2,0,0,0
10469,0,0,0,0,0,0
10470,0,0,0,0,0,0
10471,0,0,0,0,0,0
10472,3,0,5,0,0,0
10473,0,0,0,0,0,0
10474,0,0,0,0,0,0
10475,0,0,0,0,0,0
10476,0,0,0,0,0,0
10477,0,0,3,0,0,0
10478,0,0,0,0,0,0
10479,0,0,0,0,0,0
10480,0,0,0,0,0,0
10481,0,0,0,0,0,0
10482,0,0,0,0,0,0
10483,0,0,0,0,0,0
10484,0,0,0,0,0,0
10485,0,0,0,0,0,0
10486,19,0,0,0,0,0
10487,13,0,0,0,0,0
10488,0,0,0,0,0,0
10489,0,0,0,0,0,0
10490,0,0,0,0,0,0
10491,0,0,0,0,0,0
10492,2,0,0,0,0,0
10493,3,0,0,0,0,0
10494,5,0,0,0,0,0
10495,0,0,0,0,0,0
10496,2,0,0,0,0,0
10497,25,0,0,0,0,0
10498,47,0,0,0,0,0
10499,67,0,0,0,0,0
10500,116,0,0,0,0,0
10501,79,0,0,0,0,0
10502,46,0,0,0,2,0
10503,20,0,0,0,2,0
10504,1,0,0,0,0,0
10505,16,0,0,0,0,0
10506,64,0,0,0,0,0
10507,128,0,0,0,0,0
10508,59,0,0,0,0,0
10509,16,0,0,0,0,0
10510,4,0,0,0,0,0
10511,0,0,0,0,0,0
10512,0,0,0,0,0,0
10513,0,0,0,0,0,0
10514,0,0,0,7,0,0
10515,0,0,0,4,0,0
10516,0,0,2,0,0,0
10517,0,0,0,0,0,0
10518,0,0,0,0,0,0
10519,0,0,0,0,0,0
10520,0,0,0,0,0,0
10521,0,0,0,0,0,0
10522,1,0,0,0,0,0
10523,2,0,0,0,0,0
10524,0,0,0,0,0,0
10525,0,0,0,0,0,0
10526,0,0,0,0,0,0
10527,0,0,0,0,0,0
10528,0,0,0,0,0,0
10529,0,0,0,0,0,0
10530,0,0,0,0,0,0
10531,0,0,0,0,0,0
10532,1,0,0,0,0,0
10533,22,0,0,0,0,0
10534,5,0,0,0,0,0
10535,0,0,0,0,0,0
10536,0,0,0,0,0,0
10537,0,0,0,0,0,0
10538,0,0,0,0,0,0
10539,0,0,0,0,0,0
10540,0,0,0,0,0,0
10541,0,0,0,0,0,0
10542,0,0,0,0,0,0
10543,0,0,0,0,0,0
10544,0,0,0,0,0,0
10545,0,0,0,0,0,0
10546,0,0,0,0,0,0
10547,0,0,0,0,1,0
10548,0,0,0,0,0,0
10549,0,0,0,0,0,0
10550,0,0,0,0,0,0
10551,0,0,0,0,0,0
10552,0,0,0,0,0,0
10553,0,0,0,0,0,0
10554,0,0,0,0,0,0
10555,0,0,0,0,0,0
10556,0,0,0,0,0,0
10557,0,0,0,0,0,0
10558,0,0,0,0,0,0
10559,0,0,0,0,0,0
10560,0,0,0,0,0,0
10561,0,0,0,0,1,0
10562,0,0,0,0,0,0
10563,0,0,0,0,0,0
10564,0,0,0,0,0,0
10565,0,0,0,0,0,0
10566,0,0,0,0,0,0
10567,0,0,0,0,0,0
10568,0,0,0,0,0,0
10569,0,0,0,0,0,0
10570,0,0,0,0,0,0
10571,0,0,0,0,0,0
10572,0,0,0,0,0,0
10573,0,0,0,0,0,0
10574,0,0,0,0,0,0
10575,0,0,0,0,0,0
10576,0,0,0,0,0,0
10577,0,0,0,0,0,0
10578,0,0,0,0,2,0
10579,0,0,0,0,0,0
10580,0,0,0,0,0,0
10581,0,0,0,0,0,0
10582,0,0,0,1,0,0
10583,0,0,0,0,0,0
10584,0,0,0,0,0,0
10585,0,0,0,0,0,0
10586,0,0,0,0,0,0
10587,0,0,0,0,0,0
10588,0,0,0,0,0,0
10589,0,0,0,0,0,0
10590,0,0,0,0,0,0
10591,0,0,0,0,0,0
10592,0,0,0,0,0,0
10593,0,0,0,0,0,0
10594,0,0,0,0,0,0
10595,0,0,0,0,0,0
10596,0,0,0,0,0,0
10597,1,0,0,0,0,0
10598,3,0,0,0,0,0
10599,0,0,0,0,0,0
10600,27,0,2,0,0,0
10601,20,0,0,0,0,0
10602,15,0,0,0,0,0
10603,29,0,3,0,0,0
10604,5,0,0,0,0,0
10605,0,0,3,0,0,0
10606,0,0,8,1,3,0
10607,0,0,0,10,0,0
10608,0,0,11,0,0,0
10609,0,0,29,0,0,0
10610,0,0,0,0,0,0
10611,0,0,0,0,0,0
10612,0,0,16,0,0,0
10613,0,0,0,0,0,0
10614,7,0,1,0,0,0
10615,1,0,17,0,0,0
10616,22,0,1,0,0,0
10617,61,0,0,0,0,0
10618,20,0,21,0,0,0
10619,18,0,1,0,0,0
10620,15,0,0,0,0,0
10621,12,0,8,0,0,0
10622,8,0,0,0,0,0
10623,88,0,0,0,0,0
10624,118,0,5,0,0,0
10625,150,0,0,0,0,0
10626,75,0,0,0,0,0
10627,38,0,0,0,0,0
10628,0,0,4,0,0,0
10629,2,0,0,0,0,0
10630,15,0,0,0,0,0
10631,4,0,0,0,0,0
10632,20,0,0,0,0,0
10633,23,0,0,0,0,0
10634,22,0,1,0,0,0
10635,8,0,0,0,0,0
10636,0,0,0,0,0,0
10637,0,0,0,0,0,0
10638,0,0,0,0,0,0
10639,0,0,0,0,0,0
10640,0,0,0,0,0,0
10641,0,0,0,0,0,0
10642,0,0,0,0,0,0
10643,0,0,0,0,0,0
10644,0,0,0,0,0,0
10645,0,0,0,0,0,0
10646,0,0,0,0,0,0
10647,0,0,0,0,0,0
10648,0,0,0,0,0,0
10649,0,0,0,0,0,0
10650,0,0,0,0,0,0
10651,0,0,0,0,0,0
10652,0,0,0,0,0,0
10653,0,0,0,0,0,0
10654,0,0,0,0,0,0
10655,0,0,0,0,0,0
10656,0,0,0,0,0,0
10657,0,0,0,0,0,0
10658,0,0,0,0,0,0
10659,0,0,0,0,0,0
10660,0,0,0,0,0,0
10661,0,0,0,0,0,0
10662,0,0,0,0,0,0
10663,0,0,0,0,0,0
10664,5,0,0,0,0,0
10665,0,0,0,0,0,0
10666,0,0,0,0,1,0
10667,0,0,0,0,0,0
10668,37,0,0,0,0,0
10669,42,0,0,0,0,0
10670,0,0,0,0,0,0
10671,9,0,0,0,0,0
10672,0,0,0,0,0,0
10673,1,0,0,0,0,0
10674,31,1,0,0,0,0
10675,28,0,0,0,0,0
10676,23,0,0,0,0,0
10677,36,0,0,0,0,0
10678,103,0,0,0,0,0
10679,93,0,0,0,0,0
10680,3,0,0,0,0,0
10681,0,0,0,0,2,0
10682,2,0,0,0,0,0
10683,2,0,0,0,0,0
10684,0,0,0,0,0,0
10685,0,0,0,0,0,0
10686,0,0,0,13,0,0
10687,0,0,0,0,0,0
10688,0,0,0,0,0,0
10689,0,0,0,0,0,0
10690,0,0,0,0,0,0
10691,0,0,0,0,0,0
10692,0,0,0,0,0,0
10693,0,0,0,0,0,0
10694,0,0,0,0,0,0
10695,0,0,0,0,0,0
10696,3,0,0,0,2,0
10697,15,0,0,0,2,0
10698,0,0,0,0,0,0
10699,0,0,0,0,0,13
10700,0,0,0,0,0,27
10701,0,0,0,0,0,35
10702,0,0,0,0,0,39
10703,0,0,2,0,0,12
10704,0,0,0,0,0,0
10705,0,0,0,0,0,0
10706,0,0,0,0,0,0
10707,0,0,0,0,0,0
10708,0,0,0,0,0,0
10709,0,0,0,0,0,21
10710,0,0,0,0,0,0
10711,0,0,0,0,0,0
10712,0,0,0,0,0,0
10713,0,0,0,0,0,120
10714,0,0,0,0,0,197
10715,0,0,0,0,0,117
10716,0,0,0,0,0,7
10717,0,0,0,0,0,0
10718,0,0,0,0,0,0
10719,15,0,0,0,0,0
10720,0,0,0,0,0,0
10721,0,0,0,0,0,0
10722,0,0,0,0,0,0
10723,0,0,0,0,0,0
10724,0,0,0,0,0,0
10725,0,0,0,0,0,0
10726,0,0,0,0,1,0
10727,0,0,0,0,0,0
10728,0,0,0,0,0,0
10729,0,0,0,0,0,0
10730,0,0,2,0,0,0
10731,0,0,0,0,0,0
10732,0,0,0,0,0,0
10733,0,0,0,0,0,0
10734,0,0,0,0,0,0
10735,0,0,0,0,0,0
10736,0,0,0,0,0,0
10737,0,0,0,0,0,0
10738,0,0,0,0,0,0
10739,0,0,0,0,1,0
10740,0,0,0,0,0,0
10741,0,0,0,0,1,0
10742,0,0,0,0,2,0
10743,0,0,0,0,1,0
10744,0,0,0,14,0,0
10745,0,0,0,0,0,0
10746,0,0,0,0,0,0
10747,0,0,0,0,0,0
10748,0,0,1,0,0,0
10749,0,0,0,0,0,0
10750,0,0,0,2,0,0
10751,0,0,1,0,1,0
10752,0,0,0,0,0,0
10753,0,0,0,0,0,0
10754,0,0,0,0,0,0
10755,0,0,0,0,0,0
10756,0,0,1,1,2,0
10757,0,0,0,0,2,0
10758,0,0,13,1,0,0
10759,0,0,0,0,0,0
10760,0,0,0,0,0,0
10761,0,0,1,0,0,0
10762,0,0,0,0,0,0
10763,0,0,3,0,0,0
10764,0,0,14,0,0,0
10765,0,0,9,0,0,0
10766,0,0,0,2,0,0
10767,0,0,6,0,0,0
10768,0,0,0,2,0,0
10769,0,0,0,0,0,0
10770,0,0,5,0,1,0
10771,0,0,0,0,8,0
10772,0,0,0,0,0,0
10773,0,0,17,0,0,0
10774,0,0,5,0,0,0
10775,0,0,0,0,0,0
10776,0,0,0,0,0,0
10777,0,0,6,0,0,0
10778,0,0,0,0,0,0
10779,0,0,0,0,0,0
10780,0,0,8,0,0,0
10781,0,0,0,0,0,0
10782,0,0,0,0,0,0
10783,0,0,0,0,0,0
10784,0,0,0,0,0,0
10785,0,0,0,0,0,0
10786,0,0,0,0,2,0
10787,0,0,0,0,0,0
10788,0,0,0,0,0,0
10789,0,0,0,0,1,0
10790,0,0,0,0,0,0
10791,0,0,0,0,0,0
10792,0,0,0,0,0,0
10793,0,0,0,0,0,0
10794,0,0,0,0,0,0
10795,0,0,0,0,0,0
10796,0,0,0,0,0,0
10797,0,0,0,0,0,0
10798,0,0,0,0,0,0
10799,0,0,0,0,0,0
10800,0,0,0,0,0,0
10801,0,0,0,0,1,0
10802,0,0,0,0,1,2
10803,0,0,0,0,0,0
10804,0,0,0,0,0,0
10805,0,0,0,0,0,0
10806,0,0,0,0,0,0
10807,0,0,0,0,0,0
10808,0,0,0,0,0,0
10809,0,0,0,0,0,0
10810,0,0,0,0,0,0
10811,0,0,0,0,0,0
10812,0,0,0,0,0,0
10813,0,0,0,0,0,0
10814,0,0,14,0,0,0
10815,0,0,10,0,0,0
10816,0,0,0,0,2,0
10817,0,0,15,0,0,0
10818,0,0,8,0,0,0
10819,0,0,0,0,0,0
10820,0,0,90,0,0,1
10821,0,0,37,0,0,0
10822,0,0,0,0,0,0
10823,0,0,78,0,0,0
10824,0,0,17,0,0,0
10825,0,0,2,0,0,0
10826,0,0,51,0,0,0
10827,0,0,22,0,0,0
10828,0,0,0,0,0,0
10829,0,0,26,0,0,0
10830,0,0,5,0,0,0
10831,0,0,0,0,1,0
10832,0,0,4,0,2,0
10833,0,0,2,0,0,0
10834,0,0,0,0,0,0
10835,8,0,5,0,0,0
10836,0,0,0,0,0,0
10837,5,0,0,10,0,0
10838,7,0,1,127,0,0
10839,0,0,0,156,0,0
10840,0,0,0,90,0,0
10841,0,0,10,43,0,0
10842,0,0,0,0,18,0
10843,0,0,0,0,26,0
10844,0,0,5,8,85,0
10845,0,0,23,14,191,0
10846,0,0,12,10,81,0
10847,0,0,0,15,42,0
10848,6,0,36,27,0,0
10849,0,0,27,20,0,4
10850,0,0,5,22,0,0
10851,0,0,207,3,0,12
10852,0,0,91,8,123,2
10853,0,0,2,17,0,0
10854,0,0,112,5,0,0
10855,0,0,97,25,0,1
10856,0,0,0,7,0,0
10857,0,0,64,0,0,0
10858,0,0,152,1,0,0
10859,0,0,9,0,0,0
10860,0,0,17,0,0,0
10861,0,0,41,0,0,0
10862,0,0,9,0,0,0
10863,0,0,2,43,0,0
10864,0,0,51,103,0,0
10865,0,0,0,3,1,0
10866,0,0,0,4,0,0
10867,0,0,6,78,0,0
10868,0,0,0,46,0,0
10869,0,0,0,32,0,0
10870,0,0,0,0,0,0
10871,0,0,0,18,0,0
10872,0,0,0,8,0,0
10873,0,0,0,0,0,0
10874,0,0,0,11,0,0
10875,0,0,0,0,0,0
10876,0,0,0,0,0,0
10877,0,0,0,1,0,0
10878,0,0,0,0,0,0
10879,0,0,0,0,0,0
10880,0,0,0,0,0,0
10881,0,0,0,0,0,0
10882,0,0,0,0,0,0
10883,0,0,0,0,0,0
10884,0,0,0,21,0,0
10885,0,0,0,0,0,0
10886,0,0,0,0,0,0
10887,0,0,0,29,0,0
10888,0,0,0,20,0,0
10889,0,0,0,0,0,0
10890,0,0,0,10,0,0
10891,0,0,0,9,0,0
10892,0,0,0,4,1,0
10893,0,0,0,0,0,0
10894,0,0,0,0,0,0
10895,0,0,0,2,0,0
10896,0,0,0,10,0,0
10897,0,0,0,21,0,0
10898,0,0,0,15,0,0
10899,0,0,0,0,0,0
10900,0,0,0,0,0,0
10901,0,0,0,0,0,0
10902,0,0,0,0,0,0
10903,0,0,0,0,0,0
10904,0,0,0,0,0,0
10905,0,0,0,0,0,0
10906,0,0,0,0,0,0
10907,0,0,0,53,0,0
10908,0,0,0,94,0,0
10909,0,0,0,33,0,0
10910,0,0,0,0,0,0
10911,0,0,0,31,0,0
10912,0,0,0,4,0,0
10913,0,0,0,35,0,0
10914,0,0,0,0,0,0
10915,0,0,0,0,0,0
10916,0,0,0,0,0,0
10917,0,0,0,0,0,0
10918,0,0,0,0,0,0
10919,0,0,0,3,0,0
10920,0,0,0,1,0,0
10921,0,0,0,24,0,0
10922,0,0,0,3,0,0
10923,0,0,0,31,0,0
10924,0,0,0,20,0,0
10925,0,0,0,0,0,0
10926,0,0,0,5,0,0
10927,0,0,0,19,0,0
10928,0,0,0,12,0,0
10929,0,0,0,0,0,0
10930,0,0,0,5,0,0
10931,0,0,0,31,0,0
10932,0,0,0,0,0,0
10933,0,0,0,0,0,0
10934,0,0,0,0,0,0
10935,0,0,0,6,0,0
10936,0,0,7,47,3,2
10937,0,0,0,6,0,0
10938,0,0,0,0,0,0
10939,0,0,0,0,0,0
10940,0,0,3,9,0,0
10941,0,0,0,23,0,0
10942,0,0,0,0,0,0
10943,0,0,1,0,0,0
10944,0,0,0,0,0,0
10945,0,0,0,0,0,0
10946,0,0,0,0,0,0
10947,0,0,0,0,0,0
10948,0,0,0,0,0,0
10949,0,0,0,0,0,0
10950,0,0,0,0,0,0
10951,0,0,0,0,4,0
10952,0,0,0,0,0,0
10953,0,0,0,0,0,0
10954,0,0,0,0,0,0
10955,0,0,0,0,9,0
10956,0,0,0,0,0,0
10957,0,0,0,0,8,0
10958,0,0,0,0,15,0
10959,0,0,0,0,53,0
10960,0,0,0,1,18,0
10961,0,0,0,3,19,0
10962,0,0,0,10,0,0
10963,0,0,0,7,14,0
10964,0,0,0,7,0,0
10965,0,0,0,8,3,0
10966,0,0,0,8,4,0
10967,0,0,0,18,0,0
10968,0,0,0,64,0,0
10969,0,0,0,26,0,0
10970,0,0,0,0,9,0
10971,0,0,0,0,0,0
10972,0,0,0,6,0,0
10973,0,0,0,26,0,0
10974,0,0,0,37,0,0
10975,0,0,0,2,0,0
10976,0,0,0,29,0,0
10977,0,0,5,172,0,0
10978,0,0,4,1,0,0
10979,0,0,0,15,0,0
10980,0,0,7,5,0,0
10981,0,0,7,14,0,0
10982,0,0,0,0,1,0
10983,0,0,11,0,0,0
10984,0,0,7,0,0,0
10985,0,0,0,45,0,0
10986,0,0,0,8,0,0
10987,0,0,0,13,0,0
10988,0,0,0,80,0,0
10989,0,0,0,0,0,0
10990,0,0,2,0,2,0
10991,0,0,0,62,0,0
10992,0,0,0,5,0,0
10993,0,0,0,0,0,0
10994,0,0,0,0,0,0
10995,0,0,0,1,0,0
10996,0,0,0,12,0,0
10997,0,0,0,30,2,0
10998,0,0,0,0,0,0
10999,0,0,0,0,2,0
11000,0,0,0,0,0,0
11001,0,0,0,0,0,0
11002,0,0,0,0,0,0
11003,0,0,0,0,0,0
11004,0,0,0,0,0,0
11005,0,0,0,0,0,0
11006,0,0,0,0,0,0
11007,0,0,0,0,1,0
11008,0,0,0,58,0,0
11009,0,0,0,83,0,0
11010,0,0,0,17,0,0
11011,0,0,0,0,0,0
11012,0,0,0,0,0,0
11013,0,0,0,0,0,0
11014,0,0,0,0,0,0
11015,0,0,0,0,0,0
11016,0,0,0,0,0,0
11017,0,0,0,0,0,0
11018,0,0,0,0,0,0
11019,0,0,0,0,0,0
11020,0,0,0,0,0,0
11021,0,0,0,0,0,0
11022,0,0,0,51,0,0
11023,0,0,0,29,0,0
11024,0,0,0,23,0,0
11025,0,0,0,0,0,0
11026,0,0,0,0,0,0
11027,0,0,0,0,0,0
11028,0,0,0,29,0,0
11029,0,0,0,5,0,0
11030,0,0,0,40,0,0
11031,0,0,4,6,0,0
11032,0,0,0,0,0,0
11033,0,0,0,3,0,0
11034,0,0,2,13,0,0
11035,0,0,0,1,0,0
11036,0,0,1,44,0,0
11037,0,0,20,7,1,0
11038,0,0,0,15,0,0
11039,0,0,0,12,0,0
11040,0,0,8,0,0,0
11041,0,0,25,29,7,0
11042,0,0,2,145,0,0
11043,0,0,42,141,0,0
11044,0,0,3,50,0,0
11045,0,0,0,13,0,0
11046,0,0,12,22,0,0
11047,0,0,0,10,0,0
11048,0,0,0,72,0,0
11049,0,0,9,0,0,0
11050,0,0,0,0,0,0
11051,0,0,0,21,1,0
11052,0,0,1,45,7,0
11053,0,0,2,4,0,0
11054,0,0,0,0,0,0
11055,0,0,0,0,0,0
11056,0,0,11,5,23,0
11057,0,0,17,14,16,0
11058,0,0,0,2,0,0
11059,0,0,0,0,0,0
11060,0,0,2,0,0,0
11061,0,0,0,0,0,0
11062,0,0,1,0,0,0
11063,0,0,4,0,0,0
11064,0,0,0,0,0,0
11065,0,0,0,0,0,0
11066,0,0,6,0,0,0
11067,0,0,0,0,0,0
11068,0,0,0,0,0,0
11069,0,0,22,0,0,0
11070,0,0,20,0,0,0
11071,0,0,0,0,0,0
11072,0,0,30,0,0,0
11073,0,0,0,0,0,0
11074,0,0,0,0,0,0
11075,0,0,39,0,0,0
11076,0,0,0,0,0,0
11077,0,0,0,0,0,0
11078,0,0,0,0,0,0
11079,0,0,17,0,0,0
11080,0,0,0,0,0,0
11081,20,0,9,0,0,0
11082,15,0,51,0,0,1
11083,0,0,0,0,0,0
11084,0,0,0,0,0,0
11085,0,0,2,0,0,0
11086,0,0,2,0,1,0
11087,0,0,0,0,0,0
11088,0,0,31,0,0,0
11089,0,0,19,0,0,0
11090,0,0,0,0,0,0
11091,0,0,16,0,0,0
11092,0,0,15,0,0,0
11093,0,0,0,0,0,0
11094,10,0,15,0,0,0
11095,7,0,17,0,0,0
11096,16,0,0,0,0,0
11097,21,0,0,0,0,0
11098,7,0,0,0,0,0
11099,1,0,0,0,0,0
11100,0,0,0,0,0,0
11101,0,0,0,10,0,0
11102,0,0,0,0,2,0
11103,0,0,0,2,2,0
11104,0,0,0,0,0,0
11105,0,0,0,4,0,0
11106,0,0,0,0,0,0
11107,0,0,0,0,0,0
11108,0,0,0,7,0,0
11109,0,0,0,14,0,0
11110,0,0,0,42,0,0
11111,0,0,0,75,3,0
11112,0,0,0,97,0,0
11113,0,0,0,117,0,0
11114,0,0,0,106,40,0
11115,0,0,0,59,17,0
11116,0,0,0,28,3,0
11117,0,0,0,8,0,0
11118,0,0,0,0,1,0
11119,0,0,0,0,0,0
11120,0,0,0,0,0,0
11121,0,0,0,2,0,0
11122,0,0,0,20,0,0
11123,0,0,0,59,0,0
11124,0,0,0,125,0,0
11125,0,0,0,174,0,0
11126,0,0,0,246,0,0
11127,0,0,2,200,0,0
11128,0,0,0,203,0,0
11129,0,0,0,189,0,0
11130,0,0,0,32,0,0
11131,0,0,0,15,0,0
11132,0,0,0,0,1,0
11133,0,0,0,0,0,0
11134,0,0,0,0,0,0
11135,0,0,0,0,0,0
11136,0,0,0,0,0,0
11137,0,0,0,0,0,0
11138,0,0,0,3,0,0
11139,0,0,0,1,0,0
11140,0,0,0,0,0,0
11141,0,0,0,33,0,0
11142,0,0,0,30,0,0
11143,0,0,0,18,0,0
11144,0,0,0,70,0,0
11145,0,0,0,45,0,0
11146,0,0,0,32,0,0
11147,0,0,0,7,0,0
11148,0,0,0,3,0,0
11149,0,0,0,10,0,0
11150,0,0,0,0,0,0
11151,0,0,0,0,0,0
11152,0,0,0,5,0,0
11153,0,0,0,0,0,0
11154,0,0,0,0,0,0
11155,0,0,0,0,0,0
11156,0,0,0,15,0,0
11157,0,0,0,34,0,0
11158,0,0,0,0,0,0
11159,0,0,0,0,0,0
11160,0,0,0,0,0,0
11161,0,0,0,9,1,0
11162,0,0,0,0,0,0
11163,0,0,0,0,0,0
11164,0,0,0,1,1,0
11165,0,0,0,0,0,0
11166,0,0,0,0,1,0
11167,0,0,0,0,0,0
11168,0,0,0,0,0,0
11169,0,0,0,0,0,0
11170,0,0,0,0,7,0
11171,0,0,0,0,1,0
11172,0,0,0,0,1,0
11173,0,0,0,0,0,0
11174,0,0,0,0,0,0
11175,0,0,0,0,0,0
11176,0,0,0,0,2,0
11177,0,0,0,4,9,1
11178,0,0,0,0,0,0
11179,0,0,0,0,0,0
11180,0,0,0,16,0,0
11181,0,0,0,0,0,0
11182,0,0,0,0,0,0
11183,0,0,0,0,0,0
11184,0,0,0,7,0,0
11185,0,0,0,0,0,0
11186,0,0,0,0,0,0
11187,0,0,0,0,0,0
11188,0,0,0,43,0,0
11189,0,0,0,69,0,0
11190,0,0,0,116,0,0
11191,0,0,0,112,1,0
11192,0,0,0,72,0,0
11193,0,0,0,82,1,0
11194,0,0,0,67,0,0
11195,0,0,0,48,0,0
11196,0,0,0,19,0,0
11197,0,0,0,0,0,0
11198,0,0,0,0,0,0
11199,0,0,0,0,0,0
11200,0,0,0,0,0,0
11201,0,0,0,18,0,0
11202,0,0,0,0,0,0
11203,0,0,0,0,0,0
11204,0,0,0,0,0,0
11205,0,0,0,0,0,0
11206,0,0,0,13,1,0
11207,0,0,0,9,0,0
11208,0,0,0,0,0,0
11209,0,0,1,0,0,0
11210,0,0,0,11,0,0
11211,0,0,0,0,0,0
11212,0,0,0,0,0,0
11213,0,0,0,57,0,0
11214,0,0,0,46,0,0
11215,0,0,0,3,0,0
11216,0,0,0,0,0,0
11217,0,0,0,34,0,0
11218,0,0,0,62,0,0
11219,0,0,0,0,0,0
11220,0,0,0,0,0,0
11221,0,0,0,0,1,0
11222,0,0,0,0,1,0
11223,0,0,0,0,0,0
11224,0,0,0,0,0,0
11225,0,0,7,8,0,0
11226,0,0,2,10,0,0
11227,0,0,0,0,0,0
11228,0,0,0,23,0,0
11229,0,0,0,8,0,0
11230,0,0,0,0,1,0
11231,0,0,0,36,0,0
11232,0,0,24,25,0,0
11233,0,0,0,0,0,0
11234,0,0,5,102,0,0
11235,0,0,25,72,0,0
11236,0,0,4,12,3,0
11237,0,0,8,0,0,0
11238,0,0,38,10,0,0
11239,0,0,0,0,0,0
11240,0,0,0,1,0,0
11241,0,0,85,0,0,1
11242,0,0,18,0,0,0
11243,0,0,5,0,0,0
11244,0,0,31,26,1,0
11245,0,0,27,0,0,0
11246,0,0,3,0,0,0
11247,0,0,57,0,0,0
11248,0,0,7,0,0,0
11249,0,0,3,33,0,0
11250,0,0,46,86,0,0
11251,0,0,4,121,2,0
11252,0,0,0,65,0,0
11253,0,0,4,39,0,0
11254,0,0,8,61,0,0
11255,0,0,0,50,0,0
11256,0,0,0,157,0,0
11257,0,0,0,178,0,0
11258,0,0,0,271,0,0
11259,0,0,0,177,0,0
11260,7,0,0,72,0,0
11261,13,0,0,16,0,0
11262,4,0,0,7,0,0
11263,18,0,0,3,0,0
11264,21,0,0,14,0,0
11265,14,0,0,0,0,0
11266,3,0,0,0,0,0
11267,0,0,0,17,0,0
11268,0,0,0,0,0,0
11269,0,0,0,0,0,0
11270,27,0,0,0,0,0
11271,27,0,0,0,0,0
11272,124,0,0,0,0,0
11273,77,0,0,0,0,0
11274,91,0,0,0,0,0
11275,66,0,0,0,0,0
11276,28,0,0,0,0,0
11277,12,0,0,0,0,0
11278,0,0,0,0,0,0
11279,0,0,2,0,0,0
11280,0,0,0,5,0,0
11281,2,0,0,6,7,0
11282,0,0,8,0,0,0
11283,11,0,0,0,0,0
11284,0,0,0,0,0,0
11285,0,0,0,0,0,0
11286,1,0,0,0,0,0
11287,0,0,0,0,0,0
11288,0,0,0,0,0,0
11289,0,0,0,0,0,0
11290,0,0,0,0,0,0
11291,0,0,0,0,0,0
11292,0,0,0,0,0,0
11293,0,0,0,0,0,0
11294,0,0,0,0,0,0
11295,0,0,0,0,0,0
11296,0,0,0,0,0,0
11297,0,0,0,0,0,0
11298,0,0,0,0,0,0
11299,0,0,0,0,0,0
11300,0,0,8,0,0,0
11301,0,0,0,0,0,0
11302,0,0,0,0,0,0
11303,0,0,0,0,0,0
11304,0,0,0,0,0,0
11305,0,0,0,0,0,0
11306,0,0,0,0,0,0
11307,0,0,6,0,0,0
11308,0,0,0,0,0,0
11309,0,0,0,0,0,0
11310,0,0,3,0,0,0
11311,0,0,0,0,0,0
11312,0,0,0,1,0,0
11313,0,0,0,11,0,0
11314,0,0,0,9,0,0
11315,0,0,0,32,0,0
11316,0,0,0,15,0,0
11317,0,0,0,0,0,0
11318,0,0,0,12,0,0
11319,0,0,0,0,0,0
11320,0,0,0,4,0,0
11321,0,0,0,80,0,0
11322,0,0,0,197,0,0
11323,0,0,0,370,0,0
11324,0,0,0,467,0,0
11325,0,0,0,453,0,0
11326,0,0,0,432,5,0
11327,0,0,0,267,10,0
11328,0,0,0,171,0,0
11329,0,0,0,72,0,0
11330,0,0,0,74,1,0
11331,0,0,0,43,0,0
11332,0,0,0,29,0,0
11333,0,0,0,23,0,0
11334,0,0,0,4,0,0
11335,0,0,0,2,0,0
11336,0,0,0,40,0,0
11337,0,0,0,29,0,0
11338,0,0,0,153,0,0
11339,0,0,0,108,0,0
11340,0,0,0,128,0,0
11341,0,0,0,173,1,0
11342,0,0,0,164,0,0
11343,0,0,0,367,0,0
11344,0,0,0,693,0,0
11345,0,0,0,583,0,0
11346,0,0,0,369,5,0
11347,0,0,0,187,8,0
11348,0,0,0,169,14,0
11349,0,0,0,64,1,0
11350,0,0,0,61,4,0
11351,0,0,0,85,1,0
11352,0,0,0,96,1,0
11353,0,0,0,89,0,0
11354,0,0,0,139,0,0
11355,0,0,0,63,0,0
11356,0,0,2,2,0,0
11357,0,0,0,31,0,0
11358,0,0,0,2,0,0
11359,0,0,4,2,0,0
11360,2,0,0,7,0,0
11361,5,0,0,2,0,0
11362,0,0,0,0,0,0
11363,0,0,0,5,0,0
11364,0,0,0,0,0,0
11365,6,0,0,6,0,0
11366,0,0,0,0,0,0
11367,0,0,0,0,0,0
11368,0,0,0,0,0,0
11369,0,0,0,0,0,0
11370,0,0,0,0,0,0
11371,0,0,0,0,0,0
11372,0,0,3,0,0,0
11373,0,0,0,0,0,0
11374,0,0,0,0,0,0
11375,0,0,0,0,0,0
11376,0,0,0,0,0,0
11377,0,0,0,0,0,0
11378,0,0,0,0,0,0
11379,0,0,0,4,0,0
11380,0,0,0,0,0,0
11381,0,0,2,35,0,0
11382,0,0,2,190,0,0
11383,0,0,0,436,0,0
11384,0,0,11,627,0,0
11385,0,0,0,699,0,0
11386,0,0,0,861,4,0
11387,0,0,0,1173,0,0
11388,0,0,1,1219,0,0
11389,0,0,0,1170,0,0
11390,0,0,0,847,0,0
11391,0,0,0,586,0,0
11392,0,0,0,231,0,0
11393,0,0,0,54,0,0
11394,0,0,0,0,0,0
11395,0,0,0,0,0,0
11396,0,0,0,0,0,0
11397,0,0,0,0,0,0
11398,0,0,0,0,0,0
11399,0,0,0,0,0,0
11400,0,0,0,0,0,0
11401,0,0,0,0,1,0
11402,0,0,0,0,0,0
11403,0,0,0,0,1,0
11404,0,0,0,0,0,0
11405,0,0,0,0,0,0
11406,0,0,0,0,0,0
11407,0,0,0,0,0,0
11408,2,0,0,26,0,0
11409,0,0,0,11,0,0
11410,3,0,0,54,0,0
11411,5,0,0,97,0,0
11412,0,0,0,216,0,0
11413,7,0,0,241,0,0
11414,26,0,0,247,0,0
11415,25,0,0,262,0,0
11416,29,0,0,269,1,0
11417,92,0,0,214,0,0
11418,198,0,0,173,0,0
11419,320,0,0,183,0,0
11420,395,0,0,176,0,0
11421,445,0,0,249,0,0
11422,537,0,0,240,0,0
11423,617,0,0,326,0,0
11424,683,0,0,361,0,0
11425,809,0,0,384,0,0
11426,827,0,0,457,1,0
11427,707,0,0,470,0,0
11428,386,0,0,450,4,0
11429,132,0,0,442,5,0
11430,0,0,0,360,35,0
11431,71,0,0,312,66,0
11432,319,0,0,213,18,0
11433,451,0,0,102,10,0
11434,422,0,0,38,0,0
11435,324,0,0,22,0,0
11436,212,0,0,0,0,0
11437,69,0,0,0,0,0
11438,28,0,0,0,0,0
11439,0,0,0,0,0,0
11440,0,0,0,0,0,0
11441,0,0,0,0,0,0
11442,0,0,0,0,0,0
11443,0,0,0,0,0,0
11444,9,0,0,2,0,0
11445,0,0,0,0,0,0
11446,0,0,0,0,1,0
11447,6,0,0,0,0,0
11448,0,0,0,0,0,0
11449,0,0,0,0,0,0
11450,0,0,0,6,0,0
11451,0,0,0,24,0,0
11452,0,0,0,8,0,0
11453,0,0,0,2,0,0
11454,0,0,0,0,0,0
11455,0,0,0,0,0,0
11456,0,0,0,0,0,0
11457,0,0,0,0,0,0
11458,0,0,0,0,0,0
11459,0,0,0,28,0,0
11460,0,0,0,9,0,0
11461,0,0,0,64,0,0
11462,0,0,0,3,0,0
11463,0,0,0,9,0,0
11464,0,0,0,49,0,0
11465,0,0,0,47,0,0
11466,0,0,0,9,1,0
11467,0,0,0,2,0,0
11468,0,0,0,0,0,0
11469,0,0,0,0,0,0
11470,0,0,0,0,0,1
11471,0,0,0,29,0,0
11472,0,0,0,0,0,0
11473,0,0,0,26,0,0
11474,0,0,0,32,0,0
11475,0,0,0,40,0,0
11476,0,0,0,54,1,0
11477,0,0,0,65,0,0
11478,0,0,0,3,0,0
11479,0,0,0,0,0,0
11480,0,0,0,15,0,0
11481,0,0,0,0,0,0
11482,0,0,0,0,0,0
11483,0,0,0,0,0,0
11484,0,0,0,0,0,0
11485,0,0,0,0,0,0
11486,0,0,0,11,0,0
11487,0,0,0,0,0,0
11488,0,0,0,0,0,0
11489,0,0,0,0,0,0
11490,0,0,0,0,0,0
11491,0,0,0,0,0,0
11492,0,0,0,0,0,0
11493,0,0,0,0,0,0
11494,0,0,0,0,0,0
11495,0,0,0,0,0,0
11496,0,0,0,0,0,0
11497,0,0,0,0,0,0
11498,0,0,0,0,0,0
11499,0,0,0,0,0,0
11500,0,0,0,0,0,0
11501,0,0,0,0,0,0
11502,0,0,0,5,0,0
11503,0,0,0,0,0,0
11504,0,0,0,0,0,0
11505,0,0,0,0,0,0
11506,0,0,0,1,1,0
11507,0,0,0,0,0,0
11508,0,0,0,0,0,0
11509,0,0,0,0,0,0
11510,0,0,0,0,0,0
11511,0,0,0,0,0,0
11512,0,0,0,0,0,0
11513,0,0,0,0,0,0
11514,0,0,0,0,0,0
11515,0,0,0,0,0,0
11516,0,0,0,0,0,0
11517,0,0,0,0,0,0
11518,0,0,0,0,0,0
11519,0,0,0,0,0,0
11520,0,0,0,0,0,0
11521,0,0,0,0,0,0
11522,0,0,0,0,0,0
11523,0,0,0,0,0,0
11524,0,0,0,8,0,0
11525,0,0,0,42,0,0
11526,0,0,0,43,0,0
11527,0,0,0,62,0,0
11528,0,0,0,79,0,0
11529,0,0,0,65,0,0
11530,0,0,0,122,0,0
11531,0,0,0,134,0,0
11532,0,0,0,151,0,0
11533,0,0,0,123,0,0
11534,0,0,0,99,0,0
11535,0,0,0,77,0,0
11536,0,0,0,14,1,0
11537,0,0,0,1,1,0
11538,0,0,0,27,0,0
11539,0,0,0,0,0,0
11540,0,0,0,0,0,0
11541,0,0,0,16,0,0
11542,0,0,0,0,0,0
11543,0,0,0,0,0,0
11544,0,0,0,0,0,0
11545,0,0,0,0,0,0
11546,5,0,0,0,0,0
11547,20,0,0,0,0,0
11548,53,0,0,0,0,0
11549,0,0,0,0,0,0
11550,70,0,0,0,0,0
11551,93,8,0,0,1,0
11552,59,0,0,0,0,0
11553,215,0,0,13,0,0
11554,146,13,0,0,0,18
11555,65,13,0,0,0,2
11556,0,0,0,37,0,34
11557,0,0,0,103,0,131
11558,0,0,0,11,0,173
11559,0,0,0,0,0,96
11560,0,0,0,0,0,94
11561,2,0,0,0,0,89
11562,0,0,9,0,0,23
11563,0,0,0,0,0,315
11564,0,0,0,1,0,481
11565,0,0,0,0,0,62
11566,0,0,0,8,0,10
11567,0,0,0,0,0,0
11568,0,0,0,0,0,18
11569,0,0,0,10,0,178
11570,0,0,0,6,0,183
11571,0,0,1,30,0,168
11572,0,0,0,88,0,54
11573,0,0,2,118,0,0
11574,0,0,2,120,0,0
11575,0,0,2,169,0,0
11576,0,0,0,273,0,0
11577,0,0,24,193,0,0
11578,0,0,28,271,8,0
11579,0,0,0,174,0,0
11580,0,0,1,158,0,0
11581,0,0,41,196,14,0
11582,0,0,53,127,2,0
11583,0,0,6,102,18,0
11584,0,0,17,68,18,0
11585,0,0,33,19,2,0
11586,0,0,9,17,7,0
11587,0,0,2,14,1,0
11588,0,0,47,9,0,0
11589,0,0,6,1,0,0
11590,0,0,0,0,0,0
11591,0,0,0,0,5,0
11592,0,0,9,0,0,0
11593,0,0,0,0,0,0
11594,0,0,0,13,0,0
11595,0,0,0,6,0,0
11596,0,0,0,15,0,0
11597,0,0,0,0,0,0
11598,0,0,0,0,0,0
11599,0,0,3,0,0,0
11600,0,0,1,0,0,0
11601,0,0,0,0,0,0
11602,0,0,0,0,0,0
11603,0,0,8,22,0,0
11604,0,0,0,0,0,0
11605,0,0,0,0,0,0
11606,0,0,1,0,0,0
11607,0,0,0,0,0,0
11608,0,0,2,1,0,0
11609,0,0,25,1,0,0
11610,0,0,0,0,0,0
11611,0,0,2,5,1,0
11612,0,0,18,0,1,0
11613,0,0,1,0,0,0
11614,0,0,0,6,0,0
11615,0,0,2,0,0,0
11616,0,0,0,0,0,0
11617,0,0,0,0,0,0
11618,0,0,0,0,0,0
11619,0,0,0,0,0,0
11620,0,0,0,0,0,0
11621,0,0,0,0,0,0
11622,0,0,0,0,0,0
11623,0,0,0,0,0,0
11624,0,0,0,0,0,0
11625,0,0,0,0,0,0
11626,0,0,1,0,1,0
11627,0,0,0,0,0,0
11628,0,0,0,0,0,0
11629,0,0,8,0,0,0
11630,0,0,1,0,0,0
11631,0,0,0,0,0,0
11632,0,0,1,0,0,0
11633,0,0,7,0,0,0
11634,0,0,0,0,0,0
11635,0,0,0,0,0,0
11636,0,0,0,1,0,0
11637,0,0,0,17,0,0
11638,0,0,0,56,0,0
11639,0,0,0,59,0,0
11640,0,0,0,81,0,0
11641,0,0,0,134,0,0
11642,0,0,2,192,0,0
11643,0,0,2,317,0,0
11644,0,0,0,416,0,0
11645,0,0,3,475,0,0
11646,0,0,12,352,0,0
11647,0,0,0,237,0,0
11648,0,0,3,211,0,0
11649,0,0,0,16,0,0
11650,0,0,0,14,0,0
11651,0,0,1,36,0,0
11652,0,0,0,0,0,0
11653,0,0,0,0,0,0
11654,0,0,0,0,0,0
11655,0,0,0,0,0,0
11656,0,0,0,0,0,0
11657,0,0,0,0,0,0
11658,0,0,5,0,0,0
11659,0,0,0,0,0,0
11660,36,0,0,0,0,0
11661,152,0,0,0,0,0
11662,395,0,0,0,0,0
11663,482,0,0,0,0,0
11664,458,0,3,0,0,0
11665,342,0,0,0,0,0
11666,33,4,0,0,3,0
11667,0,0,0,1,2,0
11668,39,0,0,1,0,0
11669,159,0,0,7,11,0
11670,338,0,0,3,3,0
11671,370,0,0,0,4,0
11672,199,0,0,0,1,0
11673,0,0,0,0,0,0
11674,0,0,0,0,2,0
11675,0,0,0,0,0,0
11676,2,0,0,2,0,0
11677,5,0,0,3,0,0
11678,0,0,0,35,0,0
11679,0,0,0,0,0,0
11680,0,0,0,0,0,0
11681,0,0,0,22,0,0
11682,0,0,0,0,0,0
11683,0,0,0,2,0,0
11684,0,0,0,0,1,0
11685,0,0,0,0,0,0
11686,0,0,0,0,1,0
11687,0,0,0,23,0,0
11688,0,0,3,0,0,0
11689,0,0,0,33,0,0
11690,0,0,0,58,0,0
11691,0,0,0,0,0,0
11692,0,0,0,0,0,0
11693,0,0,0,0,0,0
11694,0,0,0,3,0,0
11695,0,0,0,2,0,0
11696,0,0,0,2,0,0
11697,0,0,0,0,0,0
11698,0,0,0,0,0,0
11699,0,0,0,0,0,0
11700,0,0,0,0,0,0
11701,0,0,1,0,0,0
11702,0,0,0,0,0,0
11703,0,0,0,0,0,0
11704,0,0,0,0,0,0
11705,0,0,0,19,0,0
11706,0,0,0,13,0,0
11707,0,0,2,10,0,0
11708,0,0,0,17,0,0
11709,0,0,0,50,0,0
11710,0,0,0,34,0,0
11711,0,0,0,19,0,0
11712,0,0,0,4,0,0
11713,0,0,0,39,0,0
11714,0,0,0,39,0,0
11715,0,0,0,0,0,0
11716,0,0,0,0,1,0
11717,0,0,0,0,0,0
11718,0,0,0,0,3,0
11719,0,0,0,0,0,0
11720,0,0,0,0,0,0
11721,0,0,0,0,0,0
11722,55,0,0,1,0,0
11723,210,0,0,0,0,0
11724,478,0,0,0,0,0
11725,716,0,0,0,0,0
11726,591,0,0,0,0,0
11727,430,0,0,0,0,0
11728,266,49,0,0,0,0
11729,72,8,0,0,0,0
11730,53,0,0,0,0,0
11731,282,0,0,0,0,0
11732,426,0,0,2,0,0
11733,501,0,0,28,0,0
11734,458,0,0,13,0,0
11735,363,0,0,0,0,0
11736,209,0,0,0,0,0
11737,58,0,0,0,0,0
11738,0,0,0,10,0,0
11739,26,0,0,22,0,0
11740,52,0,0,28,0,0
11741,85,0,0,9,0,0
11742,243,0,0,35,0,0
11743,334,0,0,103,0,0
11744,414,0,5,153,0,0
11745,261,1,0,224,0,0
11746,23,0,0,237,0,0
11747,34,0,4,195,0,0
11748,72,0,0,61,0,0
11749,184,0,0,0,0,0
11750,151,0,9,0,0,0
11751,30,0,0,0,0,0
11752,229,20,2,0,0,0
11753,16,0,3,26,0,0
11754,15,0,0,0,2,0
11755,21,3,0,0,0,0
11756,44,14,0,0,0,0
11757,13,0,0,0,0,0
11758,2,0,0,0,0,0
11759,22,0,0,0,0,0
11760,198,0,0,0,0,0
11761,367,88,0,0,2,0
11762,120,36,0,0,0,0
11763,2,0,0,0,3,0
11764,89,5,0,0,0,0
11765,230,47,0,6,0,0
11766,146,0,0,2,9,0
11767,12,0,0,6,33,0
11768,311,100,0,7,7,0
11769,252,138,0,7,13,0
11770,0,0,0,3,16,0
11771,68,11,0,20,0,0
11772,91,34,0,0,0,0
11773,79,13,0,0,0,0
11774,18,0,0,0,0,0
11775,4,0,0,0,2,0
11776,59,31,0,0,6,0
11777,18,31,0,0,0,0
11778,0,0,0,0,0,0
11779,32,0,0,0,0,0
11780,57,7,0,0,0,0
11781,59,1,0,26,0,0
11782,32,0,0,32,0,0
11783,0,0,0,23,0,0
11784,34,4,0,8,0,0
11785,39,6,0,0,0,0
11786,5,0,0,21,0,0
11787,4,0,0,0,0,0
11788,0,0,0,0,0,0
11789,0,0,0,0,0,0
11790,0,0,0,0,0,0
11791,0,0,0,10,0,0
11792,1,0,0,36,0,0
11793,0,0,0,24,0,0
11794,0,0,0,0,0,0
11795,0,0,0,0,0,0
11796,8,0,0,2,0,0
11797,13,0,0,0,0,0
11798,3,0,0,46,0,0
11799,0,0,0,40,0,0
11800,0,0,0,89,0,0
11801,46,0,4,35,0,0
11802,0,0,0,0,0,0
11803,0,0,3,18,0,0
11804,3,0,0,22,0,0
11805,2,0,0,56,0,0
11806,0,0,2,3,1,0
11807,0,0,0,14,0,0
11808,0,0,0,19,0,0
11809,0,0,0,11,0,0
11810,0,0,0,8,0,0
11811,0,0,0,49,0,0
11812,0,0,1,112,0,0
11813,0,0,0,23,0,0
11814,0,0,0,0,0,0
11815,0,0,0,0,0,0
11816,0,0,2,0,0,0
11817,7,0,0,0,0,0
11818,61,0,0,0,0,0
11819,32,0,0,4,0,0
11820,0,0,0,14,0,0
11821,0,0,0,16,3,0
11822,0,0,0,17,1,0
11823,0,0,0,3,0,0
11824,0,0,0,0,0,0
11825,0,0,0,0,0,0
11826,0,0,0,0,0,0
11827,0,0,0,0,0,0
11828,0,0,0,0,0,0
11829,0,0,0,0,0,0
11830,0,0,0,16,0,0
11831,0,0,0,25,0,0
11832,0,0,0,21,0,0
11833,0,0,0,49,0,0
11834,0,0,0,31,0,0
11835,0,0,0,7,0,0
11836,0,0,0,0,1,0
11837,0,0,0,0,2,0
11838,0,0,0,0,0,0
11839,0,0,0,0,0,0
11840,0,0,0,0,0,0
11841,0,0,0,0,0,0
11842,0,0,0,0,0,0
11843,0,0,0,0,8,0
11844,0,0,0,0,2,0
11845,0,0,1,0,0,0
11846,0,0,0,0,0,0
11847,0,0,0,0,0,0
11848,0,0,0,0,0,0
11849,0,0,0,0,0,0
11850,0,0,0,0,0,0
11851,0,0,0,0,2,0
11852,0,0,0,1,0,0
11853,0,0,0,0,0,0
11854,0,0,0,0,0,0
11855,0,0,4,2,0,18
11856,0,0,4,2,1,136
11857,0,0,0,0,0,68
11858,0,0,0,26,1,0
11859,0,0,0,5,1,0
11860,0,0,0,0,3,0
11861,0,0,0,1,20,7
11862,0,0,0,103,4,0
11863,0,0,0,238,0,0
11864,0,0,0,131,0,0
11865,0,0,0,33,0,0
11866,0,0,0,213,1,0
11867,0,0,0,211,0,0
11868,0,0,0,219,0,0
11869,0,0,5,132,0,0
11870,0,0,0,16,0,0
11871,0,0,0,70,0,0
11872,0,0,0,40,0,0
11873,0,0,0,2,0,0
11874,0,0,0,18,0,0
11875,0,0,0,16,0,0
11876,0,0,0,18,0,0
11877,0,0,0,9,0,0
11878,0,0,0,1,0,0
11879,0,0,0,4,0,0
11880,0,0,0,0,0,0
11881,0,0,0,0,0,0
11882,0,0,0,0,1,0
11883,0,0,0,0,0,0
11884,0,0,0,0,0,0
11885,0,0,0,0,0,0
11886,0,0,0,0,0,0
11887,0,0,0,0,0,0
11888,0,0,0,0,0,0
11889,0,0,0,0,0,0
11890,0,0,0,0,0,0
11891,0,0,0,4,0,0
11892,0,0,3,0,0,0
11893,0,0,3,69,0,0
11894,0,0,0,52,0,0
11895,0,0,0,0,0,0
11896,0,0,0,9,1,0
11897,0,0,0,91,0,0
11898,0,0,0,111,0,0
11899,0,0,0,45,0,0
11900,0,0,0,4,0,0
11901,0,0,0,0,0,0
11902,0,0,0,0,0,0
11903,0,0,0,0,0,0
11904,0,0,0,0,0,0
11905,0,0,0,7,0,0
11906,0,0,0,7,0,0
11907,0,0,0,0,0,0
11908,0,0,0,1,0,0
11909,0,0,0,7,0,0
11910,0,0,0,7,0,0
11911,0,0,0,12,0,0
11912,0,0,0,9,0,1
11913,0,0,11,0,1,0
11914,0,0,0,0,0,0
11915,0,0,0,0,0,0
11916,0,0,0,2,0,0
11917,0,0,0,0,0,0
11918,0,0,0,0,0,0
11919,0,0,0,0,0,0
11920,0,0,0,0,0,0
11921,0,0,0,15,0,0
11922,0,0,0,1,0,0
11923,0,0,0,0,0,0
11924,0,0,0,0,0,0
11925,0,0,0,0,0,0
11926,0,0,0,0,1,0
11927,0,0,0,0,0,0
11928,0,0,0,0,0,0
11929,0,0,0,0,0,0
11930,0,0,0,0,0,0
11931,0,0,0,0,0,0
11932,0,0,0,0,0,0
11933,0,0,0,0,0,0
11934,0,0,0,0,0,0
11935,0,0,0,1,0,0
11936,0,0,0,21,0,0
11937,0,0,0,37,0,0
11938,0,0,0,0,0,0
11939,0,0,0,0,0,0
11940,0,0,0,0,0,0
11941,0,0,1,0,0,0
11942,0,0,0,0,0,0
11943,0,0,0,0,0,0
11944,0,0,0,2,0,0
11945,0,0,0,0,0,0
11946,0,0,2,0,0,0
11947,0,0,0,0,0,0
11948,0,0,2,0,0,0
11949,0,0,0,3,0,0
11950,0,0,0,4,0,0
11951,0,0,2,14,0,0
11952,0,0,0,33,0,0
11953,0,0,0,0,1,0
11954,0,0,11,21,0,0
11955,0,0,0,0,2,0
11956,0,0,0,9,1,0
11957,0,0,0,5,0,0
11958,0,0,0,1,0,4
11959,0,0,0,8,0,0
11960,0,0,0,16,0,0
11961,0,0,0,1,0,0
11962,0,0,0,0,0,0
11963,0,0,0,48,0,0
11964,0,0,0,35,0,0
11965,0,0,0,8,0,0
11966,0,0,0,2,0,0
11967,0,0,0,23,0,0
11968,0,0,0,17,0,0
11969,0,0,0,96,0,0
11970,0,0,0,127,0,0
11971,0,0,0,265,0,0
11972,0,0,0,304,1,0
11973,0,0,0,88,2,0
11974,0,0,0,53,0,0
11975,0,0,0,0,0,0
11976,0,0,0,159,0,0
11977,0,0,0,226,49,0
11978,0,0,2,46,3,0
11979,0,0,0,71,27,0
11980,0,0,0,94,7,0
11981,0,0,0,54,0,0
11982,0,0,0,25,0,0
11983,0,0,0,6,0,0
11984,0,0,6,15,1,0
11985,0,0,3,0,0,0
11986,0,0,0,0,0,0
11987,0,0,7,3,0,0
11988,0,0,1,13,0,0
11989,0,0,0,0,0,0
11990,6,0,6,0,0,0
11991,18,0,4,0,0,0
11992,96,0,0,0,0,0
11993,142,0,0,0,0,0
11994,42,0,0,0,0,0
11995,105,2,0,0,0,0
11996,152,0,0,0,0,0
11997,112,0,0,0,0,0
11998,240,0,0,0,0,0
11999,170,29,0,0,0,0
12000,50,39,0,0,0,0
12001,0,0,0,0,1,0
12002,19,0,0,0,1,0
12003,49,0,0,0,3,0
12004,44,0,0,0,18,0
12005,107,0,0,0,0,0
12006,43,0,0,0,0,0
12007,3,0,0,0,0,0
12008,0,0,0,0,0,0
12009,0,0,0,0,0,0
12010,0,0,0,0,0,0
12011,0,0,0,0,0,0
12012,0,0,0,0,0,0
12013,0,0,0,0,0,0
12014,0,0,0,0,0,0
12015,0,0,0,0,0,0
12016,0,0,0,0,2,0
12017,0,0,0,0,5,0
12018,0,0,0,0,2,0
12019,0,0,0,0,0,0
12020,0,0,0,0,0,0
12021,0,0,1,0,0,0
12022,0,0,1,0,0,0
12023,0,0,0,0,0,0
12024,0,0,2,0,0,0
12025,0,0,0,0,0,0
12026,6,0,0,0,0,0
12027,0,0,0,0,0,0
12028,0,0,0,0,0,0
12029,0,0,0,0,0,0
12030,0,0,0,0,0,0
12031,0,0,0,1,0,0
12032,0,0,0,0,1,0
12033,0,0,0,0,0,0
12034,0,0,0,0,1,0
12035,0,0,0,0,0,0
12036,0,0,0,0,0,0
12037,0,0,0,0,0,0
12038,0,0,0,0,0,0
12039,0,0,0,0,0,0
12040,0,0,0,0,0,0
12041,0,0,0,0,0,0
12042,0,0,0,0,0,0
12043,0,0,0,0,0,0
12044,0,0,0,1,0,0
12045,0,0,0,13,0,0
12046,0,0,0,6,0,0
12047,0,0,0,30,0,0
12048,0,0,0,54,0,0
12049,0,0,0,48,0,0
12050,0,0,0,43,0,0
12051,0,0,0,0,0,0
12052,0,0,0,6,48,0
12053,0,0,0,0,376,6
12054,0,0,0,22,546,10
12055,0,0,0,16,1151,64
12056,0,0,0,55,1999,139
12057,0,0,0,12,2889,258
12058,0,0,0,6,3526,328
12059,0,0,0,0,4063,401
12060,0,0,0,0,4691,403
12061,0,0,0,4,5462,177
12062,0,0,0,5,5664,35
12063,0,0,0,30,5440,2
12064,0,0,0,39,4655,0
12065,0,0,0,39,3612,0
12066,0,0,0,37,3191,0
12067,0,0,0,0,3183,0
12068,0,0,0,0,2766,3
12069,0,0,0,20,2437,28
12070,0,0,0,70,1986,50
12071,0,0,0,80,1693,12
12072,0,0,0,0,1891,44
12073,0,0,4,0,1704,22
12074,0,0,11,138,1718,9
12075,0,0,0,96,1955,52
12076,0,0,21,0,2618,106
12077,0,0,12,29,3109,192
12078,0,0,78,154,4168,368
12079,0,0,0,155,4998,462
12080,0,0,10,146,5890,596
12081,0,0,0,212,5765,701
12082,0,0,0,338,5239,836
12083,0,0,0,58,4363,702
12084,0,0,0,49,3525,364
12085,0,0,0,61,2770,822
12086,0,0,0,173,2113,875
12087,0,0,0,21,1281,154
12088,0,0,0,3,1092,4
12089,0,0,3,84,243,29
12090,0,0,1,160,323,66
12091,0,0,0,11,17,0
12092,0,0,0,2,0,0
12093,0,0,2,22,0,0
12094,0,0,2,43,1,0
12095,0,0,4,0,0,0
12096,0,0,0,14,0,0
12097,0,0,0,23,1,0
12098,0,0,0,98,0,0
12099,0,0,0,36,0,0
12100,0,0,2,3,14,0
12101,0,0,16,63,0,8
12102,0,0,11,11,6,8
12103,0,0,0,1,0,0
12104,0,0,1,0,0,0
12105,0,0,0,0,0,0
12106,0,0,0,121,2,0
12107,0,0,15,24,0,0
12108,0,0,31,10,0,0
12109,0,0,6,0,4,0
12110,0,0,0,59,0,0
12111,0,0,0,108,0,0
12112,3,0,2,105,0,0
12113,8,0,0,50,0,0
12114,3,0,0,40,0,0
12115,0,0,0,87,0,0
12116,0,0,0,68,0,0
12117,0,0,0,62,0,0
12118,28,0,4,1,9,0
12119,52,0,3,41,0,0
12120,72,0,0,22,0,0
12121,97,0,0,10,5,0
12122,73,0,0,15,1,0
12123,24,0,0,12,0,0
12124,0,0,0,2,0,0
12125,0,0,0,0,0,0
12126,0,0,0,0,0,0
12127,0,0,0,0,0,0
12128,0,0,0,0,0,0
12129,10,0,0,0,0,0
12130,11,0,0,0,0,0
12131,1,0,0,11,0,0
12132,7,0,0,33,0,0
12133,0,0,5,7,0,0
12134,0,0,0,0,0,0
12135,0,0,0,0,0,0
12136,0,0,8,3,2,1
12137,0,0,2,10,0,0
12138,0,0,0,5,1,0
12139,0,0,6,5,0,0
12140,0,0,0,8,0,0
12141,0,0,0,0,0,0
12142,0,0,11,0,1,0
12143,0,0,15,0,0,0
12144,0,0,0,0,0,0
12145,9,0,5,0,0,0
12146,33,0,1,0,0,0
12147,68,0,0,0,0,0
12148,79,0,0,0,0,0
12149,85,0,1,0,0,0
12150,42,0,0,0,0,0
12151,22,0,0,0,2,0
12152,5,0,7,0,0,0
12153,0,0,0,0,0,0
12154,0,0,0,0,0,0
12155,0,0,1,0,0,0
12156,3,0,0,0,0,0
12157,18,0,0,0,1,0
12158,10,0,0,0,1,0
12159,0,0,0,0,0,0
12160,2,0,0,0,0,0
12161,0,0,2,0,0,0
12162,0,0,0,0,0,0
12163,0,0,0,0,0,0
12164,2,0,0,0,0,0
12165,0,0,0,0,0,0
12166,0,0,0,0,0,0
12167,1,0,0,0,0,0
12168,6,0,0,0,0,0
12169,9,0,0,0,0,0
12170,20,0,0,0,0,0
12171,22,0,0,0,0,0
12172,34,0,0,0,0,0
12173,36,0,0,0,0,0
12174,61,0,0,0,0,0
12175,95,0,4,0,0,0
12176,141,0,2,0,0,0
12177,248,0,0,0,0,0
12178,392,0,0,0,0,0
12179,349,9,0,0,0,0
12180,171,0,0,0,0,0
12181,95,0,1,8,0,0
12182,64,1,6,0,0,0
12183,38,3,0,0,0,0
12184,27,0,0,0,0,0
12185,0,0,0,0,0,0
12186,0,0,0,0,0,0
12187,0,0,0,0,0,0
12188,0,0,0,0,0,0
12189,0,0,0,0,0,0
12190,0,0,0,0,0,0
12191,0,0,12,0,0,0
12192,0,0,0,17,0,0
12193,0,0,0,0,0,0
12194,0,0,0,0,0,0
12195,0,0,0,0,0,0
12196,0,0,0,0,0,0
12197,3,0,0,0,0,0
12198,0,0,10,0,0,0
12199,0,0,0,0,12,0
12200,0,0,0,22,10,0
12201,0,0,0,12,105,0
12202,0,0,0,9,78,0
12203,0,0,0,4,40,0
12204,0,0,1,31,35,0
12205,0,0,0,160,40,0
12206,0,0,0,80,75,0
12207,0,0,7,0,60,0
12208,0,0,5,58,127,0
12209,0,0,0,211,93,0
12210,0,0,0,240,54,0
12211,0,0,3,133,23,0
12212,0,0,0,11,0,0
12213,28,0,3,1,0,0
12214,11,0,0,27,0,0
12215,2,0,0,52,0,0
12216,3,0,0,37,0,0
12217,0,0,0,21,0,0
12218,0,0,0,0,0,0
12219,0,0,0,0,0,0
12220,3,0,0,27,0,0
12221,0,0,0,17,0,0
12222,0,0,0,0,1,0
12223,6,0,0,0,0,0
12224,0,0,0,38,1,0
12225,5,0,0,60,0,0
12226,1,0,5,1,3,0
12227,0,0,0,36,0,0
12228,0,0,0,42,0,0
12229,0,0,0,0,0,0
12230,0,0,0,56,0,0
12231,0,0,0,179,0,0
12232,0,0,0,88,0,0
12233,0,0,0,12,0,0
12234,47,0,0,91,0,0
12235,37,0,0,101,0,0
12236,0,0,6,165,0,0
12237,49,0,0,237,1,0
12238,400,2,0,256,3,16
12239,784,0,0,195,6,80
12240,620,0,0,4,0,73
12241,227,4,0,0,8,68
12242,592,183,0,10,2,5
12243,472,145,0,0,0,0
12244,329,0,0,0,6,0
12245,612,140,0,0,0,0
12246,545,177,0,0,0,0
12247,147,6,3,0,7,3
12248,36,0,0,0,0,38
12249,0,0,0,0,4,79
12250,3,0,0,6,75,47
12251,3,0,2,0,52,13
12252,0,0,0,0,2,0
12253,0,0,5,0,0,0
12254,0,0,0,10,0,0
12255,0,0,0,0,0,0
12256,0,0,13,0,2,0
12257,0,0,19,15,0,0
12258,0,0,0,0,0,0
12259,0,0,0,0,0,0
12260,0,0,0,31,0,0
12261,0,0,0,17,0,0
12262,0,0,0,0,0,0
12263,0,0,0,0,0,0
12264,0,0,0,0,0,0
12265,0,0,0,26,0,0
12266,0,0,0,4,0,0
12267,0,0,1,0,0,0
12268,0,0,0,0,0,0
12269,0,0,2,0,0,0
12270,0,0,15,6,0,0
12271,0,0,3,53,0,0
12272,0,0,0,48,0,0
12273,0,0,8,2,0,0
12274,0,0,0,0,0,0
12275,0,0,0,15,0,0
12276,0,0,0,9,0,0
12277,0,0,0,0,2,0
12278,0,0,0,50,0,0
12279,0,0,4,75,0,0
12280,0,0,0,0,0,0
12281,0,0,0,14,0,0
12282,0,0,0,0,0,0
12283,0,0,4,0,0,0
12284,0,0,0,0,0,0
12285,0,0,0,0,0,0
12286,0,0,0,7,2,0
12287,0,0,0,0,0,0
12288,0,0,12,0,0,0
12289,0,0,0,0,0,0
12290,0,0,0,0,0,0
12291,0,0,8,0,0,0
12292,0,0,0,2,0,0
12293,0,0,0,23,0,0
12294,0,0,11,9,0,0
12295,0,0,0,4,0,0
12296,0,0,0,11,0,0
12297,0,0,0,0,0,0
12298,0,0,0,12,0,0
12299,0,0,0,1,0,0
12300,0,0,0,24,0,0
12301,0,0,4,41,0,0
12302,0,0,0,1,1,0
12303,0,0,0,0,0,0
12304,0,0,0,0,0,0
12305,0,0,0,0,0,0
12306,0,0,0,0,2,0
12307,0,0,0,0,0,0
12308,0,0,0,0,1,0
12309,0,0,0,0,0,0
12310,0,0,0,0,0,0
12311,0,0,0,0,0,0
12312,0,0,0,0,1,0
12313,0,0,0,2,1,0
12314,0,0,0,0,0,0
12315,0,0,0,0,0,0
12316,0,0,0,6,4,0
12317,0,0,0,0,2,0
12318,0,0,0,0,0,0
12319,0,0,0,0,1,0
12320,0,0,0,0,0,0
12321,0,0,0,0,0,0
12322,0,0,0,0,0,0
12323,0,0,0,12,45,0
12324,0,0,0,26,62,0
12325,0,0,0,74,103,0
12326,0,0,0,126,41,0
12327,0,0,0,220,138,0
12328,0,0,0,421,361,0
12329,0,0,0,510,938,54
12330,0,0,0,252,1701,101
12331,0,0,0,101,2656,107
12332,0,0,0,403,3398,151
12333,0,0,0,510,4149,451
12334,0,0,0,426,4478,806
12335,0,0,0,136,4650,698
12336,0,0,0,0,4467,635
12337,0,0,5,40,2821,752
12338,0,0,2,182,1837,947
12339,0,0,0,298,3342,1003
12340,0,0,0,346,3246,1067
12341,0,0,3,350,2854,944
12342,0,0,0,283,2726,913
12343,0,0,0,148,2464,659
12344,0,0,0,87,1605,471
12345,0,0,0,44,1049,273
12346,0,0,0,107,1029,133
12347,0,0,0,113,1677,118
12348,0,0,0,21,2426,189
12349,0,0,0,9,3199,219
12350,0,0,0,12,3391,195
12351,0,0,0,4,3514,139
12352,0,0,0,3,3419,70
12353,0,0,0,16,2569,18
12354,0,0,0,35,2090,0
12355,0,0,0,0,3313,15
12356,0,0,0,38,3678,160
12357,0,0,0,64,3841,354
12358,0,0,0,32,3807,529
12359,0,0,0,0,3766,628
12360,0,0,0,0,3587,608
12361,0,0,0,14,3077,267
12362,0,0,0,14,2801,231
12363,0,0,0,14,2547,221
12364,0,0,0,39,2277,531
12365,0,0,27,41,1463,249
12366,0,0,0,28,816,20
12367,0,0,0,39,584,0
12368,0,0,0,50,390,1
12369,0,0,0,23,80,0
12370,0,0,8,13,139,0
12371,0,0,0,3,0,0
12372,0,0,1,0,0,0
12373,0,0,0,0,0,0
12374,0,0,0,0,0,0
12375,0,0,0,0,0,0
12376,0,0,0,0,7,0
12377,0,0,0,0,1,0
12378,0,0,0,0,0,0
12379,0,0,0,0,0,0
12380,0,0,0,0,0,0
12381,0,0,0,0,0,0
12382,0,0,2,0,0,0
12383,0,0,0,0,0,0
12384,0,0,0,0,0,0
12385,0,0,0,0,0,0
12386,0,0,0,0,0,0
12387,0,0,5,0,0,0
12388,0,0,8,0,0,0
12389,0,0,0,0,0,0
12390,0,0,2,0,0,0
12391,0,0,0,0,0,0
12392,0,0,0,0,0,0
12393,0,0,0,0,0,0
12394,0,0,0,0,2,0
12395,0,0,0,0,2,0
12396,0,0,18,3,79,2
12397,0,0,0,12,0,0
12398,0,0,0,0,1,0
12399,0,0,0,0,0,0
12400,0,0,0,8,0,0
12401,0,0,0,0,0,0
12402,0,0,45,0,0,0
12403,0,0,32,0,6,0
12404,0,0,0,0,77,0
12405,0,0,0,0,0,0
12406,0,0,0,0,0,0
12407,0,0,0,0,0,0
12408,0,0,21,0,0,0
12409,0,0,29,0,7,0
12410,0,0,12,0,22,0
12411,0,0,0,0,47,0
12412,0,0,0,0,30,0
12413,0,0,0,0,16,0
12414,0,0,0,0,11,0
12415,0,0,23,0,30,0
12416,0,0,48,0,52,6
12417,0,0,3,0,55,0
12418,0,0,0,0,22,0
12419,0,0,0,0,54,0
12420,0,0,0,0,14,0
12421,0,0,0,0,48,0
12422,0,0,0,0,40,0
12423,0,0,0,0,32,0
12424,0,0,0,0,7,0
12425,0,0,0,0,0,0
12426,0,0,0,0,45,0
12427,0,0,0,0,76,0
12428,0,0,0,0,65,0
12429,0,0,0,9,21,0
12430,0,0,0,0,28,0
12431,0,0,0,16,156,0
12432,0,0,0,0,404,8
12433,0,0,0,11,796,69
12434,0,0,0,7,1328,160
12435,0,0,0,0,1644,147
12436,0,0,0,2,2317,210
12437,0,0,0,0,2868,255
12438,0,0,0,0,2511,449
12439,0,0,0,0,1680,310
12440,0,0,0,0,1002,2
12441,0,0,0,0,984,7
12442,0,0,0,0,1475,33
12443,0,0,0,0,1770,43
12444,0,0,0,0,1887,64
12445,0,0,0,0,1637,22
12446,0,0,0,6,1347,73
12447,0,0,0,8,869,25
12448,0,0,0,0,373,0
12449,0,0,0,3,694,0
12450,0,0,0,0,967,0
12451,0,0,0,18,1074,0
12452,0,0,0,19,1383,0
12453,0,0,0,12,1501,0
12454,0,0,0,38,1288,0
12455,0,0,0,10,827,0
12456,0,0,0,0,715,0
12457,0,0,0,0,941,0
12458,0,0,0,0,779,0
12459,0,0,0,0,725,3
12460,0,0,0,40,1132,54
12461,0,0,0,38,1359,150
12462,0,0,0,0,1201,114
12463,0,0,0,0,894,42
12464,0,0,0,2,740,79
12465,0,0,0,10,1115,123
12466,0,0,0,116,1713,191
12467,0,0,0,55,2647,254
12468,0,0,0,103,3663,599
12469,0,0,0,23,4045,679
12470,0,0,2,0,4193,435
12471,0,0,0,180,3620,203
12472,0,0,0,183,2149,53
12473,0,0,0,105,1785,16
12474,0,0,0,193,3019,28
12475,7,0,0,252,3862,76
12476,0,0,6,138,3656,239
12477,29,0,8,25,3513,357
12478,51,0,0,2,3121,210
12479,156,0,6,24,3003,453
12480,231,0,5,68,2309,492
12481,427,0,0,65,2176,696
12482,483,0,8,21,1744,501
12483,367,0,37,0,878,1
12484,62,0,0,45,320,0
12485,210,5,0,144,258,0
12486,282,2,2,149,343,2
12487,466,0,0,131,4,0
12488,558,51,0,47,2,0
12489,567,161,0,10,0,0
12490,269,125,0,104,6,0
12491,0,0,0,101,0,0
12492,29,1,0,54,0,0
12493,264,84,0,105,1,0
12494,191,132,0,84,1,2
12495,2,0,0,22,0,0
12496,73,1,0,4,0,0
12497,232,75,0,26,0,0
12498,274,19,0,5,1,0
12499,238,0,0,3,0,0
12500,64,0,0,0,0,0
12501,26,10,0,0,0,0
12502,92,39,0,0,0,0
12503,29,4,0,13,0,0
12504,123,0,0,0,0,0
12505,168,0,0,2,0,0
12506,202,40,0,3,0,0
12507,57,39,0,18,0,0
12508,0,0,0,136,0,0
12509,0,0,0,236,0,0
12510,2,0,2,407,0,0
12511,9,2,0,378,0,0
12512,5,0,0,351,0,0
12513,0,0,0,233,2,0
12514,0,0,0,34,0,0
12515,1,0,0,50,0,0
12516,0,0,1,0,0,0
12517,0,0,0,11,0,0
12518,5,0,0,51,0,0
12519,8,0,0,5,0,0
12520,39,0,0,10,0,0
12521,3,0,0,6,0,0
12522,3,0,2,31,0,0
12523,11,0,0,13,0,0
12524,0,0,0,22,0,0
12525,30,0,12,0,0,0
12526,30,0,0,0,0,0
12527,30,0,3,0,0,0
12528,8,0,3,0,0,2
12529,0,0,0,0,0,0
12530,2,0,0,0,0,0
12531,0,0,2,0,0,0
12532,4,0,0,0,8,0
12533,19,0,0,7,8,0
12534,55,0,0,0,0,0
12535,12,0,0,0,2,0
12536,0,0,0,0,0,0
12537,0,0,5,2,0,0
12538,0,0,0,0,0,0
12539,0,0,0,0,0,0
12540,0,0,11,0,0,0
12541,0,0,1,9,0,0
12542,0,0,0,12,0,0
12543,0,0,8,27,0,0
12544,0,0,0,33,0,0
12545,0,0,0,13,0,0
12546,0,0,21,0,0,0
12547,0,0,4,0,1,0
12548,0,0,0,1,0,0
12549,0,0,7,8,0,0
12550,0,0,0,30,1,0
12551,0,0,0,6,0,0
12552,0,0,0,33,0,0
12553,0,0,1,35,0,0
12554,0,0,0,61,1,0
12555,0,0,0,46,0,0
12556,0,0,1,68,0,0
12557,0,0,0,113,0,0
12558,0,0,0,131,0,0
12559,0,0,32,172,0,0
12560,0,0,21,333,0,0
12561,0,0,0,270,0,0
12562,0,0,11,287,0,0
12563,0,0,5,336,0,0
12564,0,0,0,266,1,0
12565,0,0,5,137,0,0
12566,0,0,25,118,0,0
12567,0,0,0,4,0,0
12568,0,0,0,0,0,0
12569,6,0,34,0,0,0
12570,0,0,1,0,0,0
12571,0,0,0,0,0,0
12572,0,0,4,0,0,0
12573,0,0,6,0,0,0
12574,0,0,0,0,0,0
12575,0,0,0,0,0,0
12576,0,0,0,0,0,0
12577,0,0,0,0,0,0
12578,0,0,0,0,0,0
12579,0,0,0,0,0,0
12580,0,0,0,0,0,0
12581,0,0,0,0,0,0
12582,3,0,0,0,1,0
12583,3,0,2,0,0,0
12584,40,0,0,0,0,0
12585,138,0,0,0,0,0
12586,297,0,0,0,0,0
12587,399,0,0,0,0,0
12588,529,0,0,0,0,0
12589,733,0,0,0,0,0
12590,804,0,0,0,0,0
12591,760,0,0,1,1,0
12592,655,0,0,0,0,0
12593,521,0,0,0,0,0
12594,287,0,0,0,0,0
12595,84,0,0,0,0,0
12596,0,0,0,0,0,0
12597,5,0,0,0,0,0
12598,122,0,0,0,0,0
12599,380,0,0,0,0,0
12600,541,0,0,0,0,0
12601,601,0,0,4,0,0
12602,640,0,0,0,0,0
12603,583,0,0,0,0,0
12604,539,0,0,0,0,0
12605,432,0,0,0,0,2
12606,292,0,0,0,0,0
12607,67,0,0,0,0,0
12608,4,0,0,0,0,0
12609,0,0,2,0,0,0
12610,0,0,0,0,0,0
12611,0,0,0,0,0,0
12612,1,0,0,0,1,0
12613,1,0,1,0,0,0
12614,0,0,0,29,0,0
12615,0,0,0,15,0,0
12616,0,0,0,58,0,0
12617,0,0,0,150,9,0
12618,0,0,0,229,5,0
12619,0,0,0,301,3,0
12620,0,0,0,391,3,0
12621,0,0,0,389,20,0
12622,0,0,0,381,0,0
12623,0,0,0,440,0,0
12624,0,0,0,352,0,0
12625,0,0,0,314,0,0
12626,0,0,0,238,0,0
12627,0,0,0,108,0,0
12628,0,0,0,89,0,0
12629,0,0,0,35,1,0
12630,0,0,0,42,0,0
12631,0,0,0,16,0,0
12632,0,0,0,0,0,0
12633,0,0,0,0,0,0
12634,0,0,0,0,0,0
12635,0,0,0,33,0,0
12636,0,0,0,0,0,0
12637,0,0,0,0,0,0
12638,0,0,0,0,0,0
12639,0,0,0,0,0,0
12640,0,0,0,0,2,0
12641,0,0,0,0,0,0
12642,0,0,0,0,0,0
12643,0,0,0,0,0,0
12644,0,0,0,0,0,0
12645,0,0,0,0,0,0
12646,0,0,0,0,0,0
12647,0,0,0,0,0,0
12648,0,0,0,0,0,0
12649,0,0,0,0,0,0
12650,0,0,0,0,0,0
12651,0,0,0,0,0,0
12652,0,0,0,0,0,0
12653,0,0,0,0,0,0
12654,0,0,0,0,0,0
12655,0,0,0,54,0,0
12656,0,0,38,250,0,9
12657,0,0,0,508,0,0
12658,0,0,79,619,0,0
12659,0,0,128,859,0,2
12660,0,0,0,953,20,0
12661,0,0,171,1037,57,6
12662,0,0,119,1299,2,2
12663,0,0,5,1049,0,0
12664,0,0,357,849,2,13
12665,0,0,114,716,2,2
12666,0,0,5,444,0,0
12667,0,0,175,168,0,0
12668,0,0,40,82,0,0
12669,0,0,3,28,0,0
12670,0,0,182,11,0,1
12671,0,0,33,0,0,0
12672,0,0,20,0,0,0
12673,0,0,196,0,2,2
12674,0,0,30,9,33,0
12675,0,0,19,1,0,2
12676,0,0,250,7,45,14
12677,0,0,52,1,0,0
12678,0,0,42,0,0,0
12679,0,0,376,0,13,16
12680,0,0,90,0,0,0
12681,0,0,55,0,2,2
12682,1,0,479,0,2,20
12683,0,0,202,0,0,2
12684,0,0,7,0,0,0
12685,0,0,462,0,1,12
12686,0,0,129,0,0,1
12687,0,0,37,0,0,0
12688,0,0,456,0,4,18
12689,0,0,91,0,1,0
12690,0,0,46,0,0,3
12691,0,0,149,0,0,1
12692,0,0,30,26,1,0
12693,0,0,0,76,0,0
12694,0,0,12,27,0,0
12695,0,0,0,1,0,0
12696,0,0,0,0,0,0
12697,0,0,0,0,0,0
12698,0,0,0,0,0,0
12699,0,0,0,0,0,0
12700,0,0,0,0,0,0
12701,0,0,0,0,0,0
12702,0,0,0,0,0,0
12703,0,0,0,0,0,0
12704,0,0,0,0,0,0
12705,0,0,0,0,0,0
12706,0,0,0,8,0,0
12707,0,0,0,0,2,0
12708,0,0,0,0,3,0
12709,0,0,0,0,0,0
12710,0,0,0,12,0,0
12711,0,0,0,26,0,0
12712,0,0,0,20,0,0
12713,0,0,0,19,0,0
12714,0,0,0,16,0,0
12715,0,0,0,7,0,0
12716,0,0,0,4,0,0
12717,0,0,0,0,0,0
12718,0,0,0,13,0,0
12719,0,0,16,0,0,0
12720,0,0,0,2,0,0
12721,0,0,2,17,0,0
12722,0,0,10,0,0,0
12723,0,0,0,0,0,0
12724,0,0,0,10,0,0
12725,0,0,0,5,0,0
12726,0,0,0,0,0,0
12727,0,0,0,0,0,0
12728,0,0,18,0,0,0
12729,0,0,0,0,0,0
12730,0,0,74,0,0,0
12731,0,0,86,0,0,0
12732,0,0,0,0,0,0
12733,0,0,349,0,0,23
12734,0,0,254,0,0,7
12735,0,0,22,0,0,0
12736,0,0,534,0,0,21
12737,0,0,249,0,2,1
12738,0,0,47,0,0,0
12739,0,0,540,0,0,61
12740,0,0,277,0,0,10
12741,0,0,26,0,0,2
12742,0,0,463,0,0,7
12743,0,0,335,11,0,21
12744,0,0,7,0,0,0
12745,3,0,478,3,0,11
12746,0,0,484,6,0,50
12747,0,0,21,32,0,0
12748,0,0,217,23,0,3
12749,0,0,456,10,0,18
12750,0,0,62,4,0,0
12751,0,0,157,12,0,22
12752,0,0,523,1,3,52
12753,0,0,69,4,0,0
12754,0,0,57,40,0,2
12755,0,0,312,104,0,2
12756,0,0,4,158,0,0
12757,0,0,22,127,0,0
12758,0,0,33,51,0,0
12759,0,0,0,10,0,0
12760,0,0,0,19,0,0
12761,0,0,0,4,0,0
12762,0,0,0,0,1,0
12763,0,0,0,52,0,0
12764,0,0,0,12,0,0
12765,0,0,0,0,0,0
12766,0,0,18,9,0,0
12767,0,0,110,10,0,0
12768,0,0,4,7,0,0
12769,0,0,50,5,0,0
12770,0,0,134,49,0,4
12771,0,0,0,1,0,0
12772,0,0,98,5,0,4
12773,0,0,13,106,0,0
12774,0,0,0,75,0,0
12775,0,0,4,4,0,0
12776,0,0,0,62,0,0
12777,0,0,0,72,0,0
12778,0,0,0,0,0,0
12779,0,0,0,4,0,0
12780,0,0,0,14,0,0
12781,0,0,0,44,0,0
12782,0,0,1,65,1,0
12783,0,0,0,7,0,0
12784,0,0,0,12,0,0
12785,0,0,0,70,0,0
12786,0,0,0,9,0,0
12787,0,0,3,19,0,0
12788,0,0,0,42,0,0
12789,0,0,72,119,0,2
12790,0,0,10,161,0,0
12791,0,0,7,174,0,0
12792,0,0,200,440,21,2
12793,0,0,40,394,0,0
12794,0,0,21,402,3,0
12795,0,0,300,677,1,0
12796,0,0,7,859,0,0
12797,0,0,121,874,1,0
12798,0,0,134,980,8,0
12799,0,0,0,1038,0,0
12800,0,0,82,1004,19,0
12801,0,0,41,1114,9,0
12802,0,0,1,1100,9,0
12803,0,0,39,1048,3,0
12804,0,0,3,919,0,0
12805,0,0,0,743,3,0
12806,0,0,0,342,49,0
12807,0,0,0,201,194,0
12808,0,0,0,85,414,3
12809,0,0,0,70,563,10
12810,0,0,0,1,250,0
12811,0,0,0,20,217,0
12812,0,0,0,40,213,0
12813,0,0,0,78,269,0
12814,0,0,0,132,147,0
12815,0,0,0,266,19,0
12816,0,0,0,230,0,0
12817,0,0,0,132,39,0
12818,0,0,0,163,41,0
12819,0,0,0,203,6,0
12820,0,0,0,206,22,0
12821,0,0,0,127,6,0
12822,0,0,0,112,0,0
12823,0,0,0,100,5,0
12824,0,0,0,42,4,0
12825,0,0,0,50,2,0
12826,0,0,0,18,38,0
12827,0,0,0,41,40,0
12828,0,0,2,48,49,0
12829,0,0,0,2,34,0
12830,0,0,0,0,34,0
12831,0,0,0,50,8,0
12832,0,0,25,56,5,0
12833,0,0,0,0,13,0
12834,0,0,6,1,24,0
12835,0,0,25,12,27,0
12836,0,0,0,45,6,0
12837,0,0,15,50,0,0
12838,0,0,7,2,2,0
12839,0,0,0,4,23,0
12840,0,0,43,0,25,0
12841,0,0,11,16,36,0
12842,0,0,2,26,2,0
12843,0,0,156,9,8,0
12844,0,0,94,33,11,3
12845,0,0,0,38,25,0
12846,0,0,167,11,45,0
12847,0,0,119,28,58,0
12848,0,0,0,7,55,0
12849,0,0,80,0,39,0
12850,0,0,59,47,0,1
12851,0,0,0,13,7,0
12852,0,0,21,59,0,0
12853,0,0,20,174,0,0
12854,0,0,0,238,0,0
12855,0,0,8,245,0,0
12856,0,0,10,188,15,0
12857,0,0,0,48,0,0
12858,0,0,4,26,0,0
12859,0,0,2,8,0,0
12860,0,0,0,0,0,0
12861,0,0,0,5,0,0
12862,0,0,0,18,0,0
12863,0,0,0,0,0,0
12864,0,0,0,0,0,0
12865,0,0,0,45,0,0
12866,0,0,0,35,0,0
12867,0,0,0,28,0,0
12868,0,0,0,10,0,0
12869,0,0,0,0,0,0
12870,0,0,2,0,0,0
12871,0,0,0,0,0,0
12872,0,0,0,0,0,0
12873,0,0,0,0,0,0
12874,0,0,0,0,0,0
12875,0,0,0,0,0,0
12876,0,0,0,0,0,0
12877,0,0,0,0,3,0
12878,0,0,0,0,0,0
12879,0,0,0,0,7,0
12880,0,0,0,0,3,0
12881,0,0,0,2,8,0
12882,0,0,0,0,0,0
12883,0,0,0,13,0,0
12884,0,0,0,0,0,0
12885,0,0,0,0,0,0
12886,0,0,0,0,0,0
12887,0,0,0,0,0,0
12888,0,0,0,0,0,0
12889,0,0,0,1,0,0
12890,0,0,0,1,0,0
12891,0,0,0,0,0,0
12892,0,0,0,0,0,0
12893,0,0,0,0,0,0
12894,0,0,0,0,0,0
12895,0,0,0,0,0,0
12896,0,0,0,0,4,0
12897,0,0,0,0,0,0
12898,0,0,0,0,0,0
12899,0,0,0,0,0,0
12900,0,0,0,0,0,0
12901,0,0,0,0,0,0
12902,0,0,0,0,0,0
12903,0,0,0,0,0,0
12904,0,0,0,0,0,0
12905,0,0,0,0,0,0
12906,0,0,0,0,1,0
12907,0,0,0,0,0,0
12908,0,0,0,0,0,0
12909,0,0,0,0,0,0
12910,0,0,0,0,0,0
12911,0,0,0,0,0,0
12912,0,0,0,0,0,0
12913,0,0,0,0,1,0
12914,0,0,0,0,0,0
12915,0,0,0,0,0,0
12916,0,0,0,0,0,0
12917,0,0,0,0,0,0
12918,0,0,0,0,0,0
12919,0,0,0,0,0,0
12920,0,0,0,0,0,0
12921,0,0,0,0,0,0
12922,0,0,0,0,0,0
12923,0,0,0,0,0,0
12924,0,0,0,0,0,0
12925,0,0,0,0,0,0
12926,0,0,0,0,0,0
12927,0,0,1,0,0,0
12928,0,0,0,0,0,0
12929,0,0,0,0,0,0
12930,0,0,0,0,0,0
12931,0,0,0,0,11,0
12932,0,0,0,0,0,0
12933,0,0,0,0,0,0
12934,0,0,0,0,0,0
12935,0,0,0,3,0,0
12936,0,0,0,0,0,0
12937,0,0,0,0,0,0
12938,0,0,0,1,0,0
12939,0,0,0,0,0,0
12940,0,0,0,0,0,0
12941,0,0,0,0,0,0
12942,0,0,0,0,0,0
12943,0,0,6,9,0,0
12944,0,0,3,8,0,0
12945,0,0,0,0,0,0
12946,0,0,0,0,0,0
12947,0,0,0,0,2,0
12948,0,0,0,0,0,0
12949,0,0,0,0,0,0
12950,0,0,0,3,0,0
12951,0,0,0,0,0,0
12952,0,0,0,1,0,0
12953,0,0,0,0,0,0
12954,0,0,0,0,0,0
12955,0,0,8,0,0,0
12956,0,0,0,0,0,0
12957,0,0,0,0,37,0
12958,0,0,2,0,72,0
12959,0,0,19,3,88,0
12960,0,0,0,0,45,0
12961,0,0,18,0,29,0
12962,0,0,1,0,46,0
12963,0,0,0,0,43,0
12964,0,0,21,0,60,0
12965,0,0,2,0,50,0
12966,0,0,0,3,49,0
12967,0,0,10,0,54,0
12968,0,0,8,2,77,0
12969,0,0,0,0,154,0
12970,0,0,0,0,253,0
12971,0,0,0,18,276,0
12972,0,0,0,110,262,0
12973,0,0,0,244,237,0
12974,0,0,0,156,212,0
12975,0,0,0,75,156,0
12976,0,0,0,292,34,0
12977,0,0,2,367,29,0
12978,0,0,32,213,91,0
12979,0,0,0,6,145,0
12980,0,0,9,48,190,0
12981,0,0,23,10,223,0
12982,0,0,0,0,253,0
12983,0,0,10,23,282,0
12984,0,0,10,29,289,0
12985,0,0,6,47,290,0
12986,0,0,0,48,256,0
12987,0,0,0,10,230,0
12988,0,0,0,0,219,0
12989,0,0,0,0,208,0
12990,0,0,0,0,200,0
12991,0,0,0,0,191,0
12992,0,0,0,0,173,0
12993,0,0,0,0,123,0
12994,0,0,0,0,79,0
12995,0,0,0,0,50,0
12996,0,0,0,0,2,0
12997,0,0,0,0,0,0
12998,0,0,7,0,0,0
12999,0,0,21,0,0,0
13000,0,0,0,0,0,0
13001,0,0,3,0,0,0
13002,0,0,14,0,4,0
13003,0,0,0,0,0,0
13004,0,0,3,0,31,0
13005,0,0,3,0,64,0
13006,0,0,0,5,19,0
13007,0,0,0,0,24,0
13008,0,0,2,0,75,0
13009,0,0,0,0,75,0
13010,0,0,0,0,8,0
13011,0,0,2,0,8,0
13012,0,0,0,0,20,0
13013,0,0,0,0,32,0
13014,0,0,0,0,19,0
13015,0,0,6,0,6,0
13016,0,0,0,0,6,0
13017,0,0,0,0,0,0
13018,0,0,0,0,0,0
13019,0,0,0,0,1,0
13020,0,0,0,0,0,0
13021,0,0,0,0,9,0
13022,0,0,3,0,1,0
13023,0,0,0,0,0,0
13024,0,0,1,0,0,0
13025,0,0,0,0,25,0
13026,0,0,0,5,21,0
13027,0,0,0,15,15,0
13028,0,0,3,0,0,0
13029,0,0,0,0,0,0
13030,0,0,0,0,0,0
13031,0,0,1,0,0,0
13032,0,0,0,0,0,0
13033,0,0,0,22,3,0
13034,0,0,5,142,0,0
13035,0,0,1,35,0,0
13036,0,0,0,8,0,0
13037,0,0,8,5,0,0
13038,0,0,17,1,2,0
13039,0,0,0,0,14,0
13040,0,0,7,0,20,0
13041,0,0,18,0,10,0
13042,0,0,0,7,0,0
13043,0,0,0,0,0,0
13044,0,0,11,0,0,0
13045,0,0,3,12,0,0
13046,0,0,0,13,7,0
13047,0,0,16,32,0,0
13048,0,0,0,38,0,0
13049,0,0,0,0,0,0
13050,0,0,0,20,0,0
13051,0,0,0,16,4,0
13052,0,0,0,0,0,0
13053,0,0,1,36,0,0
13054,0,0,0,58,0,0
13055,0,0,0,38,0,0
13056,0,0,0,0,0,0
13057,0,0,3,0,0,0
13058,0,0,0,44,0,0
13059,0,0,0,51,0,0
13060,0,0,0,34,0,0
13061,0,0,0,23,0,0
13062,0,0,0,45,0,0
13063,0,0,0,0,0,0
13064,0,0,0,66,1,0
13065,0,0,0,49,0,0
13066,0,0,0,6,0,0
13067,0,0,0,3,0,0
13068,0,0,0,0,0,0
13069,0,0,0,0,0,0
13070,0,0,0,7,0,0
13071,0,0,0,0,0,0
13072,0,0,0,2,42,0
13073,0,0,0,12,45,0
13074,0,0,0,0,25,0
13075,0,0,0,1,40,0
13076,0,0,2,37,80,0
13077,0,0,0,0,15,0
13078,0,0,0,38,0,0
13079,0,0,0,37,0,0
13080,0,0,0,0,3,0
13081,0,0,0,26,3,0
13082,0,0,0,124,0,0
13083,0,0,6,4,0,0
13084,0,0,0,0,0,0
13085,0,0,0,13,6,0
13086,0,0,0,40,0,0
13087,0,0,0,20,0,0
13088,0,0,0,11,0,0
13089,0,0,0,17,18,0
13090,0,0,0,2,0,0
13091,0,0,0,0,0,0
13092,0,0,0,0,0,0
13093,0,0,0,32,0,0
13094,0,0,0,56,0,0
13095,0,0,0,60,0,0
13096,0,0,0,19,2,0
13097,0,0,0,0,0,0
13098,0,0,0,0,7,0
13099,0,0,0,0,48,0
13100,0,0,0,0,10,0
13101,0,0,0,0,0,0
13102,0,0,0,0,0,0
13103,0,0,0,0,0,0
13104,0,0,0,0,0,0
13105,0,0,0,8,7,0
13106,0,0,0,109,48,0
13107,0,0,0,109,130,0
13108,0,0,0,9,187,0
13109,0,0,0,13,254,0
13110,0,0,0,17,348,0
13111,0,0,0,112,447,0
13112,0,0,0,185,578,3
13113,0,0,0,171,507,45
13114,0,0,0,99,377,114
13115,0,0,0,156,477,128
13116,0,0,0,172,615,119
13117,0,0,0,119,638,229
13118,0,0,0,59,599,260
13119,0,0,0,153,446,218
13120,1,0,0,284,246,115
13121,25,0,0,451,104,82
13122,66,0,0,582,22,15
13123,2,0,0,702,0,0
13124,123,0,0,542,0,0
13125,315,7,0,341,11,0
13126,230,0,0,253,7,9
13127,368,0,0,82,6,0
13128,537,168,0,47,0,0
13129,326,172,0,21,2,0
13130,1,0,0,11,42,0
13131,340,90,0,3,0,0
13132,426,213,0,0,0,0
13133,44,5,0,0,0,0
13134,93,0,0,3,0,0
13135,86,67,0,16,0,0
13136,23,8,0,4,3,0
13137,0,0,2,0,2,0
13138,34,0,0,0,0,0
13139,23,0,0,2,0,0
13140,4,0,4,0,0,0
13141,0,0,0,0,1,0
13142,0,0,0,0,0,0
13143,0,0,9,0,2,0
13144,0,0,0,0,0,0
13145,0,0,0,0,1,0
13146,0,0,0,0,0,0
13147,0,0,1,0,0,0
13148,0,0,0,11,0,0
13149,0,0,0,0,0,0
13150,45,0,20,4,0,0
13151,26,0,12,0,0,0
13152,0,0,0,0,0,0
13153,21,0,3,0,0,0
13154,16,0,4,0,0,0
13155,5,0,0,0,1,0
13156,0,0,32,0,16,0
13157,0,0,16,0,2,0
13158,0,0,0,0,18,0
13159,0,0,3,0,14,0
13160,0,0,20,1,24,0
13161,0,0,0,0,86,0
13162,0,0,5,1,293,131
13163,0,0,11,36,580,243
13164,0,0,0,0,985,389
13165,0,0,0,0,1381,364
13166,0,0,0,0,1936,445
13167,0,0,0,0,2513,437
13168,0,0,0,0,2774,283
13169,0,0,0,85,3147,528
13170,0,0,0,66,3559,869
13171,0,0,0,0,3943,802
13172,0,0,0,0,4483,521
13173,0,0,0,0,4293,293
13174,0,0,0,0,3880,165
13175,0,0,0,4,3376,77
13176,0,0,0,0,2675,29
13177,0,0,0,26,1911,6
13178,0,0,0,63,972,0
13179,0,0,0,41,959,0
13180,0,0,0,21,1078,0
13181,0,0,0,25,1589,0
13182,0,0,0,0,1751,0
13183,0,0,0,12,1551,0
13184,0,0,0,4,1631,4
13185,1,0,0,0,1734,18
13186,0,0,10,32,2395,98
13187,0,0,0,41,2800,213
13188,0,0,0,2,3207,457
13189,0,0,0,0,3012,600
13190,0,0,0,0,2099,585
13191,0,0,0,2,945,415
13192,0,0,0,0,2541,647
13193,0,0,0,1,4019,606
13194,0,0,0,15,5003,292
13195,0,0,0,15,5280,76
13196,0,0,0,4,4795,59
13197,0,0,0,3,3795,9
13198,0,0,0,6,2484,0
13199,0,0,0,0,506,0
13200,0,0,0,0,2167,0
13201,0,0,6,6,3582,2
13202,0,0,2,0,4421,28
13203,0,0,0,0,4403,35
13204,0,0,0,0,4057,51
13205,0,0,0,22,2575,52
13206,0,0,0,32,1192,41
13207,0,0,0,77,2887,33
13208,0,0,0,134,3369,4
13209,0,0,0,78,2497,0
13210,0,0,0,101,1792,4
13211,0,0,0,0,1512,148
13212,0,0,0,0,2551,149
13213,0,0,0,100,2903,24
13214,0,0,0,356,1790,8
13215,0,0,0,540,1106,7
13216,0,0,0,558,3048,142
13217,0,0,6,548,3433,63
13218,0,0,0,801,3074,0
13219,0,0,2,659,1296,0
13220,0,0,0,514,1505,0
13221,0,0,0,372,3406,7
13222,0,0,0,288,5003,212
13223,7,0,0,383,5351,591
13224,1,0,14,366,4508,1000
13225,0,0,23,482,3302,1081
13226,0,0,0,217,1766,541
13227,15,0,0,42,432,319
13228,27,0,0,3,890,382
13229,52,0,0,48,1353,323
13230,15,0,25,198,1209,202
13231,16,2,37,365,984,49
13232,8,0,4,340,596,2
13233,2,0,0,284,510,13
13234,8,0,0,175,242,0
13235,4,0,0,11,302,20
13236,21,3,0,0,241,167
13237,0,0,49,0,260,181
13238,0,0,33,1,99,242
13239,0,0,13,14,290,200
13240,0,0,0,0,598,130
13241,0,0,0,3,246,83
13242,0,0,0,9,84,0
13243,0,0,0,25,475,87
13244,0,0,8,0,831,163
13245,0,0,18,0,992,190
13246,0,0,0,28,889,117
13247,0,0,0,14,891,113
13248,0,0,0,8,992,165
13249,0,0,0,4,1336,237
13250,0,0,28,8,1597,235
13251,0,0,36,0,1921,260
13252,0,0,11,41,2201,108
13253,0,0,0,12,2477,47
13254,0,0,0,62,2719,138
13255,0,0,0,41,2760,50
13256,0,0,0,99,2599,7
13257,0,0,0,63,2352,3
13258,0,0,0,42,1921,0
13259,0,0,0,6,1153,0
13260,0,0,0,1,1096,1
13261,0,0,0,0,1948,10
13262,0,0,0,7,2403,20
13263,0,0,0,0,2416,0
13264,0,0,0,2,2259,8
13265,0,0,0,5,1828,88
13266,0,0,0,9,1220,124
13267,0,0,0,1,674,161
13268,0,0,0,0,1580,157
13269,0,0,0,0,1810,120
13270,0,0,0,0,1788,69
13271,0,0,0,0,1943,60
13272,0,0,0,0,2508,42
13273,0,0,0,0,2440,28
13274,0,0,0,0,2445,2
13275,0,0,0,0,1910,0
13276,0,0,0,0,1889,0
13277,0,0,0,0,2042,0
13278,0,0,0,0,1758,0
13279,0,0,0,22,1400,0
13280,0,0,0,7,2133,0
13281,0,0,0,44,2418,0
13282,0,0,0,220,2598,15
13283,0,0,0,637,2492,17
13284,0,0,0,1072,2454,62
13285,0,0,0,1509,2452,98
13286,0,0,0,1631,2573,169
13287,0,0,0,1737,2799,227
13288,0,0,0,1585,3248,270
13289,0,0,0,1496,3506,267
13290,0,0,0,1353,3504,202
13291,0,0,0,1302,3399,101
13292,0,0,0,1114,3220,281
13293,0,0,0,890,3125,615
13294,0,0,0,846,2990,807
13295,0,0,1,766,2141,709
13296,0,0,0,474,1583,554
13297,0,0,0,223,1300,642
13298,0,0,0,36,889,606
13299,0,0,0,14,544,497
13300,0,0,0,0,338,434
13301,0,0,0,28,19,141
13302,0,0,0,0,7,6
13303,0,0,0,29,46,119
13304,0,0,1,9,88,267
13305,0,0,7,0,146,333
13306,0,0,0,12,300,392
13307,0,0,18,13,458,333
13308,0,0,42,2,383,247
13309,0,0,4,8,331,93
13310,0,0,0,45,239,0
13311,0,0,14,84,269,0
13312,0,0,8,136,249,0
13313,0,0,0,206,99,0
13314,0,0,251,159,65,10
13315,0,0,15,207,0,0
13316,0,0,0,219,21,0
13317,0,0,0,157,0,0
13318,0,0,0,249,7,0
13319,0,0,0,236,64,0
13320,0,0,47,167,136,0
13321,0,0,48,85,23,8
13322,0,0,0,8,191,0
13323,0,0,0,2,136,0
13324,0,0,0,0,25,0
13325,0,0,0,2,19,0
13326,0,0,0,30,422,0
13327,0,0,4,246,1141,378
13328,0,0,0,415,1315,777
13329,0,0,0,391,1754,1218
13330,0,0,0,245,2080,1134
13331,0,0,0,257,2767,1060
13332,0,0,0,86,2167,828
13333,0,0,0,82,1196,197
13334,0,0,0,123,877,61
13335,0,0,7,179,1125,732
13336,0,0,78,346,1543,1230
13337,0,0,1,125,934,607
13338,0,0,0,70,460,117
13339,0,0,0,0,31,0
13340,0,0,0,0,11,0
13341,0,0,12,0,1,0
13342,0,0,123,9,0,6
13343,0,0,32,40,0,4
13344,0,0,0,61,0,0
13345,0,0,0,71,0,0
13346,0,0,0,15,0,0
13347,0,0,23,0,0,0
13348,0,0,34,139,0,0
13349,0,0,8,383,0,0
13350,0,0,0,484,2,0
13351,0,0,0,423,23,0
13352,0,0,2,330,10,0
13353,0,0,180,198,5,12
13354,0,0,78,116,1,0
13355,0,0,0,127,0,0
13356,0,0,0,103,0,0
13357,0,0,0,171,0,0
13358,0,0,0,116,0,0
13359,0,0,96,40,0,4
13360,0,0,129,73,1,0
13361,0,0,4,128,0,0
13362,0,0,0,60,0,0
13363,0,0,0,32,0,0
13364,0,0,0,17,0,0
13365,0,0,132,2,0,0
13366,0,0,279,0,3,0
13367,0,0,33,0,0,0
13368,0,0,2,13,2,0
13369,0,0,3,2,1,0
13370,0,0,0,0,0,0
13371,0,0,43,0,0,0
13372,0,0,118,0,0,3
13373,0,0,31,4,0,0
13374,0,0,0,0,0,0
13375,0,0,0,0,0,0
13376,0,0,0,0,0,0
13377,0,0,13,0,0,0
13378,0,0,6,0,0,0
13379,0,0,0,0,0,0
13380,8,0,0,0,9,0
13381,4,0,0,0,2,0
13382,4,0,0,0,0,0
13383,0,0,21,0,0,0
13384,0,0,1,0,0,0
13385,0,0,0,0,0,0
13386,0,0,0,0,0,0
13387,1,0,0,0,0,0
13388,2,0,0,0,0,0
13389,2,0,0,0,0,0
13390,0,0,18,0,3,0
13391,0,0,14,0,0,0
13392,0,0,0,0,0,0
13393,0,0,0,0,1,0
13394,2,0,0,0,0,0
13395,0,0,0,0,0,0
13396,0,0,0,0,3,0
13397,0,0,1,0,1,0
13398,0,0,0,0,0,0
13399,0,0,0,0,0,0
13400,0,0,0,0,0,0
13401,0,0,0,0,0,0
13402,0,0,0,0,0,0
13403,0,0,0,0,0,0
13404,0,0,0,0,0,0
13405,0,0,0,0,0,0
13406,0,0,0,0,0,0
13407,3,0,0,0,0,0
13408,0,0,0,0,0,0
13409,0,0,0,10,0,0
13410,0,0,0,0,0,0
13411,0,0,0,0,0,0
13412,7,0,0,0,0,0
13413,2,0,0,0,0,0
13414,0,0,0,0,0,0
13415,0,0,4,0,0,0
13416,0,0,0,0,0,0
13417,0,0,2,0,0,0
13418,0,0,0,0,0,0
13419,0,0,0,0,0,0
13420,0,0,0,0,0,0
13421,0,0,1,4,0,0
13422,5,0,0,0,0,0
13423,3,0,6,0,0,0
13424,30,0,3,0,0,0
13425,9,0,0,0,0,0
13426,56,0,50,12,1,0
13427,35,0,89,0,0,0
13428,43,0,0,0,0,0
13429,23,0,33,0,0,0
13430,28,0,123,0,0,0
13431,2,0,10,0,0,0
13432,2,0,66,0,0,0
13433,9,0,185,0,0,7
13434,0,0,34,0,0,3
13435,0,0,16,0,0,0
13436,0,0,94,10,0,0
13437,0,0,23,0,0,0
13438,3,0,0,0,0,0
13439,0,0,172,0,0,0
13440,7,0,70,0,0,0
13441,4,0,0,1,0,0
13442,0,0,67,0,0,0
13443,10,0,50,0,0,0
13444,13,0,0,0,0,0
13445,46,0,23,0,0,0
13446,104,0,51,0,0,0
13447,91,0,0,0,0,0
13448,112,0,12,0,0,0
13449,39,0,10,0,0,0
13450,9,0,0,0,0,0
13451,1,0,18,0,0,0
13452,5,0,79,0,0,0
13453,0,0,6,0,0,0
13454,0,0,0,0,0,0
13455,0,0,59,0,0,0
13456,0,0,11,6,0,0
13457,0,0,11,0,0,0
13458,0,0,178,0,0,0
13459,10,0,59,0,0,0
13460,0,0,3,0,0,0
13461,0,0,138,0,0,2
13462,9,0,92,0,0,0
13463,0,0,0,0,0,0
13464,1,0,155,0,0,0
13465,0,0,243,0,0,3
13466,0,0,17,0,0,0
13467,0,0,107,0,0,0
13468,0,0,240,0,0,1
13469,0,0,28,0,0,0
13470,0,0,45,0,0,0
13471,0,0,285,0,0,1
13472,0,0,117,15,4,0
13473,0,0,0,0,0,0
13474,0,0,106,0,0,3
13475,0,0,57,0,0,0
13476,0,0,0,0,0,0
13477,0,0,31,0,0,0
13478,0,0,64,11,0,0
13479,0,0,0,0,0,0
13480,0,0,3,1,0,0
13481,0,0,30,0,0,0
13482,0,0,7,0,0,0
13483,0,0,0,0,0,0
13484,0,0,26,0,0,0
13485,0,0,41,0,0,0
13486,9,0,0,0,1,0
13487,23,0,11,0,4,0
13488,7,0,68,0,0,0
13489,4,0,0,4,0,0
13490,9,0,0,7,0,0
13491,4,0,81,0,0,0
13492,2,0,21,9,0,0
13493,0,0,0,40,0,0
13494,0,0,13,5,0,0
13495,0,0,29,3,2,0
13496,0,0,0,20,0,0
13497,0,0,0,0,0,0
13498,0,0,21,0,0,0
13499,0,0,8,0,0,0
13500,1,0,0,0,0,0
13501,3,0,2,0,1,0
13502,0,0,0,0,2,0
13503,0,0,0,0,0,0
13504,0,0,0,0,0,0
13505,0,0,0,0,0,0
13506,0,0,0,0,0,0
13507,0,0,0,0,0,0
13508,0,0,0,0,0,0
13509,0,0,0,0,0,0
13510,0,0,0,0,0,0
13511,0,0,0,0,0,0
13512,0,0,0,0,0,0
13513,0,0,0,0,0,0
13514,0,0,0,0,0,0
13515,0,0,0,0,0,0
13516,0,0,0,0,0,0
13517,0,0,0,0,0,0
13518,0,0,0,0,0,0
13519,0,0,0,0,0,0
13520,0,0,0,0,0,0
13521,0,0,0,0,0,0
13522,0,0,0,5,0,0
13523,0,0,0,6,0,0
13524,0,0,0,2,0,0
13525,0,0,0,0,0,0
13526,0,0,0,0,0,0
13527,0,0,0,0,0,0
13528,0,0,0,0,0,0
13529,0,0,0,0,0,0
13530,0,0,0,0,0,0
13531,0,0,0,0,3,0
13532,0,0,0,0,0,0
13533,0,0,0,0,1,0
13534,0,0,0,0,0,0
13535,0,0,0,0,0,0
13536,0,0,0,0,0,0
13537,0,0,0,0,0,0
13538,0,0,0,0,0,0
13539,0,0,0,0,0,0
13540,0,0,0,0,0,0
13541,0,0,0,0,0,0
13542,0,0,0,0,0,0
13543,0,0,0,0,0,0
13544,0,0,0,0,0,0
13545,0,0,0,0,0,0
13546,0,0,0,0,0,0
13547,0,0,0,0,0,0
13548,0,0,0,0,0,0
13549,0,0,0,0,0,0
13550,0,0,1,0,0,0
13551,0,0,0,0,0,0
13552,0,0,0,0,0,0
13553,0,0,0,0,0,0
13554,0,0,18,0,0,0
13555,0,0,0,0,0,0
13556,0,0,2,0,0,0
13557,0,0,13,0,0,0
13558,0,0,0,0,0,0
13559,0,0,2,0,0,0
13560,0,0,6,0,0,0
13561,0,0,5,0,0,0
13562,0,0,0,0,0,0
13563,0,0,2,0,0,0
13564,0,0,0,0,0,0
13565,0,0,0,0,0,0
13566,0,0,0,0,0,0
13567,0,0,0,0,0,0
13568,0,0,0,0,0,0
13569,0,0,0,0,0,0
13570,0,0,0,0,0,0
13571,0,0,0,0,0,0
13572,0,0,0,0,0,0
13573,0,0,0,0,0,0
13574,0,0,0,0,0,0
13575,0,0,0,0,0,0
13576,0,0,0,3,6,0
13577,0,0,0,1,1,0
13578,0,0,0,0,7,0
13579,0,0,0,0,29,0
13580,0,0,0,2,103,20
13581,0,0,0,3,135,11
13582,0,0,0,4,39,0
13583,2,0,0,35,4,0
13584,0,0,0,35,29,0
13585,57,0,0,17,62,0
13586,116,0,0,56,67,0
13587,83,0,0,36,84,0
13588,79,0,0,6,73,0
13589,37,0,0,10,63,0
13590,24,0,0,72,39,0
13591,0,0,0,21,18,0
13592,0,0,0,155,0,0
13593,0,0,2,228,4,0
13594,2,0,0,318,0,0
13595,4,0,0,325,0,0
13596,0,0,0,155,0,0
13597,0,0,0,61,21,0
13598,2,0,0,8,44,0
13599,0,0,0,0,8,0
13600,0,0,0,0,0,0
13601,0,0,0,0,3,0
13602,0,0,0,0,0,0
13603,0,0,0,0,0,0
13604,0,0,0,0,0,0
13605,0,0,0,0,6,0
13606,0,0,0,0,31,0
13607,0,0,0,0,23,0
13608,0,0,0,0,0,0
13609,0,0,0,0,0,0
13610,0,0,0,0,0,0
13611,0,0,0,0,0,0
13612,0,0,0,0,0,0
13613,0,0,0,0,0,0
13614,0,0,0,0,0,0
13615,0,0,0,0,0,0
13616,0,0,0,0,0,0
13617,0,0,0,0,0,0
13618,0,0,0,0,0,0
13619,0,0,0,0,33,0
13620,0,0,0,0,37,0
13621,0,0,0,0,73,0
13622,0,0,0,0,128,0
13623,0,0,0,0,6,0
13624,0,0,0,0,0,0
13625,0,0,0,0,0,0
13626,0,0,0,0,0,0
13627,0,0,0,4,0,0
13628,0,0,0,13,0,0
13629,0,0,0,0,0,0
13630,0,0,0,0,0,0
13631,0,0,0,0,0,0
13632,0,0,0,0,0,0
13633,0,0,0,0,0,0
13634,0,0,0,0,0,0
13635,0,0,0,0,0,0
13636,0,0,0,0,0,0
13637,0,0,0,0,0,0
13638,0,0,0,0,1,0
13639,0,0,0,0,0,0
13640,0,0,0,0,0,0
13641,0,0,0,0,0,0
13642,0,0,0,0,0,0
13643,0,0,0,0,0,0
13644,0,0,0,0,0,0
13645,0,0,0,0,0,0
13646,2,0,0,0,32,0
13647,0,0,0,0,56,0
13648,0,0,0,0,75,0
13649,4,0,0,0,79,0
13650,0,0,0,0,65,0
13651,0,0,0,33,62,0
13652,0,0,0,0,44,0
13653,0,0,0,1,6,0
13654,0,0,19,0,0,3
13655,0,0,9,14,0,0
13656,0,0,0,28,0,0
13657,5,0,22,0,0,0
13658,0,0,10,0,0,0
13659,0,0,0,0,0,0
13660,0,0,35,1,0,0
13661,0,0,12,0,3,0
13662,0,0,0,31,2,0
13663,1,0,37,35,0,0
13664,0,0,23,0,0,0
13665,0,0,0,0,0,0
13666,2,0,46,8,1,8
13667,0,0,25,54,2,0
13668,0,0,0,0,2,0
13669,9,0,4,0,0,0
13670,4,0,25,0,0,0
13671,0,0,0,0,0,0
13672,0,0,5,0,0,0
13673,0,0,11,2,0,0
13674,0,0,0,3,0,0
13675,0,0,0,71,0,0
13676,0,0,0,57,0,0
13677,0,0,0,33,0,0
13678,0,0,0,115,0,0
13679,0,0,0,236,18,0
13680,0,0,0,170,6,0
13681,0,0,0,22,1,0
13682,0,0,0,26,0,0
13683,0,0,0,0,1,0
13684,0,0,0,4,0,0
13685,0,0,0,38,0,0
13686,0,0,0,34,0,0
13687,0,0,0,0,0,0
13688,0,0,0,16,0,0
13689,0,0,0,2,0,0
13690,0,0,0,6,0,0
13691,0,0,0,0,0,0
13692,0,0,0,0,0,0
13693,0,0,0,0,0,0
13694,0,0,0,0,0,0
13695,0,0,0,0,0,0
13696,0,0,0,7,2,0
13697,0,0,0,67,1,0
13698,0,0,0,45,0,0
13699,0,0,0,2,0,0
13700,0,0,0,0,0,0
13701,0,0,3,3,0,0
13702,0,0,0,0,0,0
13703,0,0,0,0,0,0
13704,0,0,0,0,0,0
13705,0,0,0,0,23,0
13706,0,0,0,13,15,0
13707,0,0,0,0,110,0
13708,0,0,0,2,43,1
13709,0,0,0,0,80,0
13710,0,0,0,4,0,0
13711,0,0,0,2,17,0
13712,0,0,1,0,3,0
13713,0,0,0,0,2,0
13714,0,0,0,0,3,0
13715,0,0,0,1,7,0
13716,0,0,0,2,16,0
13717,0,0,0,2,14,0
13718,0,0,0,13,44,0
13719,0,0,0,0,18,0
13720,0,0,0,0,0,0
13721,0,0,0,0,1,0
13722,0,0,0,1,4,0
13723,0,0,0,0,0,0
13724,0,0,0,0,0,0
13725,0,0,0,0,1,0
13726,0,0,0,0,0,0
13727,0,0,0,0,1,0
13728,0,0,0,0,0,0
13729,0,0,2,0,0,0
13730,0,0,3,0,0,0
13731,0,0,0,0,0,0
13732,0,0,0,0,0,0
13733,0,0,0,0,0,0
13734,0,0,5,0,0,0
13735,0,0,0,0,0,0
13736,0,0,0,0,0,0
13737,0,0,10,0,0,0
13738,0,0,0,0,0,0
13739,0,0,0,0,0,0
13740,0,0,4,0,0,0
13741,0,0,0,0,0,0
13742,0,0,0,0,1,0
13743,0,0,44,0,0,0
13744,0,0,0,0,0,0
13745,0,0,1,0,0,0
13746,0,0,15,0,0,0
13747,0,0,0,0,0,0
13748,0,0,2,25,0,0
13749,0,0,9,68,0,0
13750,0,0,14,51,0,0
13751,0,0,0,12,0,0
13752,0,0,0,0,0,0
13753,0,0,0,41,0,0
13754,0,0,0,44,0,0
13755,0,0,0,72,0,0
13756,0,0,0,3,0,0
13757,0,0,0,0,0,0
13758,0,0,0,0,0,0
13759,0,0,0,45,0,0
13760,0,0,0,91,0,0
13761,0,0,0,51,0,0
13762,0,0,0,6,0,0
13763,0,0,0,16,0,0
13764,0,0,0,11,0,0
13765,0,0,0,0,0,0
13766,0,0,0,21,0,0
13767,0,0,0,0,0,0
13768,0,0,0,0,0,0
13769,0,0,0,0,0,0
13770,0,0,0,35,0,0
13771,0,0,0,40,0,0
13772,0,0,0,11,0,0
13773,0,0,0,0,0,0
13774,0,0,0,0,0,0
13775,0,0,1,0,0,0
13776,0,0,0,0,0,0
13777,0,0,0,111,0,0
13778,0,0,0,146,0,0
13779,0,0,0,13,0,0
13780,0,0,0,0,0,0
13781,0,0,0,25,0,0
13782,0,0,0,105,0,0
13783,0,0,0,55,0,0
13784,0,0,0,61,0,0
13785,0,0,0,0,0,0
13786,0,0,5,22,2,0
13787,0,0,4,60,0,0
13788,0,0,0,50,0,0
13789,0,0,21,9,0,0
13790,0,0,3,0,0,0
13791,0,0,0,51,0,0
13792,0,0,10,128,0,0
13793,0,0,10,225,0,0
13794,0,0,0,178,0,0
13795,0,0,2,213,0,0
13796,0,0,0,326,1,0
13797,0,0,0,158,0,0
13798,0,0,0,18,0,0
13799,0,0,0,4,0,0
13800,0,0,0,0,0,0
13801,0,0,1,19,2,0
13802,0,0,0,2,0,0
13803,0,0,0,8,0,0
13804,0,0,0,1,0,0
13805,0,0,0,21,0,0
13806,0,0,0,0,0,0
13807,0,0,0,0,0,0
13808,0,0,0,0,0,0
13809,0,0,0,28,1,0
13810,0,0,0,4,2,0
13811,0,0,0,7,1,0
13812,0,0,0,4,0,0
13813,0,0,0,12,0,0
13814,0,0,0,20,0,0
13815,0,0,0,0,0,0
13816,0,0,0,0,0,0
13817,0,0,1,6,0,0
13818,0,0,0,0,0,0
13819,0,0,0,0,0,0
13820,0,0,0,0,0,0
13821,0,0,0,0,0,0
13822,0,0,0,0,0,0
13823,0,0,0,0,0,0
13824,0,0,4,0,0,0
13825,0,0,0,0,0,0
13826,0,0,0,0,0,0
13827,0,0,1,0,0,0
13828,0,0,0,34,0,0
13829,0,0,0,0,0,0
13830,0,0,0,0,0,0
13831,0,0,2,0,0,0
13832,0,0,6,1,0,0
13833,0,0,0,0,0,0
13834,0,0,4,0,0,0
13835,0,0,0,0,0,0
13836,0,0,0,0,0,0
13837,0,0,3,0,0,0
13838,0,0,1,0,0,0
13839,0,0,0,0,0,0
13840,0,0,0,0,0,0
13841,0,0,0,0,0,0
13842,0,0,0,0,0,0
13843,0,0,0,0,0,0
13844,0,0,0,0,0,0
13845,0,0,0,0,0,0
13846,0,0,0,0,0,0
13847,0,0,0,14,0,0
13848,0,0,0,20,0,0
13849,0,0,0,5,0,0
13850,0,0,0,49,0,0
13851,0,0,0,5,0,0
13852,0,0,0,9,0,0
13853,0,0,0,24,0,0
13854,0,0,0,12,0,0
13855,0,0,0,0,0,4
13856,0,0,0,0,0,0
13857,0,0,0,0,0,0
13858,0,0,0,0,0,31
13859,0,0,0,26,0,39
13860,0,0,0,2,0,115
13861,0,0,1,0,1,79
13862,0,0,17,0,0,23
13863,0,0,0,0,0,3
13864,0,0,0,0,0,3
13865,0,0,6,0,0,0
13866,0,0,0,0,0,46
13867,0,0,0,0,4,51
13868,0,0,4,19,0,33
13869,0,0,0,11,65,0
13870,0,0,0,12,338,15
13871,0,0,1,10,535,50
13872,0,0,0,8,813,76
13873,0,0,0,0,1466,197
13874,0,0,0,7,2349,356
13875,0,0,0,4,2892,360
13876,0,0,0,0,3723,551
13877,0,0,0,0,4863,595
13878,0,0,0,0,5949,336
13879,0,0,0,0,6573,311
13880,0,0,0,4,6889,483
13881,0,0,0,6,6846,409
13882,0,0,0,11,5589,256
13883,0,0,0,11,3887,38
13884,0,0,0,0,2884,0
13885,0,0,0,0,3763,0
13886,0,0,0,27,4634,0
13887,0,0,0,79,4625,0
13888,0,0,0,91,5168,20
13889,0,0,0,53,5277,66
13890,0,0,0,3,4473,115
13891,0,0,2,6,3208,6
13892,0,0,0,0,2870,0
13893,0,0,0,2,3850,0
13894,0,0,0,0,4559,9
13895,0,0,0,0,4857,19
13896,0,0,0,7,4656,48
13897,6,0,0,8,3154,1
13898,0,0,2,1,2208,0
13899,0,0,0,0,3582,0
13900,0,0,0,11,5193,6
13901,0,0,2,25,5901,48
13902,0,0,12,28,6142,151
13903,0,0,0,12,5452,367
13904,0,0,0,46,4116,316
13905,0,0,0,1,3260,339
13906,0,0,0,106,2333,511
13907,0,0,3,216,1528,472
13908,0,0,3,75,871,299
13909,0,0,0,6,466,52
13910,0,0,0,34,320,4
13911,0,0,0,29,241,0
13912,0,0,0,59,243,0
13913,0,0,0,103,457,3
13914,0,0,0,151,376,6
13915,0,0,0,99,147,0
13916,0,0,0,89,15,0
13917,0,0,0,51,0,0
13918,0,0,0,39,32,0
13919,0,0,0,10,29,0
13920,0,0,0,0,0,0
13921,0,0,0,2,23,0
13922,0,0,0,5,36,0
13923,0,0,0,0,15,0
13924,0,0,0,0,20,29
13925,0,0,0,0,7,327
13926,0,0,0,0,5,733
13927,0,0,0,1,0,676
13928,0,0,0,45,0,197
13929,0,0,0,15,0,13
13930,0,0,1,1,0,182
13931,0,0,12,0,2,177
13932,0,0,0,0,7,50
13933,3,0,0,0,14,10
13934,35,0,0,12,0,0
13935,72,0,0,0,0,0
13936,188,0,0,12,1,0
13937,294,0,3,7,0,0
13938,403,0,3,0,0,0
13939,432,0,1,4,0,0
13940,565,0,0,17,0,0
13941,547,0,0,0,0,0
13942,640,0,0,0,1,0
13943,635,0,4,0,0,0
13944,687,0,0,0,0,0
13945,681,0,0,0,1,0
13946,585,0,0,2,20,0
13947,523,0,0,0,2,0
13948,384,2,0,0,0,0
13949,247,1,0,2,1,0
13950,115,0,0,0,0,0
13951,39,0,2,2,14,0
13952,4,0,0,0,0,0
13953,0,0,0,17,0,0
13954,0,0,0,40,0,0
13955,0,0,0,91,0,0
13956,0,0,2,50,0,0
13957,0,0,0,15,0,0
13958,0,0,0,0,0,0
13959,2,0,0,0,0,0
13960,0,0,0,3,0,0
13961,0,0,0,31,0,0
13962,0,0,0,35,0,0
13963,0,0,0,11,0,0
13964,0,0,0,27,0,0
13965,6,0,0,8,0,0
13966,8,0,0,0,0,0
13967,47,0,0,0,2,0
13968,196,0,0,0,0,2
13969,293,0,0,0,0,2
13970,225,0,0,0,0,0
13971,199,0,0,0,0,0
13972,161,6,0,0,0,0
13973,163,0,0,0,0,0
13974,104,0,0,0,0,0
13975,56,0,0,0,0,0
13976,18,0,0,0,0,0
13977,0,0,0,0,0,0
13978,0,0,0,0,0,0
13979,0,0,0,0,0,0
13980,0,0,0,0,0,0
13981,0,0,0,0,0,0
13982,0,0,0,0,0,0
13983,0,0,4,0,0,0
13984,0,0,0,0,0,0
13985,0,0,0,0,0,0
13986,0,0,0,0,0,0
13987,0,0,0,0,0,0
13988,8,0,0,0,0,0
13989,0,0,0,0,0,0
13990,0,0,0,5,0,0
13991,0,0,3,12,0,0
13992,0,0,0,2,0,0
13993,0,0,0,7,0,0
13994,0,0,3,10,0,0
13995,0,0,0,11,0,0
13996,0,0,0,12,0,0
13997,0,0,0,9,0,0
13998,0,0,0,0,0,0
13999,0,0,0,0,0,0
14000,0,0,0,0,0,0
14001,0,0,0,0,0,0
14002,0,0,0,11,0,0
14003,0,0,0,9,0,0
14004,0,0,0,0,0,0
14005,1,0,0,16,0,0
14006,0,0,0,26,0,0
14007,18,0,0,0,0,0
14008,17,0,0,0,0,0
14009,48,0,0,0,0,0
14010,44,0,0,0,0,0
14011,24,0,0,0,0,0
14012,0,0,0,0,0,0
14013,0,0,0,0,1,0
14014,0,0,0,0,0,0
14015,1,0,0,0,0,0
14016,17,0,0,0,0,0
14017,73,0,0,0,0,0
14018,105,0,0,2,0,0
14019,176,0,0,0,0,0
14020,219,0,0,0,0,0
14021,166,0,0,0,0,0
14022,49,0,0,0,0,0
14023,0,0,0,0,0,0
14024,9,0,0,0,0,0
14025,129,0,0,0,0,0
14026,236,0,0,3,1,0
14027,294,0,0,0,1,0
14028,336,0,0,0,0,0
14029,403,0,0,0,0,0
14030,339,0,2,0,0,0
14031,208,0,14,0,0,0
14032,59,0,6,0,0,0
14033,13,0,10,0,0,0
14034,71,0,80,0,1,0
14035,148,0,36,0,0,0
14036,45,0,2,0,0,0
14037,0,0,215,0,0,0
14038,13,0,160,0,0,0
14039,18,0,0,0,0,0
14040,178,0,308,0,0,11
14041,241,0,434,0,1,19
14042,328,0,43,0,1,0
14043,306,0,229,0,0,0
14044,11,0,513,0,0,16
14045,81,0,45,0,0,0
14046,120,0,181,0,0,3
14047,255,0,523,0,0,34
14048,168,0,79,0,0,0
14049,45,0,45,0,0,3
14050,9,0,248,0,0,0
14051,0,0,29,0,0,0
14052,48,0,9,0,0,0
14053,105,0,109,0,0,1
14054,9,0,48,0,0,0
14055,0,0,0,0,0,0
14056,0,0,42,0,0,0
14057,0,0,6,0,0,0
14058,3,0,0,0,0,0
14059,0,0,1,0,0,0
14060,55,0,18,0,0,0
14061,143,0,0,0,0,0
14062,162,0,15,0,0,0
14063,178,0,34,0,0,0
14064,74,0,0,0,0,0
14065,0,0,58,0,0,0
14066,0,0,138,0,0,1
14067,1,0,6,0,0,0
14068,70,0,15,0,0,0
14069,23,0,80,0,0,0
14070,19,0,9,0,0,0
14071,2,0,5,0,0,0
14072,0,0,229,0,0,0
14073,0,0,100,0,0,0
14074,0,0,0,0,0,0
14075,17,0,69,0,0,0
14076,8,0,82,0,0,0
14077,58,0,15,0,0,0
14078,83,0,51,9,0,0
14079,0,0,140,0,0,2
14080,0,0,6,0,0,0
14081,0,0,0,0,0,0
14082,28,0,42,0,0,0
14083,7,0,52,0,0,0
14084,28,0,0,0,0,0
14085,0,0,41,0,0,0
14086,0,0,102,0,0,0
14087,100,0,11,0,0,2
14088,245,0,0,0,0,0
14089,337,0,52,0,0,0
14090,232,0,15,0,0,0
14091,81,0,0,0,0,0
14092,106,0,67,0,0,0
14093,315,0,27,0,0,0
14094,261,0,0,0,0,0
14095,39,0,40,0,0,0
14096,40,3,25,0,0,0
14097,208,0,0,0,0,0
14098,286,0,18,0,0,0
14099,239,0,18,0,0,0
14100,143,0,0,0,0,0
14101,53,0,3,0,1,0
14102,313,0,31,3,0,0
14103,271,0,0,0,0,0
14104,146,0,9,0,0,0
14105,0,0,46,0,0,0
14106,6,0,6,0,0,0
14107,5,0,5,0,0,0
14108,0,0,38,32,0,0
14109,9,0,0,0,0,0
14110,25,0,10,0,0,0
14111,124,0,40,17,0,0
14112,0,0,0,0,0,0
14113,0,0,0,0,3,0
14114,0,0,12,31,71,0
14115,0,0,0,1,11,0
14116,0,0,0,19,17,0
14117,0,0,4,5,1,0
14118,0,0,0,1,0,0
14119,0,0,0,3,0,0
14120,0,0,2,4,9,0
14121,0,0,2,1,0,0
14122,0,0,0,3,0,0
14123,0,0,0,0,0,0
14124,0,0,13,0,0,0
14125,0,0,7,0,0,0
14126,0,0,0,0,0,0
14127,0,0,8,0,0,0
14128,0,0,6,52,0,0
14129,8,0,0,9,0,0
14130,0,0,0,31,0,0
14131,0,0,3,33,0,0
14132,12,0,0,0,0,0
14133,2,0,0,0,0,0
14134,3,0,0,0,0,0
14135,0,0,0,0,0,0
14136,0,0,0,0,0,0
14137,0,0,0,0,0,0
14138,0,0,0,1,0,0
14139,0,0,0,0,0,0
14140,4,0,0,0,0,0
14141,0,0,0,0,0,0
14142,0,0,0,0,0,0
14143,0,0,0,0,0,0
14144,0,0,1,0,0,0
14145,0,0,10,0,28,0
14146,0,0,0,0,84,0
14147,0,0,0,0,54,0
14148,0,0,9,0,24,0
14149,0,0,0,0,0,0
14150,0,0,0,0,0,0
14151,0,0,0,0,0,0
14152,0,0,5,0,3,0
14153,0,0,0,0,0,0
14154,0,0,0,0,0,0
14155,0,0,30,0,0,0
14156,0,0,10,0,0,0
14157,0,0,0,0,0,0
14158,0,0,84,0,0,0
14159,1,0,76,0,0,0
14160,0,0,0,0,0,0
14161,0,0,61,0,0,0
14162,0,0,162,0,5,0
14163,0,0,7,0,0,0
14164,0,0,16,0,0,0
14165,0,0,168,0,0,0
14166,0,0,30,0,0,0
14167,0,0,0,0,0,0
14168,0,0,29,0,0,0
14169,0,0,40,0,0,0
14170,0,0,0,0,0,0
14171,0,0,16,0,0,0
14172,0,0,3,0,0,0
14173,0,0,0,0,0,0
14174,0,0,0,0,0,0
14175,0,0,0,0,0,0
14176,0,0,0,7,1,0
14177,0,0,0,0,1,0
14178,0,0,27,0,1,0
14179,0,0,1,0,0,0
14180,0,0,0,0,0,0
14181,5,0,5,0,0,0
14182,4,0,1,0,0,0
14183,202,0,0,0,0,0
14184,257,0,3,0,0,0
14185,331,0,0,0,0,0
14186,303,0,0,0,0,0
14187,217,0,0,0,0,0
14188,143,0,2,0,0,0
14189,300,0,0,0,0,0
14190,528,0,0,0,0,0
14191,667,0,0,0,2,0
14192,453,0,0,0,0,0
14193,127,0,0,0,0,0
14194,196,0,0,0,0,0
14195,427,0,0,0,0,0
14196,492,0,0,2,0,0
14197,431,0,0,0,0,0
14198,542,0,0,2,0,0
14199,519,0,0,0,0,0
14200,404,0,0,0,0,0
14201,162,0,0,0,0,0
14202,497,0,0,0,0,0
14203,500,0,0,0,0,0
14204,383,0,0,0,0,0
14205,163,0,0,0,1,0
14206,42,0,0,0,0,0
14207,26,0,0,0,0,0
14208,0,0,0,0,0,0
14209,15,0,0,0,0,0
14210,27,0,0,0,0,0
14211,110,0,0,0,0,0
14212,77,0,0,0,0,0
14213,38,0,0,0,0,0
14214,11,0,0,5,0,0
14215,266,0,0,0,1,0
14216,398,0,0,0,0,0
14217,467,0,0,0,0,0
14218,345,0,0,0,0,0
14219,153,0,0,0,0,0
14220,77,0,0,0,1,0
14221,367,0,0,0,1,0
14222,386,0,0,0,0,0
14223,216,0,2,0,0,0
14224,39,0,0,0,0,0
14225,34,0,1,0,0,0
14226,80,0,0,0,0,0
14227,90,0,0,0,0,0
14228,104,0,0,0,0,0
14229,5,0,0,0,0,0
14230,0,0,0,0,0,0
14231,0,0,0,0,0,0
14232,0,0,0,0,0,0
14233,0,0,0,0,0,0
14234,0,0,0,0,0,0
14235,0,0,0,0,0,0
14236,0,0,0,0,0,0
14237,0,0,0,0,4,0
14238,0,0,0,0,1,0
14239,0,0,0,0,0,0
14240,0,0,0,0,0,0
14241,0,0,0,0,0,0
14242,0,0,0,0,0,0
14243,0,0,0,0,0,0
14244,0,0,0,0,0,0
14245,0,0,0,0,0,0
14246,0,0,0,0,0,0
14247,0,0,0,0,0,0
14248,0,0,0,0,0,0
14249,0,0,0,0,0,0
14250,0,0,0,0,0,0
14251,0,0,0,2,0,0
14252,0,0,0,0,1,0
14253,0,0,0,0,0,0
14254,0,0,0,0,0,0
14255,0,0,0,0,0,0
14256,0,0,0,0,0,0
14257,0,0,0,0,0,0
14258,0,0,0,1,0,0
14259,0,0,0,0,0,0
14260,0,0,0,0,0,0
14261,0,0,0,0,0,0
14262,14,0,0,0,0,0
14263,64,0,0,0,0,0
14264,60,0,0,0,0,0
14265,57,0,0,0,0,0
14266,11,0,0,0,5,0
14267,0,0,0,0,1,0
14268,0,0,0,0,0,0
14269,7,0,0,0,0,0
14270,48,0,0,0,0,0
14271,52,0,0,0,0,0
14272,43,0,0,0,0,0
14273,0,0,0,0,0,0
14274,0,0,0,0,0,0
14275,15,0,0,0,0,0
14276,20,0,0,0,0,0
14277,26,0,0,0,0,0
14278,7,0,0,0,0,0
14279,0,0,0,0,0,0
14280,0,0,0,0,0,0
14281,0,0,0,0,0,0
14282,14,0,0,0,2,0
14283,51,0,0,0,0,0
14284,74,0,0,0,0,0
14285,20,0,0,0,0,0
14286,34,0,0,0,0,0
14287,1,0,0,0,0,0
14288,38,0,0,0,0,0
14289,24,0,0,0,0,0
14290,0,0,0,0,4,0
14291,2,0,0,0,0,0
14292,0,0,0,0,0,0
14293,0,0,0,0,0,0
14294,0,0,0,0,0,0
14295,0,0,0,0,0,0
14296,0,0,0,0,0,0
14297,0,0,0,4,0,0
14298,0,0,0,0,0,0
14299,0,0,0,0,0,0
14300,0,0,0,0,0,0
14301,0,0,0,0,0,0
14302,0,0,0,0,0,0
14303,0,0,0,0,0,0
14304,0,0,0,0,0,0
14305,0,0,0,0,0,0
14306,0,0,0,0,0,0
14307,0,0,0,0,0,0
14308,0,0,0,0,0,0
14309,0,0,0,0,0,0
14310,0,0,0,0,0,0
14311,0,0,0,0,0,0
14312,0,0,0,0,1,0
14313,0,0,0,0,0,0
14314,0,0,0,0,0,0
14315,0,0,0,0,0,0
14316,0,0,0,0,0,0
14317,0,0,0,0,0,0
14318,0,0,0,0,0,0
14319,0,0,0,0,0,0
14320,0,0,0,0,0,0
14321,0,0,0,0,0,0
14322,0,0,0,0,0,0
14323,0,0,0,0,0,0
14324,0,0,0,0,0,0
14325,0,0,0,0,0,0
14326,0,0,0,0,2,0
14327,0,0,0,0,1,0
14328,0,0,0,0,0,0
14329,0,0,0,0,0,0
14330,0,0,0,3,0,0
14331,0,0,0,0,0,0
14332,0,0,0,0,0,0
14333,1,0,0,0,0,0
14334,0,0,0,0,0,0
14335,0,0,0,0,0,0
14336,0,0,0,0,0,0
14337,0,0,3,0,0,0
14338,0,0,0,0,0,0
14339,0,0,0,0,0,0
14340,0,0,0,0,0,0
14341,0,0,0,0,1,0
14342,0,0,0,0,1,0
14343,0,0,0,0,0,0
14344,0,0,0,0,0,0
14345,0,0,0,0,0,0
14346,0,0,0,0,0,0
14347,0,0,0,0,0,0
14348,0,0,0,0,0,0
14349,0,0,6,0,0,0
14350,1,0,0,0,0,0
14351,0,0,0,2,0,0
14352,0,0,0,0,0,0
14353,2,0,0,0,0,0
14354,0,0,0,0,0,0
14355,0,0,0,0,0,0
14356,0,0,0,0,0,0
14357,0,0,0,0,0,0
14358,0,0,0,0,0,0
14359,0,0,0,0,0,0
14360,0,0,0,2,0,0
14361,0,0,0,0,0,0
14362,0,0,0,0,0,0
14363,0,0,0,0,0,0
14364,0,0,0,0,0,0
14365,0,0,0,0,0,0
14366,0,0,0,0,0,0
14367,0,0,0,0,0,0
14368,0,0,0,0,0,0
14369,0,0,0,0,0,0
14370,0,0,0,0,0,0
14371,0,0,0,0,0,0
14372,0,0,0,0,0,0
14373,0,0,0,0,0,0
14374,0,0,0,0,0,0
14375,0,0,0,0,0,0
14376,0,0,0,0,0,0
14377,0,0,0,0,0,0
14378,5,0,0,0,0,0
14379,29,0,0,0,0,0
14380,131,0,0,0,0,0
14381,415,0,0,0,0,0
14382,632,0,0,0,0,0
14383,721,6,0,0,0,0
14384,700,0,0,0,0,0
14385,483,0,0,0,0,0
14386,135,0,0,0,0,0
14387,148,0,0,0,0,0
14388,568,0,0,0,0,0
14389,856,0,0,0,0,0
14390,1147,0,0,0,0,0
14391,1358,0,0,0,0,0
14392,1406,0,0,0,0,0
14393,1182,0,0,0,0,0
14394,494,0,0,0,0,0
14395,775,0,6,0,0,0
14396,1641,62,0,0,0,0
14397,1801,146,0,0,0,0
14398,1669,179,0,0,0,0
14399,1117,111,2,0,0,0
14400,1064,28,0,0,0,0
14401,854,0,0,0,0,0
14402,937,1,6,0,0,0
14403,518,12,0,0,0,0
14404,741,0,0,0,0,0
14405,740,0,0,0,0,0
14406,370,0,0,0,0,0
14407,201,0,0,0,0,0
14408,569,0,0,0,0,0
14409,446,0,0,0,0,0
14410,173,0,0,0,0,0
14411,345,0,0,0,0,0
14412,250,0,0,0,0,0
14413,18,0,0,0,0,0
14414,212,0,0,0,0,0
14415,93,0,0,0,0,0
14416,193,0,0,2,1,0
14417,240,0,0,0,1,0
14418,213,0,0,0,0,0
14419,181,0,0,0,0,0
14420,134,0,0,0,0,0
14421,237,0,0,0,0,0
14422,198,0,0,0,0,0
14423,13,0,0,0,0,0
14424,0,0,0,0,0,0
14425,7,0,0,0,0,0
14426,72,0,0,0,0,0
14427,0,0,0,0,0,0
14428,0,0,0,0,3,0
14429,0,0,0,0,0,0
14430,0,0,0,0,0,0
14431,0,0,0,0,2,0
14432,0,0,0,0,0,0
14433,0,0,0,0,0,0
14434,0,0,0,0,0,0
14435,0,0,0,0,0,0
14436,0,0,0,0,0,0
14437,0,0,0,0,0,0
14438,0,0,0,0,0,0
14439,13,0,0,0,0,0
14440,71,23,0,0,0,0
14441,234,102,0,0,0,0
14442,283,64,0,0,0,0
14443,212,25,0,0,0,0
14444,254,0,0,0,0,0
14445,226,0,0,0,0,0
14446,116,10,0,0,0,0
14447,48,38,0,0,0,0
14448,81,32,0,0,0,0
14449,141,4,0,0,0,0
14450,157,0,0,0,0,0
14451,138,0,0,0,0,0
14452,123,0,0,0,0,0
14453,54,0,0,0,0,0
14454,0,0,0,0,0,0
14455,0,0,0,0,0,0
14456,0,0,0,0,0,0
14457,0,0,0,0,0,0
14458,0,0,0,0,0,0
14459,0,0,0,0,0,0
14460,0,0,0,0,0,0
14461,24,0,0,0,0,0
14462,21,0,0,0,0,0
14463,23,0,0,0,0,0
14464,2,0,0,0,0,0
14465,0,0,0,0,0,0
14466,0,0,0,0,0,2
14467,0,0,0,3,0,0
14468,0,0,0,0,0,0
14469,0,0,0,0,0,0
14470,2,0,0,0,0,0
14471,10,0,0,0,0,0
14472,0,0,0,0,0,0
14473,39,0,0,0,0,0
14474,146,0,0,0,0,0
14475,190,0,0,0,0,0
14476,165,0,0,0,1,0
14477,40,0,0,0,0,0
14478,0,0,0,0,0,0
14479,0,0,0,3,0,0
14480,2,0,0,0,0,0
14481,0,0,0,0,0,0
14482,1,0,0,0,0,0
14483,13,0,0,0,0,0
14484,5,0,0,0,0,0
14485,0,0,0,0,0,0
14486,11,0,0,0,0,0
14487,12,0,0,0,0,0
14488,0,0,0,0,0,0
14489,14,0,0,0,0,0
14490,183,0,0,0,0,0
14491,331,0,0,0,0,0
14492,427,0,0,0,1,0
14493,476,0,0,0,1,0
14494,312,0,0,0,0,0
14495,92,0,0,0,0,0
14496,266,0,0,0,0,0
14497,341,0,0,0,0,0
14498,271,0,0,0,0,0
14499,328,0,0,0,0,0
14500,297,0,0,0,0,0
14501,30,0,0,0,0,0
14502,0,0,0,0,0,0
14503,28,0,0,0,0,0
14504,11,0,0,2,0,0
14505,0,0,0,0,0,0
14506,0,0,0,0,1,0
14507,0,0,0,0,0,0
14508,19,0,0,0,0,0
14509,11,0,0,0,0,0
14510,0,0,0,0,0,0
14511,0,0,0,0,0,0
14512,0,0,0,0,0,0
14513,0,0,0,0,0,0
14514,0,0,0,0,0,0
14515,0,0,0,0,0,0
14516,2,0,1,0,0,0
14517,0,0,0,0,0,0
14518,0,0,0,0,0,0
14519,0,0,0,0,0,0
14520,0,0,0,0,0,0
14521,0,0,0,0,0,0
14522,0,0,0,0,0,0
14523,0,0,0,0,0,0
14524,0,0,0,0,0,0
14525,1,0,0,0,0,0
14526,0,0,0,0,0,0
14527,0,0,0,0,0,0
14528,0,0,2,0,0,0
14529,0,0,0,0,0,0
14530,0,0,0,0,0,0
14531,0,0,0,0,0,0
14532,0,0,0,0,0,0
14533,0,0,0,0,0,0
14534,0,0,0,0,0,0
14535,0,0,0,0,0,0
14536,0,0,0,0,0,0
14537,0,0,0,0,0,0
14538,0,0,0,0,0,0
14539,1,0,0,0,0,0
14540,35,0,0,0,0,0
14541,75,0,0,0,0,0
14542,79,0,0,0,0,0
14543,55,0,0,0,0,0
14544,6,0,0,0,0,0
14545,0,0,0,0,0,0
14546,0,0,0,0,0,0
14547,0,0,0,0,0,0
14548,35,0,0,0,0,0
14549,88,0,0,0,0,0
14550,132,0,0,0,0,0
14551,181,0,0,1,3,0
14552,258,0,0,0,4,0
14553,147,0,0,0,0,0
14554,6,0,0,0,0,0
14555,112,0,0,0,0,0
14556,214,10,2,0,0,0
14557,226,104,0,0,0,0
14558,94,28,0,0,7,0
14559,55,5,0,0,0,0
14560,44,0,0,0,0,0
14561,13,0,0,0,0,0
14562,135,0,0,0,0,0
14563,271,5,6,0,0,0
14564,146,13,0,0,0,0
14565,8,0,0,0,0,0
14566,1,0,0,1,2,0
14567,27,7,0,0,1,0
14568,82,0,0,0,0,0
14569,76,0,0,0,0,0
14570,7,0,0,0,0,0
14571,0,0,0,0,0,0
14572,0,0,0,0,0,0
14573,13,0,0,0,0,0
14574,8,0,0,0,0,0
14575,0,0,0,0,0,0
14576,6,0,0,0,0,0
14577,6,0,9,0,0,0
14578,39,0,0,0,0,0
14579,93,0,0,15,0,0
14580,32,0,7,0,0,0
14581,26,0,2,1,0,0
14582,0,0,0,6,0,0
14583,0,0,30,0,0,0
14584,0,0,0,0,0,0
14585,0,0,0,0,0,0
14586,0,0,3,0,0,0
14587,0,0,0,0,0,0
14588,0,0,0,0,0,0
14589,4,0,0,0,0,0
14590,0,0,0,0,0,0
14591,0,0,0,0,0,0
14592,0,0,0,0,0,0
14593,0,0,2,0,0,0
14594,3,0,2,0,0,0
14595,0,0,0,0,0,0
14596,0,0,0,0,0,0
14597,0,0,0,0,0,0
14598,0,0,0,0,0,0
14599,0,0,0,0,0,0
14600,0,0,0,0,0,0
14601,0,0,0,0,0,0
14602,0,0,0,0,0,0
14603,0,0,0,0,0,0
14604,0,0,0,0,0,0
14605,0,0,0,0,0,0
14606,0,0,0,0,0,0
14607,0,0,0,0,0,0
14608,0,0,0,0,0,0
14609,0,0,0,0,0,0
14610,0,0,0,0,0,0
14611,0,0,0,0,0,0
14612,0,0,0,0,0,0
14613,0,0,2,0,0,0
14614,0,0,0,0,0,0
14615,0,0,0,0,0,0
14616,0,0,0,0,0,0
14617,0,0,0,0,0,0
14618,0,0,0,0,0,0
14619,0,0,0,0,0,0
14620,0,0,0,0,0,0
14621,0,0,0,0,0,0
14622,0,0,6,0,0,0
14623,0,0,0,0,0,0
14624,0,0,0,0,0,0
14625,0,0,0,0,0,0
14626,0,0,0,0,0,0
14627,0,0,0,0,0,0
14628,0,0,0,0,0,0
14629,21,0,0,0,0,0
14630,28,0,0,0,0,0
14631,20,0,0,0,1,0
14632,5,0,0,0,0,0
14633,0,0,0,0,0,0
14634,7,0,0,0,0,0
14635,39,0,0,0,0,0
14636,20,0,0,0,0,0
14637,30,0,0,0,0,0
14638,105,0,0,0,2,0
14639,124,0,0,0,0,0
14640,41,0,0,0,0,0
14641,38,5,0,0,1,0
14642,35,0,0,0,0,0
14643,29,0,0,0,0,0
14644,5,0,0,0,0,0
14645,43,0,0,0,0,0
14646,235,0,0,0,0,0
14647,306,0,0,0,0,0
14648,387,0,0,0,0,0
14649,399,0,0,0,0,0
14650,366,0,0,0,0,0
14651,348,0,0,0,0,0
14652,116,0,0,0,0,0
14653,0,0,0,0,0,0
14654,0,0,0,0,0,0
14655,3,0,0,0,0,0
14656,91,0,0,0,0,0
14657,232,0,0,0,0,0
14658,263,0,0,0,0,0
14659,287,0,0,0,0,0
14660,287,0,0,1,0,0
14661,172,0,0,1,0,0
14662,51,0,0,0,0,0
14663,27,0,0,14,0,0
14664,0,0,0,0,0,0
14665,0,0,0,0,0,0
14666,3,0,0,14,0,0
14667,0,0,0,0,0,0
14668,0,0,0,0,0,0
14669,0,0,0,25,0,0
14670,0,0,0,279,1,0
14671,0,0,0,862,121,0
14672,0,0,0,908,125,0
14673,0,0,0,553,0,0
14674,0,0,0,529,3,0
14675,0,0,0,514,207,0
14676,9,0,0,262,91,0
14677,19,0,0,314,0,0
14678,24,0,0,609,15,0
14679,12,0,0,928,57,0
14680,0,0,0,963,109,0
14681,3,0,0,987,68,0
14682,40,0,0,798,0,0
14683,162,0,0,423,1,0
14684,210,0,0,90,11,0
14685,228,2,0,27,0,0
14686,216,13,0,15,7,0
14687,196,4,0,33,2,0
14688,541,4,0,39,3,0
14689,600,7,0,52,0,0
14690,501,9,1,186,0,0
14691,480,127,0,256,2,0
14692,346,77,0,271,1,0
14693,241,0,0,109,4,0
14694,393,0,0,2,0,0
14695,399,0,0,0,0,0
14696,122,6,0,0,11,0
14697,80,0,0,0,3,0
14698,92,0,0,0,0,0
14699,69,0,0,0,0,0
14700,28,0,0,0,0,0
14701,0,0,0,0,2,0
14702,3,0,0,0,1,0
14703,1,0,0,0,0,0
14704,18,0,0,0,0,0
14705,10,0,0,0,0,0
14706,4,0,0,0,0,0
14707,0,0,0,0,0,0
14708,0,0,0,0,0,0
14709,0,0,0,0,0,0
14710,0,0,0,0,0,0
14711,0,0,0,0,0,0
14712,0,0,0,0,0,0
14713,0,0,2,0,0,0
14714,0,0,0,0,0,0
14715,0,0,0,0,2,0
14716,0,0,0,1,3,0
14717,0,0,4,5,3,0
14718,0,0,0,0,0,0
14719,0,0,0,0,0,0
14720,0,0,0,0,0,0
14721,0,0,0,13,0,0
14722,0,0,0,49,0,0
14723,0,0,0,131,0,0
14724,0,0,0,215,0,0
14725,0,0,0,174,0,0
14726,0,0,0,100,0,0
14727,0,0,0,24,0,0
14728,0,0,0,0,0,0
14729,0,0,0,0,106,0
14730,0,0,0,0,74,0
14731,0,0,0,0,81,3
14732,0,0,0,3,69,0
14733,0,0,0,90,20,0
14734,0,0,0,101,26,0
14735,0,0,0,29,91,0
14736,0,0,0,12,68,0
14737,0,0,0,45,0,0
14738,0,0,0,77,13,0
14739,0,0,0,8,0,0
14740,0,0,0,3,3,0
14741,0,0,0,9,6,0
14742,0,0,0,28,2,0
14743,0,0,0,56,2,0
14744,0,0,0,161,7,0
14745,0,0,0,348,1,0
14746,0,0,0,578,3,0
14747,0,0,0,508,0,0
14748,0,0,0,444,1,0
14749,0,0,0,242,0,0
14750,0,0,0,284,0,0
14751,0,0,0,249,7,0
14752,0,0,0,34,2,0
14753,0,0,0,27,19,0
14754,0,0,0,59,45,0
14755,0,0,0,8,0,0
14756,0,0,0,2,0,0
14757,0,0,0,0,0,0
14758,0,0,0,7,0,0
14759,0,0,0,35,0,0
14760,0,0,0,0,0,0
14761,0,0,0,0,0,0
14762,0,0,0,0,0,0
14763,25,0,0,17,1,0
14764,116,0,0,28,0,0
14765,273,0,0,17,0,0
14766,463,0,0,24,0,0
14767,814,0,0,0,0,0
14768,1230,0,0,0,0,0
14769,1508,0,0,0,0,0
14770,1412,0,0,0,0,0
14771,971,0,0,2,0,0
14772,289,10,0,22,0,0
14773,573,0,0,0,0,0
14774,1661,4,0,203,0,0
14775,2490,2,0,113,0,0
14776,3301,0,0,7,1,0
14777,3769,0,0,151,0,0
14778,3271,0,0,237,1,0
14779,1823,0,0,72,7,0
14780,1041,0,0,25,8,0
14781,782,1,0,1,0,0
14782,605,85,0,24,0,0
14783,834,41,0,20,0,0
14784,932,0,0,71,3,0
14785,1230,111,0,33,0,0
14786,1327,92,0,34,0,0
14787,1099,0,0,29,0,0
14788,1160,4,0,7,0,0
14789,796,58,0,15,0,0
14790,739,53,0,1,0,0
14791,578,57,0,0,0,0
14792,473,0,2,9,6,0
14793,303,0,0,0,3,0
14794,372,0,0,0,0,0
14795,533,0,0,0,0,0
14796,515,0,0,0,0,0
14797,387,0,0,0,0,0
14798,411,0,0,0,0,0
14799,324,0,3,6,0,0
14800,321,0,10,0,0,0
14801,414,0,0,0,0,0
14802,503,0,0,0,0,0
14803,551,0,0,0,0,0
14804,492,0,0,0,0,0
14805,268,0,0,20,0,0
14806,244,0,0,1,2,0
14807,305,0,0,0,0,0
14808,254,0,0,2,0,0
14809,134,0,0,15,1,0
14810,254,0,0,0,0,0
14811,433,0,0,0,0,0
14812,464,0,0,5,0,0
14813,343,0,0,0,0,0
14814,75,0,0,0,0,0
14815,359,0,0,0,0,0
14816,390,0,0,0,0,0
14817,312,0,0,0,0,0
14818,121,0,0,0,0,0
14819,1,0,0,0,0,0
14820,24,0,0,0,0,0
14821,200,0,0,0,0,0
14822,233,0,0,0,2,0
14823,101,0,0,0,2,0
14824,0,0,0,0,0,0
14825,0,0,0,0,0,0
14826,41,0,0,0,0,0
14827,0,0,0,0,0,0
14828,0,0,3,0,0,0
14829,0,0,0,0,0,0
14830,11,0,0,0,0,0
14831,8,0,1,0,0,0
14832,2,0,4,0,0,0
14833,0,0,0,0,0,0
14834,13,0,0,0,0,0
14835,0,0,2,0,0,0
14836,7,0,1,5,0,0
14837,16,0,0,0,4,0
14838,18,0,0,0,1,0
14839,42,0,0,0,0,0
14840,45,0,0,1,0,0
14841,82,0,1,23,0,0
14842,57,0,11,42,0,0
14843,48,0,0,15,0,0
14844,9,0,0,0,0,0
14845,0,0,0,0,0,0
14846,0,0,0,0,0,0
14847,0,0,0,0,0,0
14848,0,0,0,0,26,0
14849,0,0,0,0,84,0
14850,0,0,0,0,3,0
14851,0,0,0,0,3,0
14852,0,0,0,0,0,0
14853,0,0,0,0,0,0
14854,0,0,0,0,1,0
14855,0,0,0,0,0,0
14856,0,0,0,0,0,0
14857,0,0,0,0,0,0
14858,0,0,0,0,0,0
14859,0,0,0,0,0,0
14860,0,0,0,0,0,0
14861,0,0,0,0,0,0
14862,0,0,0,0,0,0
14863,0,0,0,0,0,0
14864,0,0,0,0,0,0
14865,0,0,0,0,0,0
14866,0,0,0,0,0,0
14867,0,0,0,0,0,0
14868,0,0,8,0,2,0
14869,0,0,0,0,0,0
14870,5,0,5,4,0,0
14871,6,0,0,0,0,0
14872,10,0,0,0,0,0
14873,11,0,2,1,0,0
14874,4,0,1,0,0,0
14875,0,0,0,14,0,0
14876,1,0,0,0,0,0
14877,0,0,0,0,0,0
14878,0,0,0,0,0,0
14879,0,0,0,0,0,0
14880,0,0,0,0,0,0
14881,0,0,0,0,1,0
14882,0,0,0,0,2,0
14883,0,0,0,0,2,0
14884,0,0,0,0,0,0
14885,0,0,0,0,0,0
14886,0,0,0,0,0,0
14887,0,0,0,0,0,0
14888,0,0,0,0,0,0
14889,0,0,0,0,0,0
14890,0,0,0,0,0,0
14891,0,0,0,0,0,0
14892,0,0,0,0,0,0
14893,0,0,0,0,0,0
14894,0,0,0,0,0,0
14895,0,0,0,0,0,0
14896,4,0,0,0,0,0
14897,35,0,0,0,0,0
14898,39,0,0,0,0,0
14899,0,0,0,0,0,0
14900,6,0,0,0,0,0
14901,16,0,0,0,0,0
14902,10,0,0,0,0,0
14903,12,0,0,0,0,0
14904,0,0,0,0,0,0
14905,0,0,0,0,0,0
14906,0,0,0,0,0,0
14907,0,0,0,0,0,0
14908,0,0,0,14,0,0
14909,0,0,0,0,0,0
14910,0,0,0,0,0,0
14911,0,0,0,0,1,0
14912,0,0,0,0,0,0
14913,0,0,0,0,0,0
14914,0,0,0,0,0,0
14915,0,0,0,0,0,0
14916,0,0,0,0,0,0
14917,0,0,0,0,0,0
14918,0,0,0,0,0,0
14919,0,0,0,0,0,0
14920,0,0,0,0,0,0
14921,0,0,0,0,0,0
14922,0,0,0,0,0,0
14923,0,0,0,0,0,0
14924,0,0,0,0,0,0
14925,0,0,0,0,0,0
14926,0,0,0,13,0,0
14927,0,0,0,10,0,0
14928,0,0,0,0,0,0
14929,0,0,0,0,0,0
14930,0,0,0,0,0,0
14931,0,0,0,0,0,0
14932,0,0,0,0,0,0
14933,0,0,0,0,0,0
14934,0,0,0,0,0,0
14935,0,0,0,0,0,0
14936,0,0,0,0,0,0
14937,0,0,0,0,0,0
14938,0,0,4,0,0,0
14939,0,0,0,0,0,0
14940,38,0,0,0,0,0
14941,48,0,0,0,0,0
14942,9,0,0,0,0,0
14943,10,0,0,0,0,0
14944,14,0,0,0,0,0
14945,13,0,0,0,0,0
14946,0,0,0,0,0,0
14947,0,0,0,0,0,0
14948,0,0,2,0,0,0
14949,0,0,0,0,0,0
14950,0,0,0,0,0,0
14951,0,0,0,0,0,0
14952,0,0,0,0,0,0
14953,0,0,0,0,0,0
14954,0,0,0,0,0,0
14955,0,0,0,0,0,0
14956,0,0,0,0,1,0
14957,0,0,0,0,1,0
14958,0,0,0,0,0,0
14959,0,0,0,0,0,0
14960,0,0,0,0,0,0
14961,0,0,0,0,0,0
14962,0,0,0,0,0,0
14963,0,0,0,0,0,0
14964,0,0,0,0,0,0
14965,0,0,0,0,0,0
14966,0,0,0,0,0,0
14967,0,0,0,0,0,0
14968,0,0,0,0,0,0
14969,0,0,0,0,0,0
14970,0,0,0,0,0,0
14971,0,0,0,0,0,0
14972,0,0,1,0,3,0
14973,0,0,0,0,2,0
14974,0,0,0,0,1,0
14975,0,0,0,0,0,0
14976,0,0,0,0,0,0
14977,0,0,0,0,0,0
14978,0,0,0,0,0,0
14979,0,0,0,0,0,0
14980,0,0,0,0,0,0
14981,0,0,0,0,0,0
14982,0,0,0,0,0,0
14983,0,0,0,0,0,0
14984,0,0,0,0,0,0
14985,5,0,0,0,0,0
14986,23,0,0,0,0,0
14987,26,0,0,0,0,0
14988,59,0,0,0,0,0
14989,172,0,0,0,0,0
14990,271,0,0,0,0,0
14991,359,0,0,0,0,0
14992,413,4,0,0,0,0
14993,460,0,0,0,0,0
14994,525,0,0,3,0,0
14995,546,0,0,0,0,0
14996,644,0,0,0,0,0
14997,642,0,0,0,0,0
14998,610,0,0,0,0,0
14999,584,0,0,0,0,0
15000,472,0,0,0,0,0
15001,298,0,0,0,0,0
15002,175,0,0,0,0,0
15003,303,0,0,0,0,0
15004,461,0,0,0,0,0
15005,560,0,0,0,0,0
15006,497,0,2,0,0,0
15007,584,0,0,0,0,0
15008,603,0,0,0,0,0
15009,658,0,0,0,0,0
15010,713,0,2,0,0,0
15011,644,0,0,0,0,0
15012,598,0,0,0,0,0
15013,484,0,0,0,0,0
15014,277,0,0,0,0,0
15015,275,0,0,0,0,0
15016,390,0,0,0,0,0
15017,563,0,0,0,0,0
15018,602,0,0,0,0,0
15019,644,0,0,0,0,0
15020,528,0,0,0,0,0
15021,518,0,0,0,0,0
15022,446,0,0,0,0,0
15023,679,0,0,0,0,0
15024,692,0,0,0,0,0
15025,620,0,0,0,0,0
15026,415,0,0,0,0,0
15027,210,0,0,0,0,0
15028,294,0,0,0,0,0
15029,503,0,0,0,0,0
15030,442,0,0,0,0,0
15031,470,0,0,0,0,0
15032,422,0,0,0,0,0
15033,329,0,0,0,0,0
15034,169,0,0,0,0,0
15035,374,0,0,0,0,0
15036,295,0,0,0,0,0
15037,237,0,0,0,0,0
15038,216,0,0,0,0,0
15039,336,0,0,0,0,0
15040,470,0,0,0,0,0
15041,549,0,0,0,0,0
15042,459,0,0,0,0,0
15043,292,0,0,0,0,0
15044,0,0,0,0,0,0
15045,123,0,0,0,0,0
15046,191,0,0,0,0,0
15047,79,0,1,0,0,0
15048,175,0,0,0,0,0
15049,339,0,0,0,0,0
15050,288,0,0,0,0,0
15051,93,0,0,0,0,0
15052,54,0,0,0,0,0
15053,232,0,0,0,0,0
15054,186,0,0,0,0,0
15055,34,0,0,0,0,0
15056,0,0,0,0,0,0
15057,0,0,0,0,0,0
15058,1,0,0,0,0,0
15059,0,0,0,0,0,0
15060,15,0,0,0,0,0
15061,25,0,0,0,2,0
15062,64,0,0,0,0,0
15063,100,0,0,0,0,0
15064,197,0,0,0,0,0
15065,246,0,0,0,0,0
15066,226,0,0,0,0,0
15067,68,0,0,0,5,0
15068,0,0,0,0,0,0
15069,63,0,0,0,0,0
15070,324,0,0,0,0,0
15071,342,0,0,0,0,0
15072,357,0,0,0,0,0
15073,278,0,0,4,6,0
15074,137,0,0,3,0,0
15075,9,0,0,0,0,0
15076,4,0,0,0,1,0
15077,0,0,0,0,2,0
15078,0,0,0,0,0,0
15079,0,0,0,0,0,0
15080,0,0,0,0,0,0
15081,0,0,0,0,0,0
15082,0,0,0,2,0,0
15083,0,0,0,0,0,0
15084,0,0,0,0,0,0
15085,0,0,0,0,0,0
15086,0,0,0,0,0,0
15087,0,0,0,0,0,0
15088,0,0,0,0,0,0
15089,0,0,0,0,0,0
15090,0,0,0,0,0,0
15091,0,0,0,0,1,0
15092,0,0,0,0,0,0
15093,0,0,0,0,1,0
15094,0,0,0,0,0,0
15095,0,0,0,0,0,0
15096,2,0,0,0,0,0
15097,20,0,0,0,0,0
15098,82,0,0,0,0,0
15099,124,0,0,0,0,0
15100,75,0,0,0,0,0
15101,2,0,0,0,0,0
15102,0,0,0,0,0,0
15103,0,0,0,0,0,0
15104,0,0,0,0,0,0
15105,0,0,0,0,0,0
15106,0,0,0,0,0,0
15107,0,0,0,0,0,0
15108,0,0,0,0,0,0
15109,0,0,0,0,0,0
15110,0,0,2,0,0,0
15111,0,0,0,0,0,0
15112,0,0,0,0,0,0
15113,0,0,0,0,0,0
15114,0,0,0,0,0,0
15115,0,0,0,0,0,0
15116,0,0,0,0,0,0
15117,0,0,0,0,0,0
15118,0,0,0,0,0,0
15119,0,0,0,0,0,0
15120,0,0,0,0,0,0
15121,0,0,0,0,0,0
15122,0,0,0,0,2,2
15123,0,0,0,0,0,0
15124,0,0,0,0,0,0
15125,1,0,0,0,0,0
15126,0,0,0,0,0,0
15127,0,0,0,0,0,0
15128,0,0,0,0,0,0
15129,0,0,0,0,0,0
15130,0,0,0,0,0,0
15131,0,0,0,0,0,0
15132,0,0,0,0,0,0
15133,0,0,0,0,0,0
15134,0,0,0,0,0,0
15135,0,0,0,0,0,0
15136,0,0,0,0,0,0
15137,0,0,0,0,0,0
15138,0,0,0,0,0,0
15139,0,0,0,0,0,0
15140,0,0,0,0,0,0
15141,0,0,0,0,0,0
15142,0,0,0,0,0,0
15143,0,0,1,0,0,0
15144,0,0,0,0,0,0
15145,0,0,0,0,0,0
15146,0,0,0,0,0,0
15147,0,0,0,0,0,0
15148,0,0,0,0,0,0
15149,0,0,1,0,0,0
15150,0,0,0,0,0,0
15151,0,0,0,0,0,0
15152,0,0,0,0,0,0
15153,0,0,0,9,0,0
15154,0,0,0,7,0,0
15155,0,0,0,14,0,0
15156,0,0,0,0,0,0
15157,0,0,0,0,10,0
15158,0,0,0,1,99,0
15159,0,0,0,0,5,0
15160,0,0,0,3,27,0
15161,0,0,0,14,126,0
15162,0,0,0,1,7,0
15163,0,0,0,0,15,0
15164,0,0,0,4,55,0
15165,0,0,0,0,18,0
15166,0,0,0,4,47,0
15167,0,0,0,42,10,0
15168,0,0,0,5,0,0
15169,0,0,0,0,0,0
15170,0,0,0,10,0,0
15171,0,0,0,53,4,0
15172,0,0,0,89,0,0
15173,0,0,0,61,48,0
15174,0,0,0,26,2,0
15175,0,0,0,7,0,50
15176,0,0,2,11,0,186
15177,0,0,0,0,0,296
15178,0,0,0,0,0,467
15179,0,0,0,2,0,380
15180,0,0,0,9,0,297
15181,3,0,0,44,1,177
15182,1,0,4,52,0,0
15183,0,0,0,52,0,0
15184,5,0,0,59,0,0
15185,0,0,0,108,0,0
15186,1,0,0,143,7,0
15187,0,0,0,115,5,0
15188,0,0,1,126,0,0
15189,0,0,0,215,0,0
15190,0,0,0,156,0,0
15191,0,0,8,212,4,2
15192,0,0,0,137,0,0
15193,3,0,0,97,0,0
15194,3,0,0,58,0,0
15195,0,0,0,41,0,0
15196,0,0,0,45,4,0
15197,0,0,0,75,0,0
15198,1,0,4,0,0,0
15199,0,0,0,0,1,0
15200,0,0,0,0,3,0
15201,0,0,1,23,0,0
15202,0,0,1,48,17,0
15203,0,0,0,35,14,0
15204,5,0,5,0,0,0
15205,3,0,0,0,0,0
15206,0,0,0,0,0,0
15207,8,0,0,0,0,0
15208,19,0,0,0,0,0
15209,108,0,0,0,0,0
15210,215,0,0,0,0,0
15211,181,0,0,0,9,0
15212,172,0,0,0,0,0
15213,80,0,0,0,0,0
15214,0,0,4,0,0,0
15215,0,0,0,0,0,0
15216,0,0,2,0,0,0
15217,0,0,0,0,0,0
15218,0,0,0,0,0,0
15219,2,0,0,0,0,0
15220,0,0,0,0,0,0
15221,0,0,0,0,0,0
15222,0,0,0,0,0,0
15223,0,0,0,0,0,0
15224,0,0,0,0,3,0
15225,0,0,0,1,0,0
15226,0,0,0,5,5,0
15227,0,0,0,0,0,0
15228,0,0,0,0,0,0
15229,0,0,1,7,0,39
15230,0,0,0,25,2,860
15231,0,0,0,46,11,1359
15232,0,0,0,91,21,1348
15233,0,0,0,174,22,236
15234,0,0,0,221,18,152
15235,0,0,0,432,0,53
15236,0,0,0,287,2,91
15237,0,0,0,307,0,0
15238,0,0,0,109,0,65
15239,0,0,0,101,31,0
15240,0,0,0,19,21,13
15241,0,0,0,9,7,0
15242,0,0,0,7,1,0
15243,0,0,0,0,0,0
15244,0,0,0,0,0,0
15245,0,0,0,0,0,0
15246,0,0,0,0,0,0
15247,0,0,5,16,0,0
15248,0,0,3,15,0,0
15249,0,0,0,11,0,0
15250,5,0,1,3,0,0
15251,7,0,0,52,0,0
15252,0,0,0,0,0,0
15253,0,0,13,0,0,0
15254,0,0,44,28,1,0
15255,0,0,1,0,0,0
15256,0,0,3,3,0,0
15257,0,0,44,0,0,0
15258,0,0,54,0,0,0
15259,0,0,25,0,0,0
15260,0,0,58,0,0,0
15261,0,0,112,0,0,0
15262,0,0,12,0,0,0
15263,0,0,7,0,0,0
15264,0,0,104,0,0,0
15265,0,0,33,0,0,0
15266,0,0,0,0,0,0
15267,0,0,44,0,0,0
15268,0,0,16,0,0,0
15269,0,0,0,0,0,0
15270,0,0,1,0,0,0
15271,0,0,20,0,0,0
15272,0,0,2,0,0,0
15273,0,0,0,0,0,0
15274,0,0,2,0,0,0
15275,0,0,0,0,0,0
15276,0,0,0,0,0,0
15277,0,0,0,0,0,0
15278,0,0,0,0,0,0
15279,0,0,0,0,0,0
15280,0,0,0,0,0,0
15281,0,0,0,41,0,0
15282,0,0,0,48,0,0
15283,0,0,0,33,0,0
15284,0,0,0,34,0,0
15285,0,0,0,3,0,0
15286,0,0,0,21,1,0
15287,0,0,0,22,3,0
15288,0,0,0,35,0,0
15289,0,0,0,60,0,0
15290,0,0,0,24,0,0
15291,0,0,0,46,0,0
15292,0,0,0,37,0,0
15293,0,0,0,82,0,0
15294,0,0,0,127,0,0
15295,0,0,0,69,0,0
15296,0,0,0,83,0,0
15297,0,0,0,88,0,0
15298,0,0,0,121,0,0
15299,0,0,3,129,0,0
15300,0,0,0,96,0,0
15301,0,0,0,93,0,0
15302,0,0,0,23,0,0
15303,0,0,0,0,0,0
15304,0,0,1,0,0,0
15305,0,0,4,0,0,0
15306,0,0,0,0,1,0
15307,0,0,0,0,0,0
15308,0,0,1,0,0,0
15309,0,0,2,0,0,0
15310,0,0,0,0,0,0
15311,0,0,2,0,0,0
15312,0,0,0,0,0,0
15313,0,0,0,0,0,0
15314,0,0,3,0,0,0
15315,0,0,0,0,0,0
15316,0,0,0,0,1,0
15317,0,0,0,0,0,0
15318,0,0,5,0,1,0
15319,0,0,0,0,1,0
15320,0,0,0,0,0,0
15321,0,0,0,0,0,0
15322,0,0,0,0,1,0
15323,0,0,0,0,3,0
15324,0,0,0,0,5,0
15325,0,0,0,0,27,0
15326,0,0,0,3,5,0
15327,0,0,0,0,6,0
15328,0,0,0,0,1,0
15329,0,0,0,1,22,0
15330,0,0,0,0,4,0
15331,0,0,0,11,6,0
15332,0,0,0,21,0,0
15333,0,0,0,1,0,0
15334,0,0,0,0,0,0
15335,0,0,0,0,0,0
15336,0,0,0,0,0,0
15337,0,0,0,0,0,0
15338,0,0,0,0,0,0
15339,0,0,0,0,0,0
15340,0,0,0,0,0,0
15341,0,0,0,0,20,0
15342,0,0,0,0,8,0
15343,0,0,0,0,0,0
15344,0,0,0,0,0,0
15345,0,0,0,0,20,0
15346,0,0,0,1,63,0
15347,0,0,0,0,128,0
15348,0,0,0,0,166,0
15349,0,0,0,0,181,0
15350,0,0,0,0,177,0
15351,0,0,0,0,124,0
15352,0,0,0,0,60,0
15353,0,0,0,0,32,0
15354,0,0,0,0,7,0
15355,0,0,0,0,0,0
15356,0,0,0,0,0,0
15357,0,0,0,0,12,0
15358,0,0,0,3,0,0
15359,0,0,0,0,0,0
15360,0,0,0,0,1,0
15361,0,0,0,0,0,0
15362,0,0,0,0,0,0
15363,0,0,0,0,1,0
15364,0,0,0,0,3,0
15365,0,0,0,0,3,0
15366,0,0,0,0,9,0
15367,0,0,0,0,3,0
15368,0,0,0,24,8,0
15369,0,0,0,0,0,0
15370,0,0,0,0,0,0
15371,0,0,0,0,0,0
15372,0,0,0,0,0,0
15373,0,0,0,0,0,0
15374,0,0,0,13,0,0
15375,0,0,0,1,0,0
15376,0,0,0,6,7,0
15377,0,0,0,24,11,0
15378,0,0,0,49,1,0
15379,0,0,1,62,102,0
15380,0,0,3,80,289,0
15381,0,0,0,43,292,0
15382,0,0,2,42,169,0
15383,0,0,0,19,89,0
15384,0,0,0,55,21,0
15385,0,0,0,6,0,0
15386,0,0,0,17,0,0
15387,0,0,0,14,5,0
15388,0,0,0,0,0,0
15389,0,0,0,0,0,0
15390,0,0,0,0,0,0
15391,6,0,0,0,1,0
15392,3,0,0,4,7,0
15393,9,0,0,21,0,0
15394,0,0,0,29,6,0
15395,0,0,0,22,2,0
15396,0,0,0,23,2,1
15397,3,0,0,18,12,0
15398,5,0,0,0,0,0
15399,11,0,0,0,0,0
15400,19,0,0,0,16,0
15401,9,0,0,0,12,0
15402,0,0,0,0,0,0
15403,0,0,0,0,0,0
15404,0,0,0,0,8,0
15405,0,0,0,0,0,0
15406,0,0,0,0,14,0
15407,0,0,0,0,0,0
15408,0,0,0,0,0,0
15409,0,0,0,0,1,0
15410,0,0,0,0,0,0
15411,0,0,0,0,0,0
15412,0,0,2,0,1,0
15413,0,0,0,0,0,0
15414,0,0,0,0,0,0
15415,0,0,0,0,0,0
15416,0,0,1,0,17,0
15417,0,0,0,2,0,0
15418,0,0,4,0,0,0
15419,0,0,2,23,0,0
15420,0,0,0,0,0,0
15421,0,0,0,0,0,0
15422,0,0,13,0,0,0
15423,0,0,0,0,0,0
15424,0,0,0,0,0,0
15425,0,0,9,4,0,0
15426,0,0,0,0,0,0
15427,0,0,0,0,0,0
15428,0,0,0,0,0,0
15429,0,0,0,0,0,0
15430,0,0,0,0,0,0
15431,0,0,0,0,0,0
15432,0,0,0,0,0,0
15433,0,0,0,0,0,0
15434,0,0,0,3,0,0
15435,0,0,0,0,0,0
15436,0,0,0,61,0,0
15437,0,0,0,74,0,0
15438,0,0,0,13,0,0
15439,0,0,0,0,0,0
15440,0,0,1,34,0,0
15441,0,0,0,23,0,0
15442,0,0,0,26,0,0
15443,0,0,3,24,0,0
15444,0,0,6,2,0,0
15445,0,0,0,0,0,0
15446,0,0,3,0,0,0
15447,0,0,0,0,1,0
15448,0,0,0,0,1,0
15449,0,0,0,0,0,0
15450,0,0,0,0,0,0
15451,0,0,0,0,0,0
15452,0,0,0,0,0,0
15453,0,0,3,0,0,0
15454,0,0,0,0,0,0
15455,0,0,0,0,0,0
15456,0,0,0,0,0,0
15457,0,0,0,0,0,0
15458,0,0,0,31,0,0
15459,0,0,0,25,0,0
15460,0,0,0,0,0,0
15461,0,0,0,0,0,0
15462,0,0,0,2,0,0
15463,0,0,0,0,0,0
15464,0,0,0,38,0,0
15465,0,0,0,24,0,0
15466,0,0,0,18,0,0
15467,0,0,0,20,0,0
15468,0,0,0,0,0,0
15469,0,0,0,33,0,0
15470,0,0,0,19,0,0
15471,0,0,0,2,0,0
15472,0,0,0,25,0,0
15473,0,0,0,0,2,0
15474,0,0,0,0,4,0
15475,0,0,0,5,0,0
15476,0,0,0,0,1,0
15477,0,0,0,3,0,0
15478,0,0,0,8,11,0
15479,0,0,0,41,72,0
15480,0,0,0,60,58,0
15481,0,0,0,26,15,0
15482,0,0,0,4,0,0
15483,0,0,0,7,7,0
15484,0,0,0,47,102,0
15485,0,0,0,101,72,0
15486,0,0,0,6,21,0
15487,0,0,0,9,71,0
15488,0,0,0,67,1,0
15489,0,0,0,0,66,0
15490,0,0,0,0,118,0
15491,0,0,0,0,60,0
15492,0,0,0,0,92,0
15493,0,0,0,0,422,10
15494,0,0,0,0,791,118
15495,3,0,0,0,1132,289
15496,3,0,0,0,1686,388
15497,3,0,0,0,2192,229
15498,0,0,0,0,2326,123
15499,0,0,0,0,2659,329
15500,8,0,0,17,2603,444
15501,29,0,0,12,1771,268
15502,17,0,0,2,857,24
15503,13,0,0,19,505,0
15504,6,0,0,0,703,0
15505,24,0,0,4,1281,94
15506,51,0,0,5,2236,158
15507,132,0,0,29,3188,106
15508,295,0,0,83,3845,129
15509,257,3,0,181,4156,185
15510,98,0,0,84,3911,121
15511,38,0,0,2,2951,126
15512,4,0,0,6,2548,70
15513,106,0,0,37,3366,20
15514,190,15,0,100,4219,3
15515,156,0,0,176,4815,25
15516,0,0,0,202,4227,91
15517,36,0,0,127,2530,70
15518,62,0,0,29,1618,100
15519,86,0,0,56,678,50
15520,192,4,0,139,911,2
15521,124,0,0,82,595,0
15522,0,0,0,25,160,0
15523,0,0,0,79,971,7
15524,46,2,0,97,1852,177
15525,142,4,0,46,2785,330
15526,56,6,0,6,3222,252
15527,2,0,0,0,3129,548
15528,0,0,0,26,2464,956
15529,12,0,0,53,1622,1165
15530,78,6,0,4,411,398
15531,27,0,0,0,376,60
15532,0,0,0,0,56,44
15533,8,0,0,7,303,12
15534,38,7,0,10,11,0
15535,15,0,0,0,80,11
15536,0,0,0,21,13,0
15537,14,0,0,39,8,0
15538,21,0,0,8,29,0
15539,0,0,0,22,2,0
15540,0,0,0,58,0,0
15541,18,0,0,11,9,0
15542,11,0,0,0,16,0
15543,17,0,0,16,0,0
15544,0,0,0,45,2,0
15545,4,0,0,40,0,0
15546,2,0,0,2,0,0
15547,0,0,0,0,0,0
15548,0,0,0,0,0,0
15549,2,0,0,0,0,0
15550,0,0,0,0,0,0
15551,0,0,0,0,8,0
15552,0,0,0,0,0,0
15553,0,0,0,0,0,0
15554,0,0,0,0,0,0
15555,2,0,0,0,12,0
15556,0,0,2,4,1,0
15557,0,0,2,4,1,0
15558,0,0,28,7,1,0
15559,0,0,10,0,1,0
15560,0,0,0,24,0,0
15561,0,0,3,31,10,0
15562,0,0,3,0,13,0
15563,0,0,3,11,44,0
15564,0,0,45,7,37,0
15565,0,0,0,0,0,0
15566,0,0,0,20,0,0
15567,0,0,0,2,0,0
15568,0,0,0,0,0,0
15569,0,0,0,0,22,0
15570,0,0,0,18,2,0
15571,0,0,0,27,3,0
15572,0,0,0,76,0,0
15573,0,0,0,26,0,0
15574,0,0,0,54,0,0
15575,0,0,0,55,0,0
15576,0,0,0,40,0,0
15577,0,0,0,0,0,0
15578,0,0,0,42,0,0
15579,0,0,4,32,0,0
15580,0,0,0,6,0,0
15581,0,0,0,2,0,0
15582,0,0,0,45,0,0
15583,0,0,0,23,2,0
15584,0,0,0,0,0,0
15585,0,0,1,4,8,0
15586,0,0,0,8,42,0
15587,0,0,0,0,94,0
15588,0,0,0,0,153,0
15589,0,0,0,21,140,0
15590,0,0,0,57,114,0
15591,0,0,0,48,0,0
15592,0,0,1,0,0,0
15593,0,0,2,39,0,0
15594,0,0,0,52,0,0
15595,0,0,0,47,0,0
15596,0,0,0,11,7,0
15597,0,0,0,52,16,0
15598,0,0,11,108,172,0
15599,0,0,0,20,182,0
15600,0,0,0,30,69,0
15601,0,0,8,6,5,0
15602,0,0,30,2,33,0
15603,0,0,2,62,134,0
15604,0,0,10,86,177,0
15605,0,0,36,93,130,1
15606,0,0,10,53,76,0
15607,0,0,0,56,144,0
15608,0,0,12,78,72,0
15609,0,0,2,42,0,0
15610,0,0,0,53,31,0
15611,0,0,25,70,12,0
15612,0,0,35,0,0,2
15613,0,0,0,157,0,0
15614,0,0,9,256,0,0
15615,0,0,22,112,2,0
15616,0,0,10,7,10,0
15617,8,0,3,80,1,0
15618,0,0,37,11,3,0
15619,0,0,0,0,0,0
15620,0,0,0,21,0,0
15621,0,0,0,48,0,0
15622,0,0,4,54,3,0
15623,0,0,0,52,5,0
15624,0,0,0,100,1,0
15625,0,0,0,87,12,0
15626,0,0,0,5,0,0
15627,0,0,0,0,1,0
15628,0,0,0,33,91,0
15629,0,0,0,31,187,0
15630,0,0,0,0,199,0
15631,0,0,0,6,220,0
15632,0,0,0,16,29,0
15633,0,0,0,38,0,0
15634,0,0,0,0,0,0
15635,0,0,0,0,0,0
15636,0,0,0,0,0,0
15637,0,0,0,0,0,0
15638,0,0,0,0,0,0
15639,0,0,1,0,0,0
15640,0,0,0,0,0,0
15641,0,0,0,0,0,0
15642,0,0,0,0,0,0
15643,0,0,0,10,0,0
15644,0,0,0,53,15,0
15645,0,0,0,0,34,0
15646,0,0,0,5,81,0
15647,4,0,0,0,112,0
15648,1,0,0,0,175,0
15649,0,0,0,0,284,0
15650,0,0,0,0,426,15
15651,0,0,0,0,658,60
15652,0,0,0,0,734,93
15653,0,0,0,0,691,119
15654,0,0,0,0,562,118
15655,0,0,0,0,399,65
15656,0,0,0,0,280,102
15657,0,0,0,0,461,147
15658,0,0,0,0,500,138
15659,0,0,0,0,389,83
15660,0,0,0,0,280,14
15661,0,0,0,0,118,11
15662,0,0,0,1,9,1
15663,0,0,1,0,26,0
15664,6,0,0,0,54,1
15665,0,0,0,0,84,0
15666,2,0,0,0,127,0
15667,0,0,0,1,579,34
15668,0,0,0,49,761,2
15669,0,0,0,0,1060,40
15670,0,0,0,0,1525,171
15671,0,0,0,0,1903,260
15672,0,0,0,0,2275,294
15673,0,0,0,0,2553,349
15674,0,0,0,0,3337,535
15675,10,0,0,13,3946,465
15676,11,0,0,6,4519,319
15677,4,0,0,14,4176,165
15678,0,0,0,75,3323,88
15679,0,0,0,256,1769,0
15680,0,0,6,814,1600,0
15681,0,0,0,633,2067,0
15682,0,0,0,214,2394,0
15683,0,0,0,41,2729,9
15684,1,0,0,46,3147,67
15685,0,0,0,143,3234,233
15686,0,0,3,328,3306,301
15687,3,0,0,378,3521,286
15688,0,0,0,600,3835,556
15689,8,0,8,809,3564,582
15690,60,0,0,757,2910,314
15691,45,0,0,461,2670,267
15692,25,0,23,48,2818,284
15693,32,0,0,144,2637,211
15694,11,0,0,476,3771,461
15695,0,0,0,629,4176,532
15696,0,0,0,811,4408,475
15697,10,0,0,810,4342,341
15698,41,0,0,792,3293,231
15699,115,0,0,477,2258,167
15700,183,0,0,223,2758,87
15701,289,0,0,26,3715,24
15702,205,0,0,0,4136,29
15703,142,0,0,15,4251,142
15704,60,0,0,191,4039,320
15705,4,0,0,236,3816,454
15706,0,0,0,317,3325,366
15707,0,0,0,316,2647,611
15708,0,0,0,268,2375,852
15709,10,0,6,276,1745,436
15710,43,0,0,65,1460,19
15711,68,0,0,9,1464,89
15712,138,0,8,47,917,0
15713,162,0,8,132,1011,51
15714,149,0,0,7,414,0
15715,89,0,16,0,109,4
15716,47,0,8,12,224,42
15717,0,0,0,0,90,0
15718,0,0,0,27,54,0
15719,0,0,0,34,0,0
15720,0,0,0,32,32,0
15721,3,0,0,0,0,0
15722,0,0,6,8,0,0
15723,2,0,1,83,162,0
15724,9,0,0,242,132,7
15725,5,0,10,415,48,4
15726,17,0,11,333,40,0
15727,6,0,0,99,12,0
15728,0,0,0,5,11,0
15729,0,0,0,1,0,0
15730,0,0,0,94,20,0
15731,0,0,0,68,0,0
15732,0,0,0,50,10,0
15733,0,0,22,15,0,0
15734,0,0,0,50,7,0
15735,0,0,6,246,56,0
15736,0,0,1,325,62,0
15737,1,0,0,237,13,0
15738,0,0,0,86,44,0
15739,6,0,4,0,29,0
15740,9,0,2,2,71,38
15741,0,0,0,0,63,128
15742,11,0,1,1,50,203
15743,0,0,0,4,28,257
15744,0,0,0,4,20,212
15745,0,0,0,0,19,178
15746,11,0,0,31,5,209
15747,7,0,0,0,4,217
15748,18,0,0,0,0,177
15749,29,0,0,0,0,73
15750,9,0,0,0,0,0
15751,30,0,0,0,1,4
15752,0,0,0,7,0,0
15753,6,0,0,0,0,0
15754,4,0,0,8,0,0
15755,0,0,0,11,0,14
15756,0,0,0,0,0,52
15757,0,0,0,0,0,181
15758,13,0,0,0,23,195
15759,11,0,0,3,8,134
15760,0,0,0,0,43,9
15761,0,0,0,0,50,0
15762,0,0,0,0,1,0
15763,0,0,0,0,97,0
15764,0,0,0,0,69,0
15765,0,0,0,0,4,0
15766,0,0,0,2,2,0
15767,0,0,0,0,19,0
15768,0,0,0,0,44,0
15769,0,0,0,0,0,0
15770,0,0,0,0,1,0
15771,0,0,0,0,0,0
15772,0,0,0,0,0,0
15773,19,0,0,0,0,0
15774,31,0,0,0,0,0
15775,52,0,0,0,0,0
15776,130,0,0,0,0,0
15777,349,0,0,0,0,0
15778,373,2,0,0,0,0
15779,517,0,0,0,0,0
15780,759,13,0,0,0,0
15781,886,20,0,0,1,0
15782,966,74,0,0,0,0
15783,937,109,0,0,0,0
15784,786,148,0,0,0,0
15785,654,144,0,0,0,0
15786,473,136,0,0,0,0
15787,251,145,0,0,0,0
15788,81,122,0,0,0,0
15789,53,84,0,0,0,0
15790,184,35,0,0,0,0
15791,383,46,3,0,0,0
15792,731,37,13,0,0,0
15793,1342,125,60,0,0,0
15794,1920,238,157,0,0,0
15795,2450,279,244,0,1,0
15796,3084,321,384,0,0,0
15797,3590,345,391,1,0,0
15798,3769,360,480,0,1,0
15799,3784,681,617,0,0,0
15800,3904,1155,812,0,0,0
15801,3695,1440,922,0,0,0
15802,3417,1736,958,0,0,0
15803,3041,1980,1203,0,0,0
15804,2870,2274,1219,0,0,0
15805,2730,2630,1708,0,0,0
15806,2749,2818,1770,0,0,0
15807,2578,2909,2033,0,0,0
15808,2641,3251,2453,0,1,0
15809,2586,3684,2674,0,0,0
15810,2450,3272,2749,0,0,0
15811,2144,2872,2441,0,1,0
15812,1945,2786,2369,5,0,0
15813,1758,2711,2183,0,0,0
15814,1713,2912,1550,0,0,0
15815,1826,2940,1454,0,0,0
15816,1870,2896,752,0,0,0
15817,1958,2868,323,0,1,0
15818,2009,3002,277,0,0,0
15819,2082,3124,162,0,0,0
15820,2108,3367,408,0,1,0
15821,2032,3641,622,0,0,0
15822,2018,3906,452,2,0,0
15823,2100,4086,207,0,0,0
15824,2115,4118,82,0,0,0
15825,2107,4226,125,1,40,0
15826,2076,4448,54,28,212,9
15827,2143,4574,21,45,373,51
15828,2197,4699,120,62,436,80
15829,2123,4875,274,41,737,224
15830,1955,5055,325,41,1274,351
15831,1667,5100,434,52,1931,286
15832,1723,5042,606,102,2462,194
15833,1766,5052,650,165,2999,482
15834,1687,5093,640,104,3583,795
15835,1670,4989,647,184,3467,464
15836,1433,4740,668,114,2655,163
15837,974,4663,553,95,1263,10
15838,864,4446,577,45,1375,17
15839,884,3942,531,24,2190,88
15840,780,3567,425,0,2797,197
15841,632,2977,370,0,3304,345
15842,494,2449,335,0,3126,100
15843,383,1958,464,0,2531,73
15844,297,1345,500,0,1994,216
15845,125,686,481,2,2264,8
15846,0,413,230,11,3127,344
15847,105,950,207,3,3450,329
15848,372,1542,156,2,3634,265
15849,504,1872,196,0,3311,103
15850,647,2162,313,0,2219,8
15851,734,2554,299,0,1442,0
15852,815,2841,334,0,427,0
15853,859,3201,309,0,345,0
15854,995,3501,265,0,375,0
15855,1471,3838,235,1,260,0
15856,2054,4163,328,10,227,3
15857,2851,4259,287,8,38,4
15858,3247,4390,277,0,203,0
15859,3696,4375,239,0,386,0
15860,4085,4255,267,2,502,0
15861,4393,4038,217,0,653,0
15862,4662,3987,216,0,727,0
15863,5374,3770,347,19,984,0
15864,5964,3447,425,0,838,0
15865,6153,3169,429,0,833,0
15866,6497,2939,454,4,790,0
15867,6588,2712,401,2,565,0
15868,6495,2529,454,0,386,0
15869,6147,2321,567,0,487,1
15870,5911,1986,477,0,450,0
15871,5668,1714,496,0,840,1
15872,5422,1396,579,0,1140,1
15873,5183,1267,788,0,1712,0
15874,4900,1128,1084,0,2172,0
15875,4679,1002,1601,0,2497,32
15876,4378,886,2193,0,1948,0
15877,3986,804,2291,15,1427,0
15878,3677,756,2473,47,2298,0
15879,3402,828,2595,76,3120,6
15880,3030,653,2467,71,3355,13
15881,2533,667,1667,103,3456,84
15882,2121,789,1324,15,3821,24
15883,1634,804,1082,10,3908,12
15884,1187,692,781,23,3516,14
15885,672,419,689,69,3167,13
15886,359,420,604,132,2886,1
15887,17,453,553,137,3044,16
15888,12,539,387,141,4213,41
15889,0,479,230,80,5455,110
15890,10,488,242,61,6026,146
15891,42,310,258,161,6035,252
15892,198,29,258,80,5541,204
15893,150,77,194,114,5830,264
15894,405,177,83,290,4513,49
15895,366,235,81,385,3617,12
15896,230,248,112,326,3698,0
15897,138,172,172,231,4705,0
15898,106,17,163,208,5828,1
15899,49,6,257,278,6157,41
15900,76,0,145,399,6171,139
15901,85,3,98,326,6184,251
15902,181,0,114,244,4941,301
15903,289,0,92,167,3607,70
15904,327,5,169,59,3181,1
15905,391,133,281,42,4103,8
15906,244,446,313,26,4731,50
15907,181,601,389,0,4772,136
15908,146,730,422,9,4038,136
15909,132,819,437,0,3450,21
15910,168,813,359,51,2674,0
15911,290,666,305,29,3144,0
15912,381,436,191,0,3831,3
15913,420,189,155,16,4877,1
15914,427,222,125,106,5369,41
15915,342,248,110,0,5320,93
15916,248,80,139,52,5645,298
15917,153,28,151,28,4914,152
15918,184,38,209,1,4845,276
15919,445,66,191,49,4305,449
15920,497,67,308,138,3748,83
15921,490,80,416,80,3166,81
15922,473,152,581,79,2554,273
15923,479,200,672,190,1873,371
15924,575,185,845,155,1050,432
15925,672,281,898,167,646,394
15926,712,335,899,126,422,231
15927,743,268,721,19,218,108
15928,650,240,637,14,111,6
15929,565,183,578,113,275,54
15930,620,362,649,41,606,87
15931,600,540,602,8,1059,264
15932,648,647,508,0,1560,521
15933,609,696,343,26,2031,862
15934,508,762,135,6,2804,1109
15935,568,729,86,92,3705,1536
15936,515,525,88,67,4513,1805
15937,492,186,174,174,5196,2018
15938,429,83,233,125,5037,1986
15939,384,23,115,63,4705,1901
15940,325,0,44,19,4534,1694
15941,290,0,4,17,3055,1591
15942,252,0,0,9,2759,1716
15943,343,0,0,128,2474,1859
15944,304,0,14,193,1946,2237
15945,311,0,0,552,1166,2808
15946,169,0,7,766,1291,3045
15947,81,0,0,914,1939,3317
15948,7,0,0,991,2513,3828
15949,159,0,43,1371,3701,4407
15950,147,0,67,1637,5068,4308
15951,35,0,55,2046,5113,4260
15952,0,0,36,2437,5396,4485
15953,67,0,18,2800,5308,4556
15954,81,0,4,2985,4827,4901
15955,61,0,0,3036,4609,5438
15956,0,0,9,2771,4551,5795
15957,76,0,14,2929,5219,6577
15958,100,0,24,2711,5972,7237
15959,1,0,40,2848,6255,8326
15960,0,0,4,3060,6349,8501
15961,18,0,0,3338,6471,7373
15962,54,0,0,3663,7190,5963
15963,71,0,0,4148,7933,5241
15964,86,0,4,4301,8774,6070
15965,231,0,26,4707,9878,6463
15966,281,1,34,4784,10649,6607
15967,415,0,5,5112,11359,6746
15968,282,0,0,5422,12203,6431
15969,150,0,0,5720,12417,6234
15970,215,0,0,5870,12225,5483
15971,158,0,0,6042,12602,4736
15972,0,0,0,6075,13158,4686
15973,64,0,0,5999,13164,4941
15974,106,0,0,5932,13287,4974
15975,71,0,0,6066,13015,5243
15976,42,0,0,6082,13179,5781
15977,304,4,0,6143,12929,5979
15978,297,19,0,6200,13208,5920
15979,122,0,0,6141,13456,5812
15980,92,0,0,6127,13597,5965
15981,255,0,0,6044,13493,6540
15982,239,0,0,5773,13228,6747
15983,153,0,0,5495,12800,7069
15984,0,0,0,5133,11783,6787
15985,124,0,0,4792,10908,6408
15986,187,2,0,4147,9847,6149
15987,50,0,0,3818,9211,5742
15988,61,0,0,3481,7995,4862
15989,56,0,0,3190,6999,4291
15990,0,0,0,2923,6049,4023
15991,46,0,0,2735,5047,3694
15992,14,0,3,2220,4665,3153
15993,0,0,0,1733,4433,2255
15994,0,0,0,1088,3162,1692
15995,28,0,11,538,2065,1515
15996,37,0,41,191,1036,1272
15997,119,0,0,249,910,1209
15998,202,0,0,950,2073,1187
15999,237,0,0,1694,2684,1138
16000,46,0,0,2131,3396,1547
16001,211,0,13,2498,4229,2111
16002,66,0,0,2922,4917,2370
16003,0,0,6,3122,5695,2568
16004,0,0,0,3279,6822,2601
16005,24,0,0,3216,7617,2179
16006,11,0,0,3517,8547,2939
16007,0,0,2,3816,9093,3247
16008,27,0,0,4138,9607,3325
16009,51,0,0,4407,10288,3382
16010,34,0,19,4649,11331,3487
16011,0,0,37,4802,11731,3802
16012,0,0,2,4867,11838,3696
16013,28,0,0,4815,11546,3859
16014,16,0,0,4880,11255,3406
16015,0,0,0,4793,11261,3009
16016,2,0,76,4570,11603,3140
16017,0,0,146,4453,11515,4063
16018,0,0,2,4479,11605,4788
16019,0,0,0,4567,11698,4632
16020,0,0,0,4866,10862,4565
16021,0,0,2,5147,10245,3949
16022,0,0,158,5239,9973,2954
16023,0,0,157,5549,9834,2604
16024,16,0,34,6013,10404,2086
16025,0,0,8,6433,10884,1779
16026,0,0,19,6870,11152,1670
16027,0,0,0,7008,11685,1648
16028,0,0,86,7267,11998,1831
16029,0,0,298,7431,11940,1593
16030,0,0,71,7448,11572,2142
16031,0,0,0,7302,11036,2210
16032,0,0,0,7190,10441,2462
16033,0,0,0,6866,9421,2839
16034,0,0,9,6332,9047,2891
16035,4,0,47,5677,9450,2595
16036,0,0,81,5138,9521,2777
16037,0,0,3,4470,9015,2770
16038,0,0,0,3850,9143,3018
16039,0,0,0,3252,8714,3361
16040,0,0,0,2580,7946,4039
16041,0,0,2,2249,7084,4410
16042,0,0,0,1773,6228,4196
16043,0,0,0,1383,5090,4007
16044,0,0,0,1078,4599,3084
16045,0,0,14,1131,4633,3777
16046,0,0,3,867,3621,3425
16047,0,0,0,881,2855,2353
16048,0,0,6,1122,2526,1851
16049,0,0,0,1651,2014,1258
16050,0,0,4,2064,1273,1409
16051,0,0,47,2520,1200,1331
16052,0,0,19,2863,1264,1266
16053,0,0,0,2884,1124,1123
16054,0,0,21,2677,929,1144
16055,0,0,32,1808,1618,1260
16056,0,0,0,1249,2438,1287
16057,0,0,1,1414,3275,1695
16058,0,0,5,1655,4137,1806
16059,12,0,0,2064,4320,1776
16060,0,0,7,2338,3901,1464
16061,0,0,49,2562,2890,931
16062,33,0,6,2855,2285,526
16063,76,0,0,3067,2509,489
16064,152,0,20,3591,3085,397
16065,129,0,0,3984,3853,616
16066,59,0,0,4438,4874,1433
16067,185,0,0,4840,5474,2120
16068,116,0,0,5166,5998,2551
16069,0,0,0,5353,6281,2346
16070,2,0,2,5505,6337,1979
16071,8,10,1,5362,6449,1381
16072,0,0,0,5161,6754,1207
16073,32,0,0,4837,6714,1358
16074,70,0,4,4386,6248,1196
16075,26,0,0,3665,5826,1307
16076,0,0,0,3117,5165,1531
16077,0,0,39,2370,4401,1279
16078,38,0,4,1568,3663,883
16079,18,0,3,438,2727,1357
16080,0,0,31,984,2554,1786
16081,0,0,9,2193,2443,2158
16082,0,0,0,3098,3135,2162
16083,0,0,75,3927,4015,2064
16084,0,0,29,4513,5393,2180
16085,0,0,0,5078,6633,2163
16086,0,0,49,5407,7427,2254
16087,0,0,12,5595,8094,2322
16088,0,0,0,5683,8255,2759
16089,4,0,13,5646,8102,2574
16090,17,0,10,5371,8284,2531
16091,26,0,6,5008,8466,2640
16092,6,0,0,4564,8290,2434
16093,0,0,5,4195,7660,1954
16094,10,0,0,3920,7145,1717
16095,12,0,0,3452,6624,1391
16096,4,0,9,2991,5930,1126
16097,0,0,4,2517,5386,858
16098,0,0,0,2032,4444,1118
16099,0,0,0,1355,3639,1502
16100,0,0,0,639,3747,1827
16101,0,0,0,354,3838,2064
16102,0,0,0,390,4122,1890
16103,0,0,0,566,2830,1639
16104,0,0,0,584,2285,1332
16105,0,0,0,408,1483,1062
16106,0,0,0,255,520,727
16107,0,0,0,231,1089,852
16108,0,0,0,297,1647,985
16109,0,0,0,221,1380,887
16110,0,0,0,174,973,876
16111,0,0,0,142,626,778
16112,0,0,0,175,731,838
16113,0,0,0,262,1260,1140
16114,0,0,0,302,1355,1497
16115,0,0,0,532,1265,1428
16116,0,0,0,357,1199,1060
16117,0,0,0,227,987,706
16118,0,0,0,163,958,641
16119,0,0,2,306,1314,645
16120,0,0,31,450,2104,603
16121,0,0,4,319,3003,750
16122,0,0,0,110,3115,934
16123,0,0,11,174,3020,919
16124,0,0,49,254,2154,699
16125,0,0,0,98,909,126
16126,0,0,26,65,383,153
16127,0,0,52,124,763,328
16128,0,0,18,224,1352,407
16129,0,0,0,310,1614,413
16130,0,0,28,296,1467,485
16131,0,0,19,146,897,294
16132,0,0,0,178,384,24
16133,0,0,14,24,320,4
16134,0,0,1,50,438,52
16135,0,0,0,79,686,193
16136,0,0,1,82,596,182
16137,3,0,11,71,175,1
16138,0,0,0,55,5,3
16139,1,0,0,29,0,9
16140,23,0,6,0,4,54
16141,84,4,12,3,29,28
16142,87,7,20,0,24,15
16143,145,12,48,0,14,2
16144,71,74,84,5,15,3
16145,97,91,150,10,15,0
16146,93,98,151,1,11,0
16147,30,111,198,0,30,1
16148,37,142,241,9,46,87
16149,93,121,204,3,118,499
16150,64,135,299,145,377,1221
16151,84,163,360,296,769,1810
16152,180,227,492,344,1003,2027
16153,370,324,564,267,872,1823
16154,541,415,597,283,632,1650
16155,634,393,619,236,467,1329
16156,694,402,672,116,218,1015
16157,753,398,650,134,278,886
16158,751,391,625,173,354,909
16159,725,113,617,225,510,1234
16160,738,71,494,246,1008,1294
16161,760,60,564,195,1852,1138
16162,758,215,584,177,2899,1646
16163,717,533,697,275,4197,2078
16164,731,683,548,169,5189,2114
16165,687,656,534,463,6706,3038
16166,792,552,184,1170,8148,4108
16167,910,624,78,1745,9158,4605
16168,879,737,165,2306,10119,4967
16169,666,901,291,2913,11278,5857
16170,595,798,305,3230,11793,6957
16171,414,510,325,3434,12275,8066
16172,349,224,285,3651,12803,8406
16173,244,144,208,3826,12807,9359
16174,168,109,147,3702,12570,10585
16175,84,39,109,3819,12409,11453
16176,32,15,49,3613,11919,11346
16177,13,29,31,3403,11265,10580
16178,11,15,11,2949,10073,9015
16179,0,22,15,2356,8937,7331
16180,0,5,18,1204,7405,5791
16181,1,2,27,344,3767,5857
16182,4,0,5,735,3960,8664
16183,5,2,66,1340,8079,8902
16184,29,11,21,1488,9892,7231
16185,4,7,17,976,8503,3329
16186,32,21,22,483,5051,3704
16187,10,0,30,780,3101,4472
16188,16,0,41,685,5123,5373
16189,0,14,40,507,7300,6123
16190,0,45,31,193,8853,6984
16191,0,100,25,314,9435,7428
16192,0,8,42,405,10879,7761
16193,0,0,95,620,11213,7840
16194,0,0,86,575,11419,7799
16195,2,0,246,442,10952,7522
16196,0,0,124,695,9679,6851
16197,0,0,18,843,8420,5538
16198,82,18,53,1253,7444,3468
16199,190,82,51,1126,5365,2958
16200,183,104,128,1053,3350,3286
16201,234,89,276,979,4012,3770
16202,77,19,186,996,4919,4324
16203,104,39,49,492,4475,4165
16204,96,30,59,761,3753,3263
16205,61,36,49,972,3797,2093
16206,2,82,77,1382,3328,1780
16207,24,136,104,1238,2887,2226
16208,5,161,122,1405,5121,4015
16209,8,321,112,1620,6586,5768
16210,38,401,104,2022,8018,7102
16211,33,311,50,2169,8639,7285
16212,1,0,32,2268,9159,6823
16213,15,268,26,2333,8903,6469
16214,0,482,50,2179,8293,5206
16215,0,110,84,1876,5825,3890
16216,4,61,23,1525,4981,2517
16217,46,0,0,547,3119,2050
16218,4,0,0,38,2765,1657
16219,0,0,11,112,3237,1637
16220,35,1,182,238,2793,2122
16221,70,0,107,92,2082,1616
16222,253,230,6,223,1074,993
16223,524,608,31,178,534,310
16224,616,942,43,191,514,178
16225,686,1178,176,46,516,95
16226,666,1420,505,18,330,227
16227,649,1518,640,0,83,11
16228,542,1343,427,1,59,6
16229,354,932,144,16,64,24
16230,205,354,0,0,70,2
16231,612,561,3,0,37,2
16232,794,743,21,0,77,0
16233,612,584,7,34,39,287
16234,260,27,57,43,19,973
16235,72,9,101,15,2,1676
16236,1,1,67,0,36,2010
16237,101,75,4,117,30,1773
16238,143,101,0,171,73,1090
16239,78,0,108,162,30,640
16240,88,0,272,243,0,253
16241,142,0,292,181,0,0
16242,146,12,203,181,23,407
16243,130,83,39,29,124,974
16244,260,20,4,44,143,1871
16245,180,26,0,24,126,2405
16246,147,33,1,0,14,1849
16247,247,23,0,35,16,464
16248,341,0,0,69,48,542
16249,312,0,0,0,30,216
16250,149,0,0,0,71,132
16251,18,0,0,0,0,72
16252,0,0,0,0,0,1
16253,0,0,0,51,0,0
16254,0,0,0,0,0,0
16255,0,0,0,0,3,0
16256,0,0,0,75,0,0
16257,0,0,0,1,0,0
16258,0,0,0,0,4,0
16259,0,0,0,32,0,0
16260,1,0,0,0,14,3
16261,7,0,0,30,65,6
16262,4,0,0,1,79,15
16263,0,0,0,0,31,0
16264,0,0,0,0,13,0
16265,0,0,0,0,0,0
16266,0,0,0,0,0,0
16267,0,0,0,5,21,0
16268,2,0,0,1,17,0
16269,36,0,0,29,5,0
16270,56,0,0,31,4,0
16271,29,0,0,0,2,0
16272,0,0,0,0,0,0
16273,95,0,0,23,0,0
16274,71,2,0,37,0,0
16275,7,0,0,0,0,0
16276,0,0,0,42,0,0
16277,53,0,0,26,6,0
16278,85,0,0,0,0,0
16279,0,0,0,0,0,0
16280,62,0,0,0,0,0
16281,51,0,5,0,0,0
16282,6,0,1,3,0,0
16283,0,0,0,0,0,0
16284,45,0,5,0,0,0
16285,46,0,1,1,0,0
16286,74,0,0,1,0,0
16287,11,0,2,52,0,0
16288,1,0,10,24,0,0
16289,1,0,0,120,23,0
16290,0,0,0,76,0,0
16291,0,0,0,90,3,0
16292,0,0,0,131,16,0
16293,21,0,0,87,25,0
16294,14,0,3,53,2,0
16295,27,0,0,36,84,13
16296,21,0,0,3,91,10
16297,0,0,0,0,14,0
16298,0,0,0,23,12,0
16299,0,0,0,0,0,0
16300,0,0,0,0,0,0
16301,0,0,0,0,0,0
16302,0,0,0,0,1,0
16303,0,0,0,7,0,0
16304,0,0,0,90,6,0
16305,0,0,0,75,4,0
16306,0,0,7,29,23,0
16307,0,0,2,52,0,0
16308,0,0,0,45,0,0
16309,0,0,0,14,0,0
16310,0,0,0,49,2,0
16311,0,0,0,46,0,0
16312,0,0,0,0,0,0
16313,0,0,0,0,17,0
16314,0,0,0,0,23,0
16315,0,0,2,0,7,10
16316,0,0,0,0,0,0
16317,0,0,0,0,0,0
16318,0,0,0,0,0,0
16319,0,0,0,0,0,0
16320,0,0,0,47,0,0
16321,0,0,0,88,0,0
16322,0,0,0,3,0,0
16323,0,0,0,2,0,0
16324,0,0,0,2,0,0
16325,0,0,0,41,0,31
16326,0,0,0,0,52,302
16327,0,0,0,2,82,399
16328,0,0,0,36,141,401
16329,0,0,0,50,195,420
16330,0,0,0,34,290,390
16331,0,0,0,11,297,312
16332,0,0,0,0,247,172
16333,0,0,0,0,145,13
16334,0,0,0,9,21,70
16335,0,0,0,0,63,186
16336,0,0,0,16,131,213
16337,0,0,0,0,193,199
16338,0,0,0,0,197,218
16339,0,0,0,5,153,179
16340,0,0,0,2,258,153
16341,0,0,4,9,317,142
16342,0,0,0,21,427,134
16343,0,0,0,8,523,138
16344,0,0,6,1,625,145
16345,0,0,1,0,653,159
16346,0,0,0,23,601,268
16347,0,0,0,7,434,344
16348,0,0,10,19,450,192
16349,0,0,4,0,630,195
16350,0,0,0,4,881,411
16351,0,0,3,37,1043,625
16352,0,0,2,22,1029,676
16353,0,0,0,17,1175,924
16354,0,0,10,56,1393,900
16355,0,0,0,148,1699,956
16356,9,0,0,176,2137,1218
16357,0,0,15,360,2648,1329
16358,5,0,16,734,3095,1130
16359,0,0,0,586,3942,937
16360,0,0,37,220,4416,636
16361,0,0,68,89,4228,322
16362,0,0,0,36,3857,175
16363,0,0,22,19,3047,78
16364,0,0,53,26,2298,60
16365,0,0,1,3,2253,148
16366,0,0,24,15,3275,164
16367,0,0,82,27,4202,206
16368,0,0,4,29,4850,204
16369,0,0,3,254,4852,354
16370,0,0,59,394,4454,801
16371,0,0,0,633,3879,1069
16372,0,0,0,511,2609,1229
16373,0,0,41,494,1355,944
16374,0,0,23,286,365,252
16375,0,0,0,134,142,195
16376,0,0,12,105,402,288
16377,0,0,5,0,355,142
16378,0,0,0,0,43,19
16379,0,0,2,28,0,0
16380,0,0,0,0,58,0
16381,0,0,0,8,145,0
16382,4,0,0,0,109,0
16383,17,0,9,0,2,0
16384,62,0,0,0,1,0
16385,63,0,5,3,0,0
16386,29,0,5,0,0,0
16387,10,0,4,0,0,0
16388,11,0,0,18,0,0
16389,6,0,0,0,0,0
16390,0,0,0,26,0,0
16391,0,0,0,15,0,0
16392,17,0,0,24,6,0
16393,0,0,0,14,21,0
16394,3,0,0,0,137,0
16395,0,0,0,26,139,0
16396,0,0,0,3,122,4
16397,0,0,0,0,116,0
16398,0,0,0,6,37,0
16399,0,0,0,0,6,0
16400,0,0,0,0,6,0
16401,0,0,0,0,0,0
16402,0,0,0,0,0,0
16403,0,0,0,0,0,0
16404,0,0,2,0,0,0
16405,0,0,0,3,0,0
16406,0,0,0,5,8,0
16407,0,0,0,11,7,0
16408,0,0,0,17,11,0
16409,0,0,0,76,253,5
16410,0,0,0,26,216,83
16411,0,0,0,54,267,43
16412,0,0,4,16,171,0
16413,0,0,0,0,183,0
16414,0,0,0,0,230,10
16415,0,0,0,0,292,31
16416,0,0,0,0,444,68
16417,0,0,0,0,696,183
16418,0,0,0,0,727,151
16419,0,0,0,6,764,270
16420,0,0,0,28,709,242
16421,0,0,0,23,716,218
16422,0,0,0,54,1115,245
16423,0,0,0,76,1390,426
16424,0,0,0,159,1620,614
16425,0,0,0,146,1382,805
16426,0,0,0,225,1557,949
16427,0,0,0,134,1786,791
16428,0,0,0,104,1695,427
16429,0,0,0,104,1586,157
16430,0,0,0,75,1349,142
16431,0,0,0,0,1447,203
16432,0,0,0,0,1744,283
16433,0,0,0,40,2153,407
16434,0,0,0,42,2277,504
16435,0,0,0,2,2103,821
16436,0,0,0,16,1936,887
16437,0,0,0,0,1942,944
16438,0,0,0,0,1572,868
16439,0,0,0,33,1605,719
16440,0,0,0,41,1449,619
16441,0,0,0,19,1021,364
16442,0,0,0,0,968,198
16443,0,0,0,50,807,46
16444,0,0,0,6,973,71
16445,0,0,0,2,1163,238
16446,0,0,0,39,987,203
16447,0,0,0,1,822,153
16448,0,0,0,12,388,74
16449,0,0,0,0,108,20
16450,0,0,0,0,254,16
16451,0,0,0,0,248,14
16452,0,0,0,10,320,54
16453,0,0,0,0,440,185
16454,0,0,0,4,928,197
16455,0,0,0,0,1395,262
16456,0,0,0,0,1933,330
16457,0,0,0,8,2139,274
16458,0,0,0,9,1943,257
16459,0,0,0,139,1510,73
16460,0,0,0,377,1468,149
16461,0,0,0,332,2156,683
16462,0,0,0,308,2774,884
16463,0,0,0,243,2783,745
16464,0,0,0,48,2755,631
16465,0,0,0,129,2695,493
16466,0,0,0,188,3268,443
16467,0,0,0,264,3659,381
16468,0,0,1,889,4338,542
16469,0,0,0,2275,4925,719
16470,0,0,0,2962,5457,868
16471,0,0,0,2899,4840,893
16472,0,0,0,2643,3864,817
16473,0,0,0,2155,3652,537
16474,0,0,0,1884,5079,100
16475,0,0,0,1767,6479,344
16476,0,0,0,1165,6854,732
16477,0,0,0,472,7567,999
16478,0,0,0,629,7233,1632
16479,0,0,0,1028,6852,2180
16480,0,0,0,1475,6233,2716
16481,0,0,0,1492,4729,2807
16482,0,0,0,1319,3463,2473
16483,0,0,0,1414,2724,1944
16484,0,0,0,1462,1533,1066
16485,10,0,0,652,319,832
16486,49,0,1,139,415,316
16487,91,0,6,145,768,145
16488,231,0,0,295,370,38
16489,343,0,0,407,143,207
16490,621,0,11,204,61,143
16491,703,0,0,68,0,8
16492,835,0,0,44,0,0
16493,829,0,71,29,0,2
16494,627,0,4,45,9,0
16495,184,0,2,68,46,0
16496,3,0,65,336,136,5
16497,38,0,36,226,111,0
16498,218,0,0,184,130,2
16499,486,0,194,189,228,104
16500,566,0,151,37,68,3
16501,648,0,2,50,71,2
16502,515,3,28,20,8,0
16503,389,0,86,8,6,13
16504,61,0,3,2,14,15
16505,0,0,35,3,15,8
16506,8,0,67,3,11,18
16507,61,0,0,1,5,8
16508,160,0,1,0,8,25
16509,340,0,4,0,0,20
16510,297,0,7,0,0,9
16511,154,0,0,0,0,6
16512,8,0,3,0,0,0
16513,25,0,2,0,0,0
16514,44,0,0,0,0,0
16515,116,0,1,0,0,0
16516,176,0,11,0,2,0
16517,172,0,0,0,0,0
16518,154,0,9,0,2,6
16519,38,0,33,0,0,0
16520,0,0,0,0,0,3
16521,0,0,0,0,0,4
16522,32,0,0,0,0,0
16523,95,0,3,0,0,0
16524,228,0,0,0,0,0
16525,281,0,10,0,0,0
16526,64,0,23,0,0,0
16527,48,0,0,0,0,0
16528,33,0,0,13,0,0
16529,54,0,2,0,0,0
16530,113,0,0,0,0,0
16531,118,0,0,11,0,0
16532,135,0,2,27,1,0
16533,41,1,0,58,6,19
16534,0,0,0,40,27,127
16535,1,0,0,10,178,295
16536,16,0,0,26,154,246
16537,62,0,0,32,121,61
16538,89,0,1,95,162,193
16539,146,0,3,83,155,75
16540,18,0,0,62,143,22
16541,23,0,0,26,80,0
16542,84,0,0,13,89,0
16543,70,0,0,4,25,0
16544,115,0,0,0,0,0
16545,140,0,0,0,0,0
16546,126,2,0,0,0,0
16547,66,0,0,0,0,0
16548,3,0,0,0,0,0
16549,23,0,0,0,0,0
16550,2,0,0,0,0,6
16551,4,0,0,0,14,41
16552,80,4,0,0,54,59
16553,65,0,0,0,132,65
16554,17,0,0,2,148,65
16555,29,0,0,0,179,55
16556,121,0,0,0,125,30
16557,243,0,0,0,42,0
16558,232,0,0,2,0,0
16559,190,0,0,0,0,0
16560,4,0,0,0,0,0
16561,0,0,0,0,1,0
16562,28,0,1,0,1,1
16563,22,0,24,3,50,53
16564,42,0,0,0,61,102
16565,17,0,4,0,51,79
16566,12,0,15,0,40,71
16567,72,0,0,3,6,30
16568,58,0,0,0,0,8
16569,0,0,8,0,0,0
16570,20,0,3,0,0,0
16571,29,0,0,0,0,0
16572,6,0,6,0,0,0
16573,1,0,10,1,0,0
16574,0,0,0,0,0,0
16575,0,0,39,30,5,0
16576,0,0,20,211,0,0
16577,0,0,0,227,0,0
16578,0,0,24,244,0,0
16579,0,0,22,304,14,4
16580,0,0,0,242,6,0
16581,0,0,0,240,3,0
16582,0,0,25,384,0,0
16583,0,0,5,391,0,0
16584,0,0,0,177,0,0
16585,0,0,14,51,2,0
16586,0,0,3,22,0,2
16587,0,0,0,3,4,0
16588,0,0,28,4,175,71
16589,0,0,29,2,284,141
16590,0,0,0,10,338,110
16591,0,0,8,32,202,162
16592,0,0,86,33,6,143
16593,0,0,10,33,105,103
16594,0,0,18,42,128,71
16595,0,0,149,79,109,72
16596,0,0,27,12,24,106
16597,0,0,0,0,25,98
16598,0,0,111,0,5,98
16599,0,0,118,1,19,0
16600,0,0,0,17,8,2
16601,0,0,126,53,50,4
16602,0,0,199,77,7,18
16603,0,0,9,147,33,0
16604,0,0,32,232,13,0
16605,0,0,238,100,0,14
16606,0,0,83,238,93,1
16607,0,0,20,269,24,0
16608,0,0,235,114,0,14
16609,0,0,109,9,21,6
16610,0,0,0,144,0,0
16611,0,0,62,292,0,0
16612,0,0,134,319,18,13
16613,0,0,0,380,23,9
16614,0,0,8,364,21,14
16615,0,0,14,257,19,25
16616,0,0,0,166,0,6
16617,0,0,0,35,0,2
16618,0,0,0,0,0,0
16619,0,0,0,0,0,0
16620,0,0,0,0,0,2
16621,0,0,0,0,7,3
16622,0,0,0,16,4,17
16623,0,0,0,8,25,28
16624,0,0,0,0,71,48
16625,0,0,0,0,131,61
16626,0,0,0,19,162,45
16627,0,0,0,34,125,49
16628,0,0,0,19,181,30
16629,0,0,0,0,44,7
16630,0,0,0,0,15,0
16631,0,0,0,13,0,0
16632,0,0,0,0,0,0
16633,0,0,0,0,29,2
16634,7,0,0,0,33,28
16635,0,0,0,0,30,14
16636,9,0,0,25,43,28
16637,0,0,3,13,5,5
16638,0,0,0,29,11,0
16639,0,0,0,0,38,0
16640,0,0,0,0,0,0
16641,0,0,0,6,0,0
16642,0,0,0,2,0,0
16643,0,0,0,3,0,0
16644,0,0,0,17,0,0
16645,0,0,0,38,0,0
16646,0,0,0,10,0,0
16647,0,0,0,5,0,0
16648,0,0,0,0,0,0
16649,0,0,0,0,0,0
16650,0,0,0,0,0,0
16651,0,0,0,0,5,0
16652,0,0,0,0,0,0
16653,0,0,0,0,0,0
16654,0,0,0,0,0,0
16655,0,0,0,0,0,0
16656,0,0,0,0,4,0
16657,0,0,0,0,0,0
16658,0,0,0,0,0,0
16659,0,0,0,0,0,0
16660,0,0,0,0,0,0
16661,0,0,0,0,0,0
16662,0,0,0,0,0,0
16663,0,0,0,0,0,0
16664,0,0,0,0,0,0
16665,0,0,0,0,0,0
16666,0,0,0,10,8,0
16667,0,0,0,0,1,0
16668,0,0,0,0,0,0
16669,0,0,0,0,0,0
16670,0,0,0,0,2,0
16671,0,0,0,0,0,0
16672,0,0,0,0,0,0
16673,0,0,0,0,0,0
16674,0,0,0,0,0,0
16675,0,0,0,0,0,0
16676,0,0,0,0,0,0
16677,0,0,0,0,0,0
16678,2,0,0,0,0,0
16679,2,0,0,0,0,0
16680,14,0,0,0,0,0
16681,29,0,0,0,5,0
16682,37,0,0,0,0,0
16683,56,0,0,0,0,0
16684,61,0,0,0,0,0
16685,79,0,0,0,0,0
16686,59,0,0,0,0,0
16687,55,0,0,0,0,0
16688,14,0,0,0,0,0
16689,11,0,0,0,0,0
16690,0,0,0,0,0,0
16691,0,0,0,0,0,0
16692,9,0,0,0,0,0
16693,19,0,0,0,0,0
16694,0,0,0,0,0,0
16695,7,0,0,0,0,0
16696,55,0,0,2,0,0
16697,70,0,0,0,0,0
16698,96,0,0,0,0,0
16699,73,0,0,0,0,0
16700,48,0,6,0,0,0
16701,36,0,9,0,0,0
16702,33,0,8,0,0,0
16703,38,0,0,0,0,0
16704,40,0,0,0,0,0
16705,0,0,11,0,0,0
16706,0,0,0,0,0,0
16707,0,0,3,0,0,0
16708,0,0,13,0,0,0
16709,0,0,0,0,0,0
16710,0,0,0,0,0,0
16711,0,0,4,0,3,0
16712,0,0,1,0,0,0
16713,0,0,0,0,0,0
16714,0,0,0,0,0,0
16715,13,0,14,0,0,0
16716,8,0,21,0,0,0
16717,28,0,0,0,0,0
16718,6,0,0,0,0,0
16719,2,0,34,0,0,0
16720,18,0,11,0,0,0
16721,30,0,0,0,0,0
16722,111,0,63,0,0,0
16723,255,0,47,0,0,0
16724,524,0,0,0,0,0
16725,792,7,55,0,0,0
16726,1070,0,111,0,1,0
16727,1130,0,0,0,0,0
16728,1147,0,97,0,1,2
16729,1166,0,138,0,0,3
16730,1172,0,6,0,0,0
16731,1194,0,9,0,0,0
16732,986,0,13,0,0,0
16733,833,0,0,0,0,0
16734,669,0,8,0,0,0
16735,405,0,11,0,0,0
16736,52,0,0,0,0,0
16737,0,0,0,0,0,0
16738,0,0,3,0,0,0
16739,20,0,12,0,0,0
16740,14,0,0,0,0,0
16741,16,0,4,0,2,0
16742,34,0,26,0,0,0
16743,10,0,0,0,1,0
16744,0,0,3,0,0,0
16745,0,0,15,0,1,0
16746,3,0,0,0,0,0
16747,1,0,0,0,0,0
16748,25,0,20,0,0,0
16749,68,0,14,0,3,0
16750,68,0,0,0,0,0
16751,35,0,0,0,0,0
16752,8,0,0,0,0,0
16753,1,0,0,0,0,0
16754,0,0,2,0,0,0
16755,0,0,21,0,0,0
16756,0,0,5,2,1,0
16757,0,0,0,0,1,0
16758,0,0,2,0,0,0
16759,0,0,0,0,0,0
16760,0,0,0,18,0,0
16761,0,0,2,0,0,0
16762,2,0,6,0,0,0
16763,0,0,0,0,0,0
16764,5,0,0,0,0,0
16765,0,0,5,0,0,0
16766,0,0,0,0,0,0
16767,0,0,0,0,0,0
16768,0,0,0,0,0,0
16769,0,0,0,0,0,0
16770,0,0,0,0,0,0
16771,0,0,0,0,1,0
16772,0,0,4,0,0,0
16773,0,0,0,0,0,1
16774,5,0,13,0,0,0
16775,72,0,17,0,0,0
16776,163,0,0,0,0,0
16777,281,0,2,0,0,0
16778,372,0,1,0,0,0
16779,508,0,0,0,0,0
16780,431,0,7,0,0,0
16781,247,0,10,0,0,0
16782,179,0,16,0,0,0
16783,63,0,0,0,0,0
16784,36,0,9,0,0,0
16785,6,0,14,0,0,0
16786,26,3,0,0,0,0
16787,0,0,0,0,0,0
16788,5,0,10,0,0,0
16789,30,0,0,0,0,0
16790,12,0,0,0,0,0
16791,13,0,2,0,0,0
16792,0,0,0,0,0,0
16793,0,0,0,0,0,0
16794,1,0,10,0,0,3
16795,12,0,11,0,0,0
16796,4,0,0,0,0,0
16797,1,0,0,0,0,0
16798,0,0,3,0,0,0
16799,0,0,2,0,0,0
16800,0,0,0,0,0,0
16801,0,0,11,0,0,0
16802,0,0,6,0,0,0
16803,0,0,0,0,1,0
16804,0,0,0,0,0,0
16805,0,0,0,0,0,0
16806,0,0,0,0,0,0
16807,0,0,0,0,0,0
16808,0,0,0,0,0,0
16809,0,0,0,0,0,0
16810,0,0,0,0,0,0
16811,1,0,0,0,0,0
16812,0,0,0,0,0,0
16813,0,0,0,0,0,0
16814,0,0,0,0,0,0
16815,0,0,0,0,0,0
16816,0,0,0,0,0,0
16817,0,0,0,0,0,0
16818,0,0,0,0,0,0
16819,0,0,0,0,0,0
16820,0,0,0,10,0,0
16821,0,0,0,0,0,0
16822,0,0,0,0,0,0
16823,0,0,9,0,15,0
16824,0,0,6,0,0,0
16825,0,0,6,0,0,0
16826,0,0,79,0,0,2
16827,0,0,61,0,0,0
16828,0,0,0,0,0,0
16829,0,0,162,0,1,1
16830,0,0,327,0,0,2
16831,0,0,0,0,2,0
16832,0,0,291,0,0,13
16833,0,0,464,0,13,7
16834,0,0,13,0,0,0
16835,0,0,182,0,0,3
16836,0,0,364,0,0,15
16837,0,0,15,0,0,0
16838,0,0,104,0,0,0
16839,0,0,150,0,0,0
16840,0,0,0,0,0,0
16841,0,0,43,0,0,0
16842,0,0,19,0,0,0
16843,0,0,0,0,0,0
16844,0,0,12,0,0,0
16845,0,0,0,0,0,0
16846,0,0,0,0,2,0
16847,0,0,0,0,1,0
16848,0,0,0,0,1,0
16849,0,0,0,0,0,0
16850,0,0,8,0,0,0
16851,0,0,0,0,0,0
16852,0,0,0,0,0,0
16853,0,0,0,0,0,0
16854,0,0,0,0,0,0
16855,0,0,0,0,0,0
16856,0,0,0,0,0,0
16857,0,0,0,0,0,0
16858,0,0,0,0,0,0
16859,0,0,0,0,0,0
16860,0,0,0,0,0,0
16861,0,0,0,0,14,0
16862,0,0,0,0,0,0
16863,0,0,0,0,0,0
16864,0,0,0,0,0,0
16865,0,0,0,0,0,0
16866,0,0,0,0,0,0
16867,0,0,0,8,0,0
16868,0,0,0,0,0,0
16869,0,0,0,0,0,0
16870,0,0,0,0,0,0
16871,0,0,0,0,0,0
16872,0,0,0,0,0,0
16873,0,0,0,0,0,0
16874,0,0,0,0,0,0
16875,0,0,0,0,0,0
16876,0,0,0,0,2,0
16877,0,0,0,0,0,0
16878,0,0,0,0,0,0
16879,0,0,0,0,0,0
16880,0,0,0,0,0,0
16881,0,0,0,0,0,0
16882,0,0,0,0,0,0
16883,0,0,0,0,0,0
16884,0,0,0,0,0,0
16885,0,0,0,0,0,0
16886,0,0,0,0,0,0
16887,0,0,0,0,0,0
16888,0,0,0,0,0,0
16889,0,0,0,0,0,0
16890,0,0,0,0,0,0
16891,0,0,0,0,1,0
16892,0,0,0,0,0,0
16893,0,0,0,0,0,0
16894,0,0,0,0,0,0
16895,0,0,0,0,0,0
16896,0,0,0,0,0,0
16897,0,0,0,0,0,0
16898,0,0,0,0,0,0
16899,0,0,0,0,0,0
16900,0,0,0,0,0,0
16901,0,0,0,0,0,0
16902,0,0,0,0,0,0
16903,0,0,0,0,0,0
16904,0,0,0,0,0,0
16905,0,0,0,0,0,0
16906,0,0,0,0,0,0
16907,0,0,0,0,0,0
16908,3,0,0,0,0,0
16909,0,0,0,0,0,0
16910,0,0,0,0,0,0
16911,0,0,0,0,0,0
16912,0,0,0,0,0,0
16913,0,0,0,0,0,0
16914,0,0,0,0,0,0
16915,0,0,0,6,0,0
16916,0,0,0,1,0,0
16917,0,0,0,0,0,0
16918,0,0,0,0,0,0
16919,0,0,0,0,0,0
16920,0,0,0,0,0,0
16921,0,0,0,0,0,0
16922,0,0,0,0,0,0
16923,0,0,0,0,0,0
16924,0,0,0,0,0,0
16925,0,0,0,0,0,0
16926,0,0,0,0,0,0
16927,0,0,0,0,0,0
16928,0,0,0,0,0,0
16929,0,0,0,0,0,0
16930,0,0,0,0,0,0
16931,0,0,0,0,0,0
16932,0,0,0,0,0,0
16933,0,0,0,0,0,0
16934,0,0,0,0,0,0
16935,0,0,0,0,0,0
16936,0,0,0,0,3,0
16937,23,0,0,0,0,0
16938,32,0,0,0,0,0
16939,0,0,0,0,0,0
16940,0,0,0,0,0,0
16941,0,0,0,0,0,0
16942,0,0,0,0,0,0
16943,12,0,0,0,0,0
16944,7,0,0,0,0,0
16945,0,0,0,0,0,0
16946,0,0,0,0,0,0
16947,0,0,0,0,0,0
16948,0,0,0,0,0,0
16949,0,0,0,0,0,0
16950,0,0,0,0,2,0
16951,0,0,0,1,1,0
16952,0,0,0,0,0,0
16953,0,0,0,0,0,0
16954,0,0,0,0,0,0
16955,0,0,0,0,0,0
16956,0,0,0,0,0,0
16957,0,0,0,0,0,0
16958,0,0,0,0,0,0
16959,0,0,0,0,0,0
16960,0,0,0,0,0,0
16961,0,0,0,0,0,0
16962,0,0,0,0,0,0
16963,0,0,0,0,0,0
16964,0,0,0,0,0,0
16965,0,0,0,0,0,0
16966,0,0,0,3,4,0
16967,0,0,0,2,2,0
16968,8,0,0,0,0,0
16969,10,0,0,0,0,0
16970,0,0,0,0,0,0
16971,8,0,0,0,0,0
16972,9,0,0,0,0,0
16973,4,0,0,0,0,0
16974,0,0,0,0,0,0
16975,13,0,26,0,0,0
16976,13,0,48,0,0,0
16977,67,0,2,0,0,0
16978,149,0,65,0,2,0
16979,199,0,252,0,0,1
16980,168,0,8,0,0,0
16981,111,0,335,5,9,23
16982,94,0,627,6,0,111
16983,39,0,45,2,0,8
16984,53,0,308,0,0,5
16985,33,9,652,0,0,81
16986,56,0,53,0,0,0
16987,74,0,281,0,1,16
16988,207,0,552,0,0,104
16989,161,0,64,0,0,0
16990,209,0,78,0,0,0
16991,175,0,237,0,1,0
16992,48,0,9,0,0,0
16993,4,0,0,0,0,0
16994,0,0,59,0,0,0
16995,0,0,12,0,0,0
16996,0,0,0,0,0,0
16997,2,0,4,0,0,0
16998,4,0,7,0,0,0
16999,20,0,6,0,0,0
17000,8,0,0,0,0,0
17001,79,0,18,0,0,0
17002,29,0,53,0,0,0
17003,87,0,15,0,0,0
17004,29,0,0,0,0,0
17005,5,0,9,0,0,0
17006,0,0,10,0,0,0
17007,0,0,0,0,0,0
17008,0,0,3,0,0,0
17009,0,0,2,0,0,0
17010,0,0,0,0,0,0
17011,0,0,0,1,0,0
17012,0,0,2,0,0,0
17013,0,0,0,0,0,0
17014,0,0,0,2,0,0
17015,0,0,1,2,0,0
17016,0,0,0,0,0,0
17017,0,0,0,0,0,0
17018,0,0,0,0,0,0
17019,0,0,0,0,0,0
17020,0,0,0,0,0,0
17021,0,0,0,0,0,0
17022,0,0,0,0,0,0
17023,0,0,0,0,0,0
17024,0,0,0,0,0,0
17025,0,0,0,0,0,0
17026,0,0,0,0,2,4
17027,0,0,0,0,0,0
17028,0,0,1,0,1,0
17029,0,0,0,0,0,0
17030,0,0,0,0,0,0
17031,0,0,3,1,0,0
17032,0,0,0,0,0,0
17033,0,0,0,0,0,0
17034,0,0,0,0,0,0
17035,0,0,0,2,0,0
17036,0,0,0,0,0,0
17037,0,0,0,0,0,0
17038,0,0,0,12,1,5
17039,0,0,0,3,9,6
17040,0,0,0,0,31,35
17041,0,0,3,1,25,82
17042,0,0,0,0,33,59
17043,0,0,0,0,34,90
17044,0,0,0,0,41,101
17045,0,0,0,0,81,78
17046,0,0,0,0,64,74
17047,0,0,2,0,51,42
17048,0,0,0,0,11,24
17049,0,0,0,0,0,0
17050,0,0,14,0,0,4
17051,0,0,8,0,0,4
17052,0,0,0,0,0,0
17053,0,0,10,0,11,4
17054,0,0,3,0,6,13
17055,0,0,0,0,0,0
17056,0,0,9,0,1,0
17057,0,0,0,0,0,0
17058,0,0,0,0,0,0
17059,0,0,3,0,0,0
17060,0,0,0,0,0,0
17061,0,0,0,0,0,0
17062,0,0,0,0,0,0
17063,0,0,0,0,0,0
17064,0,0,0,0,6,0
17065,0,0,0,0,7,0
17066,0,0,0,0,0,0
17067,0,0,0,0,0,0
17068,0,0,0,0,0,0
17069,0,0,0,0,5,13
17070,0,0,0,0,5,30
17071,0,0,1,0,2,3
17072,0,0,0,0,4,0
17073,0,0,0,0,0,0
17074,0,0,0,0,0,41
17075,0,0,0,0,0,25
17076,0,0,0,0,0,0
17077,0,0,0,3,0,16
17078,0,0,0,0,0,5
17079,5,0,0,2,1,5
17080,31,0,0,17,0,0
17081,206,0,0,0,0,3
17082,362,0,0,0,0,17
17083,456,0,0,1,0,17
17084,453,0,0,0,0,5
17085,489,0,0,0,0,4
17086,303,0,0,0,2,0
17087,169,0,0,0,12,0
17088,38,0,0,0,0,0
17089,21,0,0,0,0,0
17090,4,0,0,0,0,0
17091,0,0,0,0,0,0
17092,0,0,0,0,0,0
17093,0,0,0,0,0,0
17094,0,0,0,0,0,0
17095,0,0,0,0,0,0
17096,0,0,0,0,0,0
17097,0,0,0,0,0,0
17098,0,0,0,0,0,0
17099,0,0,0,0,0,0
17100,0,0,0,0,0,0
17101,0,0,0,0,0,0
17102,1,0,0,0,0,0
17103,10,0,0,0,0,0
17104,0,0,0,0,0,0
17105,0,0,0,0,0,0
17106,0,0,0,0,0,0
17107,0,0,0,0,0,0
17108,0,0,0,0,0,0
17109,0,0,0,0,0,0
17110,0,0,0,0,0,0
17111,0,0,5,0,0,0
17112,0,0,2,0,0,0
17113,0,0,0,0,0,0
17114,0,0,0,0,0,0
17115,0,0,0,0,0,0
17116,0,0,0,0,1,0
17117,0,0,0,2,0,0
17118,0,0,0,3,2,0
17119,0,0,0,0,0,0
17120,0,0,0,0,0,0
17121,0,0,0,0,0,0
17122,0,0,0,0,0,0
17123,0,0,0,0,0,16
17124,3,0,0,0,0,0
17125,21,0,0,0,0,0
17126,7,0,0,0,0,0
17127,29,0,0,0,0,0
17128,27,0,0,0,0,0
17129,74,0,0,0,0,0
17130,125,0,0,2,0,0
17131,202,0,4,2,19,0
17132,327,0,3,0,0,0
17133,433,0,0,0,0,0
17134,576,0,0,0,0,0
17135,651,0,0,0,0,0
17136,682,0,0,0,0,0
17137,662,0,0,0,3,0
17138,581,0,0,0,0,0
17139,364,0,0,0,0,0
17140,22,0,0,0,0,0
17141,275,0,0,0,0,0
17142,411,0,0,0,0,0
17143,439,0,13,0,0,0
17144,316,0,0,0,0,0
17145,88,0,0,0,0,0
17146,0,0,1,0,1,0
17147,4,0,0,0,0,0
17148,21,0,0,0,0,0
17149,82,0,0,0,0,0
17150,54,0,0,0,0,0
17151,0,0,0,0,0,0
17152,0,0,0,0,0,0
17153,0,0,0,0,0,0
17154,0,0,0,0,0,0
17155,0,0,0,0,0,0
17156,0,0,0,0,0,0
17157,0,0,0,0,2,8
17158,0,0,0,0,8,25
17159,0,0,0,0,20,18
17160,0,0,0,0,18,37
17161,0,0,0,1,17,25
17162,0,0,0,0,0,15
17163,0,0,0,0,0,4
17164,0,0,0,0,6,13
17165,0,0,0,0,6,1
17166,0,0,0,0,0,0
17167,0,0,0,2,0,0
17168,0,0,0,1,0,0
17169,0,0,0,0,0,0
17170,0,0,0,0,1,0
17171,0,0,0,0,0,0
17172,0,0,0,0,0,0
17173,0,0,0,0,0,0
17174,0,0,0,3,0,0
17175,0,0,0,6,0,0
17176,0,0,0,1,1,0
17177,0,0,0,3,2,0
17178,0,0,0,1,7,3
17179,0,0,0,0,7,18
17180,0,0,0,2,0,19
17181,0,0,0,0,0,12
17182,0,0,0,0,0,11
17183,0,0,0,0,0,0
17184,0,0,0,0,0,0
17185,0,0,0,4,0,0
17186,0,0,0,0,0,0
17187,0,0,0,0,2,0
17188,0,0,0,0,1,0
17189,0,0,0,0,0,0
17190,0,0,0,0,0,0
17191,0,0,0,0,0,0
17192,0,0,0,0,0,0
17193,0,0,0,0,0,0
17194,0,0,0,0,0,0
17195,0,0,0,0,0,0
17196,0,0,0,0,0,0
17197,0,0,0,0,0,0
17198,0,0,0,0,0,0
17199,0,0,0,0,0,0
17200,0,0,0,0,0,0
17201,0,0,0,0,0,0
17202,0,0,0,0,0,0
17203,0,0,0,0,0,0
17204,0,0,0,0,0,0
17205,0,0,0,0,0,0
17206,0,0,0,0,3,0
17207,0,0,0,0,0,0
17208,0,0,0,0,0,0
17209,0,0,0,0,0,0
17210,0,0,0,0,0,0
17211,0,0,0,0,0,0
17212,3,0,0,0,0,0
17213,28,5,0,0,0,0
17214,34,0,0,0,0,0
17215,46,0,0,10,0,0
17216,49,0,0,0,0,0
17217,26,0,0,0,0,0
17218,55,0,0,0,0,0
17219,175,0,0,0,0,0
17220,273,0,0,0,0,0
17221,280,0,0,0,2,0
17222,185,0,0,0,7,0
17223,190,0,0,0,1,0
17224,13,0,2,2,0,4
17225,0,0,0,0,0,20
17226,12,0,0,0,5,27
17227,52,0,0,2,10,70
17228,54,0,0,0,0,12
17229,124,0,4,0,0,2
17230,144,0,0,0,0,1
17231,298,0,0,0,5,1
17232,392,0,1,0,7,7
17233,490,0,0,0,0,0
17234,705,0,0,0,0,0
17235,705,0,1,0,0,0
17236,749,0,0,0,0,0
17237,673,0,0,0,0,0
17238,660,0,1,0,0,0
17239,555,0,0,0,0,0
17240,572,0,0,0,0,0
17241,510,0,0,0,0,0
17242,390,0,0,0,0,0
17243,220,0,0,0,1,0
17244,0,0,0,0,2,0
17245,0,0,0,0,0,0
17246,0,0,0,0,0,0
17247,0,0,0,0,0,0
17248,0,0,0,0,0,0
17249,10,0,0,0,0,0
17250,29,0,0,0,0,0
17251,48,0,0,0,1,0
17252,30,0,0,0,0,0
17253,49,0,0,0,0,0
17254,90,0,0,0,0,0
17255,146,0,0,0,0,0
17256,247,0,0,0,0,0
17257,319,0,0,0,0,0
17258,477,0,0,0,0,0
17259,544,0,0,0,0,0
17260,617,0,0,8,0,0
17261,584,0,0,2,0,0
17262,528,0,0,0,0,0
17263,466,0,0,0,0,0
17264,317,0,0,0,0,0
17265,50,0,0,0,0,0
17266,3,0,3,0,2,2
17267,18,0,0,0,4,23
17268,79,0,0,0,5,44
17269,269,0,1,0,10,61
17270,353,0,0,0,0,27
17271,464,0,0,0,0,27
17272,473,0,0,0,0,21
17273,436,0,0,0,0,48
17274,294,0,0,0,7,82
17275,16,0,0,0,29,81
17276,44,0,3,0,4,42
17277,273,0,0,0,0,0
17278,330,0,0,0,0,0
17279,332,0,0,0,0,2
17280,243,0,0,0,0,0
17281,148,0,0,0,2,1
17282,63,0,0,0,0,6
17283,0,0,0,0,0,0
17284,0,0,0,0,0,0
17285,0,0,0,0,0,4
17286,0,0,0,0,0,4
17287,0,0,0,20,0,2
17288,0,0,0,12,0,9
17289,0,0,0,0,0,0
17290,0,0,0,0,0,0
17291,2,0,0,0,0,0
17292,0,0,0,2,0,0
17293,6,0,0,22,0,0
17294,0,0,0,5,0,0
17295,0,0,0,0,0,0
17296,0,0,0,7,1,0
17297,0,0,0,1,0,0
17298,0,0,0,0,0,0
17299,7,0,0,0,0,0
17300,8,0,0,0,0,0
17301,0,0,0,0,0,0
17302,0,0,0,0,0,0
17303,0,0,3,0,0,0
17304,0,0,0,10,0,0
17305,0,0,0,17,0,0
17306,0,0,1,15,0,0
17307,0,0,0,0,0,0
17308,0,0,0,0,0,0
17309,0,0,9,6,0,0
17310,0,0,0,0,0,0
17311,0,0,7,0,0,15
17312,0,0,28,0,0,20
17313,0,0,0,0,0,10
17314,0,0,10,0,0,7
17315,0,0,18,0,0,9
17316,0,0,0,0,0,0
17317,0,0,0,0,0,0
17318,0,0,0,0,0,0
17319,0,0,0,0,0,0
17320,0,0,0,0,0,0
17321,0,0,6,0,0,0
17322,13,0,2,0,0,0
17323,113,0,1,0,0,0
17324,306,0,44,0,0,0
17325,508,0,4,0,0,0
17326,668,0,10,0,0,4
17327,669,2,48,0,0,2
17328,584,30,12,0,0,0
17329,424,2,0,0,0,0
17330,184,0,30,0,0,0
17331,122,0,8,0,0,0
17332,75,0,0,0,0,0
17333,5,0,29,0,0,0
17334,112,0,3,0,0,0
17335,209,0,0,0,0,0
17336,171,0,11,0,0,0
17337,11,0,0,0,0,0
17338,65,0,0,0,0,4
17339,4,0,10,0,0,9
17340,45,0,4,1,0,0
17341,86,0,0,1,0,0
17342,81,0,0,0,0,22
17343,0,0,0,0,0,60
17344,31,0,2,0,0,14
17345,30,0,0,0,0,0
17346,0,0,0,0,0,0
17347,0,0,0,0,0,0
17348,1,0,2,0,0,0
17349,0,0,0,0,0,0
17350,0,0,0,0,0,2
17351,5,0,0,0,0,0
17352,0,0,0,0,0,0
17353,1,0,0,0,0,0
17354,42,0,0,0,0,0
17355,17,0,0,0,0,0
17356,0,0,0,0,19,0
17357,0,0,0,0,0,0
17358,0,0,0,0,0,3
17359,0,0,0,0,0,24
17360,36,0,0,0,0,40
17361,61,0,0,0,15,55
17362,39,0,2,0,15,55
17363,14,0,0,0,4,25
17364,9,0,0,0,0,0
17365,4,0,0,0,18,55
17366,19,0,0,0,3,63
17367,14,0,0,0,3,0
17368,0,0,0,0,0,0
17369,0,0,1,11,0,0
17370,0,0,0,6,0,0
17371,0,0,2,0,1,0
17372,0,0,0,0,1,0
17373,0,0,11,0,1,0
17374,0,0,31,0,0,0
17375,0,0,0,0,0,0
17376,0,0,8,0,0,0
17377,0,0,57,0,0,0
17378,0,0,9,0,0,0
17379,0,0,0,0,0,0
17380,0,0,53,0,0,0
17381,0,0,28,0,0,0
17382,0,0,0,0,0,0
17383,0,0,7,0,0,0
17384,0,0,0,0,0,0
17385,0,0,0,0,0,0
17386,0,0,2,0,3,0
17387,0,0,0,0,0,0
17388,0,0,0,0,0,0
17389,0,0,0,0,0,0
17390,0,0,1,0,0,0
17391,0,0,0,0,0,0
17392,0,0,0,0,0,0
17393,0,0,0,0,0,0
17394,0,0,0,0,0,0
17395,0,0,0,0,0,0
17396,0,0,0,0,0,0
17397,0,0,0,0,0,0
17398,0,0,0,0,0,0
17399,0,0,0,0,0,0
17400,0,0,0,0,0,0
17401,0,0,1,0,1,0
17402,0,0,0,0,0,0
17403,36,0,0,0,0,0
17404,2,0,0,0,0,0
17405,0,0,0,0,0,0
17406,0,0,0,0,0,0
17407,0,0,0,0,0,0
17408,0,0,0,0,0,0
17409,0,0,0,0,0,0
17410,0,0,0,0,0,0
17411,0,0,0,0,0,0
17412,0,0,0,0,0,0
17413,0,0,0,0,0,0
17414,0,0,0,0,0,0
17415,0,0,0,0,0,0
17416,0,0,0,8,1,0
17417,0,0,0,1,0,0
17418,0,0,0,0,2,0
17419,0,0,0,0,0,0
17420,0,0,0,1,0,0
17421,0,0,0,0,0,0
17422,0,0,0,0,0,0
17423,0,0,0,0,0,0
17424,0,0,0,0,0,0
17425,0,0,0,0,0,0
17426,15,0,0,0,0,0
17427,7,0,0,0,0,0
17428,12,0,0,0,0,0
17429,8,0,0,0,0,0
17430,0,0,0,0,0,0
17431,0,0,0,0,1,0
17432,0,0,0,0,0,0
17433,6,0,0,0,0,0
17434,40,0,1,0,2,0
17435,108,0,0,0,0,0
17436,157,0,0,0,0,0
17437,185,0,0,0,0,0
17438,147,0,0,0,0,0
17439,42,0,0,0,0,0
17440,0,0,0,0,0,0
17441,0,0,0,0,0,0
17442,0,0,0,0,0,0
17443,10,0,14,0,0,0
17444,0,0,6,0,0,0
17445,50,0,0,0,0,0
17446,76,0,51,0,12,0
17447,92,0,35,0,0,0
17448,13,0,0,0,0,0
17449,6,0,23,0,2,0
17450,7,0,24,0,0,0
17451,19,0,0,0,0,0
17452,27,0,39,0,0,0
17453,0,0,41,0,0,0
17454,1,0,0,0,0,0
17455,0,0,11,0,0,0
17456,0,0,21,0,0,0
17457,0,0,0,0,0,0
17458,0,0,2,0,0,0
17459,0,0,7,0,0,0
17460,0,0,0,0,0,0
17461,12,0,0,0,1,0
17462,26,0,1,14,0,0
17463,11,0,2,8,0,0
17464,0,0,0,0,0,0
17465,0,0,0,0,0,0
17466,0,0,0,0,0,0
17467,0,0,0,0,0,0
17468,0,0,0,0,0,0
17469,0,0,0,0,0,0
17470,0,0,0,0,0,0
17471,0,0,0,0,0,0
17472,0,0,0,0,0,0
17473,0,0,0,0,0,0
17474,0,0,0,0,0,0
17475,0,0,5,0,0,0
17476,0,0,0,0,0,0
17477,0,0,3,0,1,0
17478,0,0,72,0,0,0
17479,2,0,0,0,0,0
17480,96,0,5,0,0,0
17481,105,0,45,0,0,1
17482,106,0,8,0,0,0
17483,124,0,0,0,0,0
17484,268,0,3,0,0,0
17485,313,0,4,0,0,0
17486,241,0,0,0,0,0
17487,131,0,4,0,0,0
17488,0,0,6,0,0,0
17489,0,0,0,0,0,0
17490,17,0,0,0,0,0
17491,0,0,0,0,0,0
17492,0,0,0,0,0,0
17493,0,0,0,0,1,0
17494,0,0,2,0,0,0
17495,0,0,0,0,0,0
17496,4,0,4,0,0,0
17497,53,0,5,0,0,0
17498,24,0,0,0,0,0
17499,12,0,1,0,0,0
17500,11,0,0,0,0,0
17501,0,0,0,0,0,0
17502,0,0,0,0,0,0
17503,0,0,0,0,0,0
17504,0,0,0,0,0,0
17505,0,0,0,0,0,0
17506,2,0,8,0,0,0
17507,0,0,0,0,0,0
17508,0,0,0,0,0,0
17509,0,0,0,0,0,0
17510,0,0,0,0,0,0
17511,0,0,0,0,0,0
17512,0,0,0,0,0,0
17513,0,0,3,0,0,0
17514,0,0,0,0,0,0
17515,0,0,0,0,0,0
17516,0,0,8,0,0,0
17517,0,0,1,0,0,0
17518,0,0,0,0,0,0
17519,0,0,8,0,0,0
17520,0,0,12,8,0,0
17521,0,0,0,11,3,0
17522,0,0,10,0,1,1
17523,0,0,14,0,3,0
17524,0,0,0,0,0,0
17525,0,0,0,0,0,0
17526,0,0,2,0,0,0
17527,1,0,0,0,0,0
17528,0,0,0,0,0,0
17529,0,0,0,0,0,0
17530,0,0,0,20,0,0
17531,0,0,8,0,0,0
17532,0,0,0,0,0,0
17533,0,0,0,0,2,0
17534,14,0,0,0,0,0
17535,9,0,0,0,0,0
17536,0,0,0,12,11,0
17537,0,0,0,0,1,0
17538,0,0,0,0,0,0
17539,0,0,0,0,2,0
17540,0,0,0,5,1,0
17541,0,0,0,22,0,0
17542,0,0,0,0,0,0
17543,0,0,0,0,0,0
17544,0,0,0,0,0,0
17545,0,0,4,0,0,0
17546,0,0,27,0,0,0
17547,26,0,12,0,0,12
17548,0,0,0,0,9,32
17549,0,0,41,0,0,1
17550,0,0,31,0,0,0
17551,0,0,0,8,7,5
17552,0,0,70,0,7,9
17553,0,0,173,0,0,15
17554,0,0,19,0,0,0
17555,0,0,15,0,0,0
17556,0,0,240,0,0,15
17557,0,0,82,0,0,0
17558,10,0,33,0,0,0
17559,14,0,268,0,0,4
17560,0,0,120,0,0,5
17561,0,0,1,0,0,0
17562,0,0,179,0,0,3
17563,9,0,153,0,0,6
17564,0,0,0,0,0,0
17565,0,0,254,0,0,5
17566,0,0,294,0,0,17
17567,0,0,7,0,0,0
17568,0,0,93,0,0,0
17569,0,0,190,0,0,1
17570,0,0,1,0,0,0
17571,0,0,103,0,0,0
17572,0,0,174,0,0,0
17573,9,0,15,0,0,0
17574,0,0,30,0,0,0
17575,0,0,59,0,0,0
17576,0,0,9,8,0,0
17577,0,0,7,0,0,0
17578,0,0,59,0,0,8
17579,0,0,9,0,13,24
17580,0,0,0,0,9,6
17581,0,0,38,0,1,0
17582,2,0,11,1,3,0
17583,0,0,0,0,1,0
17584,0,0,20,0,0,0
17585,12,0,8,0,2,0
17586,0,0,0,0,0,0
17587,1,0,14,0,0,0
17588,0,0,11,0,0,0
17589,0,0,0,0,0,0
17590,0,0,7,0,0,0
17591,2,0,17,0,0,0
17592,0,0,0,0,0,0
17593,23,0,3,0,0,0
17594,127,0,1,0,0,0
17595,217,0,0,0,0,0
17596,300,0,1,0,9,0
17597,376,0,0,0,0,0
17598,346,0,0,0,0,0
17599,310,0,0,0,0,0
17600,90,0,0,0,0,0
17601,1,0,0,0,0,0
17602,0,0,0,0,0,0
17603,40,0,0,0,0,0
17604,3,0,0,0,0,0
17605,5,0,0,0,0,0
17606,0,0,0,0,0,0
17607,0,0,1,0,0,0
17608,0,0,1,0,0,0
17609,0,0,0,0,0,0
17610,0,0,4,0,0,0
17611,0,0,2,0,0,0
17612,0,0,0,0,4,5
17613,0,0,3,0,14,16
17614,0,0,5,0,19,12
17615,0,0,0,0,28,1
17616,0,0,0,0,1,0
17617,0,0,2,0,0,0
17618,0,0,0,7,0,0
17619,0,0,0,0,0,0
17620,0,0,0,0,0,0
17621,0,0,0,4,0,0
17622,0,0,0,0,0,0
17623,0,0,0,0,0,0
17624,0,0,0,0,0,0
17625,0,0,0,0,0,0
17626,0,0,0,0,6,0
17627,0,0,0,0,1,0
17628,0,0,0,0,0,0
17629,0,0,0,0,1,0
17630,0,0,0,0,0,0
17631,1,0,0,0,0,0
17632,49,0,0,0,2,0
17633,48,0,0,0,0,0
17634,31,0,0,0,0,0
17635,12,0,0,0,0,0
17636,1,0,0,0,0,0
17637,0,0,0,0,0,0
17638,0,0,0,0,0,0
17639,10,0,0,0,0,0
17640,42,0,0,0,0,0
17641,8,0,0,0,0,0
17642,0,0,0,0,0,0
17643,0,0,0,0,0,0
17644,19,0,0,0,0,0
17645,0,0,0,0,0,0
17646,0,0,0,0,0,0
17647,0,0,0,0,0,0
17648,0,0,0,0,0,0
17649,0,0,0,0,0,0
17650,0,0,0,0,0,0
17651,0,0,0,0,0,0
17652,0,0,0,0,0,0
17653,0,0,0,0,0,0
17654,0,0,9,14,0,0
17655,0,0,3,8,0,0
17656,0,0,0,0,1,0
17657,0,0,0,0,0,0
17658,0,0,5,0,1,0
17659,0,0,0,0,0,0
17660,0,0,0,0,11,0
17661,0,0,0,0,14,4
17662,28,0,0,0,25,3
17663,10,0,0,0,9,9
17664,0,0,0,0,0,0
17665,0,0,0,0,0,0
17666,0,0,0,0,0,0
17667,0,0,0,0,0,0
17668,0,0,15,0,2,0
17669,0,0,0,0,0,0
17670,0,0,16,0,0,0
17671,0,0,97,0,8,2
17672,0,0,42,0,0,0
17673,0,0,50,0,0,0
17674,22,0,351,0,0,16
17675,0,0,126,0,11,1
17676,11,0,21,0,0,0
17677,28,0,481,0,0,22
17678,18,0,318,2,3,1
17679,0,0,0,0,0,0
17680,11,0,239,0,0,4
17681,8,0,310,0,0,10
17682,0,0,5,0,0,0
17683,0,0,148,0,0,0
17684,5,0,407,0,0,8
17685,0,0,45,0,0,0
17686,0,0,24,0,2,0
17687,0,0,163,0,1,0
17688,0,0,38,0,0,0
17689,0,0,0,0,0,0
17690,0,0,39,0,10,5
17691,0,0,27,0,20,5
17692,0,0,0,0,1,0
17693,0,0,11,6,0,0
17694,0,0,0,0,0,0
17695,0,0,3,0,0,0
17696,0,0,2,0,0,0
17697,0,0,11,1,0,0
17698,0,0,4,0,0,0
17699,0,0,0,0,0,0
17700,0,0,2,0,0,0
17701,0,0,0,2,10,0
17702,0,0,0,0,0,0
17703,0,0,16,0,0,0
17704,0,0,24,0,0,0
17705,0,0,0,0,0,0
17706,0,0,12,0,0,0
17707,0,0,9,0,0,0
17708,0,0,0,0,0,0
17709,0,0,0,0,0,0
17710,0,0,0,0,0,0
17711,0,0,0,0,0,0
17712,0,0,0,0,0,0
17713,0,0,0,0,0,0
17714,0,1,0,0,0,0
17715,0,0,0,0,0,0
17716,0,0,0,0,0,1
17717,0,0,0,0,0,5
17718,0,0,0,0,0,16
17719,0,0,0,0,13,6
17720,0,0,0,0,24,5
17721,0,0,0,0,29,18
17722,0,0,0,0,45,31
17723,0,0,0,0,25,36
17724,0,0,0,0,20,26
17725,0,0,0,0,3,0
17726,0,0,0,0,0,2
17727,0,0,0,0,0,0
17728,0,0,0,0,0,2
17729,0,0,0,0,0,0
17730,0,0,0,0,0,0
17731,0,0,0,0,0,0
17732,0,0,0,0,0,0
17733,0,0,10,0,1,2
17734,0,0,0,0,0,0
17735,0,0,0,0,0,0
17736,0,0,0,0,0,0
17737,0,0,0,0,0,0
17738,0,0,0,0,0,0
17739,0,0,0,0,0,0
17740,0,0,0,0,0,0
17741,0,0,0,0,0,0
17742,0,0,0,0,0,0
17743,0,0,0,0,0,0
17744,0,0,0,0,0,0
17745,0,0,0,19,0,0
17746,0,0,0,2,1,0
17747,0,0,0,0,0,3
17748,0,0,0,0,0,22
17749,0,0,0,0,0,14
17750,0,0,0,0,0,0
17751,0,0,0,0,0,0
17752,0,0,0,0,0,3
17753,0,0,0,0,0,0
17754,0,0,0,0,0,0
17755,0,0,0,0,0,12
17756,0,0,0,0,0,0
17757,0,0,0,0,0,0
17758,0,0,0,0,0,0
17759,0,0,13,0,0,0
17760,0,0,0,0,0,0
17761,0,0,0,1,0,0
17762,0,0,15,0,0,4
17763,0,0,0,0,0,0
17764,0,0,0,0,0,0
17765,0,0,8,0,0,0
17766,0,0,0,0,0,0
17767,0,0,0,0,0,0
17768,0,0,9,0,0,0
17769,2,0,5,0,0,0
17770,26,0,0,0,0,0
17771,37,0,0,0,0,0
17772,10,0,0,0,0,0
17773,0,0,0,0,0,0
17774,0,0,0,0,0,0
17775,0,0,0,0,0,0
17776,0,0,0,0,0,0
17777,0,0,0,0,0,0
17778,0,0,0,0,0,0
17779,0,0,0,0,0,0
17780,0,0,0,0,0,0
17781,0,0,0,0,0,5
17782,0,0,0,0,0,5
17783,0,0,0,0,0,0
17784,0,0,0,17,0,0
17785,0,0,0,3,0,0
17786,0,0,0,0,0,0
17787,0,0,0,0,0,0
17788,0,0,0,2,9,0
17789,0,0,0,5,46,0
17790,0,0,0,21,94,2
17791,0,0,0,102,269,106
17792,0,0,0,75,410,229
17793,0,0,0,130,581,532
17794,0,0,0,199,773,1075
17795,0,0,0,237,906,1631
17796,0,0,0,203,1335,2400
17797,0,0,0,191,2501,2598
17798,0,0,0,241,3882,2479
17799,0,0,0,100,5510,1907
17800,0,0,0,80,7175,1104
17801,0,0,3,85,8860,654
17802,0,0,5,47,9736,468
17803,0,0,0,76,10249,634
17804,0,0,2,130,10410,693
17805,0,0,17,285,10777,926
17806,0,0,0,344,10666,1136
17807,0,0,1,361,10084,1271
17808,0,0,0,498,9264,1515
17809,0,0,0,553,8390,1599
17810,0,0,0,683,7615,1805
17811,0,0,0,735,6523,2094
17812,0,0,0,797,5513,2049
17813,0,0,0,806,4768,1874
17814,0,0,0,744,4198,1442
17815,0,0,0,766,3251,928
17816,0,0,0,501,2558,638
17817,0,0,0,571,2950,409
17818,0,0,0,775,3664,224
17819,0,0,0,990,3816,244
17820,0,0,2,1207,4028,427
17821,0,0,0,1265,3271,586
17822,0,0,0,1285,2513,638
17823,0,0,11,1204,1854,609
17824,0,0,29,1187,1769,587
17825,0,0,2,1309,2321,559
17826,0,0,38,1269,2470,530
17827,0,0,50,1027,1996,492
17828,0,0,1,910,1369,500
17829,0,0,11,430,826,465
17830,0,0,129,227,379,326
17831,0,0,19,458,283,40
17832,0,0,8,360,141,32
17833,0,0,91,190,96,83
17834,0,0,4,66,112,213
17835,0,0,15,63,60,79
17836,0,0,109,224,94,112
17837,0,0,33,306,145,276
17838,0,0,3,147,60,168
17839,0,0,38,9,4,7
17840,0,0,8,10,1,0
17841,0,0,0,0,42,0
17842,0,0,2,11,102,0
17843,0,0,1,36,26,0
17844,0,0,0,12,45,0
17845,0,0,0,0,4,0
17846,0,0,0,0,0,0
17847,0,0,0,0,0,0
17848,0,0,0,1,0,0
17849,0,0,0,0,0,0
17850,0,0,0,0,0,0
17851,0,0,0,0,0,0
17852,0,0,0,0,0,0
17853,0,0,0,0,0,0
17854,0,0,0,0,0,0
17855,0,0,0,0,0,0
17856,0,0,0,0,0,0
17857,0,0,0,17,0,0
17858,0,0,0,18,0,0
17859,1,0,0,30,0,0
17860,0,0,0,43,0,0
17861,0,0,0,53,21,0
17862,0,0,0,2,3,0
17863,0,0,0,28,0,0
17864,7,0,0,0,0,0
17865,17,0,0,0,0,0
17866,31,0,0,40,9,0
17867,28,0,0,39,17,0
17868,54,0,0,1,13,0
17869,66,0,0,2,0,0
17870,67,0,0,13,0,0
17871,60,0,0,6,0,0
17872,57,0,0,0,0,0
17873,0,0,0,0,4,0
17874,0,0,0,1,3,0
17875,9,0,0,0,0,0
17876,9,0,0,0,0,0
17877,22,0,0,0,0,0
17878,14,0,0,7,0,0
17879,18,0,0,60,1,0
17880,12,0,0,202,81,47
17881,102,0,0,391,290,235
17882,422,0,0,628,685,417
17883,633,0,0,1346,2546,646
17884,700,0,0,2245,4392,996
17885,542,0,0,2973,5706,1587
17886,445,0,0,3491,6870,1938
17887,320,0,0,4204,8470,1966
17888,72,0,0,3721,9976,1972
17889,7,0,0,3331,11026,1787
17890,240,0,0,3348,11799,1337
17891,460,0,0,3715,11383,956
17892,94,0,0,3930,9042,2242
17893,26,0,0,4192,7956,4247
17894,9,0,0,4359,6767,6121
17895,0,0,0,4297,6074,6505
17896,0,0,0,4244,5694,6562
17897,0,0,0,3790,5244,5679
17898,0,0,0,3240,4948,4876
17899,1,0,0,2662,4410,3513
17900,23,0,0,1990,3602,1575
17901,0,0,0,1296,2293,1086
17902,0,0,0,1157,1641,940
17903,1,0,0,1581,2161,754
17904,1,0,0,2232,3459,1187
17905,66,0,0,2622,4933,1764
17906,57,0,13,2870,6473,2497
17907,292,0,2,3065,7656,3222
17908,482,0,50,2766,8465,4498
17909,532,0,0,2327,8894,5886
17910,459,0,0,1887,9561,7030
17911,232,0,0,2046,9741,7527
17912,42,0,1,2414,9457,7532
17913,42,0,32,3083,8211,7035
17914,34,0,42,4244,6531,6498
17915,91,0,0,5329,5178,5497
17916,192,0,0,6053,4924,5129
17917,136,0,0,6510,5267,5032
17918,0,0,0,6682,6186,4381
17919,6,0,133,7103,6944,3728
17920,42,0,203,7430,7924,3850
17921,25,0,0,7737,8682,2633
17922,25,0,0,7681,9589,2565
17923,153,0,1,7642,10213,3003
17924,162,0,0,7269,10230,2686
17925,123,0,75,6848,9855,2477
17926,87,0,427,6239,8964,2228
17927,60,0,104,5389,8034,2315
17928,40,0,0,4295,6751,2948
17929,43,0,1,2847,5942,3851
17930,34,0,0,1214,4978,3944
17931,15,0,0,1433,4073,4438
17932,71,0,168,2951,3088,4515
17933,45,0,78,3890,3051,5056
17934,31,0,20,4580,3339,4896
17935,10,0,0,5004,4438,5088
17936,0,0,0,5410,5400,5020
17937,0,0,0,5441,6218,5608
17938,0,0,0,5648,6600,6243
17939,17,0,7,5716,6933,7008
17940,16,0,4,5689,7221,7158
17941,69,0,6,5717,7512,7042
17942,47,0,0,5876,7986,6570
17943,10,0,0,5744,7579,5964
17944,0,0,0,5531,6785,4377
17945,0,0,2,5406,5685,3892
17946,0,0,7,5231,5031,4011
17947,31,0,0,4855,4138,3651
17948,74,0,0,4494,3160,3719
17949,188,0,0,3815,2368,2988
17950,224,0,0,3598,2446,2935
17951,252,0,0,3102,3205,3488
17952,137,0,0,2976,3260,3400
17953,46,0,1,2702,3246,2992
17954,0,0,0,2840,2821,2729
17955,2,0,0,2676,1800,1807
17956,8,0,0,2993,1855,570
17957,0,0,0,3143,3146,905
17958,0,0,0,3679,4491,1426
17959,16,0,0,3924,4787,1592
17960,102,0,1,4398,5281,1661
17961,209,0,0,4493,4786,1581
17962,426,38,2,4575,4644,2124
17963,971,278,3,4436,4185,2684
17964,1142,431,0,4020,4278,2833
17965,839,555,0,3652,3975,2495
17966,486,726,0,3256,4024,1446
17967,316,517,0,2641,3603,1090
17968,355,87,0,2169,3391,1201
17969,422,26,0,1529,2480,902
17970,590,54,0,1001,2047,649
17971,824,179,7,653,1411,1633
17972,448,208,0,454,1313,2294
17973,541,229,0,311,954,1946
17974,599,141,0,502,1205,606
17975,500,0,0,488,1589,306
17976,930,65,4,961,2382,723
17977,1112,59,8,946,2391,1044
17978,1028,29,0,1036,3428,1599
17979,441,12,0,804,3934,1930
17980,185,65,0,754,5446,2853
17981,40,154,0,947,6450,3452
17982,151,206,0,991,6724,3769
17983,209,188,0,1089,6953,3882
17984,139,83,0,1017,6743,3606
17985,108,0,0,862,6286,3424
17986,103,0,0,737,5747,3177
17987,37,0,0,610,4828,2953
17988,19,0,0,471,3742,2292
17989,83,0,0,507,2937,1686
17990,110,0,0,609,2338,1555
17991,107,0,0,592,1444,555
17992,203,0,0,441,1422,423
17993,260,0,0,315,2062,1648
17994,384,0,0,190,1988,1945
17995,575,0,0,140,1808,2186
17996,597,0,0,158,1268,1140
17997,486,0,0,138,949,797
17998,409,0,0,147,958,1073
17999,396,0,0,133,1506,1287
18000,339,0,0,195,1624,1724
18001,282,0,30,130,1679,1824
18002,79,0,108,96,1568,2031
18003,11,0,97,64,1640,2163
18004,150,0,30,199,1658,1876
18005,284,0,2,229,1416,1222
18006,499,0,0,351,1002,827
18007,531,0,0,86,369,360
18008,503,0,0,61,171,91
18009,273,0,0,63,351,53
18010,109,0,0,109,323,639
18011,171,0,0,151,117,1001
18012,432,0,1,120,150,1242
18013,765,0,0,187,263,1584
18014,888,0,0,180,405,1356
18015,1141,0,2,280,644,1062
18016,1899,2,15,303,936,1117
18017,1947,49,7,222,978,2158
18018,1256,302,0,112,886,2255
18019,618,126,0,86,464,417
18020,488,0,0,83,158,289
18021,404,15,0,72,32,31
18022,869,0,0,96,32,291
18023,1240,0,0,70,133,320
18024,1359,0,0,92,94,150
18025,1487,0,0,83,145,43
18026,1452,0,8,65,45,58
18027,1140,0,0,8,6,0
18028,764,0,0,10,14,0
18029,217,0,0,2,2,4
18030,275,0,0,0,45,18
18031,487,0,0,0,9,40
18032,504,0,0,12,14,12
18033,650,0,0,12,17,0
18034,839,0,0,8,5,47
18035,830,0,0,86,2,23
18036,595,0,0,21,0,0
18037,322,0,2,15,0,0
18038,79,0,0,74,2,0
18039,64,0,0,13,19,0
18040,231,0,0,2,0,0
18041,274,0,0,18,2,0
18042,327,0,0,13,2,10
18043,441,0,0,5,6,18
18044,513,0,0,13,4,0
18045,364,0,0,4,0,0
18046,217,2,0,12,0,0
18047,178,3,0,2,3,0
18048,73,0,0,3,3,0
18049,77,0,0,0,0,0
18050,155,12,0,9,36,4
18051,282,32,0,1,2,0
18052,261,1,0,0,0,0
18053,127,0,0,11,27,0
18054,0,0,1,0,4,1
18055,0,0,5,0,16,19
18056,5,0,21,0,29,20
18057,2,0,31,0,22,25
18058,0,0,20,2,2,0
18059,0,0,9,0,0,0
18060,0,0,2,0,0,0
18061,0,0,2,10,0,0
18062,0,0,0,0,7,0
18063,0,0,0,34,13,0
18064,0,0,0,3,4,0
18065,0,0,0,6,2,0
18066,0,0,2,2,0,0
18067,0,0,0,0,0,0
18068,19,0,0,0,21,0
18069,37,0,1,0,0,0
18070,8,7,0,0,0,0
18071,8,0,0,10,6,0
18072,6,0,0,0,0,0
18073,28,0,0,2,0,0
18074,20,0,0,20,14,0
18075,6,0,3,2,6,0
18076,0,0,0,0,1,0
18077,35,0,0,3,0,0
18078,67,0,0,0,0,0
18079,78,0,0,0,0,0
18080,74,0,0,0,0,0
18081,75,0,3,0,0,0
18082,102,0,1,0,0,0
18083,60,0,0,0,6,0
18084,34,0,0,0,0,0
18085,0,0,0,0,0,0
18086,0,0,0,0,0,0
18087,0,0,0,0,1,0
18088,7,0,4,0,0,0
18089,21,0,0,0,0,0
18090,54,0,0,0,0,0
18091,88,0,0,0,0,0
18092,24,0,2,1,0,0
18093,0,0,0,0,0,0
18094,105,0,0,0,0,0
18095,161,0,0,0,0,0
18096,106,0,0,0,0,0
18097,8,0,0,0,0,0
18098,50,0,0,0,0,0
18099,7,0,0,0,0,0
18100,0,0,0,0,0,0
18101,0,0,0,0,0,0
18102,34,0,0,0,0,0
18103,0,0,0,0,0,0
18104,0,0,0,0,0,0
18105,0,0,0,1,0,0
18106,45,0,0,0,3,0
18107,102,0,0,0,17,0
18108,236,0,0,0,65,0
18109,304,0,0,0,45,0
18110,304,0,0,0,34,0
18111,365,0,0,0,6,0
18112,397,0,0,0,0,0
18113,304,0,10,0,12,0
18114,179,0,0,0,1,0
18115,55,0,8,0,0,0
18116,6,0,3,0,0,2
18117,1,0,0,0,9,0
18118,0,0,1,0,13,0
18119,0,0,0,0,8,0
18120,9,0,0,0,0,0
18121,25,0,0,0,0,0
18122,20,0,0,0,0,0
18123,13,0,0,0,0,0
18124,17,0,0,0,0,0
18125,10,0,0,0,0,0
18126,74,0,0,2,0,0
18127,124,0,0,0,0,0
18128,326,0,0,0,0,0
18129,684,0,0,2,0,0
18130,973,0,0,0,0,0
18131,1003,0,0,0,0,0
18132,988,0,0,0,0,0
18133,937,0,0,2,0,0
18134,650,0,0,13,2,0
18135,322,0,0,0,0,0
18136,81,0,0,3,0,0
18137,3,0,0,10,0,0
18138,6,0,0,0,0,0
18139,20,0,0,0,0,0
18140,39,0,0,0,0,0
18141,80,0,0,0,0,0
18142,24,0,0,0,0,0
18143,82,0,0,0,0,0
18144,49,0,0,0,0,0
18145,100,0,0,0,0,0
18146,312,0,0,0,24,0
18147,306,111,0,0,0,0
18148,154,238,0,0,0,0
18149,180,128,0,0,0,0
18150,245,0,0,0,0,0
18151,359,0,0,0,0,0
18152,562,0,0,0,0,0
18153,616,0,0,0,3,0
18154,431,0,0,0,36,0
18155,159,0,0,0,7,0
18156,53,0,0,0,0,0
18157,259,0,0,0,0,0
18158,255,0,0,0,0,0
18159,128,0,0,0,2,0
18160,14,0,0,0,0,0
18161,44,0,1,0,0,0
18162,83,0,4,0,1,0
18163,85,0,0,0,0,0
18164,122,0,0,0,0,0
18165,36,0,0,0,0,0
18166,0,0,0,2,17,0
18167,16,64,0,0,4,0
18168,51,64,0,0,1,0
18169,17,10,0,0,3,0
18170,109,0,0,0,1,0
18171,144,0,1,0,0,0
18172,171,0,0,0,0,0
18173,239,0,0,0,0,0
18174,145,0,0,0,0,0
18175,73,0,0,0,2,0
18176,61,0,0,0,0,0
18177,84,0,0,0,0,0
18178,160,0,0,0,0,0
18179,174,0,0,0,0,0
18180,303,0,0,0,0,0
18181,346,0,0,1,3,2
18182,234,0,0,0,0,0
18183,59,0,0,0,0,0
18184,207,0,0,0,0,0
18185,238,0,0,0,0,0
18186,105,0,0,0,0,0
18187,0,0,0,0,0,0
18188,0,0,0,0,0,0
18189,3,0,0,0,0,0
18190,0,0,0,0,0,0
18191,0,0,0,0,0,0
18192,0,0,0,0,0,0
18193,0,0,0,0,0,0
18194,0,0,0,0,0,0
18195,0,0,0,0,0,0
18196,0,0,0,0,0,0
18197,0,0,0,0,0,0
18198,0,0,0,0,0,0
18199,0,0,1,0,0,0
18200,44,0,0,0,0,0
18201,44,0,0,0,0,0
18202,30,0,0,0,0,0
18203,8,0,0,0,0,0
18204,0,0,0,0,0,0
18205,0,0,0,0,0,0
18206,0,0,0,0,0,0
18207,0,0,0,0,0,0
18208,2,0,0,0,0,0
18209,23,0,0,0,0,0
18210,135,0,0,0,0,0
18211,471,0,0,0,0,0
18212,570,0,0,0,0,0
18213,368,2,0,0,0,0
18214,169,0,0,0,0,0
18215,134,2,2,0,0,0
18216,85,9,31,0,0,0
18217,113,0,35,0,0,0
18218,270,0,13,0,0,0
18219,549,0,10,0,0,0
18220,724,0,13,0,0,0
18221,799,0,11,0,0,0
18222,761,0,10,0,0,0
18223,644,0,0,0,0,0
18224,428,0,0,0,0,0
18225,99,0,0,0,0,0
18226,20,0,0,0,0,0
18227,264,0,0,0,0,0
18228,406,0,0,21,0,0
18229,369,0,0,0,0,0
18230,298,0,0,0,0,0
18231,134,0,10,0,0,0
18232,27,0,6,0,0,0
18233,0,0,5,0,0,0
18234,0,0,39,0,0,0
18235,0,0,38,12,0,0
18236,0,0,44,0,0,0
18237,0,0,23,2,0,0
18238,0,0,16,0,0,0
18239,0,0,25,0,0,0
18240,0,0,5,0,0,0
18241,0,0,0,0,2,0
18242,0,0,0,0,0,0
18243,0,0,0,0,0,0
18244,0,0,0,0,0,0
18245,0,0,0,0,0,0
18246,0,0,0,0,0,0
18247,0,0,0,0,0,0
18248,0,0,0,0,0,0
18249,0,0,1,0,0,0
18250,0,0,0,0,0,0
18251,0,0,0,0,0,0
18252,0,0,0,0,0,0
18253,0,0,0,0,0,0
18254,0,0,0,0,0,0
18255,0,0,0,0,0,0
18256,0,0,0,0,0,0
18257,1,0,0,0,0,0
18258,0,0,0,0,0,0
18259,0,1,0,0,0,0
18260,0,2,0,0,0,0
18261,0,0,0,0,0,0
18262,0,0,0,0,0,0
18263,0,0,0,0,39,0
18264,0,0,0,0,77,0
18265,0,0,0,0,24,0
18266,0,0,0,0,2,0
18267,0,0,0,0,0,0
18268,0,0,0,0,0,0
18269,0,0,0,0,0,0
18270,0,0,0,0,0,0
18271,0,0,0,0,6,0
18272,0,0,0,0,6,0
18273,0,0,0,0,19,0
18274,0,0,0,0,3,0
18275,0,0,0,0,0,0
18276,0,0,0,0,0,0
18277,0,0,0,0,0,0
18278,0,0,0,0,0,0
18279,2,0,4,0,0,0
18280,0,1,6,0,2,0
18281,4,0,0,0,0,0
18282,20,0,0,0,0,0
18283,61,0,0,0,0,0
18284,147,0,0,0,0,0
18285,346,0,0,0,0,0
18286,487,0,0,0,10,0
18287,387,0,0,0,0,0
18288,287,0,0,0,0,0
18289,120,0,11,0,0,0
18290,0,0,24,0,0,0
18291,45,0,22,0,0,0
18292,69,0,16,0,0,0
18293,121,0,14,0,0,0
18294,178,0,20,0,0,0
18295,312,0,7,0,0,0
18296,215,0,3,0,0,0
18297,171,0,3,0,0,0
18298,127,0,0,0,0,0
18299,7,0,0,0,0,0
18300,0,0,0,0,0,0
18301,16,0,0,0,0,0
18302,27,0,0,0,0,0
18303,0,0,0,0,0,0
18304,0,0,0,0,0,0
18305,0,0,0,0,0,0
18306,0,0,0,0,0,0
18307,0,0,0,0,0,0
18308,15,0,0,0,0,0
18309,43,0,0,0,0,0
18310,30,0,0,0,0,0
18311,0,0,0,0,0,0
18312,0,0,0,0,0,0
18313,0,0,0,0,0,0
18314,2,0,0,0,13,0
18315,2,0,0,0,17,0
18316,49,0,0,2,70,0
18317,153,0,0,0,147,0
18318,242,0,0,0,87,0
18319,271,0,0,0,0,0
18320,98,0,0,0,0,0
18321,28,0,0,0,0,0
18322,87,0,0,0,0,0
18323,0,0,0,37,0,0
18324,0,0,0,0,0,0
18325,0,0,0,0,0,0
18326,4,0,0,0,0,0
18327,7,0,0,0,0,0
18328,0,0,0,0,0,0
18329,13,0,0,0,0,0
18330,96,0,0,0,0,0
18331,114,0,0,0,0,0
18332,68,0,0,0,0,0
18333,32,0,0,0,0,0
18334,55,4,0,0,0,0
18335,91,36,0,0,0,0
18336,126,13,0,0,0,0
18337,241,0,0,0,0,0
18338,265,0,0,0,0,0
18339,333,0,0,0,0,0
18340,261,0,0,0,0,0
18341,141,0,0,0,0,0
18342,61,0,0,0,0,0
18343,207,0,0,0,0,0
18344,228,11,0,0,0,0
18345,110,5,0,0,0,0
18346,185,57,11,0,3,0
18347,347,18,43,0,0,0
18348,384,74,58,0,0,0
18349,320,165,61,0,0,0
18350,136,10,52,0,0,0
18351,186,0,23,0,0,0
18352,423,0,23,0,0,0
18353,418,0,12,0,0,0
18354,237,0,10,0,0,0
18355,23,0,40,0,0,0
18356,0,0,15,0,0,0
18357,42,0,0,0,0,0
18358,99,0,0,0,0,0
18359,0,0,0,0,0,0
18360,0,0,0,0,0,0
18361,20,0,0,5,3,0
18362,7,0,0,0,1,0
18363,0,0,0,0,1,0
18364,4,0,0,0,0,0
18365,16,0,0,0,0,0
18366,5,0,0,0,0,0
18367,0,0,0,0,0,0
18368,0,0,0,0,0,0
18369,17,0,0,0,0,0
18370,0,0,0,0,0,0
18371,0,0,0,0,0,0
18372,0,0,0,0,0,0
18373,0,0,0,0,0,0
18374,0,0,0,0,0,0
18375,0,0,0,0,0,0
18376,0,0,0,9,0,0
18377,0,0,0,2,0,0
18378,0,0,0,0,0,0
18379,0,0,0,0,0,0
18380,0,0,0,8,44,0
18381,0,0,0,0,0,0
18382,0,0,0,3,0,0
18383,0,0,0,1,28,0
18384,0,0,0,0,0,0
18385,14,0,0,0,0,0
18386,0,0,0,0,0,0
18387,0,0,0,0,0,0
18388,0,0,0,0,0,0
18389,0,0,0,0,0,0
18390,0,0,0,0,0,0
18391,0,0,0,0,8,0
18392,0,0,0,0,0,0
18393,0,0,0,0,0,0
18394,0,0,0,0,0,0
18395,0,0,0,0,0,0
18396,0,0,0,0,0,0
18397,0,0,0,0,0,0
18398,0,0,0,0,0,0
18399,0,0,0,0,0,0
18400,0,0,2,0,0,0
18401,0,0,0,0,0,0
18402,0,0,0,0,0,0
18403,0,0,0,0,0,0
18404,0,0,0,0,0,0
18405,0,0,0,0,0,0
18406,0,0,3,0,0,0
18407,0,0,9,0,0,0
18408,7,0,0,0,0,0
18409,6,0,0,0,0,0
18410,0,0,2,0,0,0
18411,0,0,0,0,0,0
18412,0,0,0,0,0,0
18413,0,0,0,0,0,0
18414,0,0,0,0,0,0
18415,0,0,0,0,0,0
18416,0,0,2,0,0,0
18417,2,0,0,0,0,0
18418,0,0,0,0,0,0
18419,0,0,0,0,0,0
18420,0,0,0,0,0,0
18421,2,0,0,0,0,0
18422,0,0,0,0,0,0
18423,0,0,1,0,0,0
18424,0,0,0,0,0,0
18425,0,0,0,0,0,0
18426,0,0,0,0,0,0
18427,0,0,0,0,0,0
18428,0,0,0,0,0,0
18429,0,0,0,0,0,0
18430,0,0,0,0,0,0
18431,0,0,0,0,0,0
18432,0,0,0,0,0,0
18433,0,0,0,0,0,0
18434,4,0,0,0,0,0
18435,4,0,3,0,0,0
18436,29,0,3,1,0,0
18437,2,0,0,0,0,2
18438,7,0,17,0,0,0
18439,46,0,7,2,0,0
18440,92,0,27,0,0,0
18441,104,0,26,0,0,0
18442,46,0,19,0,0,0
18443,24,0,7,0,0,0
18444,2,0,1,0,0,0
18445,2,0,0,0,0,0
18446,0,0,0,0,0,0
18447,0,0,0,0,0,0
18448,0,0,0,0,0,0
18449,0,0,0,0,0,0
18450,0,0,7,0,0,0
18451,0,0,0,0,0,0
18452,0,0,0,1,0,0
18453,0,0,11,0,0,0
18454,0,0,10,0,0,0
18455,0,0,2,0,0,0
18456,0,0,1,0,0,0
18457,0,0,0,0,0,0
18458,0,0,0,0,0,0
18459,0,0,0,0,0,0
18460,0,0,0,0,0,0
18461,0,0,1,0,0,0
18462,0,0,0,0,0,0
18463,0,0,0,0,0,0
18464,0,0,0,0,0,0
18465,0,0,1,0,0,0
18466,0,0,0,0,0,0
18467,0,0,5,0,0,0
18468,0,0,9,0,0,0
18469,0,0,50,0,0,0
18470,0,0,86,0,0,0
18471,0,0,93,0,0,0
18472,0,0,57,0,0,0
18473,0,0,21,0,0,0
18474,0,0,0,0,0,0
18475,0,0,4,0,0,0
18476,0,0,10,0,0,0
18477,0,0,1,0,0,0
18478,0,0,0,0,0,0
18479,0,0,6,0,36,0
18480,0,0,4,0,0,0
18481,3,0,5,1,4,0
18482,0,0,0,0,0,0
18483,0,0,0,0,0,0
18484,0,0,0,0,0,0
18485,0,0,0,0,0,0
18486,0,0,0,0,0,0
18487,0,0,0,0,0,0
18488,3,0,0,0,0,0
18489,8,0,0,0,0,0
18490,19,0,0,0,0,0
18491,0,0,0,0,0,0
18492,12,0,0,0,0,0
18493,2,0,0,0,0,0
18494,11,1,0,11,0,0
18495,17,2,0,0,0,0
18496,54,3,1,6,0,0
18497,61,0,0,0,0,0
18498,62,0,0,0,0,0
18499,39,0,0,0,0,0
18500,43,0,30,0,0,0
18501,21,0,2,0,0,0
18502,5,0,0,0,0,0
18503,0,0,3,0,0,0
18504,0,0,0,0,0,0
18505,0,0,0,0,0,0
18506,6,0,1,0,0,0
18507,0,0,1,0,0,0
18508,0,0,0,0,0,0
18509,38,0,0,0,0,0
18510,101,0,0,0,0,0
18511,152,0,0,2,0,0
18512,304,0,9,1,0,0
18513,418,0,5,0,0,0
18514,227,0,0,0,0,0
18515,41,0,0,0,0,0
18516,79,0,0,0,0,0
18517,144,0,0,0,0,0
18518,218,0,0,0,0,0
18519,334,0,0,0,0,0
18520,524,0,0,0,0,0
18521,582,0,0,0,0,0
18522,444,0,0,0,0,0
18523,263,0,0,0,0,0
18524,263,0,0,0,0,0
18525,284,0,0,0,0,0
18526,554,0,3,0,0,0
18527,540,0,2,0,0,0
18528,373,0,0,0,0,0
18529,361,0,0,0,0,0
18530,313,0,0,0,0,0
18531,489,5,0,0,0,0
18532,753,12,1,0,0,0
18533,782,0,0,0,0,0
18534,441,0,0,0,0,0
18535,206,3,0,0,0,0
18536,590,0,12,0,0,0
18537,457,0,0,0,0,0
18538,399,0,3,0,0,0
18539,657,0,0,11,0,0
18540,812,0,0,0,0,0
18541,581,0,0,2,2,0
18542,265,0,0,0,0,0
18543,404,0,2,0,0,0
18544,562,1,0,0,0,0
18545,582,0,10,0,0,0
18546,445,0,6,0,0,0
18547,144,0,0,0,0,0
18548,26,0,0,0,0,0
18549,94,0,0,0,0,0
18550,343,0,0,0,0,0
18551,374,0,0,0,0,0
18552,289,0,6,0,0,0
18553,0,0,0,0,0,0
18554,185,0,0,0,1,0
18555,261,0,0,0,1,0
18556,110,0,12,0,0,0
18557,0,0,0,0,0,0
18558,4,0,0,0,0,0
18559,0,0,3,0,0,0
18560,0,0,2,0,0,0
18561,0,0,7,0,0,0
18562,0,0,3,0,0,0
18563,0,0,2,0,0,0
18564,0,0,0,0,0,0
18565,0,0,17,0,0,0
18566,0,0,2,0,0,0
18567,0,0,0,0,0,0
18568,0,0,4,0,0,0
18569,0,0,0,0,0,0
18570,0,0,0,0,0,0
18571,0,0,0,0,0,0
18572,0,0,15,0,0,0
18573,0,0,7,0,0,0
18574,0,0,0,0,0,0
18575,0,0,0,0,0,0
18576,10,0,20,0,0,0
18577,37,0,0,0,0,0
18578,241,0,1,0,0,0
18579,392,0,8,0,0,0
18580,530,0,0,0,0,0
18581,561,0,0,0,0,0
18582,457,0,0,0,0,0
18583,299,0,0,17,0,0
18584,97,0,0,0,0,0
18585,13,0,0,0,0,0
18586,46,0,0,0,0,0
18587,252,0,0,0,1,0
18588,293,0,2,0,0,0
18589,202,0,0,0,0,0
18590,27,0,0,0,0,0
18591,0,0,0,0,0,0
18592,0,0,0,0,0,0
18593,0,0,0,0,0,0
18594,2,0,0,0,0,0
18595,0,0,0,0,0,0
18596,0,0,0,0,0,0
18597,0,0,0,0,0,0
18598,0,0,0,0,0,0
18599,0,0,0,0,0,0
18600,0,0,0,0,0,0
18601,0,0,0,0,1,0
18602,0,0,0,0,0,0
18603,0,0,0,0,1,0
18604,0,0,0,0,0,0
18605,0,0,0,0,1,0
18606,0,0,0,0,1,0
18607,0,0,0,0,0,0
18608,0,0,0,0,0,0
18609,0,0,0,0,0,0
18610,0,0,0,0,0,0
18611,0,0,0,0,0,0
18612,0,0,0,0,0,0
18613,0,0,0,0,0,0
18614,0,0,0,0,0,0
18615,0,0,0,0,0,0
18616,0,0,0,0,2,0
18617,0,0,0,0,0,0
18618,0,0,0,0,0,0
18619,0,0,0,0,0,0
18620,0,0,0,0,0,0
18621,0,0,0,0,0,0
18622,0,0,0,0,0,0
18623,0,0,0,0,0,0
18624,0,0,0,0,0,0
18625,0,0,0,0,0,0
18626,4,0,0,0,0,0
18627,5,0,0,0,0,0
18628,0,0,0,0,0,0
18629,0,0,0,0,0,0
18630,0,0,0,0,0,0
18631,0,0,0,0,1,0
18632,0,0,0,0,0,0
18633,0,0,0,0,0,0
18634,0,0,0,0,0,0
18635,0,0,0,0,0,0
18636,0,0,0,0,0,0
18637,0,0,0,0,0,0
18638,0,0,0,0,0,0
18639,0,0,0,0,0,0
18640,0,0,0,0,0,0
18641,0,0,0,0,0,0
18642,0,0,0,0,0,0
18643,0,0,0,0,0,0
18644,0,0,0,0,0,0
18645,0,0,0,4,0,0
18646,0,0,0,2,0,0
18647,0,0,0,0,0,0
18648,0,0,0,0,2,0
18649,0,0,0,0,0,0
18650,0,0,0,0,2,0
18651,0,0,0,0,2,0
18652,0,0,0,0,0,0
18653,0,0,0,0,0,0
18654,0,0,0,0,0,0
18655,0,0,0,0,0,0
18656,0,0,0,0,0,0
18657,0,0,0,0,0,0
18658,0,0,0,0,0,0
18659,0,0,0,0,0,0
18660,0,0,0,0,0,0
18661,0,0,0,0,1,0
18662,0,0,0,0,2,0
18663,0,0,0,0,0,0
18664,0,0,0,0,0,0
18665,0,0,0,0,0,0
18666,0,0,0,0,0,0
18667,0,0,0,0,0,0
18668,0,0,0,0,0,0
18669,0,0,0,0,0,0
18670,0,0,0,0,0,0
18671,0,0,0,0,0,0
18672,0,0,0,0,0,0
18673,0,0,0,0,0,0
18674,0,0,0,0,0,0
18675,0,0,0,0,0,0
18676,0,0,0,0,0,0
18677,0,0,0,0,1,0
18678,0,0,0,0,0,0
18679,0,0,0,2,0,0
18680,0,0,0,0,0,0
18681,0,0,0,0,0,0
18682,0,0,0,0,0,0
18683,0,0,0,0,0,0
18684,0,0,0,0,0,0
18685,0,0,0,0,0,0
18686,0,0,8,0,0,0
18687,0,0,1,0,0,0
18688,0,0,0,0,0,0
18689,0,0,0,0,0,0
18690,0,0,0,0,0,0
18691,0,0,0,0,0,0
18692,0,0,0,0,0,0
18693,0,0,0,0,0,0
18694,0,0,0,0,2,0
18695,0,0,0,0,0,0
18696,0,0,0,0,0,0
18697,0,0,0,0,0,0
18698,0,0,0,0,0,0
18699,0,0,0,0,2,0
18700,0,0,1,0,0,0
18701,0,0,3,0,0,0
18702,0,0,0,0,0,0
18703,0,0,1,0,0,0
18704,0,0,0,0,0,0
18705,0,0,0,0,0,0
18706,0,0,5,0,1,0
18707,1,0,0,0,0,0
18708,0,0,0,0,0,0
18709,49,0,0,0,0,0
18710,161,0,0,0,0,0
18711,379,0,0,5,0,0
18712,535,0,0,0,0,0
18713,625,0,0,0,0,0
18714,736,0,0,0,0,0
18715,702,0,0,0,0,0
18716,586,0,0,0,0,0
18717,424,0,0,0,0,0
18718,153,0,0,0,0,0
18719,4,0,0,0,0,0
18720,0,0,0,0,0,0
18721,0,0,0,0,0,0
18722,0,0,0,0,0,0
18723,0,0,0,0,0,0
18724,0,0,0,0,0,0
18725,0,0,0,0,0,0
18726,0,0,0,0,0,0
18727,0,0,0,0,0,0
18728,3,0,0,0,0,0
18729,0,0,0,0,0,0
18730,0,0,0,0,0,0
18731,0,0,0,0,0,0
18732,0,0,0,0,0,0
18733,0,0,0,0,0,0
18734,0,0,0,0,0,0
18735,0,0,0,6,0,0
18736,0,0,0,7,6,0
18737,0,0,0,0,0,0
18738,0,0,0,0,0,0
18739,0,0,0,0,5,0
18740,0,0,0,0,0,0
18741,0,0,0,0,0,0
18742,0,0,0,0,0,0
18743,0,0,0,0,0,0
18744,0,0,0,0,0,0
18745,0,0,0,0,0,0
18746,0,0,0,0,0,0
18747,0,0,0,0,0,0
18748,0,0,0,0,0,0
18749,0,0,0,0,0,0
18750,0,0,0,0,0,0
18751,0,0,0,0,0,0
18752,0,0,0,0,0,0
18753,0,0,2,0,0,0
18754,0,0,0,0,0,0
18755,0,0,0,0,0,0
18756,0,0,0,0,0,0
18757,0,0,0,0,0,0
18758,0,0,0,12,0,0
18759,0,0,0,0,0,0
18760,0,0,0,0,0,0
18761,0,0,0,0,0,0
18762,0,0,0,0,0,0
18763,0,0,0,0,0,0
18764,0,0,0,0,0,0
18765,0,0,0,0,0,0
18766,0,0,0,0,0,0
18767,0,0,0,0,0,0
18768,0,0,0,0,0,0
18769,0,0,0,0,0,0
18770,0,0,1,0,0,0
18771,0,0,0,0,0,0
18772,0,0,1,0,0,0
18773,0,0,7,0,0,0
18774,0,0,1,0,0,0
18775,0,0,0,0,1,0
18776,0,0,0,0,0,0
18777,0,0,0,0,0,0
18778,0,0,0,0,0,0
18779,0,0,4,0,0,0
18780,0,0,0,0,0,0
18781,0,0,0,0,0,0
18782,0,0,3,0,0,0
18783,0,0,3,0,0,0
18784,0,0,0,0,0,0
18785,0,0,3,0,0,0
18786,0,0,5,0,0,0
18787,0,0,0,0,0,0
18788,0,0,0,0,0,0
18789,0,0,0,0,0,0
18790,0,0,0,0,0,0
18791,0,0,0,0,0,0
18792,0,0,0,0,0,0
18793,0,0,0,4,0,0
18794,0,0,0,2,0,0
18795,0,0,0,0,0,0
18796,0,0,1,0,44,0
18797,0,0,0,0,34,0
18798,0,0,0,0,9,0
18799,26,0,0,0,0,0
18800,3,0,0,0,0,0
18801,0,0,0,0,0,0
18802,0,0,0,0,0,0
18803,0,0,0,0,0,0
18804,0,0,0,0,0,0
18805,0,0,0,0,0,0
18806,0,0,0,0,0,0
18807,0,0,0,0,0,0
18808,0,0,0,0,0,0
18809,0,0,0,0,0,0
18810,0,0,0,0,0,0
18811,0,0,0,0,7,0
18812,0,0,0,0,0,6
18813,0,0,0,0,1,0
18814,0,0,0,0,0,0
18815,0,0,0,0,0,0
18816,0,0,0,0,0,0
18817,0,0,0,0,0,0
18818,0,0,0,0,0,0
18819,0,0,0,0,0,0
18820,0,0,0,0,0,0
18821,0,0,0,0,2,0
18822,0,0,0,0,0,0
18823,0,0,0,0,6,0
18824,0,0,0,0,0,0
18825,0,0,0,0,0,0
18826,0,0,0,0,11,0
18827,0,0,0,0,0,0
18828,0,0,0,0,0,0
18829,0,0,0,0,0,0
18830,0,0,0,0,0,0
18831,0,0,0,0,0,0
18832,0,0,0,4,5,0
18833,0,0,0,0,0,0
18834,0,0,0,0,0,0
18835,0,0,0,0,0,0
18836,0,0,4,0,0,0
18837,0,0,4,0,0,0
18838,0,0,0,0,0,0
18839,0,0,0,0,0,0
18840,3,0,0,0,0,0
18841,0,0,0,0,0,0
18842,2,0,0,0,0,0
18843,1,0,0,0,0,0
18844,0,0,0,0,0,0
18845,0,0,0,0,0,0
18846,0,0,3,0,0,0
18847,0,0,0,0,0,0
18848,0,0,0,0,0,0
18849,8,0,0,0,0,0
18850,0,0,0,0,0,0
18851,10,0,0,0,0,0
18852,0,0,0,0,0,0
18853,0,0,0,0,0,0
18854,0,0,0,0,0,0
18855,0,0,0,0,0,0
18856,0,0,0,0,0,0
18857,0,0,0,0,0,0
18858,0,0,0,0,0,0
18859,0,0,0,0,0,0
18860,0,0,0,0,0,0
18861,0,0,0,0,0,0
18862,0,0,0,0,0,0
18863,0,0,0,0,0,0
18864,0,0,0,0,0,0
18865,0,0,0,0,0,0
18866,0,0,0,0,0,0
18867,0,0,0,0,0,0
18868,0,0,0,0,0,0
18869,0,0,0,0,0,0
18870,0,0,0,0,0,0
18871,0,0,0,0,0,0
18872,0,0,0,0,0,0
18873,0,0,0,0,0,0
18874,0,0,0,0,0,0
18875,0,0,0,0,0,0
18876,0,0,0,13,0,0
18877,0,0,0,0,0,0
18878,0,0,0,0,0,0
18879,0,0,0,0,0,0
18880,0,0,0,0,0,0
18881,0,0,0,0,0,0
18882,0,0,0,0,0,0
18883,0,0,0,0,0,0
18884,0,0,0,0,0,0
18885,0,0,0,0,0,0
18886,0,0,0,0,1,0
18887,0,0,0,1,0,0
18888,0,0,0,0,2,0
18889,0,0,0,0,16,0
18890,0,0,0,0,12,0
18891,0,0,0,0,0,0
18892,0,0,0,0,0,0
18893,0,0,0,0,0,0
18894,0,0,0,0,0,0
18895,0,0,2,0,0,0
18896,0,0,0,0,0,0
18897,0,0,0,0,4,0
18898,0,0,2,0,0,0
18899,0,0,0,0,0,0
18900,0,0,0,0,0,0
18901,0,0,3,0,0,0
18902,0,0,2,0,0,0
18903,0,0,0,0,0,0
18904,0,0,19,0,0,0
18905,0,0,18,0,0,0
18906,0,0,0,0,0,0
18907,0,0,23,2,0,0
18908,0,0,39,0,0,0
18909,0,0,0,0,0,0
18910,0,0,16,0,0,8
18911,0,0,66,0,0,0
18912,0,0,2,0,0,0
18913,0,0,6,0,0,0
18914,0,0,73,0,0,0
18915,0,0,0,0,0,0
18916,0,0,0,0,1,0
18917,0,0,32,5,0,0
18918,0,0,43,0,0,0
18919,0,0,0,0,0,0
18920,0,0,30,0,1,0
18921,0,0,87,3,2,0
18922,0,0,9,0,0,0
18923,0,0,9,0,0,0
18924,0,0,40,0,0,0
18925,0,0,9,0,0,0
18926,0,0,0,0,0,0
18927,0,0,38,0,0,0
18928,0,0,0,0,0,0
18929,0,0,1,0,0,0
18930,0,0,6,0,0,0
18931,0,0,8,0,0,0
18932,0,0,0,0,0,0
18933,0,0,15,0,0,0
18934,0,0,18,0,0,0
18935,0,0,0,0,0,0
18936,0,0,1,0,0,0
18937,0,0,110,0,2,0
18938,0,0,14,0,1,0
18939,0,0,6,0,0,0
18940,0,0,73,0,0,0
18941,0,0,14,0,0,0
18942,0,0,9,0,0,0
18943,0,0,100,0,0,0
18944,0,0,41,0,0,0
18945,1,0,0,0,0,0
18946,0,0,87,0,0,1
18947,0,0,96,0,0,0
18948,0,0,2,0,0,0
18949,0,0,34,0,0,0
18950,0,0,96,0,0,0
18951,0,0,2,0,0,0
18952,0,0,12,0,0,0
18953,0,0,26,0,0,0
18954,0,0,0,0,0,0
18955,0,0,0,0,0,0
18956,0,0,34,0,0,0
18957,0,0,0,0,0,0
18958,0,0,0,0,0,0
18959,0,0,8,0,0,0
18960,0,0,0,0,0,0
18961,0,0,0,0,3,0
18962,0,0,22,0,0,0
18963,0,0,7,0,0,0
18964,0,0,0,0,0,0
18965,0,0,5,0,0,0
18966,0,0,4,0,0,0
18967,0,0,0,0,0,0
18968,0,0,8,0,0,0
18969,0,0,3,0,0,0
18970,0,0,0,0,0,0
18971,0,0,0,0,0,0
18972,0,0,0,0,0,0
18973,0,0,0,0,0,0
18974,0,0,0,0,0,0
18975,0,0,0,0,0,2
18976,0,0,0,0,3,0
18977,0,0,0,0,0,0
18978,0,0,0,0,0,0
18979,0,0,0,0,0,0
18980,0,0,0,0,0,0
18981,0,0,0,0,0,0
18982,0,0,0,0,0,0
18983,0,0,0,0,0,0
18984,0,0,0,0,0,0
18985,0,0,0,0,0,0
18986,0,0,0,0,0,0
18987,0,0,0,0,0,0
18988,0,0,0,0,0,0
18989,0,0,0,0,0,0
18990,0,0,0,0,0,0
18991,0,0,0,0,0,0
18992,0,0,0,0,0,0
18993,0,0,0,0,21,0
18994,0,0,0,0,18,0
18995,0,0,0,0,14,0
18996,0,0,0,0,74,0
18997,0,0,0,0,119,0
18998,0,0,0,0,8,0
18999,0,0,0,0,7,6
19000,0,0,0,0,7,24
19001,0,0,0,0,14,2
19002,0,0,0,0,1,1
19003,0,0,0,0,1,16
19004,0,0,0,0,20,0
19005,0,0,0,0,6,2
19006,0,0,0,0,2,0
19007,0,0,0,0,0,0
19008,0,0,0,0,0,0
19009,0,0,0,0,0,18
19010,0,0,0,0,0,137
19011,0,0,0,0,0,0
19012,0,0,0,0,0,0
19013,0,0,0,0,0,1
19014,0,0,0,0,0,0
19015,0,0,0,0,0,0
19016,0,0,0,0,0,0
19017,0,0,0,0,0,0
19018,0,0,0,0,0,0
19019,0,0,0,0,0,0
19020,0,0,0,0,0,0
19021,0,0,0,0,0,0
19022,0,0,0,0,0,0
19023,0,0,0,0,0,0
19024,0,0,0,0,0,0
19025,0,0,0,0,0,0
19026,0,0,0,0,0,0
19027,0,0,0,0,0,0
19028,0,0,0,0,0,0
19029,0,0,0,0,0,0
19030,0,0,0,0,0,0
19031,0,0,0,0,0,0
19032,0,0,0,0,0,0
19033,5,0,0,0,0,0
19034,5,0,0,0,0,0
19035,4,0,0,0,0,0
19036,21,0,0,0,0,0
19037,0,0,0,0,0,0
19038,0,0,0,0,1,0
19039,0,0,0,0,0,0
19040,9,0,0,0,0,0
19041,12,0,0,0,0,0
19042,43,0,0,0,0,0
19043,13,0,0,0,0,0
19044,0,0,0,0,0,0
19045,0,0,0,0,0,0
19046,0,0,0,0,0,0
19047,0,0,0,0,0,0
19048,0,0,0,0,0,0
19049,0,0,0,0,0,0
19050,6,0,0,0,1,0
19051,16,0,0,3,5,0
19052,18,0,0,0,0,0
19053,19,0,0,0,1,0
19054,0,0,0,0,2,0
19055,0,0,0,0,0,0
19056,0,0,0,0,0,0
19057,0,0,0,0,0,0
19058,0,0,0,0,0,0
19059,0,0,0,0,0,0
19060,0,0,0,0,0,0
19061,0,0,0,0,0,0
19062,0,0,0,0,0,0
19063,0,0,0,0,0,0
19064,0,0,0,0,0,0
19065,0,0,0,0,0,0
19066,0,0,0,0,1,0
19067,0,0,0,0,0,0
19068,0,0,0,0,0,0
19069,0,0,1,0,0,0
19070,0,0,7,0,0,0
19071,0,0,0,0,0,0
19072,0,0,6,0,0,0
19073,0,0,9,0,0,0
19074,0,0,0,0,0,0
19075,0,0,0,0,0,0
19076,0,0,4,0,0,0
19077,0,0,0,0,0,0
19078,0,0,0,0,0,0
19079,0,0,0,0,0,0
19080,0,0,0,0,0,0
19081,0,3,0,1,3,0
19082,0,0,1,0,2,0
19083,0,0,4,0,0,0
19084,0,0,6,0,0,0
19085,0,0,6,0,0,0
19086,0,0,5,0,0,0
19087,0,0,0,0,0,0
19088,0,0,0,0,0,0
19089,0,0,0,0,0,0
19090,0,0,0,0,0,0
19091,0,0,0,0,0,0
19092,0,0,0,0,0,0
19093,0,0,9,0,0,0
19094,0,0,0,0,0,0
19095,0,0,0,0,0,0
19096,0,0,13,0,0,0
19097,0,0,11,0,8,0
19098,0,0,0,1,2,0
19099,0,0,3,0,6,0
19100,0,0,0,0,0,0
19101,0,0,0,0,3,0
19102,0,0,0,0,0,0
19103,0,0,5,0,0,0
19104,0,0,0,0,0,0
19105,0,0,0,0,0,0
19106,3,0,0,0,0,0
19107,0,0,0,0,0,0
19108,24,0,2,0,0,0
19109,0,0,0,0,0,0
19110,0,0,0,0,0,0
19111,0,0,0,0,0,0
19112,0,0,0,0,0,0
19113,0,0,0,0,0,0
19114,0,0,0,0,0,0
19115,0,0,0,0,0,0
19116,0,0,16,0,0,0
19117,0,0,0,0,1,0
19118,0,0,7,0,0,0
19119,2,0,17,0,0,0
19120,0,0,0,0,0,0
19121,2,0,3,0,0,0
19122,20,0,50,0,0,0
19123,0,0,0,0,0,0
19124,8,0,0,0,0,0
19125,4,0,23,0,0,0
19126,0,0,2,0,0,0
19127,0,0,0,0,0,0
19128,0,0,23,0,0,0
19129,0,0,9,0,0,0
19130,0,0,0,0,0,0
19131,0,0,8,0,0,0
19132,0,0,3,0,0,0
19133,0,0,0,0,1,0
19134,0,0,0,0,1,0
19135,0,0,0,0,0,0
19136,0,0,0,0,0,0
19137,0,0,0,0,0,0
19138,0,0,0,0,1,0
19139,0,0,0,0,0,0
19140,0,0,0,0,0,0
19141,0,0,1,0,1,0
19142,0,0,0,0,0,0
19143,0,0,0,0,1,0
19144,0,0,0,0,0,0
19145,0,0,0,0,0,0
19146,0,0,0,0,0,0
19147,0,0,0,0,0,0
19148,0,0,0,0,0,0
19149,0,0,0,0,0,0
19150,0,0,0,0,19,0
19151,0,0,0,0,38,0
19152,0,0,0,0,0,0
19153,0,0,0,0,7,0
19154,0,0,0,0,0,0
19155,0,0,0,0,0,0
19156,0,0,0,0,0,0
19157,0,0,0,0,0,0
19158,0,0,0,0,2,0
19159,0,0,0,0,0,0
19160,0,0,0,0,0,0
19161,0,0,0,0,0,0
19162,0,0,1,0,0,0
19163,0,0,0,0,0,0
19164,0,0,1,0,0,0
19165,0,0,0,0,0,0
19166,0,0,0,0,0,0
19167,0,0,3,0,0,0
19168,0,0,2,2,0,0
19169,0,0,0,0,0,0
19170,0,0,0,15,0,0
19171,0,0,2,85,5,0
19172,0,0,0,131,2,0
19173,0,0,0,188,24,0
19174,0,0,0,236,3,0
19175,0,0,0,191,0,0
19176,0,0,0,283,0,0
19177,0,0,0,217,0,0
19178,0,0,0,210,0,0
19179,0,0,0,236,0,0
19180,0,0,0,222,0,0
19181,0,0,0,207,7,0
19182,0,0,0,185,0,0
19183,0,0,0,140,0,0
19184,0,0,0,113,41,0
19185,0,0,0,55,34,0
19186,0,0,0,40,13,0
19187,0,0,2,46,18,0
19188,0,0,3,10,0,0
19189,0,0,1,0,0,0
19190,0,0,0,0,0,0
19191,0,0,7,0,0,0
19192,0,0,0,0,0,0
19193,0,0,0,0,0,0
19194,0,0,9,1,0,0
19195,2,0,8,0,0,0
19196,0,0,0,0,0,0
19197,0,0,9,0,0,0
19198,0,0,0,4,0,0
19199,0,0,0,0,3,0
19200,0,0,0,2,12,0
19201,0,0,0,6,20,0
19202,0,0,0,20,9,0
19203,0,0,3,74,54,0
19204,0,0,2,73,241,0
19205,0,0,0,209,798,51
19206,0,0,0,356,1254,184
19207,0,0,0,610,1576,280
19208,0,0,0,774,1668,417
19209,0,0,0,704,1607,370
19210,0,0,0,623,1388,350
19211,0,0,0,591,1059,414
19212,0,0,0,656,1136,539
19213,0,0,6,820,1222,574
19214,0,0,4,1234,1301,801
19215,0,0,0,1371,1463,714
19216,0,0,0,1267,1492,796
19217,0,0,5,762,1410,794
19218,0,0,0,372,1381,691
19219,0,0,0,313,1445,698
19220,0,0,0,493,1866,876
19221,0,0,0,578,2084,1187
19222,0,0,0,717,2026,1331
19223,0,0,0,1001,1960,1244
19224,0,0,0,1112,1701,1129
19225,0,0,0,1263,1489,1105
19226,0,0,4,1551,1568,965
19227,0,0,0,1574,1825,1026
19228,0,0,0,1834,2361,1009
19229,0,0,0,2023,2615,924
19230,0,0,0,1879,2650,803
19231,0,0,0,1827,2403,795
19232,0,0,8,1622,2014,732
19233,0,0,0,1287,986,688
19234,0,0,0,723,493,599
19235,0,0,2,219,168,415
19236,0,0,0,80,119,146
19237,0,0,0,215,588,140
19238,0,0,0,516,1146,343
19239,0,0,19,872,1892,580
19240,0,0,0,947,2788,965
19241,0,0,4,1200,3349,1550
19242,0,0,4,1336,2745,1647
19243,0,0,2,1133,2197,1445
19244,9,0,2,1250,2181,1332
19245,0,0,0,1492,1876,1161
19246,0,0,0,1567,1779,750
19247,0,0,0,1621,1938,513
19248,0,0,10,1599,1905,362
19249,0,0,0,1609,1685,132
19250,0,0,0,1382,1214,12
19251,0,0,0,1252,780,6
19252,0,0,0,1211,594,27
19253,0,0,0,1406,729,102
19254,9,0,0,1515,1021,116
19255,35,0,3,1707,1395,292
19256,12,0,0,1608,1514,258
19257,4,0,0,1765,1559,100
19258,1,0,2,1693,1512,149
19259,0,0,0,1680,1690,37
19260,8,0,0,1886,1745,117
19261,0,0,0,1855,1722,51
19262,0,0,4,1848,1712,148
19263,1,0,0,1608,1551,73
19264,24,0,0,1326,1286,27
19265,93,0,0,900,790,49
19266,124,0,0,845,116,1
19267,215,0,0,784,174,26
19268,175,0,1,712,389,224
19269,84,0,0,491,112,129
19270,15,0,0,331,62,133
19271,0,0,7,360,40,22
19272,0,0,2,226,7,2
19273,0,0,0,146,30,5
19274,5,0,0,128,178,202
19275,18,0,4,99,168,47
19276,9,0,0,81,439,105
19277,0,0,0,40,395,230
19278,0,0,0,70,238,224
19279,0,0,0,52,9,65
19280,1,0,0,51,11,0
19281,0,0,0,34,6,9
19282,0,0,0,12,54,3
19283,0,0,0,14,119,0
19284,0,0,0,37,140,114
19285,0,0,0,26,291,283
19286,0,0,0,32,352,293
19287,0,0,0,24,113,19
19288,0,0,0,40,27,0
19289,0,0,0,24,26,3
19290,0,0,0,5,85,126
19291,0,0,0,43,230,212
19292,0,0,0,11,333,211
19293,0,0,0,5,149,243
19294,0,0,0,0,161,106
19295,0,0,0,16,55,34
19296,0,0,0,0,0,3
19297,0,0,0,0,0,0
19298,0,0,0,0,0,0
19299,0,0,2,1,0,0
19300,0,0,0,0,8,0
19301,0,0,0,40,2,0
19302,0,0,0,0,0,0
19303,0,0,0,6,0,0
19304,0,0,0,5,27,16
19305,0,0,0,0,0,0
19306,0,0,0,2,1,0
19307,0,0,0,0,0,1
19308,0,0,0,1,0,0
19309,0,0,0,0,0,0
19310,0,0,0,10,0,0
19311,0,0,1,21,0,5
19312,0,0,5,11,0,41
19313,0,0,8,33,0,0
19314,0,0,0,34,0,0
19315,0,0,1,19,0,5
19316,0,0,0,16,0,43
19317,0,0,0,0,0,100
19318,0,0,19,18,0,130
19319,0,0,23,0,0,106
19320,0,0,0,0,0,55
19321,0,0,11,0,0,128
19322,0,0,28,7,0,199
19323,0,0,0,1,0,177
19324,0,0,10,6,0,119
19325,6,0,37,0,0,150
19326,0,0,1,14,0,128
19327,0,0,1,0,0,107
19328,0,0,2,43,0,85
19329,0,0,0,9,0,96
19330,0,0,0,2,0,92
19331,0,0,2,2,0,68
19332,0,0,2,2,0,152
19333,5,0,0,0,0,117
19334,0,0,9,20,0,142
19335,0,0,12,2,0,137
19336,9,0,12,14,6,131
19337,16,0,4,21,0,108
19338,0,0,25,18,0,99
19339,0,0,0,0,0,85
19340,0,0,0,0,0,74
19341,0,0,6,0,0,53
19342,0,0,0,9,0,31
19343,9,0,0,13,0,24
19344,18,0,3,21,0,22
19345,0,0,1,5,0,8
19346,0,0,0,6,0,0
19347,0,0,1,0,0,3
19348,0,0,0,0,0,0
19349,2,0,0,0,0,3
19350,6,0,0,0,0,6
19351,17,0,2,0,0,0
19352,13,0,0,1,0,6
19353,2,0,0,0,0,0
19354,4,0,0,0,2,66
19355,0,0,0,0,0,425
19356,0,0,0,0,0,919
19357,0,0,0,1,0,939
19358,12,0,0,0,0,595
19359,11,0,0,0,0,163
19360,1,0,0,0,0,118
19361,1,0,0,0,0,152
19362,0,0,0,0,0,184
19363,0,0,0,0,0,192
19364,0,0,0,0,0,221
19365,0,0,0,0,0,38
19366,0,0,0,0,0,4
19367,0,0,2,0,0,0
19368,36,0,0,0,0,0
19369,86,0,0,26,0,0
19370,117,0,0,0,0,11
19371,142,0,0,0,0,39
19372,208,0,0,0,0,14
19373,221,0,0,0,0,15
19374,20,0,1,0,0,18
19375,0,0,0,0,0,2
19376,0,0,0,0,0,2
19377,0,0,3,0,0,0
19378,6,0,0,0,0,0
19379,25,0,0,0,0,0
19380,12,0,0,0,0,2
19381,16,0,0,0,0,20
19382,0,0,0,0,0,279
19383,6,0,0,0,1,609
19384,0,0,0,0,6,695
19385,18,0,0,0,0,334
19386,11,0,0,0,0,93
19387,7,0,0,0,0,259
19388,1,0,0,0,0,757
19389,2,0,0,0,0,931
19390,1,0,0,0,0,670
19391,0,0,0,0,0,354
19392,0,0,1,0,0,29
19393,0,0,0,0,0,0
19394,0,0,0,0,0,0
19395,0,0,0,0,0,0
19396,0,0,0,1,0,0
19397,0,0,0,0,0,0
19398,0,0,0,0,0,0
19399,0,0,0,1,0,0
19400,0,0,0,0,0,0
19401,0,0,0,0,0,0
19402,0,0,0,0,0,0
19403,0,0,0,0,0,0
19404,0,0,0,0,0,0
19405,0,0,0,0,0,0
19406,0,0,0,0,0,0
19407,0,0,0,0,0,0
19408,0,0,5,0,0,0
19409,0,0,3,0,0,0
19410,0,0,0,0,0,0
19411,0,0,0,1,0,0
19412,0,0,4,0,0,1
19413,0,0,0,0,0,0
19414,0,0,0,0,0,0
19415,0,0,0,0,0,0
19416,0,0,0,0,0,0
19417,0,0,4,0,0,0
19418,0,0,1,6,0,0
19419,0,0,0,6,0,0
19420,0,0,0,0,0,0
19421,0,0,3,0,0,0
19422,0,0,0,0,0,0
19423,0,0,0,0,0,0
19424,0,0,2,0,0,0
19425,0,0,0,0,2,0
19426,0,0,0,0,0,0
19427,0,0,2,0,0,0
19428,0,0,0,0,0,0
19429,0,0,0,0,0,0
19430,0,0,4,0,0,0
19431,0,0,0,0,0,0
19432,0,0,0,0,0,0
19433,0,0,0,0,0,0
19434,0,0,0,0,0,0
19435,0,0,0,0,0,0
19436,0,0,0,0,0,0
19437,0,0,0,0,0,0
19438,0,0,0,0,0,0
19439,0,0,0,0,0,0
19440,0,0,0,0,0,0
19441,0,0,0,0,0,0
19442,0,0,0,0,0,0
19443,0,0,1,0,0,0
19444,0,0,0,0,0,0
19445,0,0,5,0,0,0
19446,0,0,0,0,0,0
19447,0,0,0,0,0,0
19448,0,0,0,0,0,0
19449,0,0,0,0,0,0
19450,0,0,0,0,0,0
19451,0,0,0,0,0,0
19452,0,0,0,0,0,0
19453,0,0,0,0,0,0
19454,0,0,0,0,0,0
19455,0,0,0,0,0,0
19456,0,0,0,0,0,0
19457,0,0,0,0,0,0
19458,0,0,0,0,0,0
19459,0,0,0,0,0,0
19460,0,0,0,0,0,0
19461,0,0,0,0,0,0
19462,0,0,0,0,0,0
19463,0,0,0,0,0,0
19464,0,0,0,0,0,0
19465,0,0,0,0,0,0
19466,0,0,0,0,0,0
19467,0,0,0,0,0,0
19468,0,0,0,0,0,0
19469,0,0,0,0,0,0
19470,0,0,0,0,0,0
19471,0,0,0,0,0,0
19472,0,0,0,0,0,0
19473,0,0,0,0,0,0
19474,0,0,0,0,0,0
19475,0,0,0,0,0,0
19476,0,0,0,0,0,0
19477,0,0,0,0,0,0
19478,0,0,0,4,0,0
19479,0,0,0,6,0,0
19480,0,0,0,0,0,0
19481,0,0,0,0,0,0
19482,0,0,0,0,0,0
19483,0,0,0,2,0,0
19484,0,0,0,0,0,0
19485,0,0,0,0,0,0
19486,0,0,0,2,0,0
19487,0,0,0,0,0,0
19488,0,0,0,0,0,0
19489,0,0,0,0,0,0
19490,0,0,0,0,0,0
19491,0,0,0,0,0,0
19492,0,0,0,0,0,0
19493,0,0,0,0,0,0
19494,0,0,0,0,0,0
19495,0,0,0,0,0,0
19496,0,0,0,0,0,0
19497,0,0,0,0,0,0
19498,0,0,0,0,0,0
19499,0,0,0,0,0,0
19500,0,0,0,0,0,0
19501,0,0,0,0,0,0
19502,0,0,0,0,0,0
19503,0,0,3,0,0,0
19504,0,0,0,0,0,0
19505,0,0,0,0,0,0
19506,0,0,2,0,0,0
19507,0,0,0,0,0,0
19508,0,0,0,0,0,0
19509,0,0,0,0,0,0
19510,0,0,0,0,0,0
19511,0,0,0,0,0,0
19512,0,0,2,0,0,0
19513,0,0,5,0,0,0
19514,0,0,0,0,0,0
19515,0,0,0,0,0,0
19516,0,0,4,0,0,0
19517,0,0,8,0,0,0
19518,0,0,0,0,0,0
19519,0,0,2,0,0,0
19520,0,0,4,0,0,0
19521,0,0,0,0,0,0
19522,0,0,0,0,0,0
19523,0,0,0,0,0,0
19524,0,0,0,0,0,0
19525,0,0,0,0,0,0
19526,0,0,0,0,0,0
19527,0,0,0,0,0,0
19528,0,0,0,0,0,0
19529,0,0,0,0,0,0
19530,0,0,0,0,0,0
19531,0,0,0,0,0,0
19532,0,0,0,0,0,0
19533,0,0,0,0,0,0
19534,0,0,0,0,0,0
19535,0,0,0,0,0,0
19536,0,0,0,0,0,0
19537,0,0,0,0,0,0
19538,0,0,0,0,0,0
19539,0,0,0,0,0,0
19540,0,0,0,0,0,0
19541,0,0,0,6,0,0
19542,0,0,0,7,0,0
19543,0,0,0,0,0,0
19544,0,0,0,0,0,0
19545,0,0,0,0,0,0
19546,0,0,0,0,0,0
19547,0,0,0,0,0,0
19548,0,0,0,0,0,0
19549,0,0,0,0,3,0
19550,0,0,0,0,0,0
19551,0,0,0,0,0,0
19552,0,0,0,0,0,0
19553,0,0,0,0,0,0
19554,0,0,0,0,0,0
19555,0,0,0,0,0,0
19556,0,0,0,0,0,0
19557,0,0,0,0,0,0
19558,0,0,0,0,0,0
19559,0,0,0,0,0,0
19560,0,0,0,0,0,0
19561,0,0,0,3,0,0
19562,0,0,1,0,2,0
19563,0,0,0,0,0,0
19564,0,0,0,0,0,0
19565,0,0,0,0,0,0
19566,0,0,0,0,0,0
19567,0,0,0,0,0,0
19568,0,0,0,0,0,0
19569,0,0,0,0,0,0
19570,0,0,0,0,0,0
19571,0,0,0,0,0,0
19572,0,0,0,0,0,0
19573,0,0,4,0,0,0
19574,0,0,13,0,0,0
19575,0,0,0,0,0,0
19576,0,0,5,2,0,0
19577,0,0,67,0,0,0
19578,0,0,10,15,0,0
19579,0,0,0,0,0,0
19580,0,0,26,0,0,0
19581,0,0,2,0,0,0
19582,0,0,1,0,0,0
19583,0,0,7,0,0,0
19584,0,0,0,0,0,0
19585,0,0,0,0,0,0
19586,0,0,4,0,0,0
19587,0,0,0,0,0,0
19588,0,0,0,0,0,0
19589,0,0,0,0,0,0
19590,4,0,5,0,0,0
19591,0,0,0,1,0,0
19592,0,0,0,0,0,0
19593,0,0,6,0,0,0
19594,0,0,0,0,0,0
19595,0,0,0,0,0,0
19596,0,0,6,0,0,0
19597,0,0,0,0,0,0
19598,0,0,0,0,0,0
19599,0,0,2,0,0,0
19600,0,0,0,0,0,0
19601,0,0,0,0,0,0
19602,0,0,0,0,0,0
19603,0,0,0,0,0,0
19604,0,0,0,0,0,0
19605,0,0,0,0,0,0
19606,0,0,0,2,0,0
19607,0,0,0,0,0,2
19608,0,0,0,0,0,0
19609,2,0,0,0,0,0
19610,0,0,0,0,0,0
19611,0,0,0,0,0,0
19612,0,0,3,0,0,0
19613,0,0,0,0,0,0
19614,50,0,0,0,0,0
19615,157,0,0,0,0,0
19616,334,0,0,0,0,0
19617,407,0,0,0,0,0
19618,384,0,0,12,0,0
19619,291,0,0,0,0,0
19620,178,0,0,0,0,0
19621,264,0,0,1,0,0
19622,221,0,0,2,0,0
19623,458,0,0,0,0,0
19624,569,0,0,0,0,0
19625,519,0,0,0,0,0
19626,391,0,0,0,0,0
19627,253,0,0,0,0,0
19628,469,0,0,0,0,0
19629,580,0,0,0,0,0
19630,449,0,0,0,0,0
19631,344,0,0,0,0,0
19632,148,0,0,0,0,0
19633,75,0,0,0,0,0
19634,353,0,24,0,0,0
19635,417,0,13,0,0,0
19636,328,0,0,0,0,0
19637,33,0,24,1,0,0
19638,296,0,26,0,0,0
19639,273,0,0,0,0,0
19640,99,0,72,0,0,0
19641,47,0,166,0,0,0
19642,216,0,20,0,0,0
19643,304,0,13,0,0,0
19644,69,0,148,0,0,0
19645,2,0,28,0,0,0
19646,183,0,4,0,0,0
19647,113,0,95,0,0,1
19648,0,0,60,0,0,0
19649,0,0,0,0,0,0
19650,19,0,47,0,0,0
19651,5,0,67,0,0,0
19652,0,0,0,0,0,0
19653,1,0,49,0,0,0
19654,0,0,44,0,0,0
19655,0,0,0,0,0,0
19656,0,0,17,0,0,0
19657,0,0,7,7,0,0
19658,0,0,0,5,0,0
19659,0,0,2,0,0,0
19660,0,0,5,0,0,0
19661,32,0,0,0,0,0
19662,0,0,0,0,0,0
19663,3,0,0,0,0,0
19664,117,0,0,0,0,0
19665,259,0,0,0,0,0
19666,161,0,0,0,4,0
19667,30,0,1,0,2,0
19668,25,0,0,0,0,0
19669,177,0,0,0,0,0
19670,137,0,0,0,0,0
19671,8,0,10,0,0,0
19672,0,0,0,0,0,0
19673,7,0,4,0,0,0
19674,79,0,37,0,0,0
19675,8,0,0,0,0,0
19676,0,0,0,0,0,0
19677,15,0,1,0,0,0
19678,119,0,0,0,0,0
19679,3,0,0,0,0,0
19680,0,0,2,0,0,0
19681,0,0,10,0,0,0
19682,1,0,0,0,0,0
19683,0,0,2,0,0,0
19684,0,0,0,0,0,0
19685,0,0,0,0,0,0
19686,0,0,0,0,0,0
19687,0,0,0,0,0,0
19688,10,0,0,0,0,0
19689,34,0,0,0,0,0
19690,62,0,1,0,0,0
19691,1,0,8,0,0,0
19692,0,0,0,0,1,0
19693,5,0,12,1,0,0
19694,0,0,39,0,0,0
19695,0,0,0,0,0,0
19696,0,0,11,0,0,0
19697,4,0,39,0,0,0
19698,2,0,7,0,0,0
19699,0,0,2,0,0,0
19700,0,0,5,0,0,0
19701,0,0,0,0,0,0
19702,31,0,1,0,0,0
19703,0,0,2,0,0,0
19704,0,0,0,0,0,0
19705,0,0,0,0,0,0
19706,0,0,0,0,0,0
19707,0,0,0,0,0,0
19708,0,0,0,0,0,3
19709,0,0,0,0,0,3
19710,0,0,0,0,0,18
19711,0,0,0,9,0,8
19712,0,0,0,0,0,8
19713,0,0,1,0,0,0
19714,0,0,4,0,0,0
19715,0,0,0,0,0,0
19716,0,0,0,0,0,0
19717,0,0,1,0,0,0
19718,0,0,0,0,0,0
19719,0,0,2,0,0,0
19720,0,0,0,0,0,0
19721,0,0,0,0,0,0
19722,0,0,0,0,0,0
19723,0,0,0,0,0,0
19724,0,0,0,0,0,0
19725,0,0,0,0,0,0
19726,0,0,0,0,2,0
19727,0,0,0,1,0,0
19728,0,0,0,1,0,0
19729,0,0,0,0,0,0
19730,0,0,0,0,0,0
19731,0,0,0,0,0,0
19732,0,0,0,0,0,0
19733,0,0,0,0,0,0
19734,0,0,0,0,0,0
19735,0,0,0,0,0,0
19736,0,0,0,0,0,0
19737,0,0,0,0,0,0
19738,0,0,0,0,0,0
19739,0,0,0,0,0,0
19740,0,0,0,0,0,0
19741,0,0,0,1,0,1
19742,0,0,0,0,0,0
19743,0,0,0,0,0,0
19744,0,0,3,0,0,0
19745,0,0,0,0,0,0
19746,0,0,0,0,0,0
19747,0,0,0,0,0,0
19748,0,0,0,0,0,0
19749,0,0,0,0,0,0
19750,0,0,0,0,0,0
19751,0,0,0,0,0,0
19752,0,0,0,0,0,0
19753,0,0,0,0,0,0
19754,0,0,0,0,0,0
19755,0,0,0,0,0,0
19756,0,0,0,0,0,0
19757,0,0,0,0,0,0
19758,0,0,0,0,0,0
19759,0,0,0,9,0,0
19760,0,0,0,4,0,0
19761,0,0,0,0,0,0
19762,0,0,0,0,0,0
19763,0,0,0,0,0,0
19764,0,0,0,0,0,0
19765,0,0,0,0,0,0
19766,0,0,0,0,0,0
19767,0,0,0,0,0,0
19768,0,0,0,0,0,0
19769,0,0,0,0,0,0
19770,0,0,0,0,0,0
19771,0,0,0,1,0,0
19772,0,0,0,0,0,0
19773,0,0,2,0,0,0
19774,0,0,6,0,0,0
19775,0,0,0,0,0,0
19776,0,0,5,0,0,0
19777,0,0,23,0,0,0
19778,0,0,6,0,0,0
19779,0,0,2,0,0,0
19780,0,0,68,0,0,0
19781,0,0,7,0,0,0
19782,0,0,0,0,0,0
19783,0,0,7,0,0,0
19784,0,0,3,0,0,0
19785,0,0,0,0,0,0
19786,0,0,7,0,5,0
19787,0,0,17,0,0,0
19788,0,0,0,0,0,0
19789,0,0,0,0,0,0
19790,0,0,5,0,0,0
19791,0,0,1,0,0,0
19792,0,0,0,0,0,0
19793,0,0,23,0,0,0
19794,0,0,27,0,1,2
19795,0,0,10,0,0,0
19796,7,0,29,0,0,0
19797,0,0,83,0,0,0
19798,0,0,0,0,0,0
19799,0,0,19,0,0,0
19800,6,0,59,0,0,0
19801,25,0,6,0,0,0
19802,23,0,0,0,0,0
19803,14,0,16,0,0,0
19804,41,0,12,0,0,0
19805,45,0,0,0,0,0
19806,12,0,3,0,0,0
19807,21,0,3,0,0,0
19808,25,0,0,13,0,0
19809,16,0,15,0,0,0
19810,32,0,13,0,0,0
19811,18,0,0,0,0,0
19812,0,0,14,0,0,0
19813,19,0,52,0,2,0
19814,0,0,4,0,0,0
19815,0,0,42,0,0,0
19816,1,0,83,0,0,0
19817,6,0,0,0,0,0
19818,0,0,44,0,0,0
19819,24,0,108,0,0,0
19820,0,0,0,0,0,0
19821,0,0,58,0,0,0
19822,0,0,88,0,0,0
19823,0,0,4,0,0,0
19824,0,0,40,0,0,0
19825,31,0,176,0,0,0
19826,1,0,16,0,0,0
19827,2,0,0,0,0,0
19828,0,0,32,0,0,0
19829,0,0,25,0,0,0
19830,0,0,0,0,0,0
19831,0,0,5,0,0,0
19832,0,0,1,0,0,0
19833,0,0,0,0,0,0
19834,0,0,0,0,0,0
19835,0,0,3,0,0,0
19836,0,0,0,0,0,0
19837,0,0,0,0,0,0
19838,0,0,0,0,0,0
19839,0,0,3,0,0,0
19840,0,0,0,0,0,0
19841,0,0,7,1,0,0
19842,0,0,12,0,0,0
19843,0,0,0,0,0,0
19844,0,0,0,0,0,0
19845,0,0,0,0,0,0
19846,0,0,0,0,0,0
19847,0,0,0,0,0,0
19848,0,0,0,0,0,0
19849,0,0,0,0,0,0
19850,0,0,0,0,0,0
19851,0,0,0,0,0,0
19852,0,0,0,0,0,0
19853,0,0,0,0,0,0
19854,0,0,0,0,0,0
19855,0,0,0,0,0,0
19856,0,0,0,0,0,0
19857,0,0,0,0,0,0
19858,28,0,0,0,0,0
19859,41,0,0,0,0,0
19860,4,0,0,0,0,0
19861,0,0,0,0,0,0
19862,0,0,0,0,0,0
19863,2,0,0,5,0,0
19864,9,0,0,4,0,0
19865,31,0,0,0,0,0
19866,28,0,0,0,0,0
19867,27,0,9,0,0,0
19868,21,0,0,0,0,0
19869,0,0,18,0,4,0
19870,0,0,108,0,0,0
19871,0,0,131,0,0,0
19872,0,0,68,0,0,0
19873,0,0,58,0,0,6
19874,0,0,48,0,0,0
19875,0,0,15,0,0,0
19876,0,0,0,1,2,0
19877,0,0,6,0,0,0
19878,0,0,3,0,0,0
19879,0,0,6,0,0,0
19880,0,0,0,0,0,0
19881,0,0,0,0,0,0
19882,0,0,3,0,0,0
19883,16,0,2,0,0,0
19884,31,0,9,0,0,0
19885,4,0,15,0,0,0
19886,1,0,47,0,0,0
19887,0,0,40,0,0,0
19888,0,0,1,0,0,0
19889,0,0,0,0,0,0
19890,0,0,0,0,0,0
19891,0,0,2,0,0,0
19892,0,0,4,0,0,0
19893,0,0,0,0,0,0
19894,0,0,5,0,0,0
19895,0,0,8,0,0,0
19896,0,0,0,1,0,0
19897,0,0,29,0,0,1
19898,0,0,101,0,0,0
19899,0,0,18,0,2,0
19900,0,0,9,0,0,0
19901,0,0,186,0,0,0
19902,0,0,35,0,0,0
19903,0,0,14,0,0,0
19904,0,0,146,0,0,2
19905,0,0,28,0,0,0
19906,0,0,0,0,2,0
19907,0,0,80,0,0,0
19908,0,0,19,0,0,0
19909,0,0,0,0,0,0
19910,0,0,37,0,0,0
19911,0,0,20,0,0,0
19912,0,0,0,0,0,0
19913,0,0,13,0,0,0
19914,0,0,17,0,0,8
19915,0,0,0,0,0,0
19916,0,0,8,0,0,0
19917,0,0,32,0,0,0
19918,0,0,10,0,0,0
19919,0,0,0,0,0,0
19920,0,0,41,0,0,0
19921,0,0,16,0,0,0
19922,0,0,0,6,0,0
19923,0,0,116,0,0,3
19924,0,0,76,0,0,0
19925,0,0,5,0,0,0
19926,0,0,54,0,0,0
19927,0,0,141,0,0,0
19928,0,0,7,0,0,0
19929,0,0,29,0,0,0
19930,0,0,255,0,0,6
19931,10,0,23,0,0,0
19932,0,0,6,0,0,0
19933,0,0,108,0,0,0
19934,0,0,73,0,0,0
19935,0,0,0,0,0,0
19936,0,0,46,4,0,0
19937,0,0,57,0,0,0
19938,0,0,0,0,0,0
19939,0,0,6,0,0,0
19940,0,0,23,0,0,0
19941,0,0,12,0,0,0
19942,0,0,0,0,0,0
19943,0,0,26,0,0,0
19944,0,0,7,0,0,0
19945,0,0,0,0,0,0
19946,0,0,0,0,0,0
19947,0,0,48,0,0,0
19948,0,0,16,0,0,0
19949,0,0,0,0,0,0
19950,0,0,54,0,0,1
19951,0,0,64,0,0,0
19952,0,0,0,0,0,0
19953,0,0,17,0,0,0
19954,0,0,25,0,0,0
19955,0,0,0,0,0,0
19956,0,0,6,0,0,0
19957,0,0,53,0,0,0
19958,0,0,27,0,2,0
19959,0,0,1,0,0,0
19960,0,0,47,0,0,0
19961,0,0,53,0,0,0
19962,0,0,8,0,0,0
19963,0,0,23,5,0,0
19964,0,0,115,0,5,0
19965,0,0,40,0,1,0
19966,0,0,0,0,0,0
19967,0,0,126,0,3,5
19968,0,0,77,0,0,0
19969,0,0,0,0,0,0
19970,0,0,80,0,0,0
19971,0,0,96,0,0,0
19972,0,0,0,0,0,0
19973,0,0,32,0,0,0
19974,0,0,116,0,0,0
19975,0,0,4,0,0,0
19976,0,0,15,0,0,0
19977,0,0,108,0,0,0
19978,0,0,14,0,0,0
19979,0,0,0,0,0,0
19980,0,0,42,0,0,0
19981,0,0,17,0,0,0
19982,0,0,0,0,0,0
19983,0,0,26,0,0,0
19984,0,0,16,0,0,0
19985,0,0,0,0,0,0
19986,1,0,3,0,0,0
19987,0,0,31,0,0,0
19988,0,0,4,0,0,0
19989,0,0,0,0,0,0
19990,0,0,29,0,0,0
19991,0,0,0,0,0,0
19992,0,0,0,0,0,0
19993,0,0,9,0,0,0
19994,0,0,10,0,0,0
19995,0,0,0,0,0,0
19996,0,0,8,2,0,0
19997,0,0,15,0,0,0
19998,0,0,8,0,0,0
19999,0,0,0,0,0,0
20000,0,0,2,0,0,0
20001,0,0,0,0,0,0
20002,0,0,0,0,0,0
20003,0,0,0,0,0,0
20004,0,0,0,0,0,0
20005,0,0,0,0,0,0
20006,0,0,0,0,0,0
20007,0,0,0,0,0,0
20008,0,0,0,0,0,0
20009,0,0,0,0,0,0
20010,0,0,0,0,0,0
20011,0,0,0,0,0,0
20012,0,0,0,0,0,0
20013,0,0,0,0,0,0
20014,0,0,0,0,0,0
20015,0,0,0,0,0,0
20016,0,0,0,0,0,0
20017,0,0,0,0,0,0
20018,0,0,0,0,0,0
20019,0,0,0,0,0,0
20020,0,0,0,0,0,0
20021,0,0,0,0,0,0
20022,0,0,0,0,0,0
20023,0,0,0,0,0,0
20024,0,0,0,0,0,0
20025,0,0,0,0,0,0
20026,0,0,0,0,0,0
20027,0,0,0,0,0,0
20028,0,0,0,0,0,0
20029,0,0,0,0,0,0
20030,0,0,0,0,0,0
20031,0,0,0,0,0,0
20032,0,0,0,0,0,0
20033,0,0,0,0,0,0
20034,0,0,0,0,0,0
20035,0,0,0,0,0,0
20036,0,0,0,0,0,0
20037,0,0,0,0,0,0
20038,0,0,0,0,0,0
20039,0,0,0,19,0,0
20040,0,0,0,0,0,0
20041,0,0,0,0,0,0
20042,0,0,0,0,0,0
20043,0,0,0,0,0,0
20044,0,0,0,0,0,0
20045,0,0,0,0,0,0
20046,0,0,0,0,0,0
20047,0,0,0,7,1,0
20048,0,0,0,0,0,0
20049,0,0,4,0,0,0
20050,0,0,0,0,0,0
20051,0,0,0,0,0,0
20052,0,0,0,0,0,0
20053,0,0,0,0,0,0
20054,0,0,0,0,0,0
20055,0,0,0,0,0,0
20056,0,0,0,0,1,0
20057,0,0,1,0,0,0
20058,0,0,0,0,0,0
20059,0,0,0,0,0,0
20060,0,0,0,0,0,0
20061,6,0,0,0,0,0
20062,59,0,0,0,0,0
20063,140,0,0,0,0,0
20064,319,0,0,0,0,0
20065,505,0,0,0,0,0
20066,255,0,0,0,0,0
20067,132,2,0,0,0,0
20068,266,41,0,0,0,0
20069,85,0,0,15,0,0
20070,150,4,0,6,0,0
20071,313,37,0,0,0,0
20072,132,33,0,0,0,0
20073,47,0,0,0,0,0
20074,182,1,0,0,0,0
20075,294,16,0,0,0,0
20076,170,7,0,0,0,0
20077,30,0,0,0,0,0
20078,123,0,0,0,0,0
20079,194,31,0,0,0,0
20080,40,0,0,0,0,0
20081,4,0,0,0,0,0
20082,0,0,0,0,0,0
20083,21,0,0,0,0,0
20084,57,0,0,0,0,0
20085,24,0,0,0,0,0
20086,19,0,0,0,0,0
20087,2,0,0,0,0,0
20088,10,0,0,0,0,0
20089,0,0,0,0,0,0
20090,0,0,0,0,0,0
20091,0,0,0,0,0,0
20092,4,0,0,0,0,0
20093,11,0,0,0,0,0
20094,0,0,0,0,0,0
20095,0,0,0,0,0,0
20096,0,0,0,0,0,0
20097,0,0,0,0,0,0
20098,0,0,0,0,0,0
20099,0,0,0,0,0,0
20100,0,0,0,0,0,0
20101,0,0,0,0,0,0
20102,0,0,0,0,0,0
20103,0,0,0,0,0,0
20104,0,0,0,0,0,0
20105,0,0,0,0,0,0
20106,0,0,0,0,0,0
20107,0,0,0,0,0,0
20108,0,0,0,0,0,0
20109,0,0,0,0,0,0
20110,0,0,0,0,0,0
20111,0,0,0,0,0,0
20112,0,0,0,0,0,0
20113,0,0,0,0,0,0
20114,0,0,0,30,0,0
20115,0,0,0,0,0,0
20116,0,0,15,0,0,0
20117,0,0,6,0,1,0
20118,0,0,0,0,0,0
20119,0,0,0,0,0,0
20120,0,0,0,0,0,0
20121,0,0,0,0,0,0
20122,0,0,0,0,0,0
20123,0,0,0,0,0,0
20124,0,0,0,0,0,0
20125,0,0,0,0,0,0
20126,0,0,0,0,0,0
20127,0,0,0,0,0,0
20128,0,0,0,0,0,0
20129,0,0,2,0,0,0
20130,2,0,2,0,0,0
20131,0,0,0,0,0,2
20132,0,0,0,0,0,0
20133,16,0,2,0,0,0
20134,20,0,0,0,0,0
20135,31,0,0,0,0,0
20136,17,0,0,0,0,0
20137,51,0,0,0,0,0
20138,54,0,0,0,0,0
20139,26,0,0,0,0,0
20140,1,0,1,0,0,0
20141,0,0,0,0,0,0
20142,0,0,0,0,0,0
20143,0,0,0,0,0,0
20144,0,0,0,0,0,0
20145,0,0,0,0,0,0
20146,0,0,0,0,2,0
20147,0,0,0,0,0,0
20148,0,0,0,0,0,0
20149,4,0,0,0,0,0
20150,0,0,2,0,0,0
20151,0,0,0,0,0,0
20152,0,0,0,0,0,0
20153,0,0,0,0,0,0
20154,0,0,0,0,0,0
20155,0,0,0,0,0,0
20156,0,0,0,0,0,0
20157,0,0,0,0,0,0
20158,0,0,0,0,0,0
20159,0,0,0,0,0,0
20160,0,0,0,0,0,0
20161,0,0,0,0,0,0
20162,0,0,0,0,0,0
20163,0,0,0,0,0,0
20164,0,0,0,0,0,0
20165,0,0,0,0,0,0
20166,0,0,0,0,0,0
20167,0,0,0,0,0,0
20168,0,0,0,0,0,0
20169,0,0,0,0,0,0
20170,0,0,0,0,0,0
20171,0,0,0,0,0,0
20172,0,0,0,0,0,0
20173,0,0,0,7,0,0
20174,0,0,0,1,0,0
20175,0,0,0,0,0,0
20176,0,0,0,0,0,0
20177,0,0,0,0,0,0
20178,0,0,0,0,0,0
20179,0,0,0,0,0,0
20180,0,0,0,0,0,0
20181,0,0,1,0,0,0
20182,0,0,0,0,0,0
20183,0,0,0,0,0,0
20184,0,0,0,0,0,0
20185,0,0,0,0,0,0
20186,0,0,0,0,0,0
20187,0,0,0,0,0,0
20188,0,0,0,0,0,0
20189,0,0,0,0,0,0
20190,0,0,0,0,0,0
20191,0,0,0,3,1,0
20192,3,0,1,0,0,0
20193,0,0,0,0,0,0
20194,0,0,0,0,0,0
20195,0,0,13,0,0,0
20196,0,0,3,0,0,0
20197,0,0,0,0,0,0
20198,0,0,4,0,0,0
20199,0,0,15,0,0,0
20200,0,0,0,0,0,0
20201,0,0,17,0,7,0
20202,0,0,44,0,0,0
20203,0,0,1,0,0,0
20204,0,0,6,0,0,0
20205,0,0,28,0,0,0
20206,0,0,10,2,0,0
20207,0,0,3,0,0,0
20208,0,0,15,0,0,0
20209,0,0,0,0,0,0
20210,0,0,0,0,0,0
20211,0,0,11,0,0,0
20212,0,0,0,0,0,0
20213,0,0,0,0,0,0
20214,0,0,0,0,0,0
20215,0,0,0,0,0,0
20216,0,0,0,0,0,0
20217,0,0,2,0,0,0
20218,0,0,15,0,0,0
20219,0,0,0,0,0,0
20220,0,0,0,0,0,0
20221,0,0,11,0,0,1
20222,0,0,0,0,0,0
20223,0,0,1,0,0,0
20224,0,0,52,0,0,0
20225,0,0,38,0,0,2
20226,0,0,0,0,0,0
20227,0,0,16,0,0,0
20228,0,0,5,0,0,0
20229,0,0,0,0,0,0
20230,0,0,4,0,0,0
20231,0,0,0,0,0,0
20232,0,0,0,8,0,0
20233,0,0,0,0,0,0
20234,0,0,0,0,0,0
20235,0,0,0,0,0,0
20236,0,0,0,0,0,0
20237,0,0,1,0,0,0
20238,0,0,0,0,0,0
20239,0,0,0,0,0,0
20240,0,0,0,0,0,0
20241,0,0,0,0,0,0
20242,2,0,0,0,0,0
20243,51,0,0,0,0,0
20244,42,0,0,0,0,0
20245,62,0,0,0,0,0
20246,100,0,0,0,0,0
20247,14,0,0,0,0,0
20248,0,0,0,0,0,0
20249,0,0,0,0,0,0
20250,0,0,2,0,0,0
20251,0,0,0,0,0,0
20252,0,0,0,0,0,0
20253,0,0,0,0,0,0
20254,0,0,0,0,0,0
20255,0,0,0,0,0,0
20256,0,0,0,0,0,0
20257,0,0,0,0,0,0
20258,0,0,0,0,0,0
20259,0,0,0,0,0,0
20260,0,0,0,0,0,0
20261,0,0,0,0,0,0
20262,0,0,0,0,0,0
20263,0,0,0,0,0,0
20264,0,0,0,0,0,0
20265,0,0,0,0,0,0
20266,0,0,0,0,0,1
20267,0,0,1,0,0,0
20268,0,0,0,0,0,0
20269,0,0,0,0,0,0
20270,0,0,4,0,0,0
20271,0,0,0,0,0,0
20272,0,0,0,0,0,0
20273,0,0,1,0,0,0
20274,0,0,0,0,0,0
20275,0,0,0,0,0,0
20276,0,0,0,0,0,0
20277,0,0,0,0,0,0
20278,0,0,0,0,0,0
20279,0,0,0,0,0,0
20280,0,0,0,0,0,0
20281,0,0,0,0,0,0
20282,0,0,0,0,0,0
20283,0,0,0,0,0,0
20284,0,0,0,0,0,0
20285,0,0,0,0,0,0
20286,0,0,0,0,0,0
20287,0,0,0,0,0,0
20288,0,0,0,0,0,0
20289,0,0,8,0,0,0
20290,0,0,0,0,0,0
20291,0,0,0,0,0,0
20292,0,0,2,0,0,0
20293,0,0,2,0,0,0
20294,0,0,0,0,0,0
20295,0,0,9,0,0,0
20296,0,0,67,0,0,0
20297,0,0,0,0,0,0
20298,0,0,38,0,0,0
20299,0,0,32,0,0,0
20300,0,0,0,0,0,0
20301,0,0,0,0,0,0
20302,0,0,4,0,0,0
20303,0,0,0,0,0,0
20304,0,0,0,0,0,0
20305,0,0,1,0,0,0
20306,0,0,0,2,0,0
20307,0,0,0,0,0,0
20308,0,0,0,0,0,0
20309,0,0,0,0,0,0
20310,0,0,0,0,0,0
20311,0,0,0,0,0,0
20312,0,0,0,0,0,0
20313,0,0,0,6,0,0
20314,0,0,0,0,0,0
20315,0,0,0,0,0,0
20316,0,0,0,0,0,0
20317,0,0,0,0,0,0
20318,0,0,0,0,0,0
20319,0,0,0,0,0,0
20320,0,0,0,0,0,0
20321,0,0,0,0,0,0
20322,0,0,0,0,0,0
20323,0,0,0,0,0,0
20324,0,0,0,0,0,0
20325,0,0,0,0,0,0
20326,0,0,0,2,0,0
20327,0,0,0,1,0,0
20328,0,0,0,0,0,0
20329,0,0,0,0,0,0
20330,0,0,0,0,0,0
20331,0,0,0,0,0,0
20332,0,0,0,0,0,0
20333,0,0,0,0,0,0
20334,0,0,0,0,0,0
20335,0,0,0,0,0,0
20336,0,0,0,0,0,0
20337,0,0,0,0,0,0
20338,0,0,0,0,0,0
20339,0,0,0,0,0,0
20340,0,0,0,0,0,0
20341,0,0,0,0,0,0
20342,0,0,0,0,0,0
20343,0,0,0,0,0,0
20344,0,0,0,0,0,0
20345,0,0,0,0,0,0
20346,0,0,0,0,0,0
20347,0,0,7,0,0,0
20348,0,0,0,0,0,0
20349,0,0,0,0,0,0
20350,0,0,0,0,0,0
20351,0,0,0,0,0,0
20352,0,0,0,0,0,0
20353,0,0,0,0,0,0
20354,0,0,0,0,4,0
20355,0,0,0,6,0,0
20356,0,0,0,0,1,0
20357,0,0,0,0,0,0
20358,0,0,0,0,0,0
20359,0,0,0,0,0,0
20360,0,0,0,0,0,0
20361,0,0,0,0,0,0
20362,0,0,0,0,0,0
20363,0,0,0,0,0,0
20364,0,0,0,0,0,0
20365,0,0,0,0,0,0
20366,0,0,0,0,0,0
20367,0,0,0,0,0,0
20368,0,0,0,0,0,0
20369,0,0,0,0,0,0
20370,0,0,0,0,0,0
20371,0,0,0,3,1,0
20372,0,0,0,0,0,0
20373,0,0,0,0,0,0
20374,0,0,0,0,0,0
20375,0,0,0,0,0,0
20376,0,0,0,0,0,0
20377,0,0,0,0,0,0
20378,0,0,0,0,0,0
20379,0,0,0,0,0,0
20380,0,0,0,0,0,0
20381,0,0,0,0,0,0
20382,0,0,0,0,0,0
20383,0,0,0,0,0,0
20384,0,0,0,0,0,0
20385,0,0,0,0,0,0
20386,0,0,0,6,0,0
20387,0,0,0,0,0,0
20388,0,0,2,0,0,0
20389,0,0,0,0,0,0
20390,0,0,0,0,0,0
20391,0,0,3,0,0,0
20392,0,0,1,0,2,0
20393,0,0,0,0,5,0
20394,0,0,1,0,0,0
20395,0,0,6,0,0,0
20396,0,0,0,0,0,0
20397,0,0,0,0,0,0
20398,0,0,7,0,0,6
20399,0,0,0,0,0,4
20400,0,0,0,0,0,0
20401,0,0,0,0,0,0
20402,0,0,0,19,0,0
20403,0,0,0,0,0,0
20404,0,0,0,0,0,0
20405,0,0,0,0,0,0
20406,0,0,0,0,0,0
20407,0,0,0,0,0,0
20408,0,0,0,0,0,0
20409,0,0,0,0,0,0
20410,0,0,0,0,0,0
20411,0,0,0,0,0,0
20412,0,0,0,0,0,0
20413,0,0,0,0,0,0
20414,0,0,0,0,0,0
20415,0,0,0,0,0,0
20416,0,0,0,0,0,0
20417,0,0,0,0,0,0
20418,0,0,0,0,0,0
20419,0,0,0,0,0,0
20420,0,0,0,0,0,0
20421,0,0,0,0,0,0
20422,0,0,0,2,0,0
20423,1,0,0,0,0,0
20424,0,0,0,3,0,0
20425,0,0,2,0,0,0
20426,0,0,0,0,0,0
20427,0,0,0,0,0,0
20428,0,0,0,0,0,0
20429,0,0,0,0,0,0
20430,0,0,1,0,0,0
20431,0,0,0,0,0,0
20432,0,0,0,0,0,0
20433,0,0,2,0,0,0
20434,8,0,0,0,0,0
20435,25,0,0,0,0,0
20436,72,0,0,0,0,0
20437,166,0,0,0,0,0
20438,209,0,0,0,0,0
20439,217,0,0,0,0,0
20440,130,0,0,0,0,0
20441,22,0,0,0,0,0
20442,0,0,0,0,0,0
20443,0,0,0,0,0,0
20444,0,0,0,0,0,0
20445,0,0,0,0,0,0
20446,7,0,0,0,0,0
20447,4,0,0,0,0,0
20448,19,0,0,0,0,0
20449,2,0,0,0,0,0
20450,4,0,0,0,0,0
20451,0,0,0,0,0,0
20452,0,0,0,0,0,0
20453,0,0,0,0,0,0
20454,0,0,0,0,0,0
20455,10,0,0,0,0,0
20456,0,0,0,0,0,0
20457,0,0,0,0,0,0
20458,0,0,0,0,0,0
20459,0,0,0,0,0,0
20460,0,0,0,0,5,0
20461,0,0,0,0,0,0
20462,0,0,0,0,0,0
20463,1,0,0,0,0,0
20464,0,0,0,0,0,0
20465,0,0,0,0,0,0
20466,0,0,0,0,0,0
20467,9,0,0,0,0,0
20468,0,0,0,0,2,0
20469,0,0,0,0,0,0
20470,0,0,0,0,0,0
20471,0,0,0,0,0,0
20472,0,0,0,0,0,0
20473,0,0,0,0,0,0
20474,0,0,0,0,0,0
20475,0,0,0,0,0,0
20476,0,0,0,0,0,0
20477,0,0,0,0,0,0
20478,0,0,0,0,0,0
20479,0,0,0,0,0,0
20480,0,0,0,0,0,0
20481,0,0,0,0,0,0
20482,0,0,0,0,0,0
20483,0,0,0,0,0,0
20484,0,0,0,0,0,0
20485,0,0,0,0,0,0
20486,0,0,0,0,0,0
20487,0,0,0,4,0,0
20488,0,0,0,0,0,0
20489,0,0,0,0,0,0
20490,0,0,0,0,0,0
20491,0,0,0,0,0,0
20492,0,0,0,0,0,0
20493,0,0,0,0,0,0
20494,0,0,0,0,0,0
20495,0,0,0,0,0,0
20496,0,0,0,0,0,0
20497,0,0,0,0,0,0
20498,0,0,0,0,0,0
20499,0,0,0,0,0,0
20500,0,0,0,0,0,0
20501,0,0,0,0,0,0
20502,0,0,0,0,0,0
20503,0,0,0,0,0,0
20504,0,0,0,0,0,0
20505,0,0,0,0,0,0
20506,0,0,0,0,3,0
20507,0,0,0,0,0,0
20508,0,0,0,0,0,0
20509,0,0,0,0,0,0
20510,0,0,0,0,0,0
20511,0,0,0,0,0,0
20512,0,0,0,0,0,0
20513,0,0,0,2,0,0
20514,0,0,0,0,0,0
20515,0,0,0,0,0,0
20516,0,0,0,0,0,0
20517,0,0,0,0,0,0
20518,0,0,7,0,0,0
20519,0,0,0,0,0,0
20520,0,0,0,0,0,0
20521,0,0,8,2,0,0
20522,0,0,0,0,0,0
20523,0,0,0,0,0,0
20524,0,0,0,0,0,0
20525,0,0,0,0,0,0
20526,0,0,0,0,0,0
20527,0,0,0,0,0,0
20528,0,0,0,0,0,0
20529,0,0,0,0,0,0
20530,0,0,0,0,0,0
20531,0,0,0,0,0,0
20532,0,0,0,0,0,0
20533,0,0,0,0,0,0
20534,0,0,0,0,0,0
20535,0,0,0,0,0,0
20536,0,0,0,0,0,0
20537,0,0,0,0,0,0
20538,0,0,0,0,0,0
20539,0,0,0,0,0,0
20540,0,0,0,0,0,0
20541,0,0,0,0,0,0
20542,0,0,0,0,0,0
20543,0,0,0,0,0,0
20544,0,0,0,0,0,0
20545,0,0,0,0,0,0
20546,0,0,0,0,0,0
20547,0,0,0,0,0,0
20548,0,0,0,0,0,0
20549,0,0,0,0,0,0
20550,0,0,0,0,0,0
20551,0,0,0,1,2,0
20552,0,0,0,0,0,0
20553,0,0,0,8,0,0
20554,15,0,0,0,0,1
20555,38,0,0,0,0,0
20556,38,0,0,0,0,0
20557,32,0,0,0,0,0
20558,113,0,0,0,0,0
20559,210,0,0,0,0,0
20560,187,0,8,0,0,0
20561,84,0,1,0,0,0
20562,0,0,0,0,0,0
20563,0,0,34,0,0,0
20564,80,0,30,0,0,0
20565,84,0,0,0,0,0
20566,18,0,13,1,0,0
20567,20,0,23,0,0,0
20568,17,0,0,1,0,0
20569,28,0,9,0,0,0
20570,69,0,2,0,0,0
20571,42,0,0,0,0,0
20572,16,0,0,0,0,0
20573,12,0,4,0,0,0
20574,0,0,0,0,0,0
20575,0,0,0,0,0,0
20576,0,0,0,0,0,0
20577,0,0,0,0,0,0
20578,0,0,0,0,0,0
20579,0,0,10,0,0,0
20580,0,0,0,0,0,0
20581,0,0,0,0,0,0
20582,0,0,6,0,0,0
20583,0,0,0,0,0,0
20584,0,0,0,0,0,0
20585,22,0,0,0,0,0
20586,183,0,0,0,0,0
20587,319,0,0,0,0,0
20588,426,0,2,0,0,0
20589,542,0,8,0,0,0
20590,634,0,0,0,0,0
20591,596,0,1,0,0,0
20592,544,0,0,0,0,0
20593,379,0,0,0,0,0
20594,112,0,0,0,0,0
20595,71,0,0,0,0,0
20596,353,0,2,0,0,0
20597,426,0,0,0,0,0
20598,409,0,4,2,0,0
20599,423,0,0,0,0,0
20600,413,0,0,0,0,0
20601,411,0,0,0,0,0
20602,499,0,6,0,0,0
20603,552,0,0,0,0,0
20604,585,0,0,0,0,0
20605,674,0,0,0,0,0
20606,679,0,0,0,0,0
20607,671,0,3,0,0,0
20608,723,0,14,0,3,0
20609,678,0,6,0,0,0
20610,589,0,0,0,0,0
20611,411,0,11,0,0,0
20612,175,0,14,0,0,0
20613,31,0,0,0,0,0
20614,0,0,0,0,0,0
20615,0,0,0,24,0,0
20616,2,0,0,0,0,0
20617,13,0,0,0,0,0
20618,94,0,0,0,0,0
20619,186,0,0,0,0,0
20620,238,0,1,0,0,0
20621,421,0,0,0,0,0
20622,462,0,0,0,0,0
20623,551,0,0,0,0,0
20624,662,0,0,0,0,0
20625,690,0,0,0,0,0
20626,589,0,0,0,0,0
20627,481,0,2,0,0,0
20628,274,0,0,0,0,0
20629,23,0,0,0,0,0
20630,41,0,0,0,0,0
20631,333,0,0,0,0,0
20632,453,0,0,0,0,0
20633,477,0,0,0,0,0
20634,476,0,0,0,0,0
20635,414,0,0,0,0,0
20636,376,0,0,0,0,0
20637,185,0,0,0,0,0
20638,15,0,0,0,0,0
20639,0,0,0,0,0,0
20640,0,0,0,0,0,0
20641,53,0,0,3,0,1
20642,214,0,0,0,0,0
20643,278,0,0,0,0,0
20644,223,0,0,0,0,0
20645,102,0,0,0,0,0
20646,0,0,0,0,0,0
20647,0,0,0,0,0,0
20648,1,0,0,0,0,0
20649,29,0,0,0,0,0
20650,0,0,0,0,0,0
20651,0,0,0,0,0,0
20652,0,0,0,0,0,0
20653,0,0,0,0,0,0
20654,1,0,0,0,0,0
20655,0,0,0,0,0,0
20656,2,0,4,0,0,0
20657,0,0,0,0,0,0
20658,0,0,0,0,0,0
20659,0,0,0,0,0,0
20660,0,0,2,0,0,0
20661,0,0,0,0,0,0
20662,0,0,0,0,0,0
20663,2,0,3,0,0,0
20664,0,0,1,0,0,0
20665,0,0,0,0,0,0
20666,0,0,0,0,0,0
20667,11,0,1,0,0,0
20668,13,0,0,0,0,0
20669,0,0,0,0,0,0
20670,9,0,1,0,0,0
20671,4,0,0,2,0,0
20672,0,0,0,0,0,0
20673,0,0,1,0,1,0
20674,0,0,2,0,0,0
20675,23,0,0,0,0,0
20676,39,0,5,0,0,0
20677,8,0,0,0,0,0
20678,21,0,0,0,0,0
20679,33,0,0,0,0,0
20680,26,0,16,0,0,0
20681,13,0,103,0,0,0
20682,32,0,97,6,0,0
20683,184,0,37,0,0,0
20684,178,0,4,0,0,0
20685,243,0,0,0,0,0
20686,290,0,3,0,0,0
20687,212,0,35,0,0,0
20688,135,0,17,0,0,0
20689,119,0,7,0,0,0
20690,54,0,0,0,0,0
20691,41,0,0,0,0,0
20692,11,0,4,0,0,0
20693,18,0,2,0,0,0
20694,7,0,5,0,0,0
20695,3,0,16,0,0,0
20696,2,0,47,0,0,0
20697,0,0,3,0,0,0
20698,3,0,30,0,0,0
20699,0,0,11,0,0,0
20700,0,0,0,0,0,0
20701,0,0,0,0,0,0
20702,0,0,0,0,0,0
20703,0,0,0,0,0,0
20704,0,0,0,0,0,0
20705,0,0,0,0,0,0
20706,0,0,0,0,0,0
20707,0,0,0,0,0,0
20708,0,0,0,0,0,0
20709,0,0,0,0,0,0
20710,0,0,0,0,0,0
20711,0,0,4,0,0,0
20712,0,0,0,0,0,0
20713,0,0,0,0,0,0
20714,0,0,0,0,0,0
20715,0,0,0,0,0,0
20716,0,0,0,0,0,0
20717,0,0,0,0,0,0
20718,0,0,2,1,0,0
20719,0,0,0,0,0,0
20720,0,0,0,0,0,0
20721,0,0,0,0,0,0
20722,0,0,1,0,0,0
20723,0,0,0,0,0,0
20724,0,0,0,0,0,0
20725,0,0,0,0,0,0
20726,0,0,0,0,0,0
20727,0,0,0,0,0,0
20728,0,0,0,0,0,0
20729,0,0,0,0,0,0
20730,0,0,0,0,0,0
20731,0,0,0,1,0,0
20732,0,0,0,0,0,0
20733,0,0,0,0,0,0
20734,0,0,3,0,0,0
20735,0,0,1,0,0,0
20736,0,0,0,0,0,0
20737,0,0,3,0,0,0
20738,0,0,0,0,0,0
20739,0,0,0,0,0,0
20740,0,0,0,0,0,0
20741,0,0,0,0,0,0
20742,0,0,0,0,0,0
20743,0,0,0,0,0,0
20744,0,0,0,0,0,0
20745,0,0,0,0,0,0
20746,0,0,0,0,0,0
20747,0,0,0,0,0,0
20748,0,0,0,0,0,0
20749,0,0,0,0,0,0
20750,0,0,0,0,0,0
20751,0,0,0,0,0,0
20752,0,0,0,0,0,0
20753,0,0,0,0,0,0
20754,0,0,0,0,0,0
20755,0,0,0,0,0,0
20756,0,0,0,0,0,0
20757,0,0,0,0,0,0
20758,0,0,0,0,0,0
20759,0,0,0,0,0,0
20760,0,0,0,0,0,0
20761,0,0,0,0,0,0
20762,0,0,0,0,0,0
20763,0,0,0,0,0,0
20764,0,0,0,2,0,0
20765,0,0,0,6,0,0
20766,0,0,0,0,0,0
20767,0,0,0,0,0,0
20768,0,0,0,0,0,0
20769,0,0,0,0,0,0
20770,0,0,0,0,0,0
20771,0,0,0,0,0,0
20772,0,0,0,0,0,0
20773,0,0,0,0,0,0
20774,0,0,0,0,0,0
20775,0,0,0,0,0,0
20776,0,0,0,2,0,0
20777,0,0,0,0,0,0
20778,0,0,0,0,0,0
20779,0,0,0,0,0,0
20780,0,0,0,0,0,0
20781,0,0,0,0,0,0
20782,0,0,0,0,0,0
20783,1,0,0,0,0,0
20784,0,0,0,0,0,0
20785,0,0,0,0,0,0
20786,0,0,0,0,0,0
20787,72,0,0,0,0,0
20788,223,0,1,0,0,0
20789,354,0,0,0,0,0
20790,283,2,0,0,0,0
20791,255,28,0,0,0,0
20792,131,13,0,0,0,0
20793,51,0,0,0,0,0
20794,39,0,0,0,0,0
20795,7,0,0,0,0,0
20796,3,0,0,0,0,0
20797,31,0,0,0,0,0
20798,50,0,0,6,0,0
20799,37,0,0,0,0,0
20800,88,0,0,0,0,0
20801,80,1,0,0,0,0
20802,68,0,0,0,0,0
20803,32,0,0,0,0,0
20804,34,0,2,0,0,0
20805,86,0,0,0,0,0
20806,19,0,4,0,0,0
20807,9,0,4,0,0,0
20808,0,0,2,0,0,0
20809,0,0,0,0,0,0
20810,0,0,14,0,0,0
20811,0,0,6,0,0,0
20812,0,0,0,0,0,0
20813,11,0,4,0,0,0
20814,0,0,3,0,0,0
20815,0,0,0,0,0,0
20816,0,0,0,0,0,0
20817,0,0,0,0,0,0
20818,0,0,0,0,0,0
20819,0,0,0,0,0,0
20820,0,0,0,0,0,0
20821,0,0,0,0,1,0
20822,0,0,0,0,0,0
20823,0,0,0,0,0,0
20824,0,0,0,0,0,0
20825,0,0,0,0,0,0
20826,0,0,1,0,0,0
20827,0,0,8,0,0,0
20828,0,0,2,0,0,0
20829,0,0,0,0,0,0
20830,0,0,0,0,0,0
20831,0,0,0,0,0,0
20832,0,0,0,0,0,0
20833,0,0,0,0,0,0
20834,8,0,0,1,0,0
20835,0,0,0,0,0,0
20836,0,0,0,0,0,0
20837,0,0,0,0,0,0
20838,0,0,0,0,0,0
20839,0,0,0,0,0,0
20840,0,0,0,0,0,0
20841,0,0,0,0,0,0
20842,0,0,0,0,0,0
20843,0,0,0,0,0,0
20844,0,0,0,0,0,0
20845,0,0,1,0,0,0
20846,0,0,0,0,0,0
20847,0,0,0,0,0,0
20848,0,0,0,0,0,0
20849,0,0,0,0,0,0
20850,0,0,0,0,0,0
20851,0,0,0,0,1,0
20852,0,0,2,0,0,0
20853,0,0,0,0,0,0
20854,0,0,0,0,0,0
20855,0,0,0,0,0,0
20856,0,0,0,0,1,0
20857,0,0,0,0,0,0
20858,0,0,0,0,0,0
20859,0,0,0,0,0,0
20860,6,0,0,0,0,0
20861,3,0,0,0,0,0
20862,11,0,0,0,0,0
20863,0,0,0,0,0,0
20864,0,0,0,0,0,0
20865,0,0,0,0,0,0
20866,9,0,0,2,0,0
20867,7,0,0,0,0,0
20868,14,0,0,0,0,0
20869,11,0,0,0,0,0
20870,13,0,0,0,0,0
20871,0,0,0,0,0,0
20872,0,0,0,0,0,0
20873,0,0,0,0,0,0
20874,2,0,0,0,0,0
20875,0,0,0,0,0,0
20876,8,0,0,0,0,0
20877,0,0,0,0,0,0
20878,0,0,0,0,0,0
20879,0,0,0,0,0,0
20880,0,0,0,0,0,0
20881,10,0,0,0,0,0
20882,59,0,0,0,0,0
20883,138,25,0,0,0,0
20884,486,209,32,0,0,0
20885,894,397,73,0,4,0
20886,1413,475,62,0,0,0
20887,1737,498,164,0,0,0
20888,1895,532,377,0,0,0
20889,1838,715,625,0,0,0
20890,1703,1205,878,0,0,0
20891,1546,1990,582,0,0,0
20892,1341,2721,544,5,0,0
20893,1005,3463,264,0,0,0
20894,563,3638,0,0,0,0
20895,207,3857,0,0,0,0
20896,181,4108,0,0,0,0
20897,388,4110,0,0,0,0
20898,1693,2795,0,0,0,0
20899,3158,1560,0,0,0,0
20900,3627,1015,0,0,0,0
20901,3843,1115,0,0,0,0
20902,3805,1310,0,0,0,0
20903,3350,1474,0,0,0,0
20904,3131,1663,0,0,0,0
20905,2983,1620,0,0,0,0
20906,2981,1090,0,0,0,0
20907,2586,390,0,0,0,0
20908,2139,164,0,0,0,0
20909,1541,54,0,0,0,0
20910,519,115,0,0,0,0
20911,465,194,0,7,0,0
20912,510,126,0,0,0,0
20913,594,9,0,0,0,0
20914,339,0,0,0,0,0
20915,199,0,0,0,0,0
20916,175,0,0,0,0,0
20917,143,0,0,0,0,0
20918,90,0,0,0,0,0
20919,32,0,0,0,0,0
20920,3,0,0,1,0,0
20921,0,0,0,0,0,0
20922,0,0,0,0,0,0
20923,145,0,3,0,0,0
20924,350,12,0,0,0,0
20925,408,35,0,0,0,0
20926,289,40,0,0,0,1
20927,259,51,0,0,0,0
20928,119,3,0,0,0,0
20929,16,0,0,0,0,0
20930,49,0,0,0,0,0
20931,87,0,0,0,0,0
20932,140,0,0,0,0,0
20933,129,0,0,0,0,0
20934,89,0,0,0,0,0
20935,29,0,0,0,0,0
20936,89,0,4,0,0,0
20937,162,0,0,0,6,0
20938,328,0,0,0,0,0
20939,238,0,0,0,0,0
20940,110,0,0,0,0,0
20941,56,0,0,2,2,0
20942,127,0,1,0,0,0
20943,88,0,25,0,2,0
20944,76,0,20,0,0,0
20945,91,0,0,0,19,0
20946,81,0,0,0,0,0
20947,27,0,0,0,0,0
20948,43,0,0,0,0,0
20949,46,6,13,0,0,0
20950,177,13,0,0,0,0
20951,227,20,0,0,0,0
20952,247,27,0,0,0,0
20953,259,26,0,0,0,0
20954,213,38,0,0,0,0
20955,319,40,0,0,0,0
20956,353,68,4,0,0,0
20957,383,89,0,0,0,0
20958,417,118,0,0,0,0
20959,623,146,0,0,0,0
20960,600,153,0,0,0,0
20961,555,166,0,3,0,0
20962,668,163,0,12,0,0
20963,747,153,0,0,0,0
20964,842,138,31,0,5,0
20965,868,104,15,0,0,0
20966,975,103,0,0,4,0
20967,990,123,0,0,0,0
20968,1161,151,0,0,0,0
20969,1458,122,0,0,0,0
20970,1676,94,28,0,0,0
20971,2017,87,6,0,0,0
20972,1998,121,0,1,0,0
20973,1937,238,0,0,0,0
20974,1747,306,0,0,0,0
20975,1313,417,0,0,0,0
20976,748,640,1,0,0,0
20977,953,815,33,0,0,7
20978,1253,932,0,0,0,0
20979,1401,1125,0,0,0,0
20980,1996,1487,3,0,0,0
20981,2109,2230,0,0,0,0
20982,2048,2997,0,0,0,0
20983,1844,3745,60,0,0,0
20984,1541,4325,65,0,0,0
20985,1123,4456,0,0,0,0
20986,951,4640,24,1,0,0
20987,728,3549,178,0,0,0
20988,455,2415,647,0,0,0
20989,248,1873,541,0,0,0
20990,65,1224,575,0,0,0
20991,124,553,368,0,0,0
20992,222,374,219,0,0,0
20993,368,577,295,2,0,0
20994,728,573,339,0,0,0
20995,920,595,296,0,0,0
20996,965,826,373,4,0,0
20997,916,664,371,0,0,0
20998,661,356,223,0,0,0
20999,366,220,109,0,0,0
21000,218,223,99,0,0,0
21001,267,379,114,0,0,0
21002,279,269,128,0,0,0
21003,285,0,13,0,0,0
21004,94,33,38,0,0,0
21005,271,78,15,0,0,0
21006,363,58,58,0,0,0
21007,444,94,245,4,0,0
21008,586,106,312,0,0,0
21009,514,87,299,0,0,0
21010,355,33,217,3,0,0
21011,236,22,0,0,0,0
21012,248,15,62,3,0,0
21013,305,35,90,0,0,0
21014,400,240,74,0,0,0
21015,347,423,36,0,0,0
21016,248,339,24,0,0,0
21017,136,72,6,0,0,0
21018,25,0,31,0,0,0
21019,0,0,75,0,0,0
21020,0,0,176,0,0,0
21021,0,0,125,3,5,0
21022,7,6,123,5,0,0
21023,18,91,70,0,0,0
21024,0,121,145,0,0,0
21025,0,99,278,0,0,0
21026,0,92,362,0,0,0
21027,0,99,215,0,0,0
21028,0,50,206,0,0,0
21029,2,41,107,0,0,0
21030,8,17,0,0,0,0
21031,4,21,0,0,0,1
21032,19,17,0,0,0,0
21033,8,56,2,0,0,0
21034,125,121,48,0,0,0
21035,173,100,157,0,0,0
21036,238,81,89,0,0,0
21037,189,40,19,0,0,0
21038,125,0,1,0,0,0
21039,163,5,32,0,0,0
21040,101,38,21,0,0,0
21041,230,122,69,0,0,0
21042,616,313,73,0,0,0
21043,917,374,94,0,0,0
21044,904,316,55,0,0,0
21045,805,225,24,0,0,0
21046,323,41,10,0,0,0
21047,57,109,28,0,0,0
21048,263,349,60,0,0,0
21049,449,538,202,0,0,0
21050,596,501,453,0,14,0
21051,535,710,469,0,4,0
21052,290,872,784,0,16,0
21053,276,660,567,0,0,0
21054,652,5,366,0,1,0
21055,728,452,353,8,0,0
21056,608,471,346,0,0,0
21057,647,190,189,0,0,0
21058,686,53,243,0,4,0
21059,887,222,520,0,0,0
21060,732,177,757,0,4,0
21061,618,96,492,0,0,0
21062,316,105,336,0,0,0
21063,25,99,272,0,0,0
21064,10,12,55,0,0,0
21065,0,2,34,0,0,0
21066,0,6,61,0,0,0
21067,0,0,114,0,0,0
21068,0,0,27,0,0,0
21069,29,0,0,0,0,0
21070,62,0,34,0,0,0
21071,112,18,118,0,0,0
21072,116,4,35,0,0,0
21073,176,19,4,0,0,0
21074,87,5,0,0,0,0
21075,62,22,9,0,0,0
21076,46,2,4,0,0,0
21077,45,0,0,3,0,0
21078,60,0,0,7,0,0
21079,36,0,9,0,0,0
21080,18,0,0,0,0,0
21081,8,0,0,0,0,0
21082,0,0,0,0,0,0
21083,8,0,0,0,0,0
21084,64,0,0,0,0,0
21085,224,0,0,0,0,0
21086,449,1,0,0,0,0
21087,835,0,0,0,0,0
21088,896,34,0,0,0,0
21089,881,60,1,0,0,0
21090,638,6,2,0,0,0
21091,497,74,1,0,0,0
21092,429,8,0,0,0,0
21093,205,4,0,0,0,0
21094,413,0,0,0,0,0
21095,505,0,0,0,0,0
21096,529,0,0,0,0,0
21097,518,0,0,0,0,0
21098,387,0,0,1,0,0
21099,119,0,0,8,0,0
21100,55,0,0,0,0,0
21101,45,17,0,0,0,0
21102,8,0,0,0,0,0
21103,5,0,0,0,0,0
21104,14,0,0,0,4,0
21105,20,0,0,0,0,0
21106,2,0,0,0,0,0
21107,16,0,0,0,0,0
21108,39,0,0,0,0,0
21109,0,0,0,0,0,0
21110,67,0,0,0,0,0
21111,63,0,0,0,6,0
21112,43,0,0,0,0,0
21113,10,0,0,0,0,0
21114,9,0,0,0,0,0
21115,1,0,0,0,0,0
21116,0,0,0,0,0,0
21117,16,0,0,0,0,0
21118,116,0,0,0,0,0
21119,160,0,0,0,0,0
21120,282,0,0,0,0,0
21121,441,0,0,0,0,0
21122,436,0,0,0,0,0
21123,483,0,0,0,0,0
21124,507,0,0,0,0,0
21125,425,0,0,0,0,0
21126,312,0,0,0,0,0
21127,44,0,0,0,0,0
21128,0,0,0,0,0,0
21129,0,0,0,0,0,0
21130,5,0,0,0,0,0
21131,57,0,0,0,0,0
21132,15,0,0,0,0,0
21133,7,0,0,0,0,0
21134,1,0,0,14,0,0
21135,0,0,0,0,0,0
21136,0,0,0,0,0,0
21137,0,0,0,1,0,0
21138,0,0,0,0,0,0
21139,0,0,0,0,0,0
21140,0,0,0,0,0,0
21141,0,0,0,0,0,0
21142,0,0,0,0,0,0
21143,0,0,0,0,0,0
21144,0,0,0,0,0,0
21145,0,0,0,0,0,0
21146,0,0,0,0,0,3
21147,0,0,0,0,0,0
21148,0,0,0,0,0,0
21149,0,0,0,0,0,0
21150,0,0,0,0,0,0
21151,0,0,0,0,0,0
21152,0,0,0,0,0,0
21153,0,0,0,0,0,0
21154,0,0,0,0,0,0
21155,0,0,0,0,0,0
21156,0,0,0,0,0,0
21157,0,0,0,0,0,0
21158,0,0,0,0,0,0
21159,0,0,0,0,0,0
21160,0,0,0,0,0,0
21161,0,0,0,0,0,0
21162,0,0,0,0,0,0
21163,0,0,0,0,0,0
21164,1,0,0,0,0,0
21165,8,0,0,0,0,0
21166,44,0,4,0,0,0
21167,1,0,2,0,0,0
21168,2,0,0,0,0,0
21169,31,0,0,0,0,0
21170,36,0,6,0,0,0
21171,19,5,0,0,0,0
21172,2,5,0,0,0,0
21173,56,0,7,0,0,0
21174,272,0,0,0,0,0
21175,509,0,0,0,0,0
21176,649,0,1,0,0,0
21177,708,8,0,0,0,0
21178,526,81,0,0,0,0
21179,262,69,1,0,0,0
21180,21,0,1,0,0,0
21181,99,0,0,0,0,0
21182,283,10,0,0,0,0
21183,337,15,0,0,0,0
21184,378,28,0,0,0,0
21185,209,1,0,0,0,0
21186,37,0,0,0,0,0
21187,12,0,0,0,0,0
21188,0,0,0,0,0,0
21189,4,0,0,0,0,0
21190,14,0,0,0,0,0
21191,22,0,0,0,0,0
21192,20,0,0,0,0,0
21193,12,0,0,0,0,0
21194,26,0,0,0,0,0
21195,3,0,0,2,0,0
21196,10,0,0,0,0,1
21197,0,0,6,0,0,0
21198,0,0,0,0,0,0
21199,37,0,0,0,2,0
21200,70,0,1,0,0,0
21201,26,0,0,0,0,0
21202,11,0,0,0,0,0
21203,48,0,8,0,0,0
21204,31,0,9,0,0,0
21205,5,0,0,0,0,0
21206,17,0,0,0,0,0
21207,0,0,0,0,0,0
21208,6,0,0,0,0,0
21209,52,0,0,0,0,0
21210,62,1,3,0,0,0
21211,62,8,0,0,0,0
21212,90,9,0,1,0,0
21213,85,0,0,0,0,0
21214,76,0,0,0,0,0
21215,58,0,0,0,0,0
21216,7,0,0,0,0,0
21217,7,0,0,0,0,0
21218,68,0,0,0,0,0
21219,129,0,0,0,0,0
21220,164,0,0,0,0,0
21221,88,0,0,0,0,0
21222,65,0,0,0,0,0
21223,23,0,0,0,0,0
21224,24,0,1,0,0,0
21225,18,5,0,0,0,0
21226,11,2,0,0,0,0
21227,1,0,4,0,2,0
21228,5,0,15,0,0,0
21229,0,0,0,0,0,0
21230,24,0,0,0,0,0
21231,5,0,0,0,0,0
21232,0,0,0,0,0,0
21233,0,0,0,0,0,0
21234,77,0,0,0,0,0
21235,124,0,0,0,0,0
21236,127,0,0,0,0,0
21237,173,8,0,0,0,0
21238,327,0,0,0,0,0
21239,567,7,0,0,0,0
21240,656,8,0,0,0,0
21241,469,0,0,0,0,0
21242,272,0,0,6,0,0
21243,535,0,0,0,0,0
21244,974,0,0,0,0,0
21245,826,2,0,0,0,0
21246,665,0,0,0,0,0
21247,352,0,0,0,0,0
21248,600,0,0,0,0,0
21249,501,0,0,0,0,0
21250,16,0,0,0,0,0
21251,232,0,0,0,0,0
21252,412,0,0,0,0,0
21253,299,0,0,0,0,0
21254,37,0,0,0,0,0
21255,77,0,0,0,0,0
21256,151,0,0,1,0,0
21257,113,0,0,2,0,0
21258,0,0,0,0,0,0
21259,0,0,0,0,0,0
21260,5,0,0,0,0,0
21261,0,0,0,0,0,0
21262,0,0,0,0,0,0
21263,3,0,0,0,0,0
21264,0,0,0,0,0,0
21265,2,0,0,0,0,0
21266,3,0,0,0,0,0
21267,0,0,0,0,0,0
21268,0,0,0,0,0,0
21269,0,0,0,0,0,0
21270,0,0,0,0,0,0
21271,0,0,0,0,1,0
21272,5,0,0,0,0,0
21273,9,0,0,0,0,0
21274,0,0,0,0,0,0
21275,0,0,0,0,0,0
21276,0,0,0,0,0,0
21277,4,0,0,0,0,0
21278,15,0,0,0,0,0
21279,0,0,0,0,0,0
21280,0,0,0,0,0,0
21281,0,0,0,0,0,0
21282,0,0,0,0,0,0
21283,9,0,0,0,0,0
21284,21,0,3,0,0,0
21285,6,0,0,0,0,0
21286,0,0,0,0,0,0
21287,0,0,0,0,2,0
21288,0,0,0,0,0,0
21289,0,0,0,0,0,0
21290,0,0,0,0,0,0
21291,4,0,0,0,0,0
21292,6,0,0,0,0,0
21293,0,0,0,0,0,0
21294,0,0,0,0,0,0
21295,0,0,0,0,0,0
21296,0,0,0,0,0,0
21297,0,0,0,0,0,0
21298,0,0,0,0,0,0
21299,0,0,0,0,0,0
21300,0,0,0,0,0,0
21301,0,0,0,0,0,0
21302,0,0,1,0,0,0
21303,0,0,0,0,0,0
21304,0,0,0,0,0,0
21305,0,0,0,1,0,0
21306,0,0,0,5,0,0
21307,0,0,0,0,0,0
21308,0,0,0,0,0,0
21309,0,0,0,0,0,0
21310,0,0,0,0,0,0
21311,0,0,0,0,0,0
21312,0,0,0,0,0,0
21313,0,0,0,0,0,0
21314,0,0,0,0,0,0
21315,17,0,0,0,1,0
21316,32,0,0,1,2,1
21317,2,0,0,0,0,0
21318,0,0,0,0,0,0
21319,0,0,0,0,0,0
21320,0,0,0,0,0,0
21321,0,0,0,0,0,0
21322,15,0,0,0,0,0
21323,20,0,0,0,0,0
21324,10,0,0,0,0,0
21325,0,0,0,0,0,0
21326,12,0,0,0,0,0
21327,10,0,0,0,0,0
21328,0,0,0,0,0,0
21329,0,0,0,0,0,0
21330,0,0,0,0,0,0
21331,3,0,0,0,0,0
21332,5,0,0,0,0,0
21333,3,0,0,0,0,0
21334,12,0,0,0,0,0
21335,0,0,0,0,0,0
21336,0,0,0,0,0,0
21337,0,0,0,0,0,0
21338,0,0,0,0,0,0
21339,0,0,0,0,0,0
21340,0,0,0,0,0,0
21341,0,0,0,0,0,0
21342,0,0,0,0,0,0
21343,0,0,2,0,0,0
21344,0,0,0,0,0,0
21345,0,0,0,0,0,0
21346,0,0,0,0,1,0
21347,0,0,0,0,0,0
21348,0,0,0,0,0,0
21349,0,0,0,0,0,0
21350,9,0,0,0,0,0
21351,12,0,0,0,0,0
21352,9,0,0,0,0,0
21353,14,0,0,0,0,0
21354,0,0,0,0,0,0
21355,5,0,0,0,0,0
21356,0,0,0,0,0,0
21357,0,0,0,0,0,0
21358,0,0,0,0,0,0
21359,0,0,0,21,0,0
21360,0,0,0,46,0,0
21361,0,0,0,36,0,0
21362,0,0,0,46,0,0
21363,0,0,0,25,0,0
21364,0,0,0,40,0,0
21365,0,0,0,43,0,0
21366,0,0,0,1,0,0
21367,0,0,0,0,6,0
21368,0,0,0,45,19,0
21369,0,0,0,1,9,0
21370,0,0,0,24,2,0
21371,0,0,0,0,5,0
21372,0,0,0,0,0,0
21373,0,0,0,0,0,0
21374,0,0,0,1,0,0
21375,0,0,0,75,0,0
21376,0,0,0,103,2,0
21377,0,0,0,107,1,0
21378,0,0,0,81,0,0
21379,0,0,0,113,5,0
21380,0,0,0,134,1,0
21381,0,0,0,112,0,0
21382,0,0,0,146,0,0
21383,0,0,0,103,0,0
21384,21,0,0,106,0,0
21385,16,0,1,109,0,0
21386,23,0,0,48,0,0
21387,23,0,0,57,0,0
21388,0,0,0,59,0,0
21389,29,0,0,64,0,0
21390,51,0,0,52,0,0
21391,13,0,0,77,0,0
21392,0,0,0,54,0,0
21393,0,0,0,60,0,0
21394,0,0,0,46,0,0
21395,0,0,0,34,0,0
21396,0,0,0,1,0,0
21397,0,0,0,3,0,0
21398,0,0,0,0,0,0
21399,0,0,0,0,0,0
21400,0,0,0,0,0,0
21401,0,0,0,0,0,0
21402,17,0,0,8,0,0
21403,29,0,0,4,0,0
21404,12,0,0,20,0,0
21405,13,0,0,19,0,0
21406,18,0,0,33,0,0
21407,11,0,0,11,0,0
21408,32,0,0,40,0,0
21409,36,0,0,8,0,0
21410,0,0,0,2,0,0
21411,11,0,0,0,2,0
21412,73,0,0,0,0,0
21413,51,0,0,0,0,0
21414,11,0,0,0,0,0
21415,54,0,0,0,0,0
21416,111,2,0,0,0,0
21417,118,0,0,0,0,0
21418,187,0,0,0,0,0
21419,321,0,0,0,0,0
21420,275,0,0,0,0,0
21421,38,0,0,0,0,0
21422,212,8,0,0,0,0
21423,184,0,0,0,0,0
21424,155,0,0,0,0,0
21425,314,14,0,2,0,0
21426,306,27,0,12,0,0
21427,188,14,0,0,0,0
21428,71,1,0,0,0,0
21429,38,0,0,0,0,0
21430,32,0,0,0,0,0
21431,277,60,0,0,0,0
21432,378,83,0,0,0,0
21433,205,0,0,0,0,0
21434,177,0,0,0,0,0
21435,276,86,0,0,0,0
21436,269,77,0,0,0,0
21437,169,0,0,0,0,0
21438,246,0,0,0,0,0
21439,391,34,0,0,0,0
21440,213,6,0,0,0,0
21441,127,0,0,0,0,0
21442,240,3,0,2,0,0
21443,268,31,0,0,0,0
21444,146,0,0,2,0,0
21445,79,0,0,0,0,0
21446,151,6,0,0,0,0
21447,323,78,0,0,0,0
21448,247,27,0,0,0,0
21449,65,0,0,0,0,0
21450,41,0,0,0,0,0
21451,62,3,0,0,0,0
21452,75,0,0,0,0,0
21453,8,0,0,0,0,0
21454,39,0,0,0,0,0
21455,23,0,4,0,0,0
21456,5,0,0,0,0,0
21457,57,0,0,0,0,0
21458,72,0,0,0,0,0
21459,27,0,0,0,0,0
21460,0,0,0,0,0,0
21461,0,0,0,0,0,0
21462,0,0,0,1,0,0
21463,0,0,0,0,0,0
21464,0,0,0,0,0,0
21465,0,0,0,0,0,0
21466,0,0,0,3,0,0
21467,0,0,0,0,1,0
21468,0,0,0,0,0,0
21469,0,0,0,0,0,0
21470,0,0,0,0,0,0
21471,1,0,0,0,0,0
21472,0,0,0,0,0,0
21473,0,0,0,0,0,0
21474,12,0,0,0,0,0
21475,23,0,0,0,0,0
21476,29,0,0,0,0,0
21477,67,0,0,0,0,0
21478,167,0,0,0,0,0
21479,285,0,0,0,0,0
21480,245,0,0,0,0,0
21481,154,0,0,0,0,0
21482,44,0,0,0,0,0
21483,0,0,0,0,0,0
21484,0,0,0,0,0,0
21485,20,0,0,0,0,0
21486,16,0,0,0,0,0
21487,75,0,0,0,0,0
21488,179,0,0,0,0,0
21489,138,1,0,0,0,0
21490,42,0,0,0,0,0
21491,14,0,0,0,0,0
21492,0,0,0,0,0,0
21493,0,0,0,0,0,0
21494,0,0,3,0,0,0
21495,0,0,0,0,0,0
21496,5,0,2,0,1,0
21497,53,58,0,0,0,0
21498,131,167,7,0,1,0
21499,240,270,6,0,0,0
21500,357,362,0,0,0,0
21501,453,345,4,0,0,0
21502,464,212,2,0,0,0
21503,374,97,7,0,0,0
21504,152,31,6,0,0,0
21505,70,42,42,0,0,0
21506,81,52,84,0,0,0
21507,154,17,84,0,0,0
21508,206,0,79,10,0,0
21509,240,0,16,6,0,0
21510,224,2,11,0,0,0
21511,288,0,53,2,0,0
21512,259,8,104,2,0,0
21513,263,155,111,0,0,0
21514,384,320,99,0,0,0
21515,309,420,102,0,0,0
21516,345,300,33,0,0,0
21517,504,139,0,0,0,0
21518,413,29,0,0,0,0
21519,419,6,0,0,0,0
21520,266,17,0,0,0,0
21521,152,15,0,0,0,0
21522,53,67,0,0,0,0
21523,75,203,6,0,0,0
21524,182,463,6,0,0,0
21525,249,618,153,0,0,0
21526,256,701,222,0,0,0
21527,363,657,343,0,0,0
21528,769,400,267,0,0,0
21529,1006,36,84,0,0,0
21530,983,96,4,0,0,0
21531,517,231,0,0,0,0
21532,108,286,0,0,0,0
21533,295,20,0,0,0,0
21534,392,0,0,0,0,0
21535,516,9,0,0,0,0
21536,623,111,0,0,0,0
21537,648,6,0,0,0,0
21538,648,0,0,0,0,0
21539,521,0,1,0,0,0
21540,553,0,0,0,0,0
21541,646,0,2,0,0,0
21542,672,0,40,0,0,0
21543,649,0,3,0,0,0
21544,784,0,0,0,0,0
21545,706,0,24,0,0,0
21546,529,0,8,2,0,0
21547,328,0,8,0,0,0
21548,258,0,35,0,0,2
21549,80,0,1,0,0,0
21550,45,0,1,0,0,0
21551,27,0,14,0,0,0
21552,68,0,2,0,0,0
21553,194,0,0,0,0,0
21554,319,0,10,0,0,0
21555,354,0,5,0,0,0
21556,439,0,2,1,0,0
21557,513,0,7,2,0,0
21558,393,0,2,2,0,0
21559,229,0,0,0,0,0
21560,189,0,0,0,0,0
21561,404,0,0,0,0,0
21562,514,0,0,0,0,0
21563,450,0,0,0,0,0
21564,399,0,0,0,0,0
21565,269,0,0,0,0,0
21566,174,0,0,0,0,0
21567,147,0,0,0,0,0
21568,59,0,2,0,0,0
21569,59,0,3,0,0,0
21570,40,0,0,0,0,0
21571,14,0,4,1,0,0
21572,0,0,3,2,0,0
21573,2,0,0,0,0,0
21574,0,0,11,0,4,0
21575,0,0,0,0,0,0
21576,0,0,0,0,0,0
21577,10,0,12,0,0,0
21578,19,0,0,0,0,0
21579,28,0,0,0,0,0
21580,4,0,19,0,0,0
21581,0,0,6,0,0,0
21582,17,0,0,0,0,0
21583,15,0,16,0,0,0
21584,28,0,9,0,0,0
21585,90,0,0,3,0,0
21586,103,0,54,0,0,0
21587,123,0,10,0,0,0
21588,113,0,0,0,0,0
21589,108,0,4,0,0,0
21590,149,0,2,0,0,0
21591,141,0,0,0,0,0
21592,112,0,2,0,0,0
21593,54,0,8,0,0,0
21594,3,0,0,0,0,0
21595,5,0,1,0,0,0
21596,26,0,4,0,28,0
21597,63,0,0,0,76,0
21598,119,0,18,0,40,0
21599,99,0,44,0,72,0
21600,20,0,9,0,0,0
21601,37,0,0,1,9,0
21602,72,0,1,0,3,0
21603,105,0,3,0,0,0
21604,93,0,0,0,0,0
21605,120,0,0,1,2,0
21606,182,0,0,0,16,10
21607,102,0,10,0,21,12
21608,88,0,0,0,0,0
21609,52,0,0,0,0,0
21610,0,0,0,0,0,0
21611,0,0,0,0,0,0
21612,10,0,0,0,0,0
21613,57,0,26,2,0,0
21614,3,0,39,0,0,0
21615,47,0,0,0,0,0
21616,70,0,13,0,1,0
21617,68,0,89,0,0,0
21618,5,0,4,0,0,0
21619,12,0,20,0,0,0
21620,12,0,155,0,0,0
21621,3,0,30,0,0,0
21622,17,0,9,0,0,0
21623,11,0,163,0,0,0
21624,9,0,96,0,0,0
21625,0,0,0,0,0,0
21626,0,0,116,0,0,0
21627,15,0,270,0,7,20
21628,0,0,1,0,0,0
21629,0,0,112,0,0,6
21630,0,0,183,0,0,0
21631,0,0,9,0,0,0
21632,0,0,106,0,0,0
21633,10,0,258,0,0,9
21634,37,0,31,0,0,0
21635,15,0,21,0,0,0
21636,0,0,124,0,2,0
21637,0,0,39,0,0,0
21638,0,0,0,0,2,0
21639,0,0,88,0,5,3
21640,0,0,117,0,0,4
21641,0,0,8,0,0,0
21642,0,0,24,0,8,0
21643,0,0,129,0,0,6
21644,0,0,6,0,0,0
21645,0,0,9,0,0,0
21646,0,0,65,0,0,0
21647,0,0,16,0,0,0
21648,0,0,0,0,0,0
21649,0,0,19,0,0,0
21650,0,0,0,0,0,0
21651,0,0,0,0,0,0
21652,0,0,12,0,33,0
21653,0,0,10,0,98,0
21654,0,0,0,0,175,10
21655,0,0,3,0,179,15
21656,1,0,0,2,116,0
21657,0,0,0,13,71,0
21658,0,0,0,0,0,0
21659,16,0,0,0,13,0
21660,21,0,6,0,0,0
21661,46,0,0,0,0,0
21662,62,0,1,0,0,0
21663,8,0,1,0,0,0
21664,13,0,0,0,0,0
21665,23,0,0,0,0,0
21666,21,0,18,0,0,0
21667,52,0,0,0,0,0
21668,107,0,0,0,0,0
21669,161,0,0,0,0,0
21670,167,0,8,0,0,0
21671,185,0,0,0,29,0
21672,154,0,0,0,43,0
21673,29,0,4,0,40,0
21674,36,0,0,0,30,0
21675,69,0,0,0,0,0
21676,139,0,2,0,13,0
21677,90,0,0,0,0,0
21678,71,0,0,0,0,0
21679,72,0,0,0,0,0
21680,45,0,0,0,0,0
21681,68,0,0,0,0,0
21682,88,0,0,0,0,0
21683,88,0,0,0,0,0
21684,7,0,0,0,0,0
21685,11,0,0,0,0,0
21686,1,0,0,0,0,0
21687,22,0,0,0,0,0
21688,0,0,0,0,0,0
21689,0,0,0,0,0,0
21690,62,0,0,0,0,0
21691,194,0,0,0,0,0
21692,226,0,0,0,0,0
21693,78,0,0,0,0,0
21694,6,0,0,0,0,0
21695,0,0,5,0,0,0
21696,17,0,0,0,0,0
21697,6,0,0,0,0,0
21698,0,0,0,0,0,0
21699,0,0,0,0,0,0
21700,0,0,0,0,0,0
21701,15,0,0,0,2,0
21702,0,0,0,0,26,7
21703,0,0,0,0,0,0
21704,0,0,2,0,0,0
21705,0,0,0,0,0,0
21706,0,0,0,0,0,0
21707,0,0,0,0,0,0
21708,5,0,4,0,0,0
21709,9,4,0,0,0,0
21710,59,10,0,0,0,0
21711,91,0,0,0,0,0
21712,39,0,0,0,0,0
21713,27,0,0,0,0,0
21714,75,0,16,0,0,0
21715,0,0,4,0,0,0
21716,66,0,10,0,0,0
21717,126,0,12,0,0,0
21718,251,0,0,0,0,0
21719,84,0,2,0,0,0
21720,15,0,0,0,0,0
21721,0,0,0,0,0,0
21722,41,0,3,16,0,0
21723,12,0,0,9,0,0
21724,62,1,0,0,0,0
21725,69,4,0,0,0,0
21726,24,0,0,4,0,0
21727,22,0,0,0,0,0
21728,7,0,4,0,0,0
21729,41,0,0,0,2,0
21730,63,0,0,0,0,0
21731,78,0,0,0,0,0
21732,96,0,8,0,0,0
21733,0,0,0,0,0,0
21734,61,0,0,0,0,0
21735,172,0,4,0,0,0
21736,333,0,0,0,0,0
21737,387,0,0,0,0,0
21738,311,0,5,0,0,0
21739,210,0,2,0,0,0
21740,6,0,0,0,0,2
21741,70,0,0,0,16,22
21742,257,0,0,0,23,58
21743,282,0,0,0,29,49
21744,204,0,0,0,19,60
21745,0,0,0,0,10,47
21746,0,0,0,0,0,19
21747,12,0,0,0,0,0
21748,94,0,0,0,0,0
21749,82,0,0,0,0,0
21750,0,0,0,0,0,12
21751,0,0,2,0,0,28
21752,14,0,0,0,0,27
21753,19,0,0,0,0,38
21754,0,0,0,0,0,20
21755,5,0,0,0,0,0
21756,0,0,0,0,0,0
21757,15,0,0,0,6,75
21758,2,0,0,0,23,130
21759,0,0,0,0,40,127
21760,0,0,0,0,88,95
21761,0,0,0,0,55,64
21762,4,0,0,0,0,11
21763,6,0,0,0,0,0
21764,8,0,0,0,0,0
21765,136,0,0,0,0,0
21766,263,0,0,0,0,0
21767,300,0,0,0,0,0
21768,245,0,0,0,0,0
21769,41,0,0,0,0,0
21770,0,0,0,0,0,0
21771,0,0,0,0,0,0
21772,94,0,0,0,0,0
21773,0,0,0,0,0,0
21774,0,0,0,0,0,0
21775,0,0,0,0,0,0
21776,0,0,0,0,0,0
21777,0,0,0,0,0,0
21778,0,0,0,0,0,0
21779,4,0,0,0,0,0
21780,0,0,0,0,0,0
21781,0,0,0,20,0,0
21782,0,0,0,0,0,0
21783,0,0,0,0,0,0
21784,0,0,0,0,0,0
21785,0,0,0,6,0,0
21786,0,0,0,0,0,0
21787,0,0,0,0,0,0
21788,0,0,0,0,0,0
21789,0,0,0,0,0,0
21790,0,0,0,0,0,0
21791,0,0,0,0,0,0
21792,0,0,0,0,0,0
21793,0,0,0,0,0,0
21794,0,0,0,0,0,0
21795,0,0,0,0,0,0
21796,1,0,0,0,0,0
21797,2,0,2,0,0,0
21798,0,0,0,0,0,0
21799,0,0,0,0,0,0
21800,0,0,0,0,3,0
21801,0,0,0,0,0,0
21802,0,0,0,0,0,0
21803,0,0,0,0,0,0
21804,0,0,0,0,0,0
21805,0,0,0,0,0,0
21806,0,0,0,0,0,0
21807,0,0,0,0,0,0
21808,13,0,0,0,0,0
21809,152,0,0,0,0,0
21810,295,0,0,0,0,0
21811,362,0,1,0,0,0
21812,382,0,0,0,0,0
21813,224,0,3,0,0,0
21814,0,0,0,0,0,0
21815,0,0,0,0,0,0
21816,18,0,0,0,0,0
21817,1,0,0,0,0,0
21818,0,0,0,0,0,0
21819,0,0,0,0,0,0
21820,0,0,0,0,42,0
21821,1,0,0,0,36,0
21822,6,0,0,16,1,0
21823,0,0,0,0,0,0
21824,13,0,0,0,0,0
21825,7,0,0,0,17,0
21826,10,0,0,9,0,0
21827,2,0,0,0,0,0
21828,1,0,0,0,0,0
21829,0,0,0,0,0,0
21830,0,0,0,0,0,0
21831,0,0,0,0,0,0
21832,7,0,0,0,0,0
21833,13,0,0,0,0,0
21834,7,0,0,0,0,0
21835,0,0,0,0,0,0
21836,8,0,0,0,0,0
21837,35,2,31,0,0,0
21838,65,30,56,0,0,0
21839,67,38,85,0,0,0
21840,50,2,95,0,0,0
21841,159,9,273,0,0,0
21842,406,22,541,0,0,0
21843,628,135,1003,0,0,0
21844,785,623,1661,0,0,0
21845,869,1591,1349,0,0,0
21846,994,2469,327,0,0,0
21847,1006,3092,0,0,0,0
21848,1320,2601,8,0,0,0
21849,1609,1759,0,0,0,0
21850,1023,732,0,0,0,0
21851,439,292,3,0,0,0
21852,519,482,0,0,0,0
21853,335,377,0,0,0,0
21854,111,250,0,0,0,0
21855,111,68,0,0,0,0
21856,7,4,4,2,0,0
21857,53,1,0,0,0,0
21858,59,0,0,0,0,0
21859,0,0,2,0,0,0
21860,5,0,0,0,0,0
21861,0,0,0,0,0,0
21862,0,2,0,0,0,0
21863,24,3,0,0,0,0
21864,8,20,0,0,0,0
21865,18,4,0,0,0,0
21866,10,0,0,0,0,0
21867,25,0,0,0,0,0
21868,29,0,0,0,0,0
21869,33,0,0,0,0,0
21870,10,0,0,0,0,0
21871,29,0,0,0,0,0
21872,33,0,0,0,0,0
21873,6,0,0,0,0,0
21874,4,0,0,0,0,0
21875,0,0,0,0,0,0
21876,0,0,1,0,0,0
21877,19,0,0,0,0,0
21878,4,0,0,0,0,0
21879,0,0,0,0,0,0
21880,0,0,0,7,0,0
21881,2,0,10,3,0,0
21882,0,0,17,0,0,0
21883,0,0,1,0,0,0
21884,0,0,0,0,0,0
21885,2,0,19,0,0,0
21886,0,0,2,0,0,0
21887,0,0,0,0,0,0
21888,0,0,8,0,0,0
21889,0,0,3,0,0,0
21890,0,0,0,0,0,0
21891,0,0,0,0,0,0
21892,0,0,0,0,0,0
21893,1,0,0,0,0,0
21894,0,0,0,0,0,0
21895,0,0,0,0,0,0
21896,1,0,0,0,0,0
21897,0,0,0,0,0,0
21898,0,0,0,0,0,0
21899,0,0,0,0,0,0
21900,0,0,0,0,0,0
21901,0,0,0,0,30,0
21902,3,0,0,0,32,0
21903,0,0,0,0,0,0
21904,0,0,0,0,0,0
21905,0,0,0,0,0,0
21906,0,0,0,0,0,0
21907,0,0,23,0,0,0
21908,0,0,83,0,0,0
21909,0,0,98,0,0,0
21910,0,0,75,0,0,0
21911,0,0,27,0,0,0
21912,0,0,12,0,0,0
21913,2,0,0,0,0,0
21914,1,0,0,0,0,0
21915,7,0,0,0,0,0
21916,6,0,0,0,1,0
21917,0,0,0,0,0,2
21918,6,0,0,1,0,0
21919,0,0,0,0,0,0
21920,0,0,0,0,0,0
21921,0,0,0,0,0,0
21922,0,0,0,0,0,0
21923,0,0,0,0,0,0
21924,0,0,0,0,0,0
21925,0,0,0,0,0,0
21926,0,0,0,0,0,0
21927,0,0,0,0,0,0
21928,0,0,0,0,0,0
21929,0,0,0,0,0,0
21930,0,0,0,0,0,0
21931,0,0,0,0,0,0
21932,0,0,0,45,0,0
21933,0,0,1,7,0,0
21934,0,0,0,0,0,0
21935,0,0,0,0,0,0
21936,0,0,0,0,0,0
21937,0,0,9,0,0,0
21938,0,0,0,2,0,0
21939,0,0,0,0,0,0
21940,0,0,0,1,0,0
21941,0,0,0,0,0,0
21942,0,0,0,0,0,0
21943,0,0,2,0,0,0
21944,0,0,0,0,0,0
21945,0,0,0,0,0,0
21946,0,0,0,0,1,0
21947,0,0,0,0,0,0
21948,0,0,0,0,0,0
21949,0,0,8,0,0,0
21950,0,0,4,0,0,0
21951,0,0,0,0,0,0
21952,0,0,0,0,0,0
21953,0,0,2,0,0,0
21954,0,0,0,0,0,0
21955,0,0,0,0,0,0
21956,2,0,6,0,0,0
21957,0,0,0,0,0,0
21958,0,0,0,0,0,0
21959,0,0,0,0,0,0
21960,0,0,0,0,0,0
21961,0,0,0,0,0,0
21962,0,0,0,0,0,0
21963,0,0,0,0,0,0
21964,0,0,0,0,0,0
21965,0,0,0,0,0,0
21966,0,0,0,0,0,0
21967,0,0,0,0,0,0
21968,0,0,0,0,0,0
21969,0,0,0,0,0,0
21970,0,0,0,0,0,0
21971,10,0,0,0,0,0
21972,12,0,0,0,0,0
21973,2,0,0,0,0,0
21974,0,0,0,0,0,0
21975,0,0,0,0,0,0
21976,2,0,0,2,0,0
21977,1,0,0,0,0,0
21978,0,0,0,0,0,0
21979,0,0,0,0,0,0
21980,0,0,0,32,0,0
21981,0,0,0,0,0,0
21982,14,0,0,0,0,0
21983,69,29,0,0,0,0
21984,205,110,0,0,0,0
21985,506,209,0,0,0,0
21986,706,346,0,0,0,0
21987,861,606,5,0,0,0
21988,1154,1170,16,0,0,0
21989,897,2259,20,0,0,0
21990,170,3624,23,0,0,0
21991,59,3783,36,0,0,0
21992,59,3281,229,0,0,0
21993,36,1992,1087,0,0,0
21994,19,905,1449,0,0,0
21995,34,353,1072,0,0,0
21996,117,51,382,0,0,0
21997,286,94,574,0,0,0
21998,507,60,364,0,0,0
21999,752,51,268,0,0,0
22000,1013,51,287,0,0,0
22001,844,60,287,0,27,0
22002,626,0,202,0,22,0
22003,231,10,257,0,0,0
22004,148,18,259,0,0,0
22005,49,18,247,0,0,0
22006,88,0,215,1,12,0
22007,187,0,172,1,0,0
22008,266,0,204,0,0,0
22009,205,42,366,0,0,0
22010,22,136,357,0,0,0
22011,1,103,185,0,0,0
22012,15,63,105,0,0,0
22013,95,25,87,0,0,0
22014,180,6,11,0,0,0
22015,194,2,6,0,16,0
22016,103,1,2,0,0,0
22017,34,12,0,0,0,0
22018,161,0,0,0,0,0
22019,315,2,4,0,0,0
22020,261,62,1,0,0,0
22021,109,153,70,0,0,0
22022,53,208,153,0,0,0
22023,312,162,203,0,0,0
22024,602,135,175,0,0,0
22025,706,128,104,0,0,0
22026,692,97,43,0,0,0
22027,475,0,10,0,0,0
22028,244,0,0,0,0,0
22029,440,0,0,0,0,0
22030,572,0,9,0,0,0
22031,578,0,20,0,0,0
22032,475,1,0,0,0,0
22033,127,0,0,0,0,0
22034,172,10,12,0,0,0
22035,461,14,16,0,0,0
22036,452,4,0,0,0,0
22037,438,0,0,0,0,0
22038,338,0,2,0,0,0
22039,181,0,0,0,0,0
22040,130,0,0,0,0,0
22041,351,0,3,0,0,0
22042,349,0,16,0,0,0
22043,271,0,15,0,0,0
22044,142,0,49,0,0,0
22045,67,0,96,0,0,0
22046,167,0,45,0,0,0
22047,115,0,8,0,0,0
22048,13,0,15,0,0,0
22049,12,0,0,0,0,0
22050,18,0,8,0,0,0
22051,0,0,0,0,0,0
22052,0,0,0,0,0,0
22053,0,0,0,0,0,0
22054,42,0,0,0,0,0
22055,185,0,0,0,0,0
22056,343,0,0,0,0,0
22057,421,0,0,0,0,0
22058,287,0,0,8,0,0
22059,148,0,0,0,0,0
22060,132,0,0,0,0,0
22061,321,0,0,0,0,0
22062,409,0,0,0,0,0
22063,331,0,0,0,0,0
22064,337,0,0,0,0,0
22065,79,0,0,0,0,0
22066,257,0,0,0,0,0
22067,374,0,0,0,0,0
22068,270,0,0,0,0,0
22069,17,0,0,0,0,0
22070,210,0,0,0,0,0
22071,229,0,0,0,0,0
22072,192,0,0,0,0,0
22073,0,0,0,0,0,0
22074,169,0,0,0,0,0
22075,146,0,0,0,0,0
22076,0,0,0,0,0,0
22077,49,0,7,0,0,0
22078,97,0,0,0,0,0
22079,3,0,0,0,0,0
22080,7,0,0,0,0,0
22081,100,0,0,0,1,0
22082,38,0,0,0,0,0
22083,67,0,0,0,0,0
22084,249,0,0,0,0,0
22085,330,0,0,0,0,0
22086,230,0,0,0,0,0
22087,41,0,3,0,0,0
22088,15,0,0,0,0,0
22089,112,0,0,0,0,0
22090,95,0,4,0,0,0
22091,4,0,0,0,0,0
22092,2,0,0,0,0,0
22093,131,0,3,0,0,0
22094,72,0,0,0,0,0
22095,8,0,0,0,0,0
22096,9,0,2,0,0,1
22097,144,0,0,0,0,0
22098,64,0,0,0,0,0
22099,0,0,0,0,0,0
22100,4,0,0,0,0,0
22101,65,0,0,0,0,0
22102,5,0,0,0,0,0
22103,0,0,0,0,0,0
22104,0,0,0,0,0,0
22105,0,0,0,0,0,0
22106,0,0,0,0,0,0
22107,0,0,0,0,0,0
22108,0,0,1,0,0,0
22109,8,0,0,0,0,0
22110,0,0,0,0,0,0
22111,0,0,0,0,1,0
22112,0,0,2,0,0,0
22113,0,0,0,2,0,0
22114,0,0,4,26,0,0
22115,0,0,3,117,0,0
22116,0,0,0,76,0,0
22117,0,0,0,9,0,0
22118,0,0,0,12,7,3
22119,0,0,0,68,0,0
22120,0,0,0,161,0,0
22121,0,0,17,204,5,0
22122,0,0,0,93,22,0
22123,0,0,0,92,25,0
22124,0,0,3,76,129,0
22125,0,0,7,8,2,0
22126,0,0,0,15,45,0
22127,0,0,8,11,106,0
22128,0,0,8,16,76,0
22129,0,0,0,22,172,12
22130,0,0,1,5,438,32
22131,0,0,7,0,534,60
22132,0,0,0,0,459,46
22133,0,0,0,0,379,36
22134,0,0,0,0,311,27
22135,0,0,0,0,201,7
22136,0,0,0,0,18,0
22137,0,0,2,0,0,5
22138,0,0,0,0,43,0
22139,0,0,0,0,70,10
22140,0,0,0,0,184,34
22141,0,0,0,4,355,62
22142,0,0,0,1,343,54
22143,0,0,2,0,226,37
22144,0,0,0,0,0,0
22145,0,0,0,10,0,0
22146,0,0,0,0,0,0
22147,0,0,0,0,0,0
22148,0,0,0,0,1,0
22149,0,0,0,0,0,0
22150,0,0,0,0,0,0
22151,0,0,0,0,0,0
22152,0,0,0,0,0,0
22153,0,0,0,0,0,0
22154,0,0,0,0,0,0
22155,0,0,0,0,5,0
22156,0,0,0,2,0,0
22157,0,0,0,0,0,0
22158,0,0,0,0,0,0
22159,0,0,0,17,0,0
22160,0,0,0,54,0,0
22161,0,0,0,0,0,0
22162,0,0,0,0,0,0
22163,0,0,0,10,0,0
22164,0,0,0,0,2,0
22165,0,0,0,2,28,44
22166,0,0,0,0,134,190
22167,0,0,14,0,169,234
22168,0,0,0,22,233,368
22169,0,0,0,1,231,432
22170,0,0,2,0,223,450
22171,0,0,0,4,133,281
22172,0,0,0,7,55,172
22173,0,0,0,2,25,6
22174,0,0,1,0,23,15
22175,0,0,0,0,65,203
22176,0,0,0,0,110,487
22177,0,0,0,0,173,471
22178,0,0,0,0,202,316
22179,0,0,0,0,134,117
22180,0,0,6,0,35,55
22181,0,0,2,0,10,1
22182,0,0,0,0,20,28
22183,0,0,0,0,33,61
22184,0,0,0,0,12,16
22185,0,0,0,0,0,0
22186,0,0,0,0,3,17
22187,0,0,0,0,0,50
22188,0,0,0,0,14,60
22189,0,0,0,0,24,83
22190,0,0,0,0,0,40
22191,0,0,0,24,2,9
22192,0,0,0,4,6,15
22193,0,0,0,2,0,0
22194,0,0,0,5,3,10
22195,0,0,0,3,9,5
22196,0,0,0,40,54,15
22197,0,0,0,3,80,27
22198,0,0,0,18,213,53
22199,0,0,0,0,164,18
22200,0,0,0,0,53,0
22201,0,0,0,3,20,0
22202,0,0,0,0,25,4
22203,0,0,0,0,97,54
22204,0,0,0,11,268,62
22205,0,0,0,14,355,64
22206,0,0,0,21,326,13
22207,0,0,0,15,335,9
22208,0,0,0,0,341,91
22209,0,0,0,43,311,135
22210,0,0,0,98,177,185
22211,0,0,0,69,121,191
22212,0,0,0,0,75,129
22213,0,0,1,33,63,45
22214,0,0,0,59,46,21
22215,0,0,0,45,45,18
22216,0,0,0,60,72,55
22217,0,0,4,0,138,91
22218,0,0,0,0,199,95
22219,0,0,0,1,218,93
22220,0,0,0,90,216,69
22221,0,0,0,20,183,61
22222,0,0,0,0,95,30
22223,0,0,0,2,102,19
22224,0,0,0,0,122,10
22225,0,0,0,1,143,20
22226,0,0,0,17,130,6
22227,0,0,0,0,104,0
22228,0,0,0,13,158,3
22229,0,0,0,9,123,4
22230,0,0,0,24,84,1
22231,0,0,0,26,111,0
22232,0,0,0,17,164,3
22233,0,0,0,51,125,0
22234,0,0,0,60,224,21
22235,0,0,0,59,327,103
22236,0,0,0,80,299,172
22237,0,0,0,76,214,185
22238,0,0,0,63,159,165
22239,0,0,0,109,145,106
22240,0,0,0,155,95,72
22241,0,0,0,181,74,21
22242,0,0,0,439,24,0
22243,0,0,0,540,16,0
22244,0,0,0,604,0,17
22245,0,0,0,713,0,28
22246,0,0,1,845,0,18
22247,0,0,0,920,13,0
22248,0,0,0,933,3,0
22249,0,0,3,1089,34,0
22250,0,0,1,1183,181,0
22251,0,0,0,1165,273,8
22252,0,0,0,1199,402,68
22253,0,0,0,1156,381,35
22254,0,0,0,1028,433,124
22255,0,0,0,868,342,73
22256,0,0,0,725,225,13
22257,0,0,0,493,128,0
22258,0,0,0,415,45,0
22259,0,0,0,391,63,0
22260,0,0,0,334,14,1
22261,0,0,0,338,20,0
22262,0,0,5,320,9,0
22263,0,0,0,299,7,0
22264,0,0,2,277,41,0
22265,0,0,0,190,50,0
22266,0,0,0,137,91,0
22267,0,0,2,104,27,0
22268,0,0,0,124,1,0
22269,0,0,0,68,1,0
22270,0,0,2,13,0,0
22271,0,0,2,27,5,0
22272,0,0,0,33,1,0
22273,0,0,7,34,0,0
22274,0,0,0,100,2,0
22275,0,0,0,138,7,0
22276,0,0,0,200,43,7
22277,0,0,3,222,87,0
22278,0,0,0,232,93,0
22279,0,0,0,252,17,0
22280,0,0,1,281,25,0
22281,0,0,0,258,29,0
22282,0,0,0,255,4,0
22283,0,0,0,254,0,0
22284,0,0,0,207,0,0
22285,0,0,0,126,6,0
22286,0,0,3,114,2,23
22287,0,0,0,0,77,0
22288,0,0,0,0,21,0
22289,0,0,0,3,24,20
22290,0,0,0,0,4,0
22291,0,0,0,2,0,0
22292,0,0,0,0,0,0
22293,0,0,0,0,0,0
22294,0,0,0,9,0,0
22295,0,0,0,0,0,0
22296,0,0,0,0,0,0
22297,0,0,0,14,0,0
22298,0,0,0,10,1,0
22299,0,0,0,0,0,0
22300,0,0,0,0,0,0
22301,0,0,1,1,0,0
22302,0,0,0,0,0,0
22303,0,0,0,0,16,0
22304,0,0,0,0,19,0
22305,0,0,0,2,0,0
22306,0,0,0,67,0,0
22307,0,0,29,31,0,0
22308,0,0,25,1,0,0
22309,0,0,0,0,0,0
22310,0,0,2,19,0,0
22311,0,0,0,7,0,0
22312,0,0,0,0,0,0
22313,0,0,5,66,0,0
22314,0,0,0,0,0,0
22315,0,0,0,0,14,0
22316,0,0,0,0,17,0
22317,0,0,0,1,110,23
22318,0,0,0,2,161,33
22319,0,0,4,0,85,14
22320,0,0,3,0,48,0
22321,0,0,0,0,57,0
22322,0,0,8,0,126,0
22323,0,0,9,0,24,0
22324,0,0,0,0,9,0
22325,0,0,1,0,3,6
22326,0,0,1,0,0,0
22327,0,0,1,0,6,0
22328,0,0,1,2,10,0
22329,0,0,8,1,8,12
22330,0,0,0,15,5,0
22331,0,0,0,38,16,0
22332,0,0,4,30,4,0
22333,0,0,0,29,1,0
22334,0,0,0,0,11,0
22335,0,0,18,7,33,0
22336,0,0,4,0,3,0
22337,0,0,0,3,7,0
22338,0,0,4,0,5,0
22339,0,0,0,0,7,0
22340,0,0,0,0,4,0
22341,0,0,0,0,39,1
22342,0,0,0,0,9,0
22343,0,0,0,0,14,0
22344,0,0,0,0,5,0
22345,0,0,2,0,11,0
22346,0,0,0,0,17,0
22347,0,0,0,3,5,0
22348,0,0,0,0,0,2
22349,0,0,0,0,0,6
22350,0,0,0,0,0,12
22351,0,0,0,0,0,18
22352,0,0,0,0,0,52
22353,0,0,0,0,0,132
22354,0,0,0,0,0,258
22355,0,0,0,0,0,377
22356,0,0,0,0,0,433
22357,0,0,0,0,0,458
22358,0,0,0,0,0,426
22359,0,0,0,0,0,448
22360,0,0,0,0,0,397
22361,0,0,0,0,0,292
22362,0,0,0,0,0,246
22363,0,0,0,0,0,303
22364,0,0,0,0,0,294
22365,0,0,0,7,23,323
22366,0,0,0,3,72,358
22367,0,0,0,0,46,300
22368,0,0,0,0,45,252
22369,0,0,0,38,40,388
22370,0,0,0,51,30,415
22371,0,0,0,75,44,369
22372,0,0,0,42,81,310
22373,0,0,0,35,77,323
22374,0,0,0,37,8,248
22375,0,0,0,42,60,118
22376,0,0,6,131,68,77
22377,0,0,0,241,3,176
22378,0,0,0,109,20,177
22379,0,0,0,35,0,152
22380,0,0,0,37,12,169
22381,0,0,0,18,16,225
22382,0,0,18,38,3,121
22383,0,0,33,12,10,12
22384,0,0,2,0,65,0
22385,0,0,0,13,91,0
22386,0,0,18,8,28,0
22387,0,0,5,5,9,0
22388,0,0,0,20,21,0
22389,0,0,25,23,1,10
22390,0,0,17,0,0,66
22391,0,0,0,16,12,205
22392,0,0,9,0,0,338
22393,0,0,28,37,0,294
22394,0,0,0,24,0,14
22395,0,0,3,0,0,0
22396,0,0,62,30,2,21
22397,0,0,18,39,0,18
22398,0,0,1,51,0,7
22399,0,0,27,53,0,6
22400,0,0,14,44,0,1
22401,0,0,0,26,0,0
22402,0,0,79,0,0,9
22403,0,0,40,26,0,0
22404,0,0,0,0,0,40
22405,0,0,31,4,0,175
22406,0,0,66,19,0,267
22407,0,0,8,23,0,80
22408,0,0,16,13,0,195
22409,0,0,61,106,0,372
22410,0,0,0,104,2,414
22411,0,0,3,57,0,123
22412,0,0,91,35,0,23
22413,0,0,0,85,0,240
22414,0,0,5,172,0,397
22415,0,0,59,116,0,412
22416,0,0,51,8,0,487
22417,0,0,0,0,0,222
22418,0,0,0,0,0,122
22419,0,0,10,0,0,439
22420,0,0,0,0,0,952
22421,0,0,11,4,0,1031
22422,0,0,50,2,0,613
22423,0,0,16,0,0,263
22424,0,0,0,2,0,43
22425,0,0,7,0,0,91
22426,0,0,8,0,0,63
22427,0,0,0,0,0,14
22428,0,0,11,0,0,0
22429,0,0,26,7,0,0
22430,0,0,0,7,0,0
22431,0,0,0,14,0,0
22432,0,0,0,0,0,0
22433,0,0,0,0,0,0
22434,0,0,0,2,0,2
22435,0,0,0,22,0,0
22436,0,0,4,2,9,0
22437,0,0,0,2,0,0
22438,0,0,0,0,0,0
22439,0,0,0,0,0,0
22440,0,0,0,0,0,0
22441,0,0,0,0,0,0
22442,0,0,0,0,0,0
22443,0,0,0,0,0,0
22444,0,0,0,0,0,0
22445,0,0,0,0,0,0
22446,0,0,0,38,2,0
22447,0,0,0,54,3,0
22448,0,0,0,38,0,0
22449,0,0,0,17,0,0
22450,0,0,0,0,0,0
22451,0,0,0,0,0,0
22452,0,0,0,27,0,0
22453,0,0,0,40,0,0
22454,0,0,0,9,0,0
22455,0,0,0,1,0,0
22456,0,0,0,8,0,0
22457,0,0,1,8,0,0
22458,0,0,0,0,0,0
22459,0,0,0,18,0,0
22460,0,0,0,14,0,0
22461,0,0,0,0,0,0
22462,0,0,0,4,0,0
22463,0,0,0,2,3,0
22464,0,0,0,0,41,0
22465,0,0,0,10,0,0
22466,0,0,0,17,0,0
22467,0,0,0,38,0,0
22468,0,0,0,18,0,0
22469,0,0,0,0,0,0
22470,0,0,0,1,0,0
22471,0,0,0,8,0,0
22472,0,0,0,21,0,0
22473,0,0,0,2,0,0
22474,0,0,0,0,0,0
22475,0,0,0,0,0,0
22476,0,0,0,0,0,0
22477,0,0,0,0,0,0
22478,0,0,0,0,0,0
22479,0,0,0,0,0,0
22480,0,0,0,0,2,0
22481,0,0,0,0,0,0
22482,0,0,0,0,45,0
22483,0,0,0,0,0,0
22484,0,0,0,1,0,0
22485,0,0,0,0,0,0
22486,0,0,0,0,2,0
22487,0,0,0,0,0,0
22488,0,0,0,0,0,0
22489,0,0,0,0,0,0
22490,0,0,0,0,0,0
22491,0,0,0,0,0,0
22492,0,0,0,0,0,0
22493,1,0,0,0,0,0
22494,2,0,0,0,0,0
22495,1,0,0,0,0,0
22496,11,0,0,0,0,0
22497,1,0,0,0,11,0
22498,1,0,0,0,47,0
22499,0,0,0,0,32,0
22500,0,0,0,0,19,0
22501,0,0,2,2,31,0
22502,0,0,17,0,34,0
22503,0,0,0,1,41,0
22504,0,0,3,0,60,0
22505,0,0,6,0,64,0
22506,0,0,0,0,46,1
22507,0,0,0,0,78,0
22508,2,0,7,0,55,0
22509,0,0,2,0,23,0
22510,0,0,0,0,0,0
22511,0,0,3,0,0,0
22512,0,0,0,0,0,0
22513,0,0,0,0,0,0
22514,0,0,12,0,0,0
22515,0,0,24,0,0,0
22516,0,0,0,0,3,0
22517,0,0,0,0,0,0
22518,0,0,11,0,0,0
22519,0,0,0,0,0,0
22520,0,0,0,2,101,0
22521,0,0,0,46,361,9
22522,0,0,0,33,597,115
22523,0,0,0,72,630,206
22524,0,0,0,17,580,308
22525,0,0,0,36,609,384
22526,0,0,0,23,589,327
22527,0,0,0,3,574,274
22528,0,0,0,6,439,186
22529,0,0,0,0,296,88
22530,0,0,0,2,293,94
22531,0,0,0,20,675,443
22532,0,0,0,0,1016,473
22533,0,0,0,12,906,392
22534,0,0,0,6,605,107
22535,0,0,0,0,214,11
22536,0,0,0,0,188,8
22537,0,0,0,0,187,26
22538,0,0,0,0,48,0
22539,0,0,0,0,0,0
22540,0,0,0,0,84,13
22541,0,0,0,0,253,9
22542,0,0,0,0,207,10
22543,0,0,0,0,273,19
22544,0,0,0,0,353,67
22545,0,0,0,0,242,73
22546,0,0,0,0,116,67
22547,0,0,0,1,395,184
22548,0,0,0,0,786,232
22549,0,0,0,0,888,514
22550,0,0,0,1,1009,640
22551,6,0,0,0,1187,764
22552,0,0,0,0,1594,790
22553,10,0,0,3,1823,867
22554,38,0,0,0,1772,829
22555,65,0,0,0,1901,963
22556,139,0,0,1,1892,951
22557,67,0,0,0,1709,806
22558,44,3,0,0,1593,795
22559,52,0,0,0,1333,587
22560,16,0,0,0,1036,191
22561,7,0,0,1,977,164
22562,35,0,0,2,1197,296
22563,57,0,0,0,1403,416
22564,68,0,0,0,1388,485
22565,0,0,0,23,1471,616
22566,38,0,0,34,1534,685
22567,62,0,0,58,1511,686
22568,26,0,0,43,1311,666
22569,0,0,0,68,756,334
22570,4,0,0,67,1233,391
22571,4,0,0,26,1542,622
22572,0,0,0,68,1607,747
22573,0,0,0,370,1369,704
22574,1,0,0,512,865,452
22575,4,0,0,332,609,45
22576,0,0,0,231,1150,331
22577,0,0,0,174,1226,431
22578,0,0,0,219,1238,456
22579,0,2,0,307,1242,250
22580,0,0,0,158,767,83
22581,0,0,0,2,533,3
22582,0,0,0,64,1060,48
22583,0,0,0,122,1496,420
22584,0,0,0,89,1636,711
22585,12,0,0,15,2000,1171
22586,12,0,0,46,1755,1427
22587,0,0,0,66,1134,994
22588,0,0,0,37,303,84
22589,30,0,0,0,601,120
22590,15,0,0,6,202,27
22591,0,0,0,18,317,3
22592,3,0,0,0,139,0
22593,37,0,0,0,0,0
22594,0,0,0,0,3,0
22595,0,0,0,0,19,0
22596,0,0,0,0,122,0
22597,0,0,0,15,89,0
22598,0,0,0,57,17,0
22599,0,0,0,0,9,0
22600,3,0,0,0,22,0
22601,0,0,0,0,34,0
22602,0,0,0,0,14,0
22603,0,0,0,0,9,0
22604,6,0,0,4,0,0
22605,21,0,0,0,4,0
22606,0,0,0,0,0,0
22607,34,0,0,0,0,0
22608,60,0,0,3,1,1
22609,17,0,0,9,44,1
22610,0,0,0,12,172,11
22611,2,0,0,0,518,62
22612,26,0,0,0,766,183
22613,5,0,0,0,842,489
22614,0,0,6,0,812,509
22615,0,0,0,9,774,570
22616,0,0,0,61,721,596
22617,0,0,0,81,830,481
22618,20,0,1,4,1173,634
22619,0,0,0,48,1394,870
22620,0,0,0,137,1655,977
22621,0,0,2,6,1874,911
22622,1,0,0,58,1589,681
22623,0,0,0,90,1728,234
22624,0,0,0,51,2055,501
22625,0,0,0,2,2650,722
22626,0,0,0,0,3000,908
22627,9,0,0,0,2796,805
22628,0,0,0,87,2327,906
22629,5,0,0,192,2058,1040
22630,34,0,1,452,1639,779
22631,30,0,0,797,1508,946
22632,0,0,0,793,1314,1196
22633,0,0,0,335,1132,786
22634,0,0,1,171,343,517
22635,0,0,0,268,312,367
22636,12,0,5,403,749,151
22637,0,0,10,364,1059,185
22638,0,0,0,174,599,108
22639,0,0,33,1,30,0
22640,0,0,21,89,0,17
22641,0,0,2,22,0,0
22642,6,0,86,38,0,0
22643,0,0,30,38,0,0
22644,0,0,1,0,1,0
22645,0,0,126,0,4,0
22646,0,0,34,0,0,0
22647,0,0,9,0,0,0
22648,0,0,175,0,0,2
22649,0,0,40,0,0,0
22650,2,0,3,0,0,0
22651,0,0,81,0,0,0
22652,7,0,76,6,0,0
22653,0,0,2,25,15,0
22654,0,0,84,0,123,6
22655,0,0,56,0,240,19
22656,0,0,0,8,428,39
22657,0,0,12,15,584,66
22658,0,0,32,25,725,107
22659,0,0,0,9,940,308
22660,0,0,13,0,1242,469
22661,0,0,19,41,1494,736
22662,0,0,0,1,1523,638
22663,0,0,6,22,1778,966
22664,0,0,37,33,1668,951
22665,0,0,6,56,1434,490
22666,0,0,5,34,307,4
22667,0,0,2,116,75,3
22668,0,0,0,69,201,4
22669,0,0,0,115,394,2
22670,0,0,0,123,630,43
22671,0,0,0,56,708,59
22672,0,0,0,60,718,50
22673,0,0,0,39,276,48
22674,0,0,0,31,330,0
22675,0,0,0,38,353,18
22676,3,0,0,23,211,0
22677,0,0,0,89,99,3
22678,0,0,0,70,347,16
22679,0,0,0,52,307,36
22680,0,0,0,81,77,0
22681,0,0,0,95,208,6
22682,0,0,0,70,268,12
22683,0,0,0,54,139,6
22684,0,0,0,13,85,3
22685,0,0,0,19,108,3
22686,0,0,0,0,95,10
22687,0,0,0,0,12,0
22688,0,0,0,0,82,0
22689,0,0,0,1,65,0
22690,0,0,0,31,11,4
22691,0,0,0,38,34,2
22692,0,0,0,37,0,1
22693,0,0,0,87,12,0
22694,0,0,0,54,36,8
22695,0,0,0,50,191,63
22696,0,0,0,67,605,208
22697,0,0,0,63,937,258
22698,0,0,0,50,1145,239
22699,0,0,0,70,952,157
22700,0,0,0,90,646,29
22701,0,0,0,68,247,3
22702,0,0,0,110,145,0
22703,0,0,0,92,123,0
22704,0,0,0,59,4,0
22705,0,0,0,92,11,0
22706,0,0,0,62,39,0
22707,0,0,0,22,12,0
22708,0,0,0,1,19,0
22709,0,0,0,5,34,0
22710,0,0,0,12,19,0
22711,0,0,9,2,24,0
22712,0,0,13,0,26,0
22713,0,0,0,0,27,5
22714,0,0,17,0,29,17
22715,0,0,12,0,117,18
22716,0,0,0,0,99,12
22717,0,0,9,0,112,7
22718,0,0,38,0,164,2
22719,0,0,0,0,158,10
22720,0,0,8,0,147,12
22721,0,0,29,0,179,16
22722,0,0,0,18,167,54
22723,0,0,9,34,182,49
22724,0,0,26,93,149,68
22725,0,0,6,38,256,82
22726,0,0,0,14,391,157
22727,0,0,43,33,492,250
22728,0,0,47,1,562,228
22729,0,0,0,0,527,176
22730,0,0,22,0,611,62
22731,0,0,52,0,611,43
22732,0,0,0,0,459,26
22733,0,0,9,0,304,23
22734,0,0,112,1,293,0
22735,0,0,40,7,349,0
22736,0,0,3,42,688,1
22737,0,0,70,52,942,4
22738,0,0,74,42,1188,17
22739,0,0,0,234,1163,43
22740,0,0,3,432,1189,18
22741,0,0,74,369,1138,11
22742,0,0,0,487,941,2
22743,0,0,6,448,649,2
22744,0,0,49,418,402,0
22745,0,0,8,467,379,0
22746,0,0,0,325,316,1
22747,0,0,50,190,321,1
22748,0,0,25,185,202,0
22749,0,0,0,59,118,0
22750,0,0,28,25,39,0
22751,0,0,53,58,38,0
22752,0,0,0,5,50,0
22753,0,0,7,6,57,0
22754,0,0,42,12,66,0
22755,0,0,3,1,49,0
22756,0,0,0,6,104,0
22757,0,0,18,6,186,0
22758,0,0,11,0,194,0
22759,0,0,0,0,226,0
22760,0,0,0,0,276,3
22761,0,0,18,0,101,0
22762,0,0,0,0,78,0
22763,0,0,0,0,41,0
22764,0,0,11,0,0,0
22765,0,0,30,0,6,0
22766,0,0,0,0,15,6
22767,0,0,6,0,76,70
22768,0,0,7,0,92,99
22769,0,0,0,0,51,55
22770,0,0,1,0,9,0
22771,0,0,32,0,0,0
22772,0,0,6,0,0,0
22773,0,0,0,4,0,0
22774,0,0,0,9,18,0
22775,0,0,0,6,19,0
22776,0,0,0,0,0,0
22777,4,0,0,0,1,0
22778,0,0,0,0,0,1
22779,0,0,0,0,0,0
22780,0,0,0,0,0,0
22781,0,0,0,0,3,0
22782,0,0,0,0,0,0
22783,0,0,0,0,0,0
22784,0,0,0,0,21,0
22785,0,0,0,0,16,0
22786,0,0,0,1,7,0
22787,0,0,0,0,8,0
22788,0,0,0,0,17,0
22789,0,0,0,17,13,1
22790,0,0,0,95,118,0
22791,0,0,1,140,99,19
22792,0,0,0,63,124,59
22793,0,0,0,0,176,88
22794,0,0,0,0,197,42
22795,0,0,0,1,180,11
22796,0,0,0,0,198,17
22797,0,0,0,0,221,28
22798,0,0,1,0,250,25
22799,0,0,0,0,253,23
22800,0,0,0,0,178,18
22801,0,0,0,22,244,24
22802,0,0,0,31,338,40
22803,0,0,0,0,296,33
22804,0,0,0,6,384,16
22805,0,0,0,4,547,21
22806,0,0,0,19,767,51
22807,0,0,0,152,937,76
22808,0,0,0,399,1144,122
22809,0,0,0,425,1014,196
22810,0,0,0,222,1003,397
22811,0,0,0,156,673,394
22812,0,0,0,240,538,331
22813,0,0,0,157,443,172
22814,0,0,0,106,293,4
22815,0,0,0,85,132,6
22816,0,0,0,122,222,119
22817,0,0,0,91,387,215
22818,0,0,0,3,439,142
22819,0,0,0,23,359,95
22820,0,0,0,59,284,28
22821,0,0,0,57,147,0
22822,0,0,0,13,104,1
22823,0,0,0,0,82,0
22824,0,0,0,25,88,0
22825,0,0,0,34,90,3
22826,0,0,0,12,59,5
22827,0,0,0,0,64,0
22828,0,0,0,0,65,0
22829,0,0,0,0,15,0
22830,0,0,0,0,0,0
22831,0,0,0,0,2,0
22832,0,0,0,1,0,0
22833,0,0,0,0,0,0
22834,0,0,0,0,1,0
22835,0,0,0,0,0,0
22836,0,0,0,0,0,0
22837,0,0,0,0,0,0
22838,0,0,0,5,0,0
22839,0,0,0,7,0,0
22840,0,0,0,45,10,2
22841,0,0,0,180,16,15
22842,0,0,0,360,90,42
22843,0,0,0,360,237,76
22844,0,0,0,274,417,97
22845,0,0,0,256,530,81
22846,0,0,0,240,751,231
22847,0,0,0,173,1114,318
22848,0,0,0,75,1058,469
22849,0,0,0,60,934,516
22850,0,0,0,199,635,381
22851,0,0,0,82,222,19
22852,0,0,0,10,160,0
22853,0,0,0,0,85,27
22854,0,0,0,7,36,25
22855,0,0,0,3,3,80
22856,0,0,0,55,45,165
22857,0,0,0,43,126,306
22858,0,0,0,30,508,423
22859,0,0,0,8,717,424
22860,0,0,0,0,583,343
22861,0,0,0,1,505,232
22862,0,0,0,0,311,5
22863,0,0,0,0,343,0
22864,0,0,0,0,498,0
22865,0,0,0,4,247,8
22866,0,0,0,10,26,0
22867,0,0,0,0,144,0
22868,0,0,0,6,110,28
22869,0,0,0,41,69,74
22870,0,0,0,66,172,189
22871,0,0,0,34,113,181
22872,0,0,0,3,104,0
22873,0,0,0,1,333,75
22874,0,0,0,0,627,239
22875,0,0,0,0,105,78
22876,0,0,0,10,102,22
22877,0,0,0,38,384,273
22878,0,0,0,50,267,165
22879,0,0,0,39,150,4
22880,1,0,0,33,217,6
22881,0,0,4,4,151,12
22882,0,0,0,8,150,63
22883,0,0,7,21,197,180
22884,0,0,0,0,173,241
22885,0,0,0,0,180,74
22886,0,0,0,55,483,76
22887,0,0,0,0,870,71
22888,0,0,0,0,1114,162
22889,5,0,0,0,1117,284
22890,0,0,1,20,1229,483
22891,0,0,0,213,1294,982
22892,3,0,2,809,1528,806
22893,0,0,0,1159,1315,546
22894,0,0,2,1121,1413,338
22895,0,0,12,514,1600,414
22896,16,0,15,7,1868,560
22897,0,0,0,56,1503,517
22898,0,0,0,296,1149,202
22899,0,0,4,416,998,205
22900,6,0,0,360,993,370
22901,2,0,0,346,715,509
22902,0,0,10,137,556,515
22903,45,0,0,15,714,652
22904,47,0,0,16,933,1305
22905,0,0,0,2,471,774
22906,0,0,0,19,56,221
22907,6,0,0,24,363,454
22908,0,0,0,28,662,381
22909,0,0,0,36,666,414
22910,0,0,0,16,436,227
22911,0,0,0,0,102,119
22912,4,0,0,0,65,62
22913,0,0,0,0,31,14
22914,0,0,0,0,40,3
22915,0,0,0,20,53,127
22916,0,0,0,47,123,458
22917,0,0,0,30,158,326
22918,0,0,0,36,77,111
22919,0,0,0,12,78,141
22920,0,0,0,12,78,63
22921,0,0,0,0,7,0
22922,0,0,0,0,15,0
22923,0,0,0,0,12,0
22924,0,0,0,8,3,0
22925,0,0,0,30,0,0
22926,0,0,0,1,0,0
22927,0,0,0,1,0,0
22928,0,0,0,1,0,0
22929,3,0,0,0,0,0
22930,26,0,0,0,0,0
22931,66,0,0,0,0,0
22932,115,0,0,0,0,0
22933,76,0,0,0,0,0
22934,2,0,0,0,0,0
22935,38,0,0,0,0,0
22936,55,0,0,0,0,0
22937,68,0,0,0,0,0
22938,55,0,0,0,0,0
22939,80,0,0,0,0,0
22940,43,0,0,0,0,0
22941,24,0,0,0,0,0
22942,66,0,0,0,0,0
22943,187,0,0,0,2,0
22944,334,0,0,0,0,0
22945,375,0,0,0,0,0
22946,319,0,0,0,0,0
22947,58,0,0,0,3,0
22948,137,0,0,0,0,0
22949,89,0,0,5,0,0
22950,169,0,0,8,0,0
22951,301,0,0,0,2,0
22952,226,2,0,0,0,0
22953,43,3,0,0,0,0
22954,34,0,0,0,0,0
22955,33,0,0,0,0,0
22956,6,0,1,0,0,0
22957,49,0,0,0,0,0
22958,101,4,0,0,0,0
22959,59,8,0,0,0,0
22960,12,0,0,0,0,0
22961,4,0,0,0,0,0
22962,45,0,0,0,23,40
22963,79,0,0,0,375,434
22964,159,0,0,0,534,669
22965,8,0,0,0,597,638
22966,0,0,0,0,525,406
22967,0,0,0,0,192,29
22968,4,0,0,0,92,21
22969,22,0,0,0,74,91
22970,61,0,0,0,5,16
22971,26,0,0,0,1,0
22972,0,0,0,0,4,5
22973,0,0,0,0,15,58
22974,0,0,0,0,9,28
22975,0,0,0,0,0,3
22976,0,0,0,0,81,221
22977,0,0,0,0,154,378
22978,0,0,0,0,72,91
22979,0,0,0,0,12,0
22980,0,0,0,0,11,0
22981,0,0,0,0,25,6
22982,0,0,0,0,7,0
22983,0,0,0,0,0,0
22984,0,0,0,0,0,0
22985,0,0,0,0,0,0
22986,0,0,0,0,0,0
22987,0,0,0,15,0,0
22988,0,0,0,4,0,0
22989,0,0,0,0,0,0
22990,0,0,0,0,0,0
22991,0,0,0,0,3,0
22992,0,0,0,0,0,0
22993,0,0,0,4,0,0
22994,0,0,0,5,7,0
22995,0,0,0,0,15,50
22996,0,0,0,0,29,24
22997,0,0,0,0,106,86
22998,0,0,0,0,251,180
22999,0,0,0,0,239,200
23000,0,0,0,0,281,188
23001,0,0,0,0,194,282
23002,0,0,0,16,133,202
23003,0,0,0,34,339,130
23004,0,0,0,2,425,104
23005,0,0,0,0,416,87
23006,0,0,0,1,469,112
23007,0,0,0,44,451,264
23008,0,0,0,61,370,172
23009,0,0,0,301,247,20
23010,0,0,0,310,123,1
23011,0,0,0,156,610,53
23012,0,0,0,159,945,190
23013,0,0,0,158,1094,413
23014,0,0,0,112,716,480
23015,0,0,0,97,176,222
23016,0,0,0,20,152,217
23017,0,0,0,0,233,174
23018,0,0,0,7,163,100
23019,0,0,0,3,31,67
23020,0,0,0,17,45,79
23021,0,0,0,4,92,67
23022,0,0,0,0,138,112
23023,0,0,0,8,202,161
23024,0,0,0,16,202,138
23025,0,0,0,24,199,122
23026,0,0,0,108,238,82
23027,0,0,0,274,226,29
23028,0,0,0,426,468,0
23029,0,0,0,686,731,54
23030,0,0,0,1130,1262,105
23031,0,0,0,1696,1398,118
23032,0,0,0,2333,1343,90
23033,0,0,0,2805,1406,66
23034,0,0,0,3463,1660,108
23035,0,0,1,3836,1895,209
23036,0,0,0,4291,2174,295
23037,0,0,0,4799,2424,333
23038,0,0,0,5069,2746,400
23039,0,0,0,5153,2927,269
23040,0,0,0,5199,3076,306
23041,0,0,2,5237,3203,213
23042,0,0,17,5077,3429,183
23043,0,0,0,4960,3640,183
23044,0,0,0,4891,4047,539
23045,0,0,5,4776,4128,731
23046,0,0,0,4673,4030,974
23047,0,0,0,4748,4039,1049
23048,0,0,0,4848,4136,1056
23049,0,0,0,4849,4171,850
23050,0,0,0,5065,4168,730
23051,0,0,0,5161,4370,661
23052,0,0,0,5186,4614,554
23053,0,0,0,5230,4859,751
23054,0,0,0,5456,5553,1462
23055,0,0,0,5614,6061,1532
23056,21,0,0,5769,6782,1290
23057,25,0,0,5903,7119,888
23058,0,0,0,5865,7159,1372
23059,4,0,0,5919,7189,1395
23060,2,0,0,5808,7281,1205
23061,0,0,0,5632,6667,1932
23062,0,0,0,5390,6069,2413
23063,0,0,0,5142,5561,2498
23064,0,0,0,4359,4735,2386
23065,0,0,0,3690,5446,2925
23066,0,0,0,2944,5853,3419
23067,0,0,0,2282,5786,4533
23068,0,0,0,1712,5243,4647
23069,0,0,0,1409,4939,4257
23070,0,0,0,1075,4337,3941
23071,0,0,0,631,3852,3167
23072,0,0,2,502,2892,2726
23073,0,0,10,1506,4141,3087
23074,0,0,0,2262,5533,3156
23075,0,0,7,3107,6959,3350
23076,0,0,0,4351,7847,3395
23077,0,0,0,5022,8086,2506
23078,0,0,3,5695,8615,2070
23079,0,0,14,6284,8561,2369
23080,0,0,0,6495,9100,4000
23081,0,0,0,6649,8702,4650
23082,0,0,0,6570,7942,4364
23083,0,0,0,6497,6588,3780
23084,0,0,0,6269,5469,3519
23085,0,0,17,5793,4752,3432
23086,0,0,122,5158,4123,4127
23087,0,0,49,4059,2976,4428
23088,0,0,0,3080,2326,3931
23089,0,0,2,1666,1700,1775
23090,0,0,0,746,1931,399
23091,0,0,37,207,1940,1565
23092,0,0,118,728,2230,1567
23093,0,0,37,962,1729,1006
23094,0,0,0,1522,1577,1052
23095,0,0,0,2002,1891,1728
23096,0,0,0,1993,2181,2620
23097,0,0,3,2205,2623,3116
23098,0,0,64,1857,2833,2883
23099,0,0,40,1194,3111,2817
23100,0,0,10,562,2739,2614
23101,0,0,0,448,2745,2964
23102,0,0,0,1172,3061,2973
23103,0,0,0,2199,3249,2791
23104,0,0,6,3147,3437,2345
23105,0,0,14,4132,3772,2092
23106,0,0,15,5077,4164,1986
23107,0,0,0,5674,4572,1796
23108,0,0,0,6427,5188,1494
23109,0,0,0,6897,5280,965
23110,0,0,0,7137,5409,540
23111,0,0,8,7510,5325,216
23112,0,0,0,7595,5537,224
23113,0,0,0,7722,5942,895
23114,0,0,2,7667,6623,1338
23115,2,0,0,7633,7025,2220
23116,0,0,0,7400,7302,3068
23117,0,0,0,6921,6973,4112
23118,0,0,0,6253,6375,5097
23119,0,0,0,5474,5698,5357
23120,0,0,2,4376,4823,4735
23121,11,0,0,3400,3619,3625
23122,2,0,0,2539,3345,3274
23123,16,0,0,1406,2767,2874
23124,15,0,0,418,2240,2808
23125,3,0,0,412,1992,2345
23126,12,0,0,1056,1570,1593
23127,21,0,0,1384,1183,325
23128,13,0,0,1535,680,48
23129,10,0,0,1163,528,112
23130,26,0,0,600,361,37
23131,18,0,0,418,101,67
23132,10,0,0,249,52,148
23133,17,0,0,86,97,161
23134,29,0,0,210,193,63
23135,22,0,0,399,441,107
23136,22,0,0,498,719,186
23137,18,0,0,492,1053,237
23138,12,0,0,496,901,142
23139,12,0,0,432,534,53
23140,24,0,0,213,355,9
23141,0,2,0,44,106,17
23142,10,0,0,122,122,82
23143,0,0,0,199,179,105
23144,0,0,0,10,231,161
23145,0,0,0,5,311,560
23146,0,0,0,14,214,1123
23147,0,0,0,35,37,1155
23148,0,0,0,51,83,736
23149,0,0,0,96,275,285
23150,0,0,0,224,331,1067
23151,0,0,0,153,284,894
23152,0,0,0,111,228,189
23153,0,0,0,56,96,72
23154,0,0,0,2,140,11
23155,0,0,0,41,48,9
23156,0,0,0,93,35,142
23157,0,0,0,69,82,231
23158,11,0,0,76,113,151
23159,0,0,0,21,89,21
23160,0,0,0,27,7,8
23161,0,0,0,20,2,0
23162,0,0,1,14,6,0
23163,0,0,2,0,18,0
23164,0,0,0,0,0,0
23165,0,0,0,5,0,0
23166,0,0,0,2,0,0
23167,0,0,0,2,0,0
23168,0,0,0,0,6,0
23169,0,0,0,3,8,43
23170,0,0,0,26,51,80
23171,0,0,0,0,112,258
23172,0,0,6,1,38,398
23173,0,0,4,17,55,459
23174,0,0,0,21,207,444
23175,0,0,0,9,252,431
23176,0,0,0,34,316,465
23177,0,0,0,24,284,406
23178,0,0,1,83,221,537
23179,0,0,1,207,214,646
23180,6,4,0,250,379,709
23181,0,0,0,277,347,801
23182,0,0,0,216,270,769
23183,0,0,0,345,187,582
23184,0,0,0,278,74,422
23185,0,0,0,248,175,370
23186,0,0,0,111,250,331
23187,0,0,0,23,81,255
23188,0,0,0,95,64,238
23189,0,0,0,224,170,198
23190,0,0,0,106,404,185
23191,0,0,11,65,369,149
23192,0,0,18,38,340,31
23193,0,0,0,0,240,11
23194,0,0,0,1,146,46
23195,0,0,8,0,95,62
23196,0,0,0,75,38,203
23197,0,0,0,169,8,256
23198,0,0,9,75,3,168
23199,0,0,5,1,0,66
23200,0,0,0,0,0,124
23201,0,0,0,0,0,52
23202,0,0,1,1,0,0
23203,0,0,0,4,0,0
23204,0,0,0,24,0,77
23205,0,0,0,15,0,28
23206,0,0,0,70,3,27
23207,0,0,0,40,124,87
23208,0,0,0,0,281,131
23209,0,0,0,9,322,224
23210,0,0,0,35,389,185
23211,0,0,0,6,415,157
23212,0,0,0,0,347,143
23213,0,0,0,14,342,179
23214,0,0,0,0,354,119
23215,0,0,0,11,545,120
23216,0,0,0,0,784,380
23217,0,0,0,99,944,955
23218,0,0,0,142,1224,1608
23219,0,0,0,41,1796,2502
23220,0,0,0,15,2174,3361
23221,0,0,1,36,3127,3057
23222,0,0,0,25,3387,2640
23223,0,0,0,142,3555,2479
23224,0,0,0,150,3383,2384
23225,0,0,0,151,2936,1798
23226,0,0,2,129,2118,1030
23227,0,0,1,30,2664,758
23228,0,0,0,0,3020,811
23229,0,0,1,3,3096,1063
23230,0,0,17,149,2804,1349
23231,0,0,0,405,2249,1397
23232,0,0,0,377,2099,1094
23233,0,0,7,349,2264,849
23234,0,0,0,358,2211,660
23235,0,0,5,351,2704,891
23236,0,0,24,273,2967,1631
23237,0,0,4,149,2719,2264
23238,0,0,0,119,2345,2315
23239,0,0,5,146,1725,1359
23240,0,0,0,88,895,648
23241,0,0,0,111,673,512
23242,0,0,0,322,576,267
23243,0,0,0,228,422,73
23244,0,0,0,200,634,12
23245,0,0,0,135,212,1
23246,0,0,0,97,10,33
23247,0,0,0,70,0,27
23248,0,0,0,52,3,5
23249,0,0,0,2,0,7
23250,0,0,0,0,0,8
23251,0,0,0,2,0,1
23252,0,0,0,0,0,0
23253,0,0,0,0,0,0
23254,0,0,0,10,0,0
23255,0,0,0,6,0,0
23256,0,0,0,13,1,2
23257,0,0,0,2,1,14
23258,0,0,0,65,0,23
23259,0,0,0,0,0,4
23260,0,0,0,114,0,0
23261,0,0,0,106,0,0
23262,0,0,0,5,0,0
23263,0,0,0,0,0,0
23264,0,0,0,5,0,0
23265,0,0,0,0,0,0
23266,0,0,0,19,0,0
23267,0,0,0,2,0,0
23268,0,0,0,0,0,0
23269,0,0,0,13,0,0
23270,0,0,0,108,0,0
23271,0,0,0,45,0,0
23272,0,0,0,1,0,0
23273,0,0,0,4,0,0
23274,0,0,8,0,0,0
23275,0,0,0,0,0,0
23276,0,0,1,20,0,0
23277,0,0,0,2,0,0
23278,0,0,0,0,0,0
23279,0,0,0,34,0,0
23280,0,0,0,1,0,0
23281,0,0,0,6,0,0
23282,6,0,0,15,0,0
23283,29,0,2,0,0,0
23284,0,0,0,0,0,0
23285,0,0,0,0,3,0
23286,0,0,0,0,0,0
23287,0,0,9,1,373,0
23288,0,0,0,47,505,69
23289,0,0,1,20,653,698
23290,0,0,8,14,1274,1944
23291,0,0,0,33,1983,3173
23292,0,0,2,33,3264,3029
23293,0,0,99,74,5179,2715
23294,0,0,40,91,6767,1926
23295,0,0,10,114,8928,915
23296,5,0,239,128,9851,795
23297,0,0,44,206,9798,696
23298,0,0,68,297,9480,582
23299,0,0,432,402,9401,668
23300,0,0,148,694,9241,601
23301,7,0,7,1049,8636,688
23302,4,0,205,1432,8087,657
23303,0,0,53,1783,7458,683
23304,0,0,0,2076,6769,764
23305,0,0,159,2180,5941,797
23306,0,0,19,1991,4875,717
23307,0,0,0,1854,4196,783
23308,3,0,31,1574,3366,738
23309,0,0,0,1273,2316,657
23310,0,0,0,961,1333,614
23311,1,0,12,702,585,513
23312,3,0,0,295,163,416
23313,18,0,0,142,114,300
23314,15,0,0,120,121,136
23315,20,0,0,115,192,90
23316,0,0,0,89,144,65
23317,1,0,0,137,161,0
23318,4,0,0,137,126,0
23319,5,0,0,164,172,0
23320,10,0,0,149,176,0
23321,7,0,0,167,211,0
23322,9,0,0,163,183,0
23323,1,0,0,187,153,12
23324,0,0,0,246,179,159
23325,0,0,0,316,172,388
23326,0,0,0,376,130,341
23327,0,0,0,417,37,51
23328,0,0,0,426,75,0
23329,0,0,2,448,139,0
23330,0,0,0,526,220,40
23331,0,0,0,486,175,0
23332,0,0,0,465,170,0
23333,0,0,0,577,184,0
23334,0,0,0,581,254,30
23335,0,0,2,997,295,0
23336,0,0,0,1387,480,12
23337,0,0,0,1289,793,67
23338,0,0,0,894,1316,152
23339,0,0,0,702,788,0
23340,0,0,6,361,348,20
23341,0,0,12,48,297,44
23342,0,0,3,260,106,27
23343,0,0,2,832,115,0
23344,2,0,11,975,240,2
23345,0,0,0,1074,498,0
23346,1,0,3,1344,552,1
23347,0,0,39,1812,791,24
23348,5,0,8,2073,1997,314
23349,0,0,0,1840,2918,527
23350,5,0,3,1985,3958,639
23351,20,0,0,1913,4557,774
23352,49,0,0,2187,4459,809
23353,125,0,4,3194,4179,892
23354,187,0,12,4093,3321,667
23355,265,0,0,4715,2274,316
23356,260,0,0,5456,1776,69
23357,108,0,8,5546,1389,31
23358,119,0,0,4685,1225,72
23359,7,0,0,3370,962,122
23360,14,0,0,2518,535,238
23361,4,0,0,2132,422,2
23362,4,0,0,1819,619,7
23363,80,0,1,1545,838,80
23364,114,0,0,1443,783,203
23365,195,0,0,928,766,361
23366,194,0,0,436,528,188
23367,205,0,0,806,302,20
23368,251,0,0,470,83,0
23369,310,0,0,495,76,13
23370,328,0,0,1031,246,141
23371,151,0,0,881,158,53
23372,2,0,0,670,38,4
23373,0,0,0,638,78,1
23374,0,0,0,1044,217,12
23375,5,0,0,929,179,23
23376,0,0,0,523,29,49
23377,6,0,0,1182,87,37
23378,17,0,0,667,133,76
23379,2,0,0,187,17,1
23380,1,0,0,142,0,9
23381,24,0,0,194,18,9
23382,8,0,0,638,133,1
23383,29,0,0,408,62,0
23384,9,0,0,732,82,49
23385,0,0,0,687,129,92
23386,14,0,0,170,39,3
23387,34,0,0,115,1,2
23388,105,0,0,463,1,0
23389,138,0,0,665,43,1
23390,171,0,0,221,20,0
23391,170,0,0,938,24,70
23392,111,0,0,410,111,85
23393,10,0,0,110,19,3
23394,0,0,0,150,0,0
23395,0,0,2,488,48,0
23396,19,0,0,228,0,0
23397,57,0,0,743,61,0
23398,118,0,0,568,93,61
23399,283,0,0,771,620,7
23400,343,0,0,1928,1153,5
23401,381,0,0,2257,1954,223
23402,357,0,0,2155,3029,348
23403,291,0,0,2477,4622,429
23404,49,0,0,2476,6356,446
23405,0,0,0,2391,8266,515
23406,0,0,0,2061,9817,667
23407,9,0,0,1278,11352,790
23408,6,0,0,947,12457,1055
23409,15,0,0,708,13179,1073
23410,6,0,0,594,12284,1344
23411,0,0,0,439,9015,2848
23412,0,0,0,560,6055,3662
23413,0,0,0,309,3861,4256
23414,0,0,0,65,2429,3454
23415,0,0,0,9,1135,1600
23416,0,0,0,85,1072,1609
23417,0,0,0,240,849,1322
23418,0,0,0,410,790,1208
23419,0,0,0,357,988,1650
23420,0,0,0,253,1318,2020
23421,0,0,0,146,1216,1001
23422,0,0,0,74,665,503
23423,0,0,0,57,804,234
23424,0,0,0,3,998,447
23425,0,0,0,1,1450,1059
23426,19,0,0,5,1663,1700
23427,46,0,0,5,1465,2004
23428,39,0,0,0,640,584
23429,91,0,0,14,442,93
23430,196,0,0,1,31,19
23431,354,0,0,1,42,16
23432,395,0,0,0,22,5
23433,377,0,0,0,0,0
23434,346,0,0,0,0,0
23435,248,0,0,17,0,0
23436,163,0,0,20,0,0
23437,51,0,0,86,0,0
23438,90,0,0,48,0,0
23439,35,0,0,9,0,0
23440,64,0,0,4,0,0
23441,65,0,0,1,0,0
23442,89,0,0,28,0,0
23443,109,0,0,16,0,0
23444,141,0,0,33,0,0
23445,93,0,0,67,0,0
23446,83,0,0,48,0,0
23447,46,0,0,27,0,0
23448,5,0,0,31,6,0
23449,0,0,0,59,0,0
23450,16,0,0,63,0,0
23451,0,0,0,35,0,0
23452,0,0,0,9,0,0
23453,0,0,0,16,23,0
23454,0,0,0,47,107,0
23455,0,0,0,65,196,0
23456,0,0,0,63,152,0
23457,0,0,0,1,9,0
23458,0,0,0,3,4,0
23459,0,0,30,30,0,0
23460,8,0,0,21,0,0
23461,0,0,0,33,1,0
23462,0,0,14,61,15,0
23463,0,0,6,4,22,0
23464,0,0,0,4,0,0
23465,0,0,48,58,40,0
23466,0,0,25,24,95,0
23467,0,0,0,70,166,12
23468,4,0,50,103,99,7
23469,2,0,46,135,2,0
23470,0,0,0,263,85,0
23471,13,0,54,145,417,0
23472,0,0,51,273,268,0
23473,0,0,0,126,194,0
23474,0,0,10,2,75,0
23475,0,0,16,0,0,0
23476,0,0,0,37,1,0
23477,0,0,12,109,0,0
23478,0,0,33,124,24,0
23479,0,0,0,225,22,0
23480,0,0,5,182,92,0
23481,0,0,5,185,7,0
23482,0,0,0,166,4,0
23483,0,0,6,145,35,0
23484,13,0,4,34,0,0
23485,2,0,0,67,0,0
23486,0,0,0,69,0,0
23487,0,0,4,0,0,0
23488,0,0,0,4,0,0
23489,30,0,4,0,0,0
23490,54,0,17,0,0,0
23491,29,0,0,0,0,5
23492,0,0,0,0,0,27
23493,0,0,9,0,0,61
23494,14,0,6,1,0,4
23495,43,0,0,33,0,0
23496,36,0,2,39,11,7
23497,3,0,0,26,28,136
23498,0,0,0,0,43,402
23499,1,0,0,1,61,677
23500,0,0,2,0,44,738
23501,8,0,0,1,28,638
23502,32,0,0,0,0,411
23503,131,0,13,1,0,97
23504,255,0,0,15,15,133
23505,426,0,0,0,28,16
23506,730,0,6,15,32,414
23507,1018,0,8,26,18,762
23508,1337,0,0,46,4,786
23509,1746,0,0,17,0,537
23510,1841,45,7,0,0,272
23511,1725,184,0,0,0,4
23512,1453,217,0,11,0,0
23513,998,199,3,16,0,0
23514,326,19,6,11,0,0
23515,4,0,0,0,0,0
23516,494,11,8,0,0,0
23517,753,157,24,0,0,0
23518,857,151,0,0,0,0
23519,856,89,0,0,0,0
23520,674,30,32,0,0,0
23521,470,0,0,0,0,0
23522,283,0,21,0,0,0
23523,113,0,86,0,0,1
23524,160,0,18,0,0,0
23525,63,0,0,0,0,0
23526,22,0,30,0,0,0
23527,36,0,29,0,0,0
23528,5,0,0,0,0,0
23529,14,0,24,0,0,0
23530,57,0,13,0,0,0
23531,25,0,0,0,2,0
23532,42,0,1,0,0,0
23533,58,0,11,0,17,0
23534,125,0,0,0,9,0
23535,377,0,0,0,0,0
23536,585,0,17,0,5,0
23537,723,0,0,0,0,0
23538,722,0,0,0,0,0
23539,587,0,0,0,0,0
23540,409,0,0,0,0,0
23541,258,0,0,0,0,0
23542,283,0,0,0,0,0
23543,678,0,0,6,0,0
23544,1232,0,0,0,0,0
23545,1837,0,0,13,0,0
23546,2141,0,0,27,0,0
23547,2276,4,0,42,0,0
23548,2738,10,0,76,0,0
23549,2907,22,0,58,0,0
23550,2334,7,0,0,0,0
23551,1636,2,0,7,0,0
23552,1198,2,0,3,0,0
23553,1344,0,0,2,0,0
23554,1934,7,0,7,0,0
23555,1894,0,0,6,0,0
23556,1423,0,0,0,8,0
23557,1051,0,0,27,31,0
23558,675,0,0,50,46,0
23559,683,0,0,42,0,0
23560,832,0,0,37,0,0
23561,970,0,0,6,0,0
23562,868,0,0,0,0,0
23563,491,0,0,0,32,0
23564,199,0,4,0,53,0
23565,289,0,0,0,0,0
23566,271,0,0,30,10,0
23567,187,0,2,30,0,0
23568,83,0,10,14,0,4
23569,76,0,0,13,0,0
23570,376,0,12,45,0,0
23571,353,0,0,6,0,0
23572,479,8,0,0,0,0
23573,522,0,20,21,0,0
23574,171,0,10,0,0,0
23575,13,0,0,6,27,1
23576,18,0,8,0,0,0
23577,75,0,17,0,1,0
23578,55,0,0,0,19,0
23579,47,0,0,0,0,0
23580,65,0,1,0,9,0
23581,102,0,9,0,44,0
23582,239,0,0,0,13,0
23583,261,0,4,0,0,0
23584,152,0,10,2,0,0
23585,0,0,0,0,3,0
23586,13,0,6,0,0,0
23587,27,0,0,0,0,0
23588,10,0,0,0,0,0
23589,1,0,0,0,0,0
23590,0,0,0,0,0,0
23591,0,0,0,0,0,0
23592,0,0,0,0,0,0
23593,0,0,0,0,0,0
23594,6,0,0,0,0,0
23595,0,0,0,0,0,0
23596,0,0,0,0,0,0
23597,0,0,0,0,0,2
23598,6,0,2,0,0,0
23599,3,0,0,0,0,0
23600,1,0,0,0,0,0
23601,0,0,0,0,25,0
23602,10,0,0,0,32,0
23603,23,0,0,0,0,0
23604,30,0,3,4,0,0
23605,36,0,11,0,0,0
23606,22,0,0,0,0,0
23607,79,0,1,0,4,0
23608,144,0,4,0,0,0
23609,226,0,3,0,0,0
23610,465,0,0,0,0,0
23611,829,0,6,0,0,0
23612,1116,0,0,0,1,0
23613,934,2,0,0,0,0
23614,594,4,1,0,0,0
23615,250,0,31,0,0,0
23616,81,0,0,0,0,0
23617,144,0,0,0,0,0
23618,290,0,6,0,0,0
23619,449,0,5,0,0,0
23620,523,0,0,0,0,0
23621,580,15,0,0,0,0
23622,751,0,0,0,0,0
23623,819,0,0,0,0,0
23624,1143,0,0,0,0,0
23625,1438,0,0,0,0,0
23626,1751,0,0,1,0,0
23627,2038,0,0,0,0,0
23628,2270,0,0,0,0,0
23629,2351,0,0,0,0,0
23630,2150,53,0,0,0,0
23631,1670,180,0,0,3,0
23632,1258,218,0,0,0,0
23633,680,105,0,0,0,0
23634,173,0,0,0,0,0
23635,319,0,1,0,2,0
23636,864,23,0,0,0,0
23637,1124,129,0,0,0,0
23638,1248,81,0,0,0,0
23639,1303,39,0,0,0,0
23640,1299,1,0,0,0,0
23641,1242,0,2,0,0,0
23642,1153,0,0,0,0,5
23643,1077,0,0,0,9,0
23644,985,0,1,0,26,0
23645,938,0,0,0,20,0
23646,833,0,0,0,6,0
23647,710,0,0,0,0,0
23648,467,0,0,0,0,0
23649,119,0,0,0,0,0
23650,33,0,0,0,0,0
23651,6,0,0,0,0,0
23652,0,0,0,0,0,0
23653,0,0,0,0,0,0
23654,0,0,0,0,0,0
23655,0,0,0,0,0,0
23656,2,0,0,0,0,0
23657,0,0,0,0,0,0
23658,0,0,0,0,0,0
23659,0,0,8,0,0,0
23660,30,0,0,0,0,0
23661,32,0,4,0,0,0
23662,27,0,16,0,0,0
23663,0,0,0,0,0,0
23664,0,0,12,15,0,0
23665,49,0,21,0,0,0
23666,43,0,0,0,0,0
23667,51,0,0,0,0,0
23668,99,0,32,0,0,0
23669,219,0,8,0,0,0
23670,202,0,0,0,0,0
23671,162,0,36,0,0,0
23672,155,0,8,0,0,0
23673,88,0,0,0,0,0
23674,57,0,8,0,0,0
23675,31,0,8,0,0,0
23676,14,0,0,0,0,0
23677,7,0,2,0,0,0
23678,62,0,0,0,0,0
23679,110,0,0,0,6,0
23680,232,0,0,0,0,0
23681,325,0,4,0,10,1
23682,464,0,0,0,0,0
23683,494,0,0,0,75,2
23684,569,0,0,0,15,0
23685,714,0,0,0,0,0
23686,676,0,0,0,0,0
23687,697,0,1,0,0,0
23688,817,0,1,0,0,0
23689,889,0,0,0,2,0
23690,864,0,0,0,0,0
23691,825,0,0,0,0,0
23692,732,0,0,0,0,0
23693,570,0,0,0,0,0
23694,345,0,0,0,0,0
23695,114,0,0,0,0,0
23696,24,0,0,0,0,0
23697,324,0,0,0,0,0
23698,488,0,0,0,1,0
23699,546,0,0,0,0,0
23700,544,0,0,0,0,0
23701,517,0,0,1,0,0
23702,428,0,0,0,22,0
23703,333,0,0,0,14,0
23704,280,0,0,0,0,0
23705,210,0,0,0,0,0
23706,150,0,0,0,0,0
23707,93,0,0,0,2,0
23708,44,0,0,4,0,0
23709,46,0,0,0,0,0
23710,65,0,0,0,0,0
23711,135,0,0,0,0,0
23712,116,0,0,0,0,0
23713,183,0,0,0,0,0
23714,231,0,0,0,0,0
23715,250,0,0,0,0,0
23716,257,0,0,0,0,0
23717,298,0,0,0,0,0
23718,278,2,0,0,0,0
23719,278,3,0,0,0,0
23720,277,0,0,0,0,0
23721,258,0,0,0,0,0
23722,272,0,0,0,0,0
23723,285,0,0,0,0,0
23724,306,0,0,0,0,0
23725,298,0,0,0,1,0
23726,176,0,0,0,6,0
23727,90,0,0,0,0,0
23728,23,0,0,0,0,0
23729,1,0,0,0,3,0
23730,0,0,0,0,0,0
23731,0,0,0,0,0,0
23732,0,0,0,0,0,0
23733,0,0,0,0,0,0
23734,0,0,0,0,0,0
23735,0,0,0,0,0,0
23736,0,0,0,0,0,0
23737,0,0,0,0,0,0
23738,0,0,0,0,0,0
23739,0,0,0,0,0,0
23740,0,0,0,0,0,0
23741,8,0,0,0,5,0
23742,14,0,0,0,1,0
23743,4,0,0,0,0,4
23744,32,0,0,0,0,0
23745,7,0,0,0,0,0
23746,9,0,0,0,0,3
23747,0,0,0,0,0,0
23748,0,0,25,0,0,0
23749,0,0,21,0,0,2
23750,0,0,0,14,0,0
23751,0,0,0,0,0,0
23752,2,0,0,0,0,0
23753,21,0,0,0,0,0
23754,0,0,0,0,0,0
23755,0,0,0,0,0,0
23756,0,0,0,0,2,4
23757,0,0,0,0,0,0
23758,0,0,0,0,23,0
23759,0,0,0,0,0,0
23760,0,0,0,0,0,0
23761,0,0,0,0,0,0
23762,0,0,0,0,0,0
23763,0,0,0,0,0,0
23764,0,0,0,0,0,0
23765,0,0,0,0,6,0
23766,0,0,0,0,4,0
23767,0,0,0,0,0,0
23768,0,0,0,0,0,0
23769,0,0,0,0,0,0
23770,0,0,0,0,0,0
23771,0,0,0,0,0,0
23772,0,0,0,0,0,0
23773,0,0,0,0,0,0
23774,0,0,0,0,0,0
23775,0,0,0,0,18,0
23776,0,0,0,0,13,0
23777,0,0,7,0,0,0
23778,0,0,0,0,0,0
23779,0,0,0,0,0,0
23780,0,0,3,0,0,0
23781,0,0,0,0,0,0
23782,0,0,0,0,0,0
23783,11,0,0,0,0,0
23784,2,0,5,0,0,0
23785,39,0,0,0,12,0
23786,8,0,0,0,0,0
23787,14,0,7,0,0,0
23788,26,0,0,0,0,0
23789,3,0,1,0,0,0
23790,69,0,12,0,0,0
23791,52,0,1,0,0,0
23792,31,0,0,0,0,0
23793,0,0,0,0,0,0
23794,0,0,0,0,0,0
23795,11,0,0,0,0,0
23796,84,0,0,0,0,0
23797,28,0,0,0,0,0
23798,0,0,0,0,0,0
23799,0,0,0,0,8,3
23800,0,0,0,0,4,0
23801,0,0,0,0,0,0
23802,0,0,0,0,0,0
23803,0,0,0,0,0,0
23804,0,0,0,0,0,0
23805,5,0,0,0,0,0
23806,1,0,0,2,0,0
23807,0,0,0,0,0,0
23808,0,0,0,0,0,0
23809,17,0,0,11,0,0
23810,0,0,0,0,0,0
23811,61,0,0,0,0,0
23812,148,0,0,0,0,0
23813,170,0,0,0,0,0
23814,106,0,0,0,0,0
23815,36,0,0,0,0,0
23816,11,0,0,0,0,0
23817,78,0,0,0,0,0
23818,9,0,0,0,2,0
23819,102,0,0,0,3,0
23820,127,0,0,0,0,0
23821,36,0,0,0,2,0
23822,5,0,0,0,0,0
23823,126,0,0,0,0,0
23824,68,0,0,0,0,0
23825,43,0,0,0,0,0
23826,160,0,0,0,0,0
23827,238,0,2,0,0,0
23828,225,0,0,0,0,0
23829,89,0,0,0,0,0
23830,0,0,0,0,0,0
23831,111,0,0,0,0,0
23832,149,0,0,0,0,0
23833,98,0,0,0,0,0
23834,134,0,0,0,0,0
23835,211,0,0,0,0,0
23836,241,0,0,0,0,0
23837,222,0,0,0,0,0
23838,47,0,0,0,0,0
23839,98,0,0,0,0,0
23840,176,0,0,0,0,0
23841,76,0,0,0,0,0
23842,18,0,0,0,0,0
23843,112,0,0,0,0,0
23844,210,0,0,0,0,0
23845,384,0,0,0,0,0
23846,350,0,0,0,0,0
23847,277,0,0,0,0,0
23848,61,0,0,0,0,0
23849,63,0,0,0,0,0
23850,262,0,6,3,0,0
23851,322,0,3,22,0,0
23852,278,0,0,23,0,0
23853,138,0,2,0,0,0
23854,104,0,0,2,0,0
23855,287,0,0,7,0,0
23856,661,0,0,0,0,0
23857,1204,0,0,0,0,0
23858,1741,0,0,0,0,0
23859,2080,0,0,0,0,0
23860,1894,62,1,0,0,0
23861,1299,341,0,0,0,0
23862,800,417,3,0,0,0
23863,626,103,6,0,0,0
23864,677,0,0,0,2,0
23865,1329,121,0,0,0,0
23866,1675,480,0,0,0,0
23867,1661,465,0,0,2,0
23868,1531,286,0,0,0,0
23869,1198,84,1,0,0,0
23870,888,0,0,0,0,0
23871,611,0,0,0,0,0
23872,235,0,0,0,0,0
23873,16,6,0,0,0,0
23874,0,0,0,0,0,0
23875,2,0,0,0,0,0
23876,43,0,0,0,0,0
23877,133,0,0,0,0,0
23878,45,0,0,0,0,0
23879,7,0,0,0,0,0
23880,0,0,0,0,0,0
23881,19,0,0,0,0,0
23882,11,0,0,9,0,0
23883,58,0,0,0,0,0
23884,75,0,0,0,0,0
23885,74,0,0,0,0,0
23886,2,0,0,0,0,0
23887,12,0,0,0,0,0
23888,1,0,0,0,0,0
23889,0,0,0,0,0,0
23890,0,0,0,0,0,0
23891,0,0,0,0,0,0
23892,0,0,0,0,0,0
23893,0,0,0,0,0,0
23894,0,0,0,0,0,0
23895,0,0,0,0,0,0
23896,0,0,0,0,0,0
23897,3,0,0,0,0,0
23898,5,0,0,0,0,0
23899,0,0,0,0,0,0
23900,0,0,0,0,0,0
23901,0,0,0,0,0,0
23902,15,0,0,0,0,0
23903,18,0,0,0,0,0
23904,0,0,0,0,0,0
23905,0,0,0,0,0,0
23906,0,0,0,0,0,0
23907,1,0,0,0,0,0
23908,0,0,0,0,0,0
23909,0,0,0,0,0,0
23910,0,0,0,0,0,0
23911,0,0,0,0,4,0
23912,0,0,0,0,0,0
23913,0,0,2,0,0,0
23914,4,0,0,0,0,0
23915,7,0,0,0,0,0
23916,5,0,8,0,0,0
23917,0,0,0,0,0,0
23918,0,0,0,0,0,0
23919,0,0,0,0,0,0
23920,0,0,0,0,0,0
23921,0,0,0,0,0,0
23922,0,0,1,0,2,0
23923,0,0,2,0,0,0
23924,4,0,0,0,0,0
23925,0,0,0,0,0,0
23926,36,8,0,0,0,0
23927,61,2,0,0,0,0
23928,181,1,2,0,0,0
23929,440,9,11,0,0,0
23930,585,12,15,0,0,0
23931,922,16,17,0,0,0
23932,1135,5,80,0,0,0
23933,1466,21,171,0,0,0
23934,1858,45,266,0,0,0
23935,2031,111,460,0,0,0
23936,1986,142,746,0,0,0
23937,1622,444,894,0,0,0
23938,1111,929,1129,0,0,0
23939,547,1516,1021,0,0,0
23940,122,2341,712,0,0,0
23941,122,3148,271,0,0,0
23942,59,3302,0,0,0,0
23943,48,3037,0,0,0,0
23944,62,2574,0,0,0,0
23945,42,2046,0,0,0,0
23946,85,1686,0,0,0,0
23947,79,1376,0,0,0,0
23948,72,860,0,0,0,0
23949,113,421,0,0,0,0
23950,197,532,0,0,0,0
23951,304,987,3,0,0,0
23952,356,1135,0,0,0,0
23953,460,1303,0,10,0,0
23954,541,1354,0,0,0,0
23955,580,1434,0,0,0,0
23956,579,1511,0,0,0,0
23957,565,1536,11,0,4,0
23958,471,1436,40,0,0,0
23959,375,1427,81,0,0,0
23960,382,1531,130,0,0,0
23961,243,1808,159,0,0,0
23962,324,2127,319,0,0,0
23963,234,2183,665,0,0,0
23964,109,1406,914,0,0,0
23965,65,353,629,0,0,0
23966,19,179,271,0,0,0
23967,0,197,215,0,0,0
23968,0,34,14,0,0,0
23969,98,63,101,0,0,0
23970,297,0,1,0,0,0
23971,463,0,51,0,0,0
23972,876,0,6,0,0,0
23973,1436,0,0,0,0,0
23974,1872,0,58,0,0,0
23975,2208,0,14,0,0,0
23976,2311,16,66,0,0,0
23977,2227,202,194,0,0,0
23978,2121,619,335,0,0,0
23979,1847,1175,570,0,0,0
23980,1468,1802,507,0,1,0
23981,1146,2106,434,0,0,0
23982,847,2299,309,0,1,0
23983,635,2559,44,0,0,0
23984,527,2482,0,0,0,1
23985,483,2324,0,0,0,0
23986,454,2045,0,0,0,0
23987,468,1681,0,0,0,0
23988,363,1399,0,0,0,0
23989,237,1268,0,0,0,0
23990,122,1099,6,0,0,0
23991,82,826,0,0,0,0
23992,32,568,0,0,0,0
23993,23,302,0,0,0,0
23994,2,8,0,0,0,0
23995,0,34,0,0,0,0
23996,80,327,0,0,0,0
23997,152,566,23,0,0,0
23998,276,791,0,0,0,0
23999,357,1132,0,0,0,0
24000,539,1456,7,0,0,0
24001,664,1784,0,0,2,0
24002,728,2049,0,0,0,0
24003,779,2292,1,0,0,0
24004,880,2338,0,0,0,0
24005,1072,2388,0,9,2,0
24006,1308,2468,70,0,0,0
24007,1407,2442,207,0,0,0
24008,1604,2461,349,0,0,0
24009,1933,2282,851,0,0,0
24010,2217,1354,1003,0,0,0
24011,2554,230,798,0,0,0
24012,2787,74,343,0,0,0
24013,2726,128,452,0,0,0
24014,2283,186,5,0,0,0
24015,1580,94,121,0,0,0
24016,1018,50,47,0,0,0
24017,430,0,0,0,0,0
24018,448,0,0,0,0,0
24019,1302,1,0,0,0,0
24020,1928,108,0,0,0,0
24021,2403,129,0,0,0,0
24022,2703,157,27,0,0,0
24023,2813,117,146,0,0,0
24024,2658,248,394,0,0,0
24025,2469,936,601,0,0,0
24026,2258,1771,727,0,0,0
24027,1939,2276,661,0,0,0
24028,1640,2491,349,0,0,0
24029,1325,2776,59,0,0,0
24030,1167,2850,0,0,0,0
24031,1118,2910,0,0,3,0
24032,999,2546,10,0,0,0
24033,917,2192,4,0,0,0
24034,933,1954,0,1,0,0
24035,828,1677,0,0,0,0
24036,668,1283,0,0,0,0
24037,441,788,0,0,0,0
24038,286,516,18,0,0,0
24039,111,182,43,0,0,0
24040,41,0,39,0,0,0
24041,192,138,0,0,0,0
24042,329,386,0,0,0,0
24043,465,455,0,0,0,0
24044,522,536,53,0,0,1
24045,510,616,44,0,0,0
24046,542,717,173,0,2,18
24047,526,660,0,0,0,0
24048,498,332,0,0,0,0
24049,453,139,0,0,0,0
24050,423,159,0,0,0,0
24051,432,445,40,0,0,0
24052,504,675,25,0,0,4
24053,483,1170,2,0,0,0
24054,521,1650,0,1,0,0
24055,477,1946,0,0,0,0
24056,461,2466,0,0,0,0
24057,607,2655,17,0,2,0
24058,604,2642,10,0,0,0
24059,739,2618,104,0,0,0
24060,653,2674,434,7,0,0
24061,631,2387,1300,0,0,0
24062,448,1223,1112,2,0,0
24063,297,92,318,1,6,0
24064,36,204,723,0,4,0
24065,84,33,209,0,1,0
24066,17,17,162,0,1,0
24067,4,25,150,0,0,0
24068,0,0,15,0,0,0
24069,0,0,18,0,0,0
24070,0,0,0,0,0,0
24071,7,0,0,0,0,0
24072,0,0,6,0,0,0
24073,0,0,43,0,2,0
24074,0,3,104,0,0,0
24075,0,13,96,0,0,0
24076,0,43,153,0,0,0
24077,0,59,158,0,0,0
24078,0,68,210,0,0,0
24079,0,55,304,0,0,0
24080,0,1,164,0,0,0
24081,0,0,0,0,2,0
24082,2,0,27,0,0,0
24083,0,0,22,0,0,0
24084,0,0,0,0,0,0
24085,0,0,0,0,0,0
24086,0,0,0,0,0,0
24087,0,0,0,0,0,1
24088,0,0,13,0,0,0
24089,11,0,59,0,4,0
24090,15,0,19,0,0,0
24091,0,0,0,0,2,0
24092,1,0,0,0,0,0
24093,39,0,0,0,0,0
24094,76,0,5,0,0,0
24095,263,0,77,0,0,11
24096,263,0,62,0,0,3
24097,141,0,6,0,0,0
24098,0,0,0,0,0,0
24099,0,0,0,0,0,0
24100,0,0,6,0,0,0
24101,0,0,39,0,0,0
24102,10,0,6,0,0,0
24103,0,0,0,0,0,0
24104,0,0,0,0,0,0
24105,0,0,0,0,0,0
24106,0,0,13,0,6,2
24107,0,0,76,0,0,2
24108,0,0,28,0,0,4
24109,0,0,2,0,0,0
24110,0,0,0,0,0,0
24111,0,0,0,0,0,0
24112,0,0,1,0,1,0
24113,0,0,7,0,0,0
24114,0,0,35,0,0,0
24115,0,0,3,0,0,0
24116,0,0,0,0,0,0
24117,0,0,0,0,0,0
24118,0,0,0,0,0,0
24119,0,0,0,0,0,0
24120,0,0,1,0,0,0
24121,0,0,0,0,0,0
24122,4,0,0,0,0,0
24123,19,0,0,9,0,0
24124,18,0,0,0,0,0
24125,0,0,0,0,0,0
24126,0,0,1,0,0,0
24127,0,0,1,0,0,0
24128,0,0,0,0,0,0
24129,0,0,0,0,0,0
24130,0,0,0,0,0,0
24131,0,1,0,0,0,0
24132,0,0,0,0,0,0
24133,0,0,0,0,0,0
24134,0,0,0,0,0,0
24135,0,0,13,0,0,0
24136,0,0,11,0,0,0
24137,0,0,0,0,0,0
24138,0,0,0,3,0,0
24139,0,0,0,0,0,0
24140,0,0,6,0,0,0
24141,0,0,11,0,0,0
24142,0,0,5,0,0,0
24143,0,0,14,0,0,0
24144,0,0,0,0,0,0
24145,0,0,0,0,0,0
24146,0,0,0,0,0,4
24147,0,0,16,0,0,0
24148,0,0,12,0,0,0
24149,0,0,14,9,0,0
24150,0,0,0,8,0,0
24151,0,0,0,0,0,0
24152,0,0,0,0,0,0
24153,0,0,0,0,2,1
24154,0,0,24,0,0,0
24155,0,0,0,0,0,0
24156,0,0,0,0,0,0
24157,0,0,0,14,0,0
24158,0,0,0,0,0,0
24159,0,0,21,70,0,0
24160,0,0,72,171,0,0
24161,0,0,16,158,0,0
24162,0,0,0,234,0,0
24163,0,0,0,246,0,0
24164,4,0,0,214,0,0
24165,51,0,3,189,53,0
24166,325,0,89,238,6,4
24167,479,0,44,132,77,0
24168,604,0,2,175,3,0
24169,591,0,0,88,25,0
24170,589,0,0,70,0,0
24171,510,0,0,28,2,0
24172,397,0,6,11,0,0
24173,228,0,55,0,0,2
24174,81,0,0,1,0,0
24175,13,0,0,0,0,0
24176,0,0,0,0,0,0
24177,0,0,0,0,0,0
24178,0,0,2,0,0,0
24179,0,0,0,0,0,0
24180,0,0,0,0,0,0
24181,0,0,0,4,0,0
24182,2,0,0,0,0,0
24183,0,0,0,0,0,0
24184,0,0,0,0,0,0
24185,17,0,0,0,0,0
24186,14,0,7,0,0,0
24187,17,0,0,0,0,0
24188,9,0,0,0,0,0
24189,14,0,0,0,0,0
24190,0,0,4,0,0,0
24191,12,0,0,0,0,0
24192,18,0,0,0,0,0
24193,23,0,0,0,0,0
24194,12,0,0,0,0,0
24195,6,0,0,0,0,0
24196,0,0,0,1,0,0
24197,16,0,0,0,0,0
24198,20,0,0,0,1,0
24199,20,0,0,0,0,0
24200,23,0,0,0,2,0
24201,12,0,31,0,0,0
24202,45,6,187,0,0,0
24203,26,112,238,0,0,0
24204,72,258,288,0,0,0
24205,196,343,262,0,0,0
24206,262,434,287,0,0,0
24207,334,451,213,0,0,0
24208,529,213,100,0,0,0
24209,559,125,0,0,0,0
24210,547,360,55,0,0,0
24211,536,572,164,1,2,0
24212,478,661,377,0,1,0
24213,444,489,630,0,0,0
24214,333,339,717,0,0,0
24215,103,102,341,6,0,0
24216,1,0,0,0,0,0
24217,0,0,17,2,0,0
24218,0,0,4,33,0,0
24219,21,0,5,4,0,0
24220,174,0,6,4,0,0
24221,331,0,23,30,0,0
24222,476,0,61,0,7,0
24223,534,6,99,0,0,0
24224,700,64,189,2,0,0
24225,534,220,282,0,0,0
24226,553,346,328,3,0,0
24227,464,481,314,0,0,0
24228,384,425,323,0,0,0
24229,300,351,240,0,0,0
24230,338,358,136,0,0,0
24231,275,307,159,0,0,0
24232,278,221,123,0,0,0
24233,110,107,118,0,0,0
24234,62,123,108,0,0,0
24235,53,91,149,0,0,0
24236,16,41,152,0,0,0
24237,0,0,98,0,0,0
24238,0,0,17,0,0,0
24239,0,0,4,39,0,0
24240,0,0,0,1,0,0
24241,0,0,0,8,0,0
24242,1,0,0,0,0,0
24243,0,0,0,0,0,0
24244,8,0,0,0,0,0
24245,4,0,0,0,0,0
24246,0,0,0,0,0,0
24247,0,0,0,0,0,0
24248,1,0,0,0,0,0
24249,0,0,0,0,0,0
24250,0,0,0,0,0,0
24251,0,0,0,0,0,0
24252,0,0,0,0,0,0
24253,0,0,0,0,0,0
24254,3,0,0,0,0,0
24255,26,0,0,0,0,0
24256,81,0,1,0,0,0
24257,142,0,57,0,0,0
24258,106,7,179,0,0,0
24259,102,60,257,0,0,0
24260,107,200,220,0,0,0
24261,113,213,275,0,0,0
24262,135,236,237,0,0,0
24263,227,115,211,0,0,0
24264,293,92,158,0,0,0
24265,338,83,120,0,0,0
24266,344,168,46,0,0,0
24267,404,289,36,0,0,0
24268,445,293,52,0,0,0
24269,518,318,60,0,0,0
24270,602,324,32,0,0,0
24271,644,222,5,0,0,0
24272,620,114,5,0,0,0
24273,675,292,63,0,1,0
24274,617,690,194,0,0,0
24275,629,1022,341,0,0,0
24276,649,1150,470,0,0,0
24277,568,691,868,0,0,0
24278,439,193,986,0,0,0
24279,264,0,33,0,0,0
24280,55,7,371,0,0,0
24281,2,0,6,0,0,0
24282,21,8,154,0,0,0
24283,6,0,36,0,0,0
24284,28,0,6,0,0,0
24285,14,0,7,0,0,0
24286,15,0,0,0,3,0
24287,52,0,0,0,1,0
24288,18,0,2,0,0,0
24289,5,0,0,0,0,0
24290,49,0,0,12,0,0
24291,22,0,0,0,0,0
24292,8,0,0,0,0,0
24293,0,0,0,0,0,0
24294,21,0,9,0,0,0
24295,27,10,183,0,0,0
24296,44,69,478,0,4,0
24297,140,197,730,0,0,0
24298,699,380,833,0,0,0
24299,1247,473,787,0,0,0
24300,1703,450,651,0,0,0
24301,1699,218,330,0,1,0
24302,997,291,103,0,0,0
24303,813,361,162,0,0,0
24304,1067,331,131,0,0,0
24305,1380,264,134,0,0,0
24306,1324,552,190,0,0,0
24307,1152,808,337,0,0,0
24308,1198,988,546,0,0,0
24309,1171,758,942,0,0,0
24310,1027,549,1180,0,0,0
24311,713,304,1437,0,0,0
24312,901,167,1066,0,0,0
24313,1101,6,392,0,0,0
24314,1155,49,893,0,0,0
24315,888,56,616,0,0,0
24316,591,0,23,0,0,0
24317,432,0,276,0,0,0
24318,324,0,110,0,0,0
24319,347,0,103,0,1,0
24320,98,0,85,0,0,0
24321,329,0,53,0,0,0
24322,305,2,271,0,0,0
24323,115,0,627,12,0,0
24324,38,25,785,0,0,0
24325,290,3,914,0,0,0
24326,326,76,505,0,0,0
24327,218,10,252,0,0,0
24328,11,0,178,0,0,0
24329,12,11,400,0,0,0
24330,80,12,576,0,0,0
24331,177,21,495,1,0,0
24332,250,14,141,0,0,0
24333,299,73,85,0,0,0
24334,280,15,222,0,0,0
24335,386,1,373,0,0,0
24336,325,0,242,0,0,0
24337,309,0,304,0,0,0
24338,166,7,317,0,0,0
24339,49,0,224,0,0,0
24340,1,0,8,0,0,0
24341,1,0,180,0,0,0
24342,33,67,269,0,0,0
24343,211,104,131,0,0,0
24344,462,36,43,0,0,0
24345,533,24,22,0,0,0
24346,530,45,6,0,0,0
24347,365,47,24,0,0,0
24348,125,6,7,0,0,0
24349,4,2,5,0,0,0
24350,4,0,0,0,0,0
24351,0,0,6,0,0,0
24352,2,6,28,0,0,0
24353,53,17,26,0,0,0
24354,338,19,93,0,0,0
24355,364,6,169,0,0,0
24356,228,0,259,0,0,9
24357,206,0,290,0,0,0
24358,73,1,394,0,0,0
24359,20,1,471,0,0,0
24360,2,22,196,0,5,0
24361,5,49,114,0,3,0
24362,7,13,187,0,0,0
24363,10,5,54,0,0,0
24364,0,0,47,0,0,0
24365,2,0,183,0,0,1
24366,3,0,100,0,0,0
24367,0,0,113,0,0,0
24368,35,1,142,0,0,0
24369,37,0,116,0,0,0
24370,41,14,72,0,0,0
24371,28,7,35,0,0,0
24372,7,47,10,0,0,0
24373,20,45,14,0,0,0
24374,54,26,0,0,0,0
24375,17,48,0,0,0,0
24376,0,2,0,0,0,0
24377,0,0,63,0,0,0
24378,0,0,105,0,0,0
24379,0,1,133,0,0,0
24380,0,0,118,0,0,0
24381,0,0,73,0,0,0
24382,4,0,20,0,0,0
24383,29,0,4,0,0,0
24384,80,0,0,0,0,0
24385,81,0,0,0,0,0
24386,7,0,0,0,0,0
24387,0,0,0,0,0,0
24388,7,0,7,0,0,0
24389,0,0,0,0,0,0
24390,0,0,0,0,0,0
24391,0,0,2,0,0,0
24392,0,0,0,0,0,0
24393,0,0,0,0,0,0
24394,0,0,0,0,0,0
24395,0,0,0,0,0,0
24396,0,0,0,0,0,0
24397,0,0,0,0,0,0
24398,0,0,0,0,0,0
24399,0,0,0,0,0,0
24400,0,0,0,0,0,0
24401,0,0,0,0,0,0
24402,0,0,0,0,0,0
24403,0,0,0,0,0,0
24404,0,0,0,0,0,0
24405,0,0,0,0,0,0
24406,0,0,0,0,0,0
24407,0,0,2,0,0,0
24408,0,0,0,0,0,0
24409,0,0,0,0,0,0
24410,0,0,3,0,0,1
24411,0,0,4,0,0,0
24412,0,0,0,0,0,0
24413,14,0,4,0,0,0
24414,0,0,2,0,0,0
24415,43,0,0,0,0,0
24416,65,0,0,0,0,0
24417,163,0,0,0,0,0
24418,131,0,0,0,0,0
24419,168,0,0,0,0,0
24420,43,0,0,0,0,0
24421,1,0,0,1,0,0
24422,0,0,0,0,0,0
24423,0,0,1,0,0,0
24424,0,0,0,0,0,0
24425,0,0,0,0,0,0
24426,3,0,5,0,0,0
24427,27,0,0,0,0,0
24428,16,0,0,0,0,0
24429,0,0,8,0,0,0
24430,8,0,1,0,0,0
24431,42,0,2,0,0,0
24432,30,0,0,0,0,0
24433,13,0,0,0,0,0
24434,25,0,0,0,0,0
24435,10,0,0,0,0,0
24436,87,0,0,0,0,0
24437,98,0,0,0,0,0
24438,164,0,2,0,0,0
24439,184,0,27,0,0,0
24440,96,0,47,0,2,0
24441,13,0,73,0,0,0
24442,8,0,58,3,0,0
24443,0,0,0,0,0,0
24444,17,0,0,0,0,0
24445,19,0,148,0,0,0
24446,48,0,253,0,0,0
24447,81,0,241,0,1,0
24448,152,0,143,0,0,0
24449,240,0,18,0,0,0
24450,286,0,5,0,0,0
24451,333,0,7,0,2,0
24452,303,0,10,0,0,0
24453,326,0,1,0,0,0
24454,328,0,0,0,0,0
24455,329,0,0,0,0,0
24456,322,0,0,0,0,0
24457,235,0,0,0,0,0
24458,229,0,0,0,0,0
24459,55,0,0,0,0,0
24460,6,0,0,0,0,0
24461,0,0,0,0,0,0
24462,0,0,0,0,0,0
24463,13,0,0,0,0,0
24464,124,0,0,0,0,0
24465,165,0,0,0,0,0
24466,113,0,0,0,0,0
24467,19,0,0,0,1,0
24468,13,0,0,0,0,0
24469,1,0,0,0,0,0
24470,0,0,0,0,0,0
24471,18,0,0,0,0,0
24472,50,0,2,0,0,0
24473,108,0,0,0,0,0
24474,282,0,12,0,0,0
24475,266,0,0,0,0,0
24476,313,0,0,0,0,0
24477,323,0,3,0,0,0
24478,260,0,6,0,0,0
24479,202,0,0,0,0,0
24480,102,0,7,0,0,0
24481,0,0,4,0,0,2
24482,0,0,0,6,0,0
24483,7,0,1,0,0,0
24484,52,0,0,0,0,0
24485,9,0,0,0,0,0
24486,0,0,0,0,0,0
24487,0,0,3,0,0,0
24488,0,0,0,0,2,0
24489,0,0,0,0,0,0
24490,0,0,0,0,0,0
24491,0,0,0,0,0,0
24492,0,0,0,0,0,0
24493,0,0,0,0,0,0
24494,0,0,2,0,0,0
24495,12,0,0,0,0,0
24496,21,0,0,2,0,0
24497,0,0,0,0,0,0
24498,0,0,2,0,0,0
24499,0,0,0,0,0,0
24500,0,0,4,0,0,0
24501,0,0,10,0,0,0
24502,0,0,0,0,0,0
24503,0,0,1,0,0,0
24504,0,0,6,0,0,0
24505,0,0,6,0,0,0
24506,0,0,0,0,0,0
24507,0,0,7,0,0,0
24508,0,0,1,0,0,0
24509,0,0,4,0,0,0
24510,0,0,32,0,0,0
24511,0,0,16,0,0,0
24512,0,0,0,0,0,0
24513,0,0,43,0,0,0
24514,0,0,9,0,0,0
24515,0,0,1,0,0,0
24516,0,0,23,0,0,0
24517,10,0,17,0,0,0
24518,68,0,0,0,0,0
24519,232,0,23,0,0,0
24520,316,0,12,0,0,0
24521,462,0,0,0,0,0
24522,496,0,7,0,0,0
24523,464,0,2,0,0,0
24524,417,0,0,0,0,0
24525,367,0,1,0,0,0
24526,146,0,0,0,0,0
24527,49,0,0,0,0,0
24528,47,0,0,0,0,0
24529,190,0,0,0,0,0
24530,480,0,0,0,0,0
24531,654,0,0,0,0,0
24532,872,0,0,0,0,0
24533,931,0,0,0,0,0
24534,1043,0,0,0,0,0
24535,1056,0,0,0,0,0
24536,1065,0,0,0,0,0
24537,1044,0,0,3,0,0
24538,1041,0,0,0,0,0
24539,813,0,0,0,0,0
24540,457,0,0,0,0,0
24541,79,0,0,1,1,0
24542,24,0,0,0,0,0
24543,57,0,0,0,0,0
24544,160,0,0,0,0,0
24545,215,0,0,0,0,0
24546,155,0,0,0,0,0
24547,20,0,0,0,0,0
24548,0,0,0,0,0,0
24549,0,0,0,0,0,0
24550,0,0,0,0,0,0
24551,0,0,0,0,0,0
24552,0,0,0,0,0,0
24553,0,0,0,0,0,0
24554,0,0,0,0,0,0
24555,0,0,0,0,0,0
24556,0,0,0,0,1,0
24557,0,0,0,0,0,0
24558,0,0,0,0,0,0
24559,0,0,3,0,0,0
24560,7,0,0,0,0,0
24561,0,0,0,0,0,0
24562,0,0,0,0,0,0
24563,0,0,2,0,0,0
24564,5,0,0,0,0,0
24565,0,0,0,0,0,0
24566,0,0,3,0,0,0
24567,0,0,4,0,0,0
24568,0,0,0,0,0,0
24569,0,0,2,0,0,0
24570,0,0,7,0,0,0
24571,0,0,6,0,2,0
24572,0,0,0,0,13,0
24573,0,0,8,0,26,0
24574,0,0,2,0,0,0
24575,0,0,0,0,0,0
24576,0,0,0,0,0,0
24577,0,0,0,0,0,0
24578,0,0,0,0,0,0
24579,0,0,0,0,0,0
24580,0,0,0,0,0,0
24581,0,0,0,0,0,0
24582,0,0,0,0,0,0
24583,0,0,0,0,0,0
24584,0,0,0,0,0,0
24585,0,0,0,0,0,0
24586,0,0,0,0,0,0
24587,0,0,0,0,0,0
24588,0,0,0,0,0,0
24589,7,0,0,0,0,0
24590,4,0,0,0,0,0
24591,21,0,0,0,0,0
24592,71,0,0,0,0,0
24593,99,0,0,0,0,0
24594,66,0,0,0,0,0
24595,21,0,0,0,0,0
24596,14,0,0,0,0,0
24597,1,0,0,0,0,0
24598,28,0,0,0,0,0
24599,85,0,0,0,0,0
24600,165,0,0,0,0,0
24601,168,0,0,0,0,0
24602,141,0,0,0,0,0
24603,231,0,0,0,0,0
24604,503,0,0,0,0,0
24605,737,0,0,0,0,0
24606,795,0,0,0,0,0
24607,808,0,0,0,0,0
24608,700,0,0,0,0,0
24609,468,1,0,0,0,0
24610,288,0,0,0,0,0
24611,10,0,0,0,0,0
24612,19,0,0,0,0,0
24613,237,0,0,0,0,0
24614,227,0,5,0,0,0
24615,157,0,0,0,0,0
24616,40,0,0,0,0,0
24617,7,0,7,0,0,0
24618,0,0,7,0,0,0
24619,0,0,0,0,0,0
24620,0,0,25,3,0,0
24621,0,0,17,0,0,0
24622,0,0,0,0,0,0
24623,0,0,4,0,0,0
24624,0,0,8,0,0,0
24625,0,0,0,0,0,0
24626,0,0,0,0,0,0
24627,0,0,3,0,0,0
24628,0,0,0,0,0,0
24629,0,0,0,0,0,0
24630,0,0,2,0,0,0
24631,0,0,0,0,0,0
24632,0,0,0,0,0,0
24633,0,0,0,0,0,0
24634,0,0,0,0,0,0
24635,0,0,0,0,0,0
24636,0,0,0,0,0,0
24637,0,0,0,0,0,0
24638,0,0,0,0,0,0
24639,0,0,0,0,0,0
24640,0,0,0,0,0,0
24641,0,0,0,0,0,0
24642,0,0,0,0,0,0
24643,0,0,0,0,0,0
24644,0,0,0,0,0,0
24645,0,0,0,0,0,0
24646,0,0,0,1,0,0
24647,0,0,0,0,0,0
24648,0,0,0,0,0,0
24649,0,0,0,0,0,0
24650,0,0,0,0,0,0
24651,0,0,0,0,0,0
24652,0,0,0,0,0,0
24653,0,0,0,0,6,0
24654,0,0,0,0,1,0
24655,0,0,0,0,0,0
24656,5,0,0,0,0,0
24657,0,0,0,0,0,0
24658,0,0,0,0,0,0
24659,0,0,0,0,0,0
24660,6,0,0,0,0,0
24661,6,0,0,1,0,0
24662,13,0,0,0,0,0
24663,10,0,0,0,0,0
24664,8,0,0,0,0,0
24665,8,0,0,0,0,0
24666,0,0,0,0,0,0
24667,0,0,0,0,0,0
24668,18,0,0,0,0,0
24669,12,0,0,0,0,0
24670,0,0,0,0,0,0
24671,0,0,0,0,2,0
24672,4,0,0,0,0,0
24673,5,0,0,0,0,0
24674,7,0,0,0,0,0
24675,0,0,0,0,0,0
24676,0,0,0,1,0,0
24677,0,0,4,0,0,0
24678,0,0,2,0,0,0
24679,0,0,0,0,0,0
24680,0,0,0,0,0,0
24681,0,0,0,0,0,0
24682,0,0,0,0,0,0
24683,0,0,0,0,0,0
24684,0,0,0,0,0,0
24685,0,0,0,0,0,0
24686,10,0,0,0,0,0
24687,6,0,0,0,0,0
24688,4,0,0,0,0,0
24689,7,0,0,0,0,0
24690,19,0,0,0,0,0
24691,28,0,0,0,1,0
24692,26,0,6,0,1,0
24693,14,0,0,0,0,0
24694,2,0,0,0,0,0
24695,2,0,0,0,0,0
24696,64,0,0,0,0,0
24697,353,0,1,0,0,0
24698,458,0,0,0,0,0
24699,513,0,0,0,0,0
24700,516,0,1,0,0,0
24701,427,0,0,0,0,0
24702,250,0,0,0,0,0
24703,9,0,0,0,0,0
24704,0,0,0,0,0,0
24705,1,0,0,0,0,0
24706,4,0,0,0,0,0
24707,8,0,0,0,0,0
24708,22,0,0,0,0,0
24709,18,0,0,0,0,0
24710,0,0,0,0,0,0
24711,0,0,0,0,0,0
24712,0,0,0,0,0,0
24713,0,0,0,0,0,0
24714,0,0,0,0,0,0
24715,0,0,2,0,0,0
24716,0,0,0,0,0,0
24717,0,0,0,0,0,0
24718,0,0,0,0,0,0
24719,0,0,0,0,0,0
24720,5,0,0,0,0,0
24721,0,0,0,0,0,0
24722,0,0,0,0,0,0
24723,0,0,2,0,0,0
24724,0,0,0,0,0,0
24725,0,0,0,0,0,0
24726,0,0,0,0,0,0
24727,0,0,0,10,0,0
24728,0,0,0,0,0,0
24729,0,0,0,0,0,0
24730,0,0,0,0,3,0
24731,0,0,0,0,0,0
24732,0,0,0,0,0,0
24733,1,0,0,0,0,0
24734,0,0,0,0,0,0
24735,0,0,0,0,0,0
24736,9,0,0,0,0,0
24737,16,0,0,0,0,0
24738,9,0,0,0,0,0
24739,0,0,0,0,0,0
24740,0,0,0,0,0,0
24741,0,0,0,0,0,0
24742,0,0,0,0,0,0
24743,0,0,0,0,0,0
24744,2,0,0,0,0,0
24745,0,0,0,0,0,0
24746,0,0,0,0,0,0
24747,0,0,0,0,0,0
24748,0,0,0,0,0,0
24749,0,0,0,0,0,0
24750,0,0,0,0,0,0
24751,0,0,0,0,0,0
24752,0,0,0,0,0,0
24753,0,0,0,0,0,0
24754,0,0,0,0,0,0
24755,0,0,0,0,0,0
24756,0,0,0,0,0,0
24757,0,0,0,0,0,0
24758,0,0,0,0,0,0
24759,0,0,0,0,0,0
24760,0,0,0,0,0,0
24761,0,0,0,0,0,0
24762,0,0,0,0,0,0
24763,0,0,0,0,0,0
24764,0,0,0,0,0,0
24765,0,0,0,0,0,0
24766,0,0,0,6,0,0
24767,0,0,0,0,0,0
24768,0,0,0,0,0,0
24769,0,0,0,0,3,0
24770,0,0,0,0,0,0
24771,0,0,0,0,0,0
24772,0,0,0,0,0,0
24773,0,0,0,0,0,0
24774,0,0,0,0,0,0
24775,0,0,0,1,0,0
24776,0,0,0,0,0,0
24777,0,0,0,0,0,0
24778,0,0,0,0,0,0
24779,0,0,0,0,0,0
24780,0,0,0,0,0,0
24781,0,0,1,6,0,0
24782,0,0,0,8,0,0
24783,0,0,0,0,0,0
24784,0,0,0,0,0,0
24785,0,0,0,0,0,0
24786,0,0,0,0,0,0
24787,0,0,0,0,0,0
24788,0,0,0,0,0,0
24789,0,0,0,0,0,0
24790,0,0,0,0,0,0
24791,0,0,0,0,0,0
24792,0,0,0,0,0,0
24793,0,0,0,0,0,0
24794,0,0,0,0,0,0
24795,0,0,0,0,0,0
24796,0,0,0,1,3,0
24797,0,0,0,0,0,0
24798,0,0,0,0,0,0
24799,0,0,0,0,0,0
24800,0,0,0,0,0,0
24801,0,0,0,0,0,0
24802,0,0,0,0,0,0
24803,0,0,0,0,2,0
24804,0,0,0,0,0,0
24805,0,0,0,0,0,0
24806,0,0,0,0,0,0
24807,0,0,0,0,0,0
24808,0,0,0,0,0,0
24809,0,0,0,0,0,0
24810,0,0,0,0,0,0
24811,0,0,0,0,0,0
24812,0,0,0,0,0,0
24813,0,0,0,0,0,0
24814,0,0,0,0,0,0
24815,0,0,0,0,0,0
24816,0,0,0,0,0,0
24817,0,0,0,0,0,0
24818,0,0,0,0,0,0
24819,0,0,0,0,0,0
24820,0,0,0,0,0,0
24821,0,0,0,0,0,0
24822,0,0,0,6,0,0
24823,0,0,0,0,0,0
24824,0,0,0,0,0,0
24825,0,0,0,0,0,0
24826,0,0,0,0,0,0
24827,0,0,0,0,2,0
24828,0,0,0,0,2,0
24829,0,0,0,0,0,0
24830,0,0,0,0,0,0
24831,0,0,0,0,0,0
24832,0,0,0,0,0,0
24833,0,0,0,0,0,0
24834,0,0,0,0,0,0
24835,0,0,0,2,0,0
24836,0,0,0,22,0,0
24837,0,0,0,0,0,0
24838,0,0,0,0,0,0
24839,0,0,0,9,0,0
24840,0,0,0,0,7,0
24841,0,0,0,2,0,0
24842,0,0,0,0,0,0
24843,0,0,0,0,0,0
24844,0,0,0,0,0,0
24845,0,0,0,0,0,0
24846,0,0,0,0,0,0
24847,0,0,0,0,0,0
24848,0,0,0,0,0,0
24849,0,0,0,0,0,0
24850,0,0,0,0,0,0
24851,0,0,0,0,0,0
24852,0,0,0,0,0,0
24853,0,0,0,0,0,0
24854,0,0,0,0,0,0
24855,0,0,0,0,0,0
24856,0,0,0,0,0,0
24857,0,0,0,3,0,0
24858,0,0,0,0,0,0
24859,0,0,0,0,0,0
24860,0,0,0,0,0,0
24861,0,0,0,0,0,0
24862,0,0,0,0,0,0
24863,0,0,0,0,0,0
24864,0,0,3,0,0,2
24865,0,0,4,0,0,0
24866,0,0,1,0,0,3
24867,0,0,4,0,0,0
24868,0,0,0,0,0,0
24869,0,0,0,0,0,0
24870,0,0,9,0,0,0
24871,0,0,0,5,0,0
24872,0,0,0,0,0,0
24873,0,0,0,0,0,0
24874,0,0,0,0,0,0
24875,0,0,0,0,0,0
24876,0,0,0,0,0,0
24877,2,0,0,2,0,0
24878,0,0,0,0,0,0
24879,0,0,0,0,0,0
24880,0,0,0,0,0,0
24881,0,0,0,2,0,0
24882,0,0,0,2,0,0
24883,0,0,9,0,0,0
24884,0,0,0,0,0,0
24885,0,0,0,0,0,0
24886,0,0,0,1,1,0
24887,0,0,0,0,0,0
24888,0,0,0,0,0,0
24889,0,0,1,0,0,0
24890,0,0,1,0,0,0
24891,0,0,0,0,0,0
24892,0,0,0,0,0,0
24893,0,0,0,0,0,0
24894,0,0,0,0,0,0
24895,0,0,0,0,0,0
24896,0,0,0,0,0,0
24897,0,0,0,0,0,0
24898,0,0,0,0,0,0
24899,0,0,0,0,0,0
24900,0,0,0,0,0,0
24901,0,0,0,0,0,0
24902,0,0,0,0,0,0
24903,0,0,0,0,0,0
24904,0,0,2,0,0,0
24905,0,0,0,0,0,0
24906,0,0,0,0,0,0
24907,0,0,2,0,0,0
24908,0,0,0,0,0,0
24909,8,0,1,0,0,0
24910,2,0,0,0,0,0
24911,0,0,0,0,0,0
24912,0,0,1,0,0,0
24913,0,0,1,0,0,0
24914,0,0,0,2,0,0
24915,0,0,0,0,0,0
24916,0,0,1,0,2,0
24917,0,0,3,0,0,0
24918,0,0,0,0,0,0
24919,0,0,0,0,2,0
24920,0,0,0,0,0,0
24921,0,0,0,0,0,0
24922,0,0,0,0,0,0
24923,0,0,0,0,0,0
24924,0,0,0,0,0,0
24925,0,0,0,0,0,0
24926,0,0,0,0,0,0
24927,0,0,0,0,0,0
24928,0,0,0,0,0,0
24929,0,0,0,0,0,0
24930,2,0,0,0,0,0
24931,22,0,0,0,0,0
24932,12,0,0,0,0,0
24933,4,0,0,0,0,0
24934,64,0,0,0,0,0
24935,303,6,0,0,0,0
24936,904,71,0,0,0,0
24937,1279,17,0,0,0,0
24938,1081,16,0,0,0,0
24939,1200,312,0,0,0,0
24940,1162,341,0,0,0,0
24941,788,52,0,0,0,0
24942,599,0,0,0,0,0
24943,864,239,0,0,0,0
24944,1108,391,0,43,0,0
24945,1028,301,0,198,29,0
24946,576,2,0,535,73,0
24947,466,34,0,827,27,0
24948,385,271,0,912,10,0
24949,466,211,0,926,21,0
24950,353,18,0,850,244,0
24951,295,0,0,585,244,0
24952,138,107,0,330,108,0
24953,18,12,1,147,0,0
24954,138,0,0,73,0,0
24955,197,0,4,80,0,0
24956,155,0,0,83,7,0
24957,50,0,0,121,0,0
24958,0,0,0,262,11,0
24959,4,0,0,331,21,0
24960,48,0,0,369,13,0
24961,23,0,0,336,11,0
24962,0,0,0,264,0,0
24963,14,0,0,170,4,0
24964,14,0,0,109,5,0
24965,0,0,0,92,0,0
24966,0,0,0,76,0,0
24967,0,0,0,47,0,0
24968,0,0,0,161,0,0
24969,0,0,0,64,0,0
24970,0,0,0,81,0,0
24971,0,0,0,66,0,0
24972,0,0,0,29,0,0
24973,10,0,0,14,0,0
24974,0,0,0,66,0,0
24975,0,0,0,0,5,0
24976,0,0,0,4,3,0
24977,0,0,0,5,6,0
24978,5,0,0,3,7,0
24979,0,0,0,0,0,0
24980,0,0,0,0,6,0
24981,0,0,0,0,2,0
24982,0,0,0,0,0,0
24983,0,0,0,0,0,0
24984,0,0,0,0,0,0
24985,0,0,0,0,0,0
24986,0,0,0,1,0,0
24987,0,0,0,2,0,0
24988,0,0,0,0,16,0
24989,0,0,0,0,17,0
24990,0,0,0,0,0,0
24991,0,0,0,0,0,0
24992,0,0,0,2,0,0
24993,0,0,0,0,0,0
24994,0,0,0,0,0,0
24995,0,0,0,0,0,0
24996,0,0,0,0,0,0
24997,0,0,0,0,0,0
24998,0,0,0,0,0,0
24999,0,0,0,0,0,0
25000,0,0,0,0,0,0
25001,0,0,0,0,0,0
25002,0,0,0,0,0,0
25003,0,0,0,12,0,0
25004,0,0,0,6,0,0
25005,0,0,0,0,0,0
25006,0,0,0,0,0,0
25007,0,0,14,0,0,0
25008,0,0,0,0,0,0
25009,0,0,35,0,0,0
25010,0,0,27,0,1,0
25011,0,0,0,0,0,0
25012,0,0,9,2,0,0
25013,0,0,63,0,0,0
25014,0,0,0,0,0,0
25015,0,0,43,0,0,0
25016,0,0,151,0,0,0
25017,0,0,2,0,0,0
25018,0,0,9,1,21,0
25019,0,0,101,0,13,4
25020,0,0,26,0,6,0
25021,0,0,11,0,3,0
25022,0,0,119,8,8,0
25023,0,0,34,0,0,1
25024,0,0,0,0,0,0
25025,0,0,37,0,0,0
25026,0,0,19,0,0,0
25027,0,0,0,0,0,0
25028,0,0,21,0,0,0
25029,0,0,11,0,0,0
25030,0,0,1,0,0,0
25031,0,0,16,0,0,0
25032,0,0,0,0,0,0
25033,0,0,0,0,0,0
25034,0,0,7,0,0,0
25035,0,0,0,0,0,0
25036,0,0,0,2,0,0
25037,0,0,0,0,0,0
25038,0,0,0,0,0,0
25039,0,0,0,0,0,0
25040,0,0,0,0,0,0
25041,0,0,5,0,0,0
25042,0,0,0,0,0,0
25043,0,0,0,2,4,0
25044,0,0,0,0,0,0
25045,0,0,0,0,0,0
25046,0,0,0,0,2,0
25047,0,0,0,0,0,0
25048,0,0,0,0,0,0
25049,0,0,0,0,11,0
25050,0,0,0,0,19,0
25051,0,0,0,0,13,0
25052,1,0,0,0,0,0
25053,2,0,0,0,0,0
25054,0,0,0,0,0,0
25055,0,0,0,0,0,0
25056,0,0,0,0,0,0
25057,0,0,0,0,0,0
25058,0,0,0,0,0,0
25059,0,0,0,0,0,0
25060,0,0,0,0,0,0
25061,1,0,0,0,0,0
25062,0,0,0,0,0,0
25063,6,0,0,0,0,0
25064,1,0,0,0,0,0
25065,2,0,0,0,0,0
25066,0,0,0,0,0,0
25067,0,0,0,0,0,0
25068,0,0,0,0,0,0
25069,0,0,0,0,0,0
25070,0,0,0,0,0,0
25071,0,0,0,0,0,0
25072,0,0,0,0,3,0
25073,0,0,0,0,3,0
25074,0,0,0,0,0,0
25075,0,0,1,0,0,0
25076,0,0,0,0,0,0
25077,5,0,0,0,0,0
25078,0,0,0,0,0,0
25079,0,0,0,0,0,0
25080,0,0,0,0,7,0
25081,0,0,0,0,19,0
25082,0,0,0,0,0,0
25083,0,0,4,0,0,0
25084,0,0,0,0,0,0
25085,0,0,0,0,3,0
25086,0,0,0,0,2,0
25087,0,0,0,0,0,0
25088,0,0,0,0,0,0
25089,0,0,0,0,0,0
25090,0,0,0,0,0,0
25091,0,0,0,0,0,0
25092,0,0,0,1,0,0
25093,0,0,0,0,0,0
25094,0,0,0,0,0,0
25095,0,0,0,0,0,0
25096,0,0,2,0,0,0
25097,6,0,0,0,1,0
25098,0,0,0,0,0,0
25099,0,0,0,0,0,0
25100,0,0,0,0,0,0
25101,0,0,0,0,0,0
25102,0,0,4,1,0,0
25103,0,0,0,0,0,0
25104,0,0,0,0,0,0
25105,0,0,2,0,0,0
25106,0,0,5,0,0,0
25107,1,0,0,0,0,0
25108,0,0,0,0,0,0
25109,0,0,0,0,0,0
25110,0,0,0,0,0,0
25111,0,0,0,0,0,0
25112,0,0,0,0,0,0
25113,0,0,0,0,0,0
25114,0,0,0,0,0,0
25115,0,0,0,0,0,0
25116,7,0,0,0,0,0
25117,0,0,0,0,0,0
25118,0,0,0,0,0,0
25119,11,0,0,0,0,0
25120,2,0,0,0,0,0
25121,12,0,0,0,0,0
25122,13,0,1,0,0,0
25123,21,0,0,0,0,0
25124,14,0,0,0,0,0
25125,10,0,1,0,0,0
25126,0,0,0,0,0,0
25127,0,0,0,0,0,0
25128,0,0,12,0,0,0
25129,0,0,16,0,0,0
25130,0,0,0,0,0,0
25131,0,0,1,0,0,0
25132,0,0,18,0,0,0
25133,0,0,2,0,0,0
25134,0,0,0,0,0,0
25135,2,0,7,0,0,0
25136,1,0,20,0,0,0
25137,6,0,4,0,0,0
25138,0,0,1,0,0,0
25139,0,0,6,0,0,0
25140,0,0,0,0,0,0
25141,0,0,0,0,0,0
25142,0,0,0,0,0,0
25143,0,0,0,0,0,0
25144,0,0,0,0,0,0
25145,0,0,3,0,0,0
25146,0,0,0,0,0,0
25147,0,0,0,0,0,0
25148,0,0,21,0,0,0
25149,0,0,6,0,0,0
25150,0,0,0,0,0,0
25151,0,0,15,0,0,0
25152,0,0,5,0,0,0
25153,0,0,0,0,0,0
25154,0,0,6,0,0,0
25155,0,0,31,0,0,0
25156,0,0,2,0,0,0
25157,0,0,0,1,0,0
25158,0,0,12,2,0,0
25159,0,0,0,0,0,0
25160,0,0,0,0,0,0
25161,0,0,5,0,0,0
25162,0,0,2,0,0,0
25163,0,0,0,0,0,0
25164,0,0,0,0,0,0
25165,0,0,0,0,0,0
25166,0,0,0,0,0,0
25167,0,0,0,0,0,0
25168,0,0,6,0,0,0
25169,0,0,0,0,0,0
25170,0,0,0,0,0,0
25171,0,0,0,0,0,0
25172,0,0,0,0,0,0
25173,0,0,0,0,0,0
25174,0,0,0,0,0,0
25175,0,0,0,0,0,0
25176,0,0,0,0,0,0
25177,0,0,0,0,0,0
25178,0,0,0,0,0,0
25179,0,0,0,0,0,0
25180,0,0,0,0,0,0
25181,0,0,0,0,0,0
25182,0,0,0,0,0,0
25183,0,0,0,0,0,0
25184,0,0,0,0,0,0
25185,0,0,0,0,0,0
25186,0,0,0,3,0,0
25187,0,0,0,0,0,0
25188,0,0,0,0,0,0
25189,0,0,0,0,0,0
25190,0,0,0,0,0,0
25191,0,0,0,0,0,0
25192,0,0,0,0,0,0
25193,0,0,0,0,0,0
25194,0,0,0,0,0,0
25195,0,0,0,0,0,0
25196,0,0,0,0,0,0
25197,0,0,0,0,0,0
25198,0,0,0,0,0,0
25199,0,0,0,0,0,0
25200,0,0,0,0,0,0
25201,0,0,0,1,1,0
25202,0,0,0,0,0,0
25203,0,0,0,0,0,0
25204,0,0,0,0,0,0
25205,0,0,0,0,0,0
25206,0,0,0,2,0,0
25207,0,0,0,11,0,0
25208,0,0,0,0,0,0
25209,0,0,0,0,0,0
25210,0,0,0,0,0,0
25211,0,0,0,0,0,0
25212,0,0,0,0,0,0
25213,0,0,0,0,0,0
25214,0,0,0,0,0,0
25215,0,0,0,0,0,0
25216,0,0,0,0,0,0
25217,0,0,0,0,0,0
25218,0,0,0,0,0,1
25219,0,0,0,0,0,0
25220,0,0,0,0,0,0
25221,0,0,0,0,0,0
25222,0,0,6,0,0,0
25223,0,0,0,0,0,0
25224,0,0,0,0,0,0
25225,0,0,8,0,0,0
25226,0,0,0,0,0,0
25227,0,0,2,0,0,0
25228,0,0,2,0,0,0
25229,0,0,0,0,0,0
25230,0,0,14,0,0,0
25231,0,0,38,0,0,0
25232,0,0,0,9,0,0
25233,0,0,0,5,0,0
25234,0,0,0,0,0,0
25235,0,0,0,0,0,0
25236,0,0,0,0,0,0
25237,0,0,4,2,0,0
25238,0,0,0,3,0,0
25239,0,0,0,0,0,0
25240,0,0,3,0,0,0
25241,0,0,0,0,0,0
25242,0,0,0,0,0,0
25243,0,0,0,0,0,0
25244,0,0,0,0,0,0
25245,0,0,0,0,0,0
25246,1,0,2,0,0,0
25247,92,0,0,0,0,0
25248,198,0,0,0,0,0
25249,296,0,0,0,0,0
25250,376,0,0,0,0,0
25251,396,0,0,0,0,0
25252,375,0,0,0,0,0
25253,283,0,0,0,0,0
25254,109,0,0,0,0,0
25255,40,0,0,0,0,0
25256,223,0,0,0,0,0
25257,426,0,0,0,0,0
25258,475,0,0,0,0,0
25259,389,0,0,0,0,0
25260,222,0,0,0,0,0
25261,35,0,0,0,0,0
25262,264,0,0,0,0,0
25263,367,0,0,0,0,0
25264,290,0,0,0,0,0
25265,136,0,0,0,0,0
25266,158,0,0,0,0,0
25267,327,0,0,0,0,0
25268,505,0,0,0,0,0
25269,476,0,0,0,0,0
25270,357,0,0,2,0,0
25271,444,0,0,0,0,0
25272,505,0,0,0,0,0
25273,465,0,0,0,0,0
25274,456,0,0,0,0,0
25275,445,0,0,0,0,0
25276,397,0,0,0,0,0
25277,177,0,0,0,0,0
25278,420,0,0,0,0,0
25279,477,0,2,0,0,0
25280,460,0,0,0,0,0
25281,279,0,0,0,0,0
25282,266,0,2,0,0,0
25283,331,0,0,0,0,0
25284,353,0,0,0,0,0
25285,312,0,0,0,0,2
25286,129,0,0,0,9,9
25287,435,0,0,0,0,0
25288,468,0,0,0,0,0
25289,393,0,2,23,0,0
25290,304,0,0,0,0,0
25291,115,0,2,0,0,0
25292,415,0,4,4,0,0
25293,412,0,0,0,0,0
25294,333,0,0,0,0,0
25295,165,0,10,0,0,0
25296,18,0,7,0,0,0
25297,226,0,0,0,0,0
25298,278,0,10,0,0,0
25299,225,0,8,0,0,0
25300,51,0,0,0,0,0
25301,96,0,0,0,0,0
25302,219,0,22,0,0,0
25303,202,0,0,0,0,0
25304,6,0,0,0,0,0
25305,6,0,2,0,0,0
25306,122,0,0,1,2,0
25307,114,0,0,1,0,0
25308,33,0,0,0,0,0
25309,0,0,0,0,0,0
25310,98,0,0,0,0,0
25311,72,0,0,0,0,0
25312,1,0,0,0,9,0
25313,0,0,0,0,0,0
25314,0,0,0,0,0,0
25315,2,0,0,0,1,0
25316,0,0,0,0,0,0
25317,1,0,0,0,0,0
25318,0,0,0,0,0,0
25319,0,0,0,0,0,0
25320,0,0,0,0,0,0
25321,2,0,0,0,0,0
25322,0,0,0,0,0,0
25323,0,0,0,0,0,0
25324,0,0,0,0,0,0
25325,0,0,0,0,0,0
25326,0,0,20,0,0,0
25327,0,0,2,0,0,0
25328,0,0,0,0,0,0
25329,0,0,4,0,0,0
25330,0,0,0,0,4,1
25331,0,0,0,0,3,8
25332,0,0,4,0,0,0
25333,0,0,2,0,1,0
25334,0,0,0,0,0,0
25335,0,0,10,0,0,0
25336,0,0,8,0,16,1
25337,0,0,0,0,21,4
25338,0,0,3,0,0,0
25339,0,0,3,0,0,0
25340,0,0,0,0,0,0
25341,0,0,4,0,0,0
25342,0,0,0,0,0,0
25343,0,0,0,0,0,0
25344,0,0,0,0,0,0
25345,0,0,0,0,0,0
25346,0,0,0,0,0,0
25347,0,0,0,0,0,0
25348,0,0,0,0,0,0
25349,0,0,0,0,0,0
25350,0,0,0,0,0,0
25351,0,0,0,3,1,0
25352,0,0,0,3,0,0
25353,0,0,0,0,0,0
25354,0,0,0,0,0,0
25355,0,0,0,0,0,0
25356,0,0,0,0,0,0
25357,0,0,0,0,5,0
25358,0,0,0,0,1,5
25359,0,0,0,0,0,0
25360,0,0,0,0,0,0
25361,0,0,0,0,0,0
25362,0,0,0,0,0,0
25363,0,0,0,0,0,0
25364,0,0,0,0,0,0
25365,0,0,0,0,0,0
25366,0,0,0,0,0,0
25367,0,0,0,0,0,0
25368,0,0,0,0,0,0
25369,0,0,0,0,0,0
25370,0,0,0,0,0,0
25371,0,0,0,0,0,0
25372,0,0,0,0,0,0
25373,0,0,0,0,0,0
25374,0,0,0,0,0,0
25375,0,0,0,0,0,0
25376,0,0,0,0,0,0
25377,0,0,0,0,0,0
25378,0,0,0,0,0,0
25379,0,0,0,0,0,0
25380,0,0,0,2,0,0
25381,0,0,0,4,0,0
25382,0,0,0,23,0,0
25383,0,0,0,0,0,0
25384,0,0,0,0,0,0
25385,0,0,0,0,0,0
25386,0,0,0,0,0,0
25387,0,0,0,0,0,4
25388,0,0,0,0,0,0
25389,0,0,0,6,0,0
25390,0,0,0,0,0,0
25391,0,0,0,0,0,0
25392,0,0,0,0,0,0
25393,0,0,0,0,0,0
25394,0,0,0,0,0,0
25395,0,0,0,0,0,0
25396,0,0,0,0,0,0
25397,0,0,0,0,0,0
25398,0,0,0,0,0,0
25399,0,0,0,0,0,0
25400,0,0,0,0,0,0
25401,0,0,0,0,0,0
25402,0,0,0,0,0,0
25403,0,0,0,0,0,0
25404,0,0,0,0,0,0
25405,0,0,0,0,0,0
25406,0,0,0,0,0,0
25407,0,0,0,0,0,0
25408,0,0,0,0,0,0
25409,0,0,0,0,0,0
25410,0,0,0,0,0,0
25411,0,0,0,0,0,0
25412,0,0,0,0,0,0
25413,0,0,0,0,0,0
25414,0,0,0,0,0,0
25415,0,0,0,0,0,0
25416,0,0,0,0,0,0
25417,0,0,0,0,0,0
25418,0,0,0,0,0,0
25419,0,0,0,0,0,0
25420,0,0,0,0,0,0
25421,0,0,0,5,9,0
25422,0,0,0,3,0,0
25423,0,0,0,0,0,0
25424,0,0,0,0,0,0
25425,0,0,0,0,0,0
25426,0,0,0,1,0,0
25427,0,0,0,0,0,0
25428,0,0,0,0,0,0
25429,2,0,0,0,0,0
25430,3,0,0,0,0,0
25431,0,0,0,0,0,0
25432,8,0,0,13,0,0
25433,24,0,0,10,0,0
25434,11,0,0,0,0,0
25435,7,0,0,0,0,0
25436,0,0,0,0,0,0
25437,0,0,0,0,0,0
25438,0,0,0,0,0,0
25439,0,0,0,0,0,0
25440,0,0,0,0,0,0
25441,7,0,0,0,0,0
25442,79,0,0,0,0,0
25443,135,0,0,0,0,0
25444,284,0,0,0,0,0
25445,348,0,0,0,0,0
25446,302,0,0,0,0,0
25447,265,0,0,0,0,0
25448,34,0,0,0,0,0
25449,15,0,0,0,0,1
25450,9,0,0,0,0,0
25451,7,0,0,0,0,0
25452,39,0,4,0,0,0
25453,62,0,0,0,0,0
25454,138,0,0,0,0,0
25455,196,0,2,0,0,0
25456,94,0,4,1,1,0
25457,128,0,0,0,0,0
25458,97,0,0,0,0,0
25459,31,0,0,0,0,0
25460,46,0,0,0,0,0
25461,3,0,0,0,0,0
25462,0,0,0,0,0,0
25463,0,0,0,0,0,0
25464,0,0,0,0,0,0
25465,6,0,0,0,0,0
25466,17,0,0,0,0,0
25467,0,0,0,0,0,0
25468,2,0,0,0,0,0
25469,0,0,0,0,0,0
25470,0,0,0,0,0,0
25471,0,0,0,0,0,0
25472,0,0,0,0,0,0
25473,0,0,0,0,0,0
25474,0,0,0,0,0,0
25475,25,0,0,0,0,0
25476,12,0,0,0,0,0
25477,111,0,0,6,0,0
25478,262,0,0,46,0,0
25479,393,0,0,3,0,0
25480,477,0,0,23,0,0
25481,502,0,0,9,0,0
25482,499,0,0,11,0,0
25483,386,0,0,14,0,0
25484,337,0,0,14,0,0
25485,289,0,0,33,0,0
25486,246,0,0,21,0,0
25487,226,0,0,0,0,0
25488,294,0,6,0,0,0
25489,212,0,2,0,0,0
25490,154,0,0,0,0,0
25491,89,0,1,0,0,0
25492,6,0,0,0,0,0
25493,0,0,0,0,0,0
25494,0,0,3,0,0,0
25495,0,0,0,0,0,0
25496,8,0,0,0,0,0
25497,2,0,0,0,0,0
25498,10,0,0,0,0,0
25499,21,0,0,0,0,0
25500,32,0,0,0,0,0
25501,122,0,0,0,0,0
25502,278,0,0,0,0,0
25503,575,0,0,0,0,0
25504,827,0,0,0,0,0
25505,1052,0,0,0,0,0
25506,1160,0,0,0,0,0
25507,1176,72,0,4,0,0
25508,919,156,0,0,0,0
25509,582,63,0,11,0,0
25510,220,0,2,5,0,0
25511,222,0,0,1,0,0
25512,592,25,0,0,0,0
25513,673,79,1,0,0,0
25514,655,18,0,0,0,0
25515,542,0,0,0,0,0
25516,300,0,0,0,0,0
25517,93,0,0,0,0,0
25518,22,0,0,0,0,0
25519,0,0,0,0,0,0
25520,0,0,0,28,0,0
25521,0,0,0,25,0,0
25522,8,0,0,40,0,0
25523,12,0,0,0,0,0
25524,0,0,0,0,0,0
25525,0,0,0,0,0,0
25526,0,0,0,0,0,0
25527,0,0,0,0,0,0
25528,0,0,4,0,0,0
25529,0,0,8,0,0,0
25530,0,0,27,0,0,0
25531,0,0,41,1,0,0
25532,15,0,2,6,0,0
25533,21,0,0,0,0,0
25534,13,0,0,7,0,0
25535,0,0,0,0,0,0
25536,11,0,0,0,0,0
25537,0,0,0,0,0,0
25538,0,0,0,0,0,0
25539,1,0,0,0,0,0
25540,2,0,0,0,0,0
25541,15,0,0,0,0,0
25542,55,0,4,0,0,0
25543,51,0,0,0,0,0
25544,73,0,0,0,8,0
25545,117,0,0,0,0,0
25546,186,0,0,6,5,0
25547,230,0,0,0,0,0
25548,278,0,0,0,0,0
25549,294,0,0,3,0,0
25550,283,0,0,24,0,0
25551,185,0,0,57,0,0
25552,65,0,0,65,0,0
25553,31,0,0,51,0,0
25554,4,0,0,37,0,0
25555,0,0,0,23,0,0
25556,0,0,0,4,0,0
25557,0,0,0,19,0,0
25558,5,3,0,13,3,0
25559,5,8,0,43,0,0
25560,17,0,2,24,0,0
25561,16,0,0,8,6,0
25562,24,0,0,3,0,0
25563,23,0,0,0,0,0
25564,5,0,0,0,0,0
25565,0,0,0,5,0,0
25566,0,0,8,2,0,0
25567,0,0,0,0,0,0
25568,0,0,1,0,0,0
25569,0,0,0,0,0,0
25570,0,0,0,0,0,0
25571,10,0,0,0,0,0
25572,0,0,0,0,0,0
25573,0,0,0,0,0,0
25574,0,0,0,2,0,0
25575,0,0,0,0,0,0
25576,0,0,0,0,0,0
25577,0,0,0,11,0,0
25578,0,0,0,0,0,0
25579,0,0,0,0,0,0
25580,0,0,0,0,0,0
25581,0,0,0,3,0,0
25582,0,0,0,1,0,0
25583,0,0,0,1,0,0
25584,0,0,0,0,0,0
25585,0,0,0,0,0,0
25586,0,0,1,26,0,0
25587,0,0,0,15,0,0
25588,0,0,4,2,0,0
25589,0,0,14,0,0,0
25590,0,0,18,1,0,0
25591,0,0,1,2,0,0
25592,0,0,0,0,0,0
25593,0,0,0,0,0,0
25594,0,0,0,0,0,0
25595,0,0,0,0,0,0
25596,0,0,0,0,0,0
25597,0,0,0,0,0,0
25598,0,0,0,38,0,0
25599,0,0,0,20,0,0
25600,0,0,0,0,0,0
25601,0,0,0,0,0,0
25602,0,0,0,0,0,0
25603,0,0,0,15,0,0
25604,0,0,0,17,0,0
25605,0,0,0,27,0,0
25606,0,0,0,28,0,0
25607,0,0,0,0,0,0
25608,0,0,0,0,0,0
25609,0,0,0,0,0,0
25610,0,0,0,0,0,0
25611,0,0,0,0,0,0
25612,0,0,0,0,0,0
25613,0,0,0,0,0,0
25614,0,0,0,0,0,0
25615,0,0,0,0,0,0
25616,0,0,0,0,0,0
25617,0,0,0,0,0,0
25618,0,0,0,0,0,0
25619,0,0,0,0,0,0
25620,0,0,0,0,0,0
25621,0,0,0,2,2,0
25622,0,0,0,0,0,0
25623,0,0,0,0,0,0
25624,0,0,0,0,0,0
25625,0,0,0,0,0,0
25626,0,0,0,0,0,0
25627,0,0,0,0,0,0
25628,0,0,0,0,0,0
25629,0,0,0,0,0,0
25630,15,0,0,0,0,0
25631,11,0,0,0,0,0
25632,27,0,0,0,0,0
25633,102,0,0,0,0,0
25634,205,0,0,0,0,0
25635,380,0,0,0,0,0
25636,356,0,0,0,0,0
25637,213,0,0,0,0,0
25638,234,0,0,0,0,0
25639,368,0,0,0,0,0
25640,463,0,0,6,0,0
25641,696,0,0,0,0,0
25642,1259,0,0,0,0,0
25643,1445,0,0,0,0,0
25644,1224,0,0,0,0,0
25645,464,0,0,0,0,0
25646,442,0,0,0,0,0
25647,488,0,0,0,0,0
25648,428,0,0,0,0,0
25649,95,0,0,0,0,0
25650,305,0,0,0,0,0
25651,345,0,0,0,0,0
25652,262,0,0,0,0,0
25653,233,0,0,0,0,0
25654,175,0,0,0,0,0
25655,0,0,0,0,0,0
25656,148,0,0,0,0,0
25657,211,0,0,0,0,0
25658,130,0,0,0,0,0
25659,9,0,0,0,0,0
25660,151,0,0,0,0,0
25661,153,0,0,0,0,0
25662,0,0,0,0,0,0
25663,0,0,0,0,0,0
25664,1,0,0,0,0,0
25665,0,0,0,0,0,0
25666,2,0,0,5,0,0
25667,16,0,0,0,0,0
25668,20,0,0,0,0,0
25669,4,0,0,0,0,0
25670,0,0,0,0,0,0
25671,0,0,0,0,0,0
25672,0,0,0,0,0,0
25673,0,0,0,2,0,0
25674,0,0,0,1,0,0
25675,0,0,0,0,0,0
25676,0,0,0,0,0,0
25677,0,0,0,0,0,0
25678,0,0,0,0,0,0
25679,0,0,0,0,0,0
25680,0,0,0,0,0,0
25681,0,0,0,0,0,0
25682,0,0,0,0,0,0
25683,0,0,0,0,0,0
25684,0,0,1,0,0,0
25685,0,0,0,0,0,0
25686,0,0,0,0,0,0
25687,0,0,19,0,0,0
25688,0,0,57,0,0,0
25689,0,0,18,0,0,0
25690,0,0,7,0,0,0
25691,0,0,0,0,0,0
25692,0,0,0,0,0,0
25693,0,0,0,0,0,0
25694,0,0,0,0,0,0
25695,0,0,0,0,0,0
25696,0,0,0,0,0,0
25697,0,0,0,0,0,0
25698,0,0,0,0,0,0
25699,0,0,0,0,0,0
25700,0,0,0,0,0,0
25701,0,0,0,0,0,0
25702,0,0,0,0,0,0
25703,0,0,0,0,0,0
25704,0,0,0,0,0,0
25705,0,0,0,0,0,0
25706,0,0,0,0,0,0
25707,0,0,0,0,0,0
25708,0,0,0,0,0,0
25709,0,0,0,14,0,0
25710,0,0,0,0,0,0
25711,0,0,0,0,0,0
25712,0,0,0,0,0,0
25713,0,0,0,0,0,0
25714,0,0,0,0,0,0
25715,0,0,0,0,0,0
25716,0,0,0,0,0,0
25717,0,0,0,0,0,0
25718,0,0,0,0,0,0
25719,0,0,0,0,0,0
25720,0,0,0,0,0,0
25721,0,0,0,0,0,0
25722,0,0,0,0,0,0
25723,0,0,0,0,0,0
25724,0,0,0,0,0,0
25725,0,0,0,0,0,0
25726,0,0,0,0,0,0
25727,0,0,0,0,0,0
25728,0,0,0,0,0,0
25729,0,0,0,0,0,0
25730,0,0,0,10,5,0
25731,0,0,0,0,0,0
25732,0,0,0,0,0,0
25733,0,0,0,0,3,0
25734,0,0,0,0,0,0
25735,0,0,0,0,1,0
25736,0,0,0,0,0,0
25737,0,0,0,0,0,0
25738,0,0,0,1,0,0
25739,0,0,0,0,0,0
25740,0,0,0,0,0,0
25741,0,0,0,1,0,0
25742,0,0,0,0,0,0
25743,0,0,0,0,0,0
25744,0,0,0,0,0,0
25745,0,0,0,0,0,0
25746,0,0,0,0,0,0
25747,0,0,0,0,0,0
25748,0,0,1,0,0,0
25749,0,0,0,0,0,0
25750,0,0,0,0,0,0
25751,0,0,0,0,0,0
25752,0,0,0,0,0,0
25753,0,0,0,0,0,0
25754,0,0,0,0,0,0
25755,0,0,0,0,0,0
25756,0,0,0,0,0,0
25757,0,0,0,0,0,0
25758,0,0,0,0,0,0
25759,0,0,0,0,0,0
25760,0,0,0,0,0,0
25761,0,0,2,0,0,0
25762,0,0,0,0,0,0
25763,0,0,0,0,0,0
25764,0,0,0,0,0,0
25765,0,0,0,1,1,0
25766,0,0,0,56,6,0
25767,0,0,0,84,0,0
25768,0,0,0,68,0,0
25769,0,0,0,69,15,0
25770,0,0,0,26,5,0
25771,0,0,0,80,21,0
25772,0,0,0,62,9,0
25773,0,0,0,29,25,0
25774,0,0,0,24,25,0
25775,0,0,0,121,59,0
25776,0,0,0,25,65,0
25777,0,0,0,78,59,0
25778,0,0,0,115,10,0
25779,0,0,0,189,19,0
25780,0,0,0,366,0,0
25781,0,0,0,625,1,0
25782,0,0,0,1017,20,0
25783,0,0,0,1409,163,0
25784,0,0,0,1758,457,0
25785,0,0,0,2127,793,0
25786,0,0,0,2290,1018,6
25787,0,0,0,2269,1079,5
25788,0,0,0,2136,1139,2
25789,0,0,0,2042,1000,0
25790,0,0,0,1758,623,8
25791,0,0,0,1246,345,0
25792,0,0,0,845,85,0
25793,0,0,0,557,0,0
25794,0,0,0,290,0,17
25795,0,0,0,83,4,86
25796,0,0,0,41,24,89
25797,0,0,0,30,0,128
25798,0,0,0,216,3,222
25799,0,0,0,324,3,417
25800,0,0,0,664,0,462
25801,0,0,0,1108,0,531
25802,0,0,0,1242,13,526
25803,0,0,0,1471,12,423
25804,0,0,0,1698,140,316
25805,0,0,3,1867,349,225
25806,0,0,11,1677,332,218
25807,0,0,0,1517,293,151
25808,0,0,3,1306,223,151
25809,0,0,23,765,79,372
25810,0,0,0,317,37,663
25811,0,0,2,165,0,754
25812,0,0,4,159,1,581
25813,0,0,0,51,0,270
25814,0,0,0,20,0,125
25815,0,0,3,65,0,117
25816,0,0,4,21,0,75
25817,0,0,0,28,0,67
25818,0,0,0,18,0,191
25819,0,0,0,0,0,501
25820,0,0,0,69,0,729
25821,0,0,0,177,0,934
25822,0,0,0,13,0,1132
25823,0,0,1,0,0,1246
25824,0,0,0,24,0,1252
25825,0,0,3,46,0,1137
25826,0,0,0,45,0,1006
25827,0,0,0,29,0,955
25828,0,0,0,12,0,846
25829,0,0,0,0,0,687
25830,0,0,0,0,0,564
25831,0,0,0,37,0,476
25832,0,0,0,26,1,283
25833,0,0,0,0,0,523
25834,0,0,0,0,0,490
25835,0,0,0,20,1,425
25836,0,0,0,5,0,882
25837,0,0,0,18,0,1006
25838,0,0,0,4,0,675
25839,0,0,0,0,0,321
25840,0,0,0,0,4,316
25841,0,0,0,0,0,387
25842,0,0,0,0,0,412
25843,0,0,0,0,0,323
25844,0,0,0,0,0,216
25845,0,0,0,0,0,192
25846,0,0,0,0,0,288
25847,0,0,0,0,0,374
25848,0,0,0,1,0,532
25849,0,0,0,39,0,768
25850,0,0,0,18,0,935
25851,0,0,0,10,0,883
25852,0,0,0,4,0,633
25853,0,0,0,21,0,284
25854,0,0,0,0,0,326
25855,0,0,0,0,0,344
25856,0,0,0,0,0,210
25857,0,0,0,50,0,145
25858,0,0,0,69,0,211
25859,0,0,0,37,0,25
25860,0,0,0,0,0,0
25861,0,0,0,0,0,0
25862,0,0,0,3,0,0
25863,0,0,0,6,0,0
25864,0,0,0,3,0,0
25865,0,0,0,0,0,0
25866,0,0,0,0,0,0
25867,0,0,0,0,0,0
25868,0,0,0,0,0,0
25869,0,0,0,0,0,0
25870,0,0,0,0,0,0
25871,0,0,0,0,1,0
25872,0,0,0,0,1,0
25873,0,0,0,0,1,0
25874,0,0,0,0,0,0
25875,0,0,0,0,0,0
25876,0,0,0,0,0,0
25877,0,0,0,0,0,0
25878,0,0,0,0,0,0
25879,0,0,0,0,0,0
25880,0,0,0,0,1,0
25881,0,0,0,0,0,0
25882,0,0,0,0,2,0
25883,0,0,0,0,16,0
25884,0,0,0,0,0,0
25885,0,0,0,3,1,0
25886,0,0,0,1,3,0
25887,0,0,0,0,0,0
25888,0,0,0,0,5,0
25889,0,0,0,0,8,0
25890,0,0,0,0,0,0
25891,0,0,0,2,0,0
25892,0,0,0,0,0,0
25893,0,0,0,0,0,0
25894,0,0,0,0,0,0
25895,0,0,0,0,0,0
25896,0,0,0,0,0,0
25897,0,0,0,0,0,0
25898,0,0,0,37,0,0
25899,0,0,0,46,1,0
25900,0,0,0,0,0,0
25901,0,0,0,1,0,0
25902,0,0,0,0,0,0
25903,0,0,0,0,0,0
25904,0,0,0,0,0,0
25905,0,0,0,0,0,0
25906,0,0,0,0,1,0
25907,0,0,7,0,0,0
25908,0,0,1,18,1,0
25909,0,0,0,7,0,0
25910,0,0,4,2,0,0
25911,0,0,0,0,0,0
25912,0,0,0,30,0,0
25913,0,0,13,33,1,0
25914,0,0,13,25,0,0
25915,0,0,6,0,0,0
25916,0,0,14,11,0,0
25917,0,0,0,33,0,0
25918,0,0,0,66,0,0
25919,0,0,7,155,0,0
25920,0,0,42,314,0,0
25921,0,0,0,519,0,0
25922,0,0,6,573,0,0
25923,0,0,5,291,0,0
25924,0,0,0,110,0,0
25925,0,0,0,105,0,0
25926,0,0,0,37,0,0
25927,0,0,0,33,0,0
25928,0,0,0,76,0,0
25929,0,0,0,48,0,0
25930,0,0,0,37,2,0
25931,0,0,0,122,12,0
25932,0,0,0,235,0,0
25933,0,0,6,180,1,0
25934,0,0,0,22,0,0
25935,0,0,0,0,0,0
25936,0,0,2,104,2,0
25937,0,0,0,252,0,0
25938,0,0,0,132,0,0
25939,0,0,0,26,0,0
25940,0,0,0,1,0,0
25941,0,0,0,1,3,0
25942,0,0,3,0,0,0
25943,0,0,1,0,0,0
25944,0,0,0,6,0,0
25945,0,0,0,61,0,0
25946,0,0,4,0,0,0
25947,0,0,0,116,0,0
25948,0,0,0,55,0,0
25949,0,0,0,16,0,0
25950,0,0,0,82,0,0
25951,0,0,0,4,4,0
25952,0,0,1,12,0,0
25953,0,0,0,18,0,0
25954,0,0,3,0,0,0
25955,0,0,0,0,0,0
25956,0,0,0,0,0,0
25957,0,0,0,0,0,0
25958,0,0,0,0,0,0
25959,0,0,0,0,0,0
25960,0,0,0,0,0,0
25961,0,0,0,0,0,0
25962,0,0,0,0,0,0
25963,0,0,0,0,0,0
25964,0,0,0,0,0,0
25965,0,0,0,4,0,0
25966,0,0,0,5,0,0
25967,0,0,0,1,0,0
25968,0,0,0,0,0,0
25969,0,0,0,0,0,0
25970,0,0,0,1,0,0
25971,0,0,0,0,0,0
25972,0,0,0,0,0,0
25973,0,0,0,2,0,0
25974,0,0,0,2,0,0
25975,0,0,0,0,0,0
25976,0,0,0,0,0,0
25977,0,0,0,0,0,0
25978,0,0,0,0,0,0
25979,0,0,0,0,0,0
25980,0,0,0,0,0,0
25981,0,0,0,0,0,0
25982,64,0,0,0,1,0
25983,88,0,0,0,0,0
25984,182,0,0,0,0,0
25985,245,0,0,0,0,0
25986,128,0,0,1,0,0
25987,52,0,0,0,0,0
25988,64,0,0,0,0,0
25989,52,0,0,0,0,0
25990,73,0,0,0,0,0
25991,113,0,0,0,0,0
25992,90,0,0,0,0,0
25993,85,0,0,0,0,0
25994,12,1,0,0,0,0
25995,0,0,0,0,0,0
25996,0,0,0,0,0,0
25997,5,0,0,0,0,0
25998,0,0,0,0,0,0
25999,17,0,0,0,0,0
26000,9,0,0,0,0,0
26001,15,0,0,0,0,0
26002,0,0,0,0,0,0
26003,0,0,0,0,0,0
26004,4,0,0,0,0,0
26005,9,0,0,0,0,0
26006,4,0,0,0,0,0
26007,0,0,0,0,0,0
26008,27,0,0,0,0,0
26009,21,3,0,0,0,0
26010,0,0,0,0,0,0
26011,0,0,0,0,0,0
26012,0,0,0,0,0,0
26013,8,0,0,12,0,0
26014,4,0,0,0,0,0
26015,2,0,0,0,0,0
26016,0,0,0,2,0,0
26017,0,0,0,0,0,0
26018,8,0,0,26,10,0
26019,15,0,0,0,0,0
26020,0,0,0,0,0,0
26021,0,0,0,0,0,0
26022,8,0,0,2,0,0
26023,2,0,0,3,0,0
26024,3,0,0,13,0,0
26025,0,0,0,1,0,0
26026,10,0,0,7,0,0
26027,0,0,0,11,0,0
26028,0,0,0,23,0,0
26029,0,0,0,3,0,0
26030,0,0,0,17,0,0
26031,0,0,0,1,0,0
26032,0,0,0,0,0,0
26033,0,0,0,0,0,0
26034,0,0,0,0,0,0
26035,0,0,0,0,0,0
26036,0,0,0,0,0,0
26037,0,0,0,0,0,0
26038,0,0,2,0,0,0
26039,0,0,0,0,0,0
26040,0,0,0,0,0,0
26041,0,0,0,0,0,0
26042,0,0,0,0,0,0
26043,0,0,0,0,0,0
26044,0,0,0,0,0,0
26045,0,0,0,0,0,0
26046,0,0,0,0,0,0
26047,0,0,0,0,0,0
26048,0,0,0,0,0,0
26049,0,0,0,0,0,0
26050,0,0,0,0,0,0
26051,0,0,0,0,0,0
26052,0,0,0,0,0,0
26053,0,0,0,0,0,0
26054,0,0,0,1,0,0
26055,0,0,0,0,0,0
26056,0,0,0,0,7,0
26057,0,0,0,0,0,0
26058,0,0,0,0,0,0
26059,0,0,0,0,0,0
26060,0,0,0,0,0,0
26061,0,0,8,0,0,0
26062,0,0,0,0,0,0
26063,0,0,0,0,0,0
26064,0,0,0,0,0,0
26065,0,0,0,6,0,0
26066,0,0,0,34,0,0
26067,0,0,0,0,0,0
26068,0,0,0,0,0,0
26069,0,0,0,0,0,0
26070,0,0,0,0,0,0
26071,0,0,0,0,0,0
26072,0,0,9,0,0,0
26073,0,0,0,0,0,0
26074,0,0,3,0,0,0
26075,0,0,10,0,0,0
26076,0,0,0,0,0,0
26077,0,0,0,0,0,0
26078,0,0,3,0,0,0
26079,0,0,0,0,0,0
26080,0,0,0,0,0,0
26081,15,0,13,0,0,0
26082,52,0,0,0,0,0
26083,10,0,0,0,0,0
26084,0,0,0,0,0,0
26085,6,0,0,0,0,0
26086,6,0,2,0,0,0
26087,0,0,0,0,0,0
26088,1,0,0,0,0,0
26089,0,0,0,0,0,0
26090,0,0,0,0,0,0
26091,0,0,0,0,0,0
26092,0,0,0,0,0,0
26093,0,0,0,0,0,0
26094,0,0,0,0,0,0
26095,0,0,0,0,0,0
26096,0,0,0,0,0,0
26097,0,0,0,0,0,0
26098,0,0,0,0,0,0
26099,0,0,0,0,0,0
26100,0,0,3,0,0,0
26101,0,0,8,14,0,0
26102,0,0,0,90,0,0
26103,0,0,0,197,0,0
26104,0,0,6,231,0,0
26105,0,0,0,291,47,0
26106,0,0,0,288,6,0
26107,0,0,5,370,120,0
26108,0,0,10,311,331,0
26109,0,0,0,243,355,8
26110,0,0,3,223,324,5
26111,0,0,5,197,291,12
26112,0,0,0,22,31,0
26113,0,0,0,0,1,0
26114,0,0,1,1,0,0
26115,0,0,1,11,4,0
26116,0,0,0,12,21,0
26117,0,0,0,23,1,1
26118,0,0,0,1,0,0
26119,0,0,0,19,0,0
26120,0,0,1,68,0,0
26121,0,0,7,106,0,0
26122,0,0,0,126,0,0
26123,0,0,0,100,2,0
26124,0,0,0,19,0,0
26125,0,0,0,68,0,0
26126,0,0,0,61,12,0
26127,0,0,0,18,0,0
26128,0,0,0,17,0,0
26129,0,0,0,28,0,0
26130,0,0,0,0,0,0
26131,0,0,15,11,0,0
26132,0,0,0,0,4,0
26133,0,0,0,0,0,0
26134,0,0,5,24,0,0
26135,0,0,0,7,0,0
26136,0,0,0,94,0,0
26137,0,0,3,35,0,0
26138,0,0,11,18,0,0
26139,0,0,0,70,0,0
26140,0,0,3,67,0,0
26141,0,0,0,5,0,0
26142,0,0,0,0,0,0
26143,0,0,1,56,0,0
26144,0,0,0,0,0,0
26145,0,0,0,26,0,0
26146,0,0,0,67,0,0
26147,28,0,4,13,0,0
26148,18,0,0,0,0,0
26149,0,0,0,0,0,0
26150,3,0,6,66,0,0
26151,0,0,0,6,0,0
26152,0,0,0,0,0,0
26153,0,0,0,1,0,0
26154,0,0,0,0,0,0
26155,0,0,0,0,0,0
26156,0,0,0,2,0,0
26157,0,0,0,2,0,0
26158,0,0,0,0,0,0
26159,0,0,0,0,0,0
26160,0,0,0,0,0,0
26161,0,0,0,12,2,0
26162,0,0,0,0,0,0
26163,0,0,10,0,0,0
26164,0,0,0,0,0,0
26165,0,0,0,0,0,0
26166,0,0,3,0,0,0
26167,0,0,0,37,0,0
26168,0,0,0,114,0,0
26169,0,0,0,72,0,0
26170,0,0,5,0,0,0
26171,0,0,0,42,0,0
26172,0,0,0,3,0,0
26173,0,0,0,0,0,0
26174,0,0,0,6,0,0
26175,0,0,0,2,0,0
26176,0,0,0,15,0,0
26177,0,0,0,24,0,0
26178,0,0,0,0,0,0
26179,0,0,0,0,6,0
26180,0,0,0,0,0,0
26181,0,0,0,0,0,0
26182,0,0,0,0,4,0
26183,0,0,0,0,0,0
26184,0,0,0,0,0,0
26185,0,0,0,0,0,0
26186,0,0,0,0,0,0
26187,0,0,0,0,0,0
26188,0,0,0,54,0,0
26189,0,0,0,19,0,0
26190,0,0,0,3,17,0
26191,0,0,0,2,144,27
26192,0,0,0,0,417,130
26193,0,0,0,56,494,226
26194,0,0,0,43,654,162
26195,0,0,0,65,331,88
26196,0,0,0,45,586,29
26197,0,0,0,138,319,25
26198,0,0,0,240,313,13
26199,0,0,0,174,146,29
26200,0,0,0,44,148,12
26201,0,0,0,5,4,0
26202,0,0,0,43,0,0
26203,0,0,0,39,0,0
26204,0,0,0,50,4,0
26205,0,0,0,1,16,4
26206,0,0,0,9,5,1
26207,0,0,0,0,10,7
26208,0,0,0,0,44,12
26209,0,0,0,0,124,29
26210,0,0,0,2,170,31
26211,0,0,0,0,290,43
26212,0,0,0,0,578,175
26213,0,0,0,0,711,317
26214,0,0,0,0,234,159
26215,0,0,0,0,24,0
26216,0,0,0,0,0,0
26217,0,0,0,0,0,0
26218,0,0,0,0,0,0
26219,0,0,0,0,0,0
26220,0,0,0,0,0,0
26221,0,0,0,0,0,0
26222,0,0,0,0,0,0
26223,0,0,0,0,0,0
26224,0,0,0,0,12,0
26225,0,0,0,0,23,11
26226,0,0,6,0,13,0
26227,0,0,0,0,3,0
26228,0,0,0,0,1,0
26229,0,0,0,0,0,0
26230,0,0,0,0,0,0
26231,0,0,0,0,15,0
26232,0,0,0,0,0,0
26233,0,0,2,0,0,0
26234,0,0,2,0,10,3
26235,0,0,0,0,1,0
26236,0,0,0,0,0,0
26237,0,0,0,0,0,0
26238,0,0,0,0,0,0
26239,0,0,0,0,0,0
26240,0,0,0,2,0,0
26241,0,0,0,1,0,0
26242,0,0,0,0,0,0
26243,0,0,0,0,0,0
26244,0,0,0,0,0,0
26245,0,0,0,33,0,0
26246,0,0,0,46,48,65
26247,0,0,0,0,97,141
26248,12,0,0,0,104,225
26249,0,0,0,0,101,301
26250,0,0,0,0,53,269
26251,0,0,0,7,21,129
26252,0,0,0,0,4,86
26253,0,0,0,0,8,110
26254,0,0,0,0,14,154
26255,0,0,0,0,45,253
26256,0,0,0,0,63,462
26257,0,0,0,2,129,493
26258,0,0,0,15,194,466
26259,0,0,0,0,187,401
26260,0,0,0,0,157,372
26261,0,0,0,36,162,318
26262,0,0,0,19,150,229
26263,0,0,0,9,104,117
26264,0,0,0,0,67,47
26265,0,0,0,0,69,26
26266,0,0,0,7,86,27
26267,0,0,0,0,98,22
26268,0,0,0,6,18,30
26269,0,0,0,3,26,3
26270,0,0,0,0,0,0
26271,0,0,0,0,7,0
26272,0,0,0,2,2,0
26273,0,0,0,0,0,10
26274,0,0,0,0,47,76
26275,0,0,0,0,135,199
26276,0,0,0,0,108,147
26277,0,0,0,0,85,71
26278,0,0,0,0,210,259
26279,0,0,0,0,355,446
26280,0,0,0,0,501,448
26281,0,0,0,3,665,404
26282,0,0,0,0,330,327
26283,0,0,0,0,296,152
26284,0,0,0,0,275,64
26285,0,0,0,0,151,69
26286,0,0,0,0,86,30
26287,0,0,0,0,27,17
26288,0,0,0,1,23,6
26289,0,0,0,1,0,0
26290,0,0,0,0,1,0
26291,0,0,0,0,0,0
26292,0,0,0,0,1,0
26293,0,0,0,0,2,0
26294,0,0,0,0,2,0
26295,0,0,0,0,0,0
26296,0,0,0,2,10,0
26297,0,0,0,0,0,0
26298,0,0,0,5,0,0
26299,0,0,0,4,0,0
26300,0,0,0,0,0,0
26301,0,0,0,0,0,0
26302,0,0,0,0,0,0
26303,0,0,0,0,0,0
26304,0,0,0,0,0,0
26305,0,0,0,0,0,0
26306,0,0,0,0,0,0
26307,0,0,0,0,0,0
26308,0,0,0,0,0,0
26309,0,0,0,0,0,0
26310,0,0,0,0,0,0
26311,0,0,0,2,0,0
26312,0,0,0,0,0,0
26313,0,0,0,0,0,0
26314,0,0,0,0,0,0
26315,0,0,0,0,0,0
26316,0,0,0,0,0,0
26317,0,0,0,0,0,0
26318,0,0,0,0,0,0
26319,0,0,0,0,0,0
26320,0,0,0,0,0,0
26321,0,0,0,45,0,0
26322,0,0,0,66,0,0
26323,0,0,0,15,0,0
26324,0,0,0,4,0,0
26325,0,0,0,0,0,0
26326,0,0,0,2,0,0
26327,0,0,0,4,0,0
26328,0,0,0,4,0,0
26329,0,0,0,19,0,0
26330,0,0,0,191,0,0
26331,0,0,0,88,0,0
26332,0,0,0,38,0,0
26333,0,0,0,51,0,0
26334,0,0,0,45,0,0
26335,0,0,0,82,0,0
26336,0,0,0,142,1,0
26337,0,0,0,239,0,0
26338,0,0,0,270,0,0
26339,0,0,0,272,0,0
26340,0,0,0,248,0,12
26341,0,0,0,199,0,27
26342,0,0,0,123,0,4
26343,0,0,0,44,0,0
26344,0,0,0,6,0,0
26345,0,0,0,3,0,0
26346,0,0,0,2,0,2
26347,0,0,0,25,0,0
26348,0,0,0,78,0,0
26349,0,0,0,24,0,0
26350,0,0,6,9,0,0
26351,0,0,0,0,0,0
26352,0,0,0,0,0,0
26353,0,0,0,2,0,0
26354,0,0,0,35,0,0
26355,0,0,0,20,0,0
26356,0,0,0,67,0,0
26357,0,0,0,18,0,0
26358,17,0,0,31,0,0
26359,0,0,0,47,0,0
26360,0,0,0,0,0,0
26361,0,0,0,3,0,0
26362,16,0,0,40,0,0
26363,13,0,0,5,0,0
26364,0,0,0,3,0,0
26365,20,0,0,20,0,0
26366,52,0,0,13,0,0
26367,89,0,0,0,0,0
26368,49,0,0,8,0,0
26369,124,0,0,11,0,0
26370,352,4,0,10,0,0
26371,306,17,0,0,0,0
26372,102,0,0,0,0,0
26373,412,62,0,0,0,0
26374,509,72,0,15,0,0
26375,241,1,0,14,0,0
26376,28,0,0,0,0,0
26377,303,20,0,0,4,4
26378,233,0,0,0,95,61
26379,74,0,0,0,280,276
26380,33,0,0,8,290,409
26381,8,0,0,27,357,568
26382,4,0,0,11,337,646
26383,19,0,0,106,286,662
26384,0,0,0,183,235,540
26385,0,0,0,249,164,116
26386,0,0,0,526,229,217
26387,0,0,4,724,296,123
26388,0,0,0,457,564,334
26389,0,0,0,384,601,417
26390,27,0,2,508,639,656
26391,17,0,0,771,979,885
26392,0,0,0,650,1532,1463
26393,0,0,0,324,1567,1485
26394,0,0,0,307,1014,822
26395,7,0,0,879,916,667
26396,13,0,4,1057,942,136
26397,0,0,0,597,1217,258
26398,0,0,0,248,1483,747
26399,12,0,0,147,1396,1478
26400,0,0,0,107,1149,1792
26401,0,0,0,88,722,1105
26402,0,0,0,13,715,434
26403,72,3,0,19,491,277
26404,50,0,0,151,397,124
26405,0,0,0,321,484,206
26406,0,0,0,267,268,269
26407,59,0,0,339,291,316
26408,30,0,0,340,282,468
26409,0,0,0,352,357,525
26410,40,0,2,330,252,290
26411,92,8,2,226,372,189
26412,47,0,0,133,91,76
26413,0,0,4,142,20,41
26414,17,0,0,147,6,22
26415,7,2,0,113,1,15
26416,0,0,47,185,7,1
26417,12,0,20,106,0,0
26418,0,0,0,115,3,0
26419,0,0,9,94,0,0
26420,0,0,39,50,2,0
26421,5,0,0,52,17,0
26422,13,0,18,37,22,30
26423,0,0,24,18,112,93
26424,0,0,0,3,1,2
26425,0,0,0,0,0,0
26426,0,0,1,0,0,0
26427,0,0,0,0,0,0
26428,0,0,0,0,0,0
26429,0,0,2,0,0,0
26430,0,0,0,0,0,0
26431,0,0,0,2,0,0
26432,3,0,0,0,0,0
26433,0,0,0,0,0,0
26434,0,0,0,3,0,0
26435,0,0,0,38,0,0
26436,0,0,0,54,0,0
26437,0,0,0,62,0,0
26438,0,0,0,47,0,0
26439,0,0,0,29,0,0
26440,0,0,0,0,0,0
26441,0,0,4,0,0,0
26442,0,0,0,0,0,0
26443,0,0,0,13,0,0
26444,0,0,0,55,0,0
26445,0,0,0,75,0,0
26446,0,0,0,98,0,0
26447,0,0,0,18,0,0
26448,0,0,10,0,0,0
26449,0,0,0,11,0,0
26450,0,0,0,32,0,0
26451,0,0,0,16,0,1
26452,0,0,0,6,0,0
26453,0,0,0,16,0,0
26454,1,0,5,0,0,0
26455,0,0,0,0,0,0
26456,0,0,0,0,0,0
26457,0,0,0,79,0,0
26458,0,0,0,3,0,135
26459,0,0,0,0,78,390
26460,0,0,1,65,210,674
26461,0,0,1,128,312,864
26462,0,0,0,8,329,996
26463,0,0,0,0,292,567
26464,0,0,0,12,183,114
26465,0,0,0,36,207,312
26466,0,0,0,41,132,438
26467,0,0,0,28,203,608
26468,0,0,0,0,444,880
26469,0,0,0,0,506,809
26470,0,0,0,53,264,389
26471,0,0,0,21,227,38
26472,0,0,0,0,100,227
26473,0,0,0,14,585,899
26474,0,0,0,67,604,628
26475,0,0,0,112,482,254
26476,0,0,0,142,508,262
26477,0,0,0,207,201,104
26478,0,0,0,205,422,86
26479,0,0,0,273,562,72
26480,0,0,0,279,487,204
26481,0,0,0,279,983,898
26482,0,0,0,392,1444,1409
26483,0,0,1,577,1681,1414
26484,0,0,0,415,1513,1114
26485,0,0,0,210,932,282
26486,0,0,0,400,261,0
26487,0,0,0,443,1190,414
26488,0,0,0,234,1164,394
26489,0,0,0,220,198,1
26490,0,0,0,131,371,18
26491,0,0,2,38,348,10
26492,0,0,0,0,121,45
26493,0,0,0,19,351,137
26494,0,0,0,63,140,148
26495,0,0,0,67,254,271
26496,0,0,0,92,436,413
26497,0,0,0,189,565,454
26498,0,0,0,184,727,457
26499,0,0,0,29,831,490
26500,9,0,0,8,956,495
26501,27,0,1,12,1047,949
26502,0,0,0,76,1231,1352
26503,0,0,0,92,1337,1684
26504,0,0,0,124,1020,1411
26505,0,0,0,67,352,193
26506,0,0,0,60,332,74
26507,0,0,0,29,1,0
26508,0,0,0,17,21,6
26509,0,0,0,24,13,3
26510,0,0,0,5,0,0
26511,0,0,0,9,0,0
26512,0,0,0,1,0,0
26513,0,0,0,0,0,0
26514,0,0,0,0,0,0
26515,0,0,0,50,0,0
26516,0,0,0,88,0,0
26517,0,0,0,81,0,0
26518,0,0,0,18,0,0
26519,0,0,0,0,0,0
26520,0,0,0,1,0,0
26521,0,0,0,30,2,0
26522,0,0,0,50,0,0
26523,0,0,0,2,0,0
26524,0,0,0,0,0,0
26525,0,0,0,65,0,0
26526,0,0,0,127,0,0
26527,0,0,0,32,0,0
26528,0,0,0,28,0,0
26529,0,0,0,66,0,0
26530,0,0,0,57,0,0
26531,0,0,0,33,0,0
26532,0,0,0,9,2,0
26533,0,0,0,5,29,0
26534,0,0,0,5,142,105
26535,0,0,0,0,221,413
26536,0,0,0,0,259,597
26537,0,0,0,32,297,832
26538,0,0,0,21,255,722
26539,0,0,0,28,230,441
26540,0,0,0,22,157,246
26541,0,0,0,10,36,27
26542,0,0,0,15,140,204
26543,0,0,0,17,235,295
26544,0,0,0,26,288,294
26545,0,0,0,33,208,271
26546,0,0,0,86,218,276
26547,0,0,0,48,156,189
26548,0,0,0,45,147,57
26549,0,0,0,74,139,33
26550,0,0,0,19,24,3
26551,0,0,0,6,2,8
26552,0,0,1,9,25,39
26553,0,0,6,0,122,165
26554,0,0,0,0,178,226
26555,0,0,0,0,192,245
26556,0,0,0,11,165,82
26557,0,0,5,38,64,0
26558,0,0,0,35,50,0
26559,0,0,0,1,62,0
26560,0,0,0,7,223,0
26561,0,0,0,127,233,4
26562,0,0,0,209,305,23
26563,0,0,2,306,238,23
26564,0,0,0,383,238,35
26565,0,0,0,384,173,46
26566,0,0,0,348,89,56
26567,0,0,0,249,87,19
26568,0,0,0,119,92,22
26569,0,0,1,17,133,50
26570,0,0,0,63,128,78
26571,0,0,0,83,144,78
26572,0,0,0,75,143,35
26573,0,0,0,71,102,23
26574,0,0,0,45,52,5
26575,0,0,3,34,43,0
26576,0,0,5,0,74,0
26577,0,0,0,0,115,29
26578,0,0,0,0,94,60
26579,0,0,0,0,110,52
26580,0,0,0,0,26,32
26581,0,0,0,0,10,4
26582,0,0,0,0,0,0
26583,0,0,0,0,0,0
26584,0,0,0,0,0,0
26585,0,0,3,0,0,0
26586,0,0,0,0,0,0
26587,0,0,0,0,0,0
26588,0,0,0,23,0,0
26589,0,0,0,0,0,0
26590,0,0,0,4,0,0
26591,0,0,0,35,0,0
26592,0,0,0,75,1,0
26593,0,0,0,28,1,0
26594,0,0,2,1,0,0
26595,0,0,1,33,0,0
26596,0,0,0,104,11,0
26597,0,0,2,92,0,0
26598,0,0,0,103,0,0
26599,0,0,0,56,0,0
26600,0,0,0,31,0,0
26601,0,0,0,5,0,0
26602,0,0,0,0,0,0
26603,0,0,0,0,0,0
26604,0,0,3,7,0,0
26605,0,0,0,4,0,0
26606,0,0,0,5,34,0
26607,0,0,5,0,59,9
26608,0,0,0,0,197,102
26609,0,0,0,3,338,196
26610,0,0,6,0,540,232
26611,0,0,11,0,676,254
26612,0,0,0,0,600,89
26613,0,0,27,2,335,0
26614,0,0,18,0,65,0
26615,0,0,0,0,64,4
26616,0,0,3,0,68,4
26617,0,0,27,0,4,1
26618,0,0,8,12,314,8
26619,0,0,0,2,637,288
26620,0,0,31,221,1258,989
26621,0,0,6,500,1781,1238
26622,0,0,0,726,2097,1876
26623,0,0,10,890,2385,2175
26624,0,0,9,702,2612,1692
26625,0,0,0,691,2632,1277
26626,0,0,13,597,2241,848
26627,0,0,11,418,1582,276
26628,0,0,0,337,1510,313
26629,0,0,0,325,1517,516
26630,0,0,12,653,957,323
26631,0,0,0,1006,719,125
26632,0,0,0,1040,1949,889
26633,2,0,12,786,2309,1235
26634,25,0,0,418,1974,1063
26635,38,0,0,5,1399,436
26636,63,0,0,615,1863,494
26637,70,0,0,1041,2223,790
26638,13,0,0,882,1749,792
26639,7,0,0,599,1208,793
26640,0,0,0,462,1564,877
26641,0,0,0,441,2067,1037
26642,0,0,0,474,2438,1550
26643,0,0,0,487,2615,2144
26644,0,0,0,521,2563,2227
26645,13,0,0,493,1979,2260
26646,15,0,0,450,1024,1089
26647,31,0,0,403,729,211
26648,55,0,0,414,265,171
26649,71,0,0,385,274,90
26650,45,0,0,288,338,51
26651,31,0,0,226,372,36
26652,22,0,0,111,308,8
26653,28,0,0,75,136,0
26654,46,0,0,110,53,0
26655,24,0,0,10,2,0
26656,17,0,0,36,1,0
26657,0,0,0,0,4,0
26658,0,0,0,37,5,0
26659,0,0,0,82,0,0
26660,0,0,0,129,0,0
26661,0,0,0,49,0,0
26662,1,0,0,15,0,0
26663,11,0,0,111,0,0
26664,31,0,0,96,0,0
26665,51,0,0,44,2,0
26666,106,0,0,60,9,0
26667,158,0,0,1,0,0
26668,117,0,0,0,0,0
26669,81,0,0,0,0,0
26670,19,0,0,6,0,0
26671,0,0,0,86,2,0
26672,0,0,0,27,0,0
26673,0,0,0,12,0,0
26674,0,0,1,15,0,0
26675,9,0,0,11,0,0
26676,25,0,0,0,0,0
26677,29,0,0,0,0,0
26678,67,0,0,0,0,0
26679,62,0,0,0,0,0
26680,74,0,0,0,0,0
26681,91,0,0,0,0,0
26682,74,0,0,0,0,0
26683,59,0,0,0,0,0
26684,25,0,0,0,0,0
26685,0,0,0,0,0,0
26686,0,0,0,0,1,0
26687,6,0,0,0,0,0
26688,36,0,0,0,0,0
26689,56,0,0,0,0,0
26690,113,0,0,0,0,0
26691,145,0,0,0,0,0
26692,65,0,0,0,1,0
26693,30,0,0,0,0,0
26694,4,0,0,0,0,0
26695,0,0,0,0,0,0
26696,5,0,0,0,21,1
26697,0,0,0,0,69,15
26698,0,0,0,3,144,74
26699,2,0,0,31,199,118
26700,0,0,0,35,130,64
26701,10,0,0,95,61,0
26702,11,0,0,193,4,0
26703,12,0,0,275,80,17
26704,32,0,8,322,125,65
26705,16,0,0,439,191,60
26706,7,0,0,596,32,0
26707,0,0,4,607,61,0
26708,0,0,0,639,68,0
26709,0,0,0,348,0,0
26710,0,0,1,193,0,0
26711,0,0,0,69,111,0
26712,16,0,0,1,0,0
26713,1,0,0,62,0,0
26714,12,0,0,17,0,0
26715,0,0,0,8,0,0
26716,0,0,0,17,0,0
26717,0,0,0,24,0,0
26718,0,0,0,50,0,0
26719,0,0,0,32,0,0
26720,0,0,0,0,0,0
26721,0,0,0,0,0,0
26722,17,0,0,0,0,0
26723,15,0,0,0,0,0
26724,12,0,0,0,0,0
26725,2,0,0,9,1,0
26726,0,0,0,12,0,0
26727,0,0,0,0,0,0
26728,0,0,0,0,0,0
26729,0,0,0,9,0,0
26730,0,0,0,2,0,0
26731,0,0,0,0,1,0
26732,0,0,0,0,2,0
26733,0,0,0,0,0,0
26734,0,0,0,0,0,0
26735,0,0,0,0,0,0
26736,0,0,0,1,0,0
26737,0,0,0,0,0,0
26738,0,0,0,5,9,0
26739,0,0,0,0,15,0
26740,19,0,0,26,13,0
26741,0,0,0,57,12,0
26742,6,0,0,73,16,12
26743,2,0,0,21,174,101
26744,0,0,0,8,394,343
26745,0,0,0,18,576,557
26746,0,0,0,57,803,675
26747,0,0,0,294,984,717
26748,3,0,0,456,1131,836
26749,0,0,0,460,1408,464
26750,0,0,0,602,1586,387
26751,0,0,0,620,1726,256
26752,0,0,0,742,2008,330
26753,0,0,0,743,2100,421
26754,0,0,0,760,2314,946
26755,0,0,0,744,2669,1331
26756,0,0,0,676,3279,1501
26757,3,0,0,639,3218,1810
26758,16,0,0,649,3808,1754
26759,25,0,0,735,4764,1610
26760,64,0,0,799,5168,1236
26761,77,0,0,1103,4977,857
26762,55,0,0,1360,4433,360
26763,59,0,2,1759,3497,154
26764,37,0,2,1874,3320,250
26765,3,0,0,1853,4189,383
26766,0,0,0,1427,3593,204
26767,0,0,2,1428,2035,255
26768,0,0,0,1148,3299,550
26769,0,0,0,476,4954,525
26770,1,0,0,206,4839,143
26771,17,0,0,219,3768,283
26772,29,0,0,408,2734,52
26773,40,0,0,439,4678,138
26774,28,0,0,630,5797,444
26775,36,0,0,381,5040,811
26776,14,0,0,183,3442,911
26777,0,0,0,17,2421,249
26778,0,0,0,210,4389,938
26779,0,0,0,354,5651,772
26780,0,0,0,202,4838,445
26781,0,0,0,222,3996,161
26782,2,0,0,455,3681,58
26783,26,0,0,889,4404,267
26784,29,0,0,303,5513,433
26785,15,0,0,29,4823,903
26786,18,0,0,39,3577,1283
26787,31,0,0,137,2019,1017
26788,35,0,0,224,2927,343
26789,49,0,0,277,4354,998
26790,78,0,0,497,3929,799
26791,69,0,0,625,1921,226
26792,84,0,0,693,2317,369
26793,105,0,0,692,2972,792
26794,79,1,0,754,3386,893
26795,111,2,0,820,2761,923
26796,118,6,0,748,1887,640
26797,54,0,1,651,1463,248
26798,109,0,0,532,1222,471
26799,80,12,0,406,1287,555
26800,85,6,6,271,1792,813
26801,222,4,0,153,2216,1312
26802,223,6,0,183,2202,1645
26803,421,14,0,87,1853,1430
26804,626,12,0,84,1916,1701
26805,862,18,1,78,1768,2216
26806,936,3,0,157,968,1023
26807,910,11,5,362,808,483
26808,897,0,0,498,377,172
26809,818,0,20,491,430,38
26810,733,0,8,531,630,112
26811,677,0,0,465,38,0
26812,464,0,26,504,7,3
26813,453,0,38,464,1,4
26814,342,0,42,329,0,0
26815,256,0,75,187,6,0
26816,259,0,84,112,45,0
26817,291,0,97,8,0,0
26818,306,0,161,0,0,0
26819,379,7,149,0,30,0
26820,506,16,128,1,0,0
26821,409,9,155,13,38,0
26822,424,10,139,10,44,0
26823,322,6,168,3,38,0
26824,279,34,196,0,0,0
26825,115,47,173,5,6,0
26826,78,46,222,0,0,0
26827,92,23,231,0,0,4
26828,93,83,281,1,0,0
26829,73,82,266,6,0,0
26830,108,78,241,31,0,0
26831,339,7,195,36,2,0
26832,481,4,113,0,1,0
26833,835,12,24,104,0,0
26834,912,62,126,72,28,0
26835,1026,148,263,0,0,0
26836,912,75,263,51,0,0
26837,903,19,151,165,0,0
26838,623,2,103,47,3,0
26839,410,1,188,0,5,0
26840,114,11,287,0,0,0
26841,80,0,328,2,0,1
26842,659,10,150,0,2,0
26843,858,43,93,41,0,0
26844,1103,43,55,92,0,0
26845,1038,61,28,8,0,0
26846,973,143,115,86,0,10
26847,890,21,260,123,0,2
26848,718,14,27,94,15,0
26849,445,8,13,47,29,0
26850,137,0,17,52,0,0
26851,2,0,42,110,6,1
26852,0,0,65,35,52,21
26853,10,7,206,17,204,38
26854,26,0,231,17,195,20
26855,141,66,72,83,158,14
26856,214,111,34,36,34,0
26857,619,245,25,51,1,0
26858,800,239,4,60,139,12
26859,1068,342,76,12,139,30
26860,1140,82,112,67,86,17
26861,1099,195,8,84,23,0
26862,1084,69,17,95,0,0
26863,1039,29,0,49,0,0
26864,678,12,0,0,0,0
26865,392,0,1,21,0,0
26866,85,0,182,69,3,16
26867,3,0,58,71,0,1
26868,0,0,0,0,0,0
26869,11,0,36,0,0,0
26870,78,7,28,2,245,26
26871,80,20,48,4,552,147
26872,138,31,204,1,795,429
26873,64,29,163,9,826,339
26874,91,48,107,46,638,195
26875,372,298,108,14,422,144
26876,461,335,128,6,193,115
26877,759,267,171,33,147,87
26878,692,188,104,0,208,88
26879,564,134,38,18,503,233
26880,130,94,10,7,564,451
26881,43,3,10,12,422,430
26882,6,0,15,43,277,248
26883,21,0,21,26,16,0
26884,78,0,88,31,7,0
26885,120,0,140,95,0,0
26886,119,23,103,83,0,0
26887,262,144,109,16,0,0
26888,252,155,54,4,0,0
26889,188,58,64,14,15,0
26890,171,33,6,4,26,0
26891,69,3,0,0,0,0
26892,0,0,0,1,6,0
26893,12,0,0,2,2,0
26894,0,0,0,0,0,0
26895,0,0,0,7,0,0
26896,0,0,2,29,0,0
26897,0,0,0,55,0,0
26898,0,0,0,68,0,0
26899,0,0,0,8,0,0
26900,2,0,0,0,0,0
26901,3,0,0,0,0,6
26902,7,0,0,3,0,0
26903,7,0,0,32,0,0
26904,0,0,0,37,0,0
26905,9,0,0,24,0,0
26906,0,0,0,7,0,0
26907,0,0,0,0,0,0
26908,0,0,0,0,0,0
26909,0,0,0,0,0,0
26910,0,0,0,4,0,0
26911,0,0,13,2,0,0
26912,0,0,2,6,0,0
26913,0,0,1,0,11,0
26914,0,0,38,0,31,17
26915,0,0,2,0,23,2
26916,0,0,0,0,35,7
26917,0,0,26,0,4,0
26918,0,0,21,0,0,0
26919,0,0,0,0,0,0
26920,3,0,4,0,0,0
26921,0,0,4,0,0,0
26922,0,0,0,0,0,0
26923,0,0,1,0,0,0
26924,4,0,12,0,2,2
26925,0,0,0,0,0,0
26926,0,0,0,2,2,0
26927,0,0,0,0,0,0
26928,0,0,0,0,0,0
26929,0,0,0,0,0,0
26930,0,0,0,0,0,0
26931,0,0,0,0,0,0
26932,0,0,0,0,0,0
26933,0,0,0,0,0,0
26934,25,0,0,0,0,0
26935,52,0,0,0,0,0
26936,30,0,0,0,0,0
26937,0,0,0,0,0,0
26938,16,0,0,0,0,0
26939,18,0,0,0,0,0
26940,10,0,0,0,0,0
26941,0,0,0,0,0,0
26942,0,0,0,0,0,0
26943,2,0,0,0,1,0
26944,36,0,0,0,0,0
26945,88,0,0,0,0,0
26946,101,0,0,0,0,0
26947,90,0,0,0,0,0
26948,37,0,0,0,0,0
26949,12,0,0,0,0,0
26950,14,0,1,0,0,0
26951,0,0,0,0,0,0
26952,0,0,0,0,0,0
26953,3,0,0,0,0,0
26954,35,0,0,0,0,0
26955,70,0,0,0,0,0
26956,180,0,0,0,2,0
26957,423,0,0,22,0,0
26958,676,0,0,30,0,0
26959,978,0,0,23,0,0
26960,1333,0,8,0,0,0
26961,1722,0,0,59,0,0
26962,2078,0,0,33,0,0
26963,1959,0,0,23,0,0
26964,1714,21,0,1,0,0
26965,1284,58,0,37,0,0
26966,651,99,0,52,0,0
26967,101,4,0,25,0,0
26968,484,0,0,0,0,0
26969,980,0,0,27,0,0
26970,1408,68,0,19,1,0
26971,1743,72,0,23,1,0
26972,1844,40,0,7,0,0
26973,1713,34,0,0,0,0
26974,1459,16,0,0,0,0
26975,1081,7,0,0,0,0
26976,669,0,0,0,0,0
26977,142,10,0,0,2,0
26978,99,0,0,9,0,0
26979,74,0,0,0,0,0
26980,3,0,0,0,0,0
26981,0,0,0,0,0,0
26982,0,0,0,0,0,0
26983,0,0,0,0,0,0
26984,6,0,0,0,0,0
26985,4,0,0,0,0,0
26986,0,0,0,1,1,0
26987,0,0,0,0,0,0
26988,12,0,0,0,0,0
26989,1,0,0,0,0,0
26990,0,0,0,2,7,0
26991,10,0,0,0,0,0
26992,0,0,0,31,14,0
26993,0,0,0,47,71,0
26994,0,0,0,66,17,0
26995,0,0,0,49,0,0
26996,0,0,0,58,0,0
26997,0,0,0,21,0,0
26998,0,0,0,28,0,0
26999,0,0,0,94,0,0
27000,0,0,0,11,0,0
27001,0,0,0,80,4,0
27002,0,0,0,68,51,1
27003,0,0,0,63,308,0
27004,0,0,0,32,359,32
27005,0,0,0,101,284,357
27006,0,0,0,38,262,799
27007,0,0,0,0,390,797
27008,0,0,0,116,176,598
27009,0,0,0,85,64,181
27010,0,0,0,19,139,53
27011,0,0,0,100,66,33
27012,0,0,0,36,64,179
27013,0,0,0,73,91,594
27014,0,0,0,194,147,1009
27015,0,0,0,472,202,981
27016,0,0,0,570,217,449
27017,0,0,0,543,52,101
27018,0,0,0,473,71,3
27019,0,0,4,457,189,267
27020,0,0,0,390,275,135
27021,0,0,0,348,116,68
27022,0,0,0,377,36,6
27023,0,0,0,200,30,1
27024,0,0,0,0,47,8
27025,0,0,0,101,103,104
27026,0,0,0,132,193,70
27027,0,0,0,26,157,5
27028,0,0,0,64,83,131
27029,0,0,0,74,35,189
27030,0,0,0,114,0,0
27031,0,0,0,15,0,0
27032,0,0,0,9,26,11
27033,0,0,0,90,3,4
27034,0,0,0,49,4,0
27035,0,0,2,6,14,0
27036,0,0,0,50,1,0
27037,0,0,1,137,0,0
27038,0,0,3,159,0,0
27039,0,0,0,141,0,0
27040,0,0,0,99,11,2
27041,0,0,0,139,173,104
27042,0,0,0,133,570,302
27043,0,0,0,134,570,258
27044,0,0,0,315,366,60
27045,0,0,0,265,135,0
27046,0,0,0,260,84,0
27047,0,0,0,100,32,0
27048,0,0,0,0,6,0
27049,0,0,0,0,2,0
27050,4,0,0,20,1,0
27051,37,0,0,69,0,0
27052,50,0,0,43,2,0
27053,98,0,0,140,41,0
27054,208,0,0,212,0,0
27055,337,0,0,112,0,0
27056,354,0,0,79,0,0
27057,381,0,0,3,0,0
27058,344,1,0,0,0,0
27059,235,0,0,43,0,0
27060,244,0,0,65,0,0
27061,261,0,0,4,7,0
27062,274,0,0,4,0,0
27063,290,0,0,12,0,0
27064,293,0,0,0,1,0
27065,310,0,0,2,0,0
27066,292,0,0,7,0,0
27067,255,0,0,3,0,0
27068,215,0,0,0,0,0
27069,139,0,0,28,0,0
27070,120,0,0,176,0,0
27071,52,0,0,115,0,0
27072,52,0,0,29,0,0
27073,38,0,0,115,0,0
27074,0,0,0,97,0,0
27075,12,0,0,57,0,0
27076,11,0,0,0,0,0
27077,4,0,0,0,0,0
27078,0,0,0,0,0,0
27079,0,0,0,0,0,0
27080,0,0,0,0,0,0
27081,0,0,0,0,0,0
27082,1,0,0,0,0,0
27083,0,0,0,13,2,0
27084,0,0,0,2,0,0
27085,0,0,0,21,8,0
27086,0,0,0,20,43,0
27087,17,0,0,10,20,0
27088,2,0,0,8,24,0
27089,1,0,0,23,73,0
27090,5,0,0,27,4,0
27091,20,0,0,28,7,0
27092,2,0,0,19,3,0
27093,0,0,0,57,1,0
27094,2,0,0,20,2,0
27095,0,0,0,98,59,0
27096,0,0,0,33,11,0
27097,0,0,0,18,14,0
27098,0,0,0,35,106,0
27099,0,0,0,0,19,2
27100,0,0,0,1,6,0
27101,0,0,0,18,4,0
27102,0,0,0,0,0,0
27103,0,0,0,17,0,0
27104,0,0,0,66,22,4
27105,0,0,0,30,68,11
27106,0,0,0,27,198,55
27107,0,0,0,4,218,43
27108,4,0,0,0,183,26
27109,29,0,0,43,145,13
27110,45,0,0,16,107,0
27111,85,0,0,9,0,1
27112,146,0,0,0,16,0
27113,223,0,0,0,63,4
27114,282,0,0,20,29,0
27115,346,0,0,0,6,0
27116,365,0,0,11,0,0
27117,521,0,0,0,50,0
27118,537,0,0,0,138,0
27119,547,0,0,8,62,3
27120,415,0,0,13,53,0
27121,169,0,0,3,66,0
27122,0,0,0,82,102,2
27123,0,0,0,111,0,0
27124,12,0,0,80,0,0
27125,42,0,0,7,0,0
27126,24,0,0,6,0,0
27127,16,0,0,10,1,0
27128,0,0,0,116,0,0
27129,0,0,0,281,4,0
27130,0,0,0,486,2,0
27131,0,0,0,648,1,0
27132,0,0,0,768,0,0
27133,0,0,0,873,0,0
27134,0,0,0,867,0,0
27135,0,0,0,801,7,0
27136,0,0,0,659,28,0
27137,0,0,0,521,2,0
27138,0,0,0,367,0,0
27139,0,0,0,165,0,0
27140,0,0,0,59,0,0
27141,0,0,0,65,0,0
27142,8,0,0,29,1,0
27143,0,0,0,11,1,0
27144,0,0,0,61,0,0
27145,0,0,0,163,1,0
27146,0,0,0,276,1,0
27147,0,0,0,274,0,0
27148,0,0,0,358,2,0
27149,0,0,0,291,0,0
27150,0,0,0,108,0,0
27151,0,0,0,48,0,0
27152,0,0,0,13,11,0
27153,0,0,0,0,5,0
27154,0,0,0,2,17,0
27155,0,0,0,23,150,0
27156,0,0,0,4,47,0
27157,0,0,0,14,156,37
27158,0,0,0,11,153,34
27159,0,0,0,2,128,27
27160,0,0,0,2,173,29
27161,0,0,0,6,205,31
27162,2,0,0,2,253,46
27163,7,0,0,5,267,36
27164,27,0,0,0,193,6
27165,0,0,0,1,190,10
27166,0,0,1,4,145,9
27167,0,0,2,0,173,23
27168,0,0,0,0,240,22
27169,0,0,0,7,229,64
27170,0,0,0,65,280,99
27171,0,0,0,183,233,189
27172,0,0,0,162,215,308
27173,0,0,0,123,121,406
27174,0,0,0,63,360,562
27175,0,0,0,11,270,564
27176,0,0,0,26,225,498
27177,0,0,0,28,296,490
27178,0,0,0,14,289,598
27179,0,0,0,76,321,464
27180,0,0,0,55,189,333
27181,0,0,0,332,139,350
27182,0,0,0,358,104,471
27183,0,0,0,301,176,444
27184,0,0,0,273,435,325
27185,0,0,0,1016,922,257
27186,0,0,0,1145,1500,324
27187,0,0,0,1094,1971,745
27188,0,0,0,1390,2202,679
27189,0,0,0,1381,2176,606
27190,0,0,0,1531,1912,738
27191,0,0,0,1649,1456,650
27192,0,0,0,1815,987,376
27193,0,0,0,1773,682,211
27194,0,0,0,1609,717,53
27195,0,0,0,1518,532,2
27196,0,0,0,1262,560,23
27197,0,0,0,1156,418,0
27198,0,0,0,952,259,3
27199,0,0,0,695,98,42
27200,0,0,0,321,46,54
27201,0,0,0,95,6,0
27202,27,0,9,86,103,13
27203,34,0,0,517,632,448
27204,36,0,0,1033,1577,730
27205,3,0,5,974,2374,1136
27206,0,0,0,850,2438,1039
27207,0,0,0,962,2172,714
27208,0,0,5,1068,1810,435
27209,0,0,0,1240,1404,34
27210,0,0,0,1164,801,134
27211,0,0,3,1094,382,9
27212,2,0,0,799,388,2
27213,3,0,0,562,440,37
27214,0,0,0,297,370,16
27215,15,0,1,173,260,1
27216,4,0,3,115,233,38
27217,0,0,0,246,397,123
27218,0,0,0,287,675,688
27219,0,0,7,335,692,1314
27220,0,0,0,330,890,1376
27221,0,0,0,85,885,1195
27222,0,0,3,11,793,1025
27223,0,0,2,9,593,623
27224,0,0,0,11,241,218
27225,1,0,1,0,202,235
27226,3,0,37,3,73,261
27227,0,0,0,14,14,181
27228,0,0,10,0,0,13
27229,0,0,67,0,0,0
27230,0,0,2,0,1,0
27231,0,0,1,4,0,0
27232,0,0,56,38,0,0
27233,0,0,79,49,0,0
27234,0,0,0,88,0,0
27235,0,0,25,173,0,0
27236,0,0,61,204,0,0
27237,0,0,2,160,0,0
27238,0,0,14,229,2,0
27239,0,0,50,65,22,0
27240,0,0,10,84,31,0
27241,0,0,0,75,15,9
27242,0,0,13,45,13,0
27243,0,0,0,44,8,0
27244,0,0,0,103,0,0
27245,0,0,0,85,0,0
27246,0,0,4,24,0,0
27247,0,0,0,16,0,0
27248,0,0,2,18,21,13
27249,0,0,5,69,43,64
27250,0,0,0,215,31,40
27251,0,0,0,469,31,23
27252,0,0,1,712,87,42
27253,0,0,4,762,14,37
27254,0,0,0,676,28,34
27255,0,0,0,346,10,8
27256,0,0,2,248,140,7
27257,0,0,0,113,30,0
27258,0,0,0,21,48,0
27259,0,0,0,31,88,0
27260,0,0,0,38,165,11
27261,0,0,0,43,112,10
27262,0,0,0,18,52,0
27263,0,0,0,12,3,0
27264,0,0,0,0,3,0
27265,0,0,0,0,1,11
27266,0,0,0,49,0,32
27267,0,0,0,20,0,2
27268,0,0,0,106,0,0
27269,0,0,0,82,0,0
27270,0,0,0,81,0,0
27271,0,0,0,134,4,0
27272,0,0,0,102,3,0
27273,0,0,0,77,16,0
27274,0,0,2,104,46,4
27275,0,0,3,108,47,6
27276,0,0,0,154,0,8
27277,0,0,0,136,48,0
27278,0,0,1,105,25,0
27279,0,0,0,221,6,6
27280,0,0,0,206,2,3
27281,0,0,5,265,1,0
27282,0,0,6,247,2,13
27283,0,0,0,186,0,2
27284,0,0,3,93,1,0
27285,0,0,0,23,0,0
27286,0,0,0,99,2,0
27287,0,0,3,37,0,0
27288,0,0,4,0,0,0
27289,0,0,0,24,0,0
27290,0,0,2,5,0,0
27291,0,0,3,19,0,0
27292,0,0,0,1,1,3
27293,0,0,0,4,0,0
27294,0,0,1,7,0,0
27295,0,0,0,6,0,18
27296,0,0,0,19,4,78
27297,0,0,1,1,2,115
27298,0,0,9,25,2,109
27299,0,0,0,21,9,44
27300,0,0,5,20,13,62
27301,0,0,0,12,93,118
27302,0,0,0,13,163,152
27303,0,0,0,1,203,187
27304,0,0,0,19,283,169
27305,0,0,0,89,414,197
27306,0,0,0,76,594,237
27307,0,0,0,102,524,214
27308,0,0,0,234,613,171
27309,0,0,0,401,520,162
27310,0,0,2,684,425,165
27311,0,0,0,885,129,152
27312,0,0,0,1181,81,116
27313,0,0,2,1328,71,120
27314,0,0,0,1352,138,128
27315,0,0,0,1304,230,269
27316,0,0,0,1234,307,382
27317,9,0,0,961,332,330
27318,0,0,0,748,380,257
27319,7,0,0,457,529,341
27320,13,0,1,86,428,389
27321,0,0,6,132,380,154
27322,0,0,0,177,244,145
27323,10,0,0,581,50,75
27324,4,0,0,724,17,103
27325,0,0,0,833,204,228
27326,0,0,0,745,318,211
27327,0,0,0,820,204,160
27328,0,0,0,892,84,96
27329,0,0,0,1038,90,106
27330,0,0,0,934,32,93
27331,0,0,0,962,31,67
27332,0,0,7,973,12,0
27333,0,0,0,841,5,0
27334,0,0,0,815,52,0
27335,0,0,0,759,9,0
27336,0,0,0,662,5,0
27337,0,0,0,509,15,0
27338,0,0,0,288,13,0
27339,0,0,0,115,9,0
27340,0,0,0,29,0,15
27341,0,0,0,8,3,89
27342,0,0,0,0,0,120
27343,0,0,0,0,0,147
27344,0,0,0,23,25,208
27345,0,0,0,15,6,217
27346,0,0,0,13,44,210
27347,0,0,0,3,26,182
27348,0,0,0,2,72,157
27349,0,0,0,4,162,177
27350,0,0,0,3,216,186
27351,0,0,0,18,158,141
27352,0,0,0,58,116,149
27353,0,0,0,165,2,133
27354,0,0,0,280,114,60
27355,0,0,0,245,372,88
27356,0,0,0,255,395,141
27357,0,0,0,177,262,59
27358,0,0,0,101,147,14
27359,0,0,0,112,23,1
27360,0,0,0,27,25,4
27361,0,0,0,63,76,53
27362,0,0,6,135,126,103
27363,0,0,6,128,236,105
27364,0,0,0,212,31,8
27365,0,0,0,250,25,0
27366,0,0,0,166,12,18
27367,0,0,1,218,1,10
27368,0,0,0,211,0,11
27369,0,0,2,160,0,0
27370,0,0,0,136,0,93
27371,0,0,0,53,2,173
27372,0,0,4,51,0,168
27373,0,0,1,116,1,177
27374,0,0,0,92,0,158
27375,0,0,14,42,0,112
27376,0,0,58,65,0,55
27377,0,0,7,66,0,0
27378,0,0,0,63,0,8
27379,0,0,98,131,0,13
27380,0,0,24,202,0,11
27381,0,0,3,152,0,63
27382,0,0,136,144,0,78
27383,0,0,44,68,0,140
27384,0,0,0,51,0,27
27385,0,0,64,50,0,34
27386,0,0,25,37,0,71
27387,0,0,0,16,0,32
27388,0,0,50,41,0,17
27389,0,0,87,1,0,19
27390,0,0,0,0,0,3
27391,0,0,8,15,0,17
27392,0,0,15,18,0,16
27393,0,0,0,0,0,52
27394,0,0,7,5,0,17
27395,0,0,22,11,0,0
27396,0,0,0,9,0,0
27397,0,0,0,0,0,0
27398,0,0,11,0,0,0
27399,0,0,0,3,0,7
27400,0,0,0,15,0,32
27401,0,0,9,13,28,73
27402,0,0,0,0,55,196
27403,0,0,0,0,71,264
27404,0,0,0,0,56,346
27405,0,0,0,0,21,316
27406,0,0,6,1,38,307
27407,0,0,0,0,43,241
27408,0,0,0,0,84,310
27409,0,0,7,20,111,470
27410,0,0,0,49,341,648
27411,0,0,0,41,411,836
27412,0,0,5,123,503,1154
27413,0,0,12,117,616,1482
27414,0,0,0,177,1026,1827
27415,0,0,15,152,1337,1977
27416,0,0,10,160,1301,2048
27417,0,0,0,107,1406,1803
27418,0,0,0,71,1469,1466
27419,0,0,0,67,1431,1054
27420,0,0,0,50,1425,782
27421,0,0,0,62,1559,691
27422,0,0,0,89,1860,631
27423,0,0,0,87,1898,528
27424,0,0,0,75,2084,641
27425,0,0,0,95,2149,716
27426,0,0,0,13,2133,902
27427,0,0,0,54,2270,1009
27428,0,0,0,96,2541,944
27429,0,0,0,136,2918,742
27430,0,0,0,299,3490,530
27431,0,0,0,590,3820,342
27432,0,0,0,766,3961,256
27433,0,0,0,729,3715,151
27434,0,0,0,647,3271,101
27435,0,0,0,677,2698,39
27436,0,0,0,709,2385,4
27437,0,0,0,774,2042,4
27438,0,0,1,633,1626,5
27439,0,0,0,675,949,0
27440,0,0,0,640,443,0
27441,0,0,4,541,364,0
27442,0,0,22,465,1006,0
27443,0,0,14,380,1392,0
27444,0,0,0,363,1745,0
27445,0,0,0,230,2268,13
27446,0,0,0,43,3003,162
27447,0,0,0,5,3525,219
27448,0,0,26,2,4160,370
27449,0,0,119,114,4336,537
27450,0,0,170,350,4228,935
27451,0,0,0,840,3826,1295
27452,0,0,0,856,2881,1417
27453,0,0,0,948,2231,1125
27454,0,0,4,951,2191,1117
27455,0,0,127,1191,2188,1194
27456,0,0,61,1079,1521,1238
27457,0,0,0,1112,714,868
27458,0,0,0,1064,692,1211
27459,0,0,0,1000,779,1518
27460,0,0,8,910,511,1550
27461,0,0,99,826,654,1335
27462,0,0,31,620,949,1287
27463,0,0,0,524,1257,1455
27464,0,0,6,484,1401,1890
27465,0,0,0,250,1557,1587
27466,0,0,0,140,1310,1620
27467,0,0,13,61,741,1007
27468,0,0,0,25,422,597
27469,0,0,0,79,396,345
27470,0,0,14,109,758,222
27471,0,0,14,176,895,357
27472,0,0,0,74,668,214
27473,0,0,10,228,435,11
27474,0,0,48,181,162,41
27475,0,0,2,167,58,61
27476,0,0,0,72,19,56
27477,0,0,40,1,2,48
27478,0,0,0,13,3,12
27479,0,0,0,27,0,2
27480,0,0,0,3,0,5
27481,0,0,0,8,1,0
27482,0,0,0,1,0,0
27483,0,0,0,2,0,0
27484,0,0,0,0,0,0
27485,0,0,0,0,0,0
27486,0,0,0,0,0,0
27487,0,0,0,2,0,3
27488,0,0,0,34,0,110
27489,0,0,0,120,0,43
27490,0,0,51,63,0,0
27491,0,0,58,0,0,1
27492,0,0,0,6,0,31
27493,0,0,11,79,1,96
27494,0,0,58,188,17,123
27495,0,0,11,117,52,166
27496,0,0,11,125,25,155
27497,0,0,12,104,8,115
27498,0,0,8,93,0,79
27499,0,0,0,80,22,4
27500,0,0,14,44,28,55
27501,0,0,23,3,10,70
27502,0,0,0,0,0,38
27503,0,0,8,0,2,9
27504,0,0,40,0,0,0
27505,0,0,4,0,0,0
27506,0,0,26,2,2,0
27507,0,0,70,28,0,0
27508,0,0,44,23,0,0
27509,0,0,0,25,0,0
27510,0,0,47,7,0,0
27511,0,0,42,2,16,3
27512,0,0,0,2,3,1
27513,0,0,41,0,4,0
27514,0,0,36,0,0,0
27515,0,0,0,0,0,0
27516,0,0,0,0,0,0
27517,0,0,13,4,0,0
27518,0,0,0,0,2,0
27519,0,0,0,0,0,0
27520,0,0,4,0,0,18
27521,0,0,0,2,0,22
27522,0,0,0,0,0,6
27523,0,0,0,0,1,10
27524,0,0,0,0,2,0
27525,0,0,0,0,1,0
27526,0,0,0,0,5,2
27527,0,0,2,0,0,0
27528,0,0,0,0,0,0
27529,0,0,0,0,0,0
27530,0,0,0,0,0,0
27531,0,0,0,2,0,0
27532,0,0,0,0,0,0
27533,0,0,0,0,0,10
27534,0,0,0,0,0,0
27535,0,0,0,0,0,0
27536,4,0,0,0,0,8
27537,0,0,0,0,0,0
27538,0,0,0,0,0,0
27539,0,0,0,0,0,0
27540,0,0,0,0,0,0
27541,0,0,0,0,0,0
27542,17,0,0,0,0,0
27543,5,0,0,0,0,0
27544,10,0,0,0,0,0
27545,6,0,0,0,0,0
27546,0,0,0,0,0,0
27547,0,0,0,0,0,3
27548,0,0,0,0,0,0
27549,0,0,0,0,3,30
27550,0,0,0,0,9,23
27551,0,0,0,0,84,70
27552,0,0,0,0,113,112
27553,0,0,0,22,109,128
27554,1,0,0,19,169,159
27555,2,0,0,7,162,181
27556,0,0,0,171,231,512
27557,0,0,0,46,288,1328
27558,0,0,0,99,447,1370
27559,0,0,0,196,665,785
27560,0,0,0,224,678,290
27561,0,0,0,171,471,516
27562,0,0,0,125,196,210
27563,0,0,0,188,657,311
27564,0,0,3,46,877,582
27565,0,0,0,38,823,725
27566,0,0,0,162,385,237
27567,0,0,0,15,254,115
27568,0,0,0,207,443,306
27569,0,0,0,499,552,232
27570,0,0,0,481,226,63
27571,0,0,0,190,9,95
27572,0,0,0,59,30,4
27573,0,0,0,141,243,123
27574,0,0,0,159,346,325
27575,0,0,0,278,282,197
27576,0,0,0,69,121,42
27577,0,0,0,63,244,92
27578,0,0,0,63,262,197
27579,0,0,0,22,202,301
27580,0,0,0,0,114,305
27581,0,0,0,37,34,276
27582,0,0,0,18,77,257
27583,0,0,0,0,107,201
27584,0,0,0,6,149,161
27585,0,0,0,13,117,120
27586,0,0,4,93,33,38
27587,0,0,0,122,227,93
27588,0,0,0,115,211,269
27589,0,0,0,137,104,145
27590,0,0,0,114,33,84
27591,0,0,0,77,101,159
27592,0,0,0,80,34,40
27593,0,0,0,26,0,17
27594,0,0,0,44,34,27
27595,0,0,0,226,32,27
27596,0,0,0,62,6,0
27597,0,0,0,16,0,0
27598,0,0,0,104,7,3
27599,0,0,0,221,11,50
27600,0,0,0,295,37,109
27601,0,0,0,352,72,153
27602,0,0,0,304,17,130
27603,0,0,0,299,0,102
27604,0,0,0,222,0,97
27605,0,0,0,144,24,56
27606,0,0,0,38,28,14
27607,0,0,0,45,20,3
27608,0,0,0,0,19,0
27609,0,0,0,23,2,0
27610,0,0,0,28,0,0
27611,0,0,0,129,0,0
27612,0,0,0,84,0,0
27613,0,0,0,61,0,0
27614,0,0,0,114,51,4
27615,0,0,0,42,35,12
27616,0,0,8,48,4,11
27617,0,0,0,40,8,14
27618,0,0,1,6,3,11
27619,0,0,13,2,19,43
27620,0,0,0,1,5,7
27621,0,0,0,0,6,0
27622,0,0,50,3,17,1
27623,0,0,17,0,8,31
27624,0,0,0,3,63,54
27625,0,0,18,0,44,87
27626,0,0,11,0,66,178
27627,0,0,0,0,143,253
27628,0,0,16,0,138,256
27629,0,0,8,0,168,251
27630,0,0,0,0,213,195
27631,0,0,8,4,231,179
27632,0,0,20,0,186,149
27633,0,0,0,0,159,64
27634,0,0,0,3,35,0
27635,0,0,4,10,7,51
27636,0,0,6,54,30,65
27637,0,0,0,36,172,39
27638,0,0,3,61,304,216
27639,0,0,0,129,385,296
27640,0,0,0,326,416,399
27641,0,0,0,166,351,391
27642,0,0,1,30,270,309
27643,0,0,0,20,254,121
27644,0,0,0,23,294,123
27645,0,0,0,9,279,152
27646,0,0,1,1,262,153
27647,0,0,0,0,186,152
27648,0,0,3,0,89,97
27649,0,0,18,0,25,69
27650,0,0,0,0,0,11
27651,0,0,0,0,0,0
27652,0,0,0,0,0,0
27653,0,0,0,0,0,0
27654,0,0,0,0,0,0
27655,0,0,8,0,0,0
27656,0,0,0,0,16,0
27657,0,0,0,2,165,2
27658,0,0,0,4,179,23
27659,0,0,0,9,94,29
27660,0,0,0,19,41,42
27661,0,0,0,12,79,120
27662,0,0,0,0,12,156
27663,0,0,0,2,0,81
27664,0,0,0,0,0,3
27665,0,0,0,11,0,0
27666,0,0,0,0,0,0
27667,0,0,0,24,2,0
27668,0,0,0,6,14,4
27669,0,0,0,15,6,0
27670,0,0,0,0,0,0
27671,0,0,0,23,0,0
27672,0,0,0,11,0,0
27673,0,0,0,2,0,0
27674,0,0,0,70,14,21
27675,0,0,0,72,47,35
27676,0,0,0,205,354,35
27677,0,0,0,289,809,248
27678,0,0,0,412,1208,362
27679,0,0,0,426,1075,315
27680,0,0,0,495,438,27
27681,0,0,0,292,49,0
27682,0,0,0,300,68,14
27683,0,0,0,306,73,53
27684,0,0,0,355,242,149
27685,0,0,11,329,537,251
27686,0,0,1,319,556,419
27687,0,0,0,9,476,848
27688,0,0,14,17,579,1167
27689,0,0,98,103,355,715
27690,0,0,0,81,301,497
27691,0,0,2,56,100,302
27692,0,0,2,10,17,33
27693,0,0,4,80,84,77
27694,8,0,0,80,40,201
27695,0,0,0,27,5,107
27696,0,0,0,16,11,17
27697,0,0,0,16,28,58
27698,0,0,0,0,17,2
27699,0,0,2,0,28,97
27700,0,0,0,18,129,178
27701,0,0,0,47,56,88
27702,0,0,0,1,128,16
27703,0,0,0,0,44,45
27704,0,0,0,2,32,96
27705,0,0,0,0,0,99
27706,0,0,0,62,2,27
27707,0,0,0,2,0,0
27708,0,0,0,6,0,0
27709,0,0,0,54,0,0
27710,0,0,0,26,0,17
27711,0,0,0,2,0,0
27712,0,0,0,48,1,0
27713,0,0,0,43,0,0
27714,0,0,0,40,3,0
27715,0,0,0,3,9,0
27716,0,0,0,0,0,0
27717,0,0,0,0,8,0
27718,0,0,0,0,25,0
27719,0,0,0,16,20,0
27720,0,0,0,29,45,12
27721,0,0,0,27,121,174
27722,0,0,0,10,170,287
27723,0,0,0,10,314,407
27724,0,0,0,254,417,553
27725,0,0,0,257,765,893
27726,0,0,0,268,1083,1088
27727,0,0,0,453,1356,1131
27728,0,0,0,629,1907,1658
27729,0,0,0,759,2220,2141
27730,5,0,0,584,2575,2486
27731,6,0,0,585,3056,2630
27732,11,0,0,508,3762,2319
27733,28,0,0,327,4717,1950
27734,26,0,0,308,5587,1587
27735,14,0,10,255,6091,1089
27736,67,0,7,266,6299,656
27737,116,0,0,250,5641,346
27738,166,0,3,87,5255,160
27739,191,0,4,7,3973,14
27740,203,0,0,144,1261,0
27741,101,0,0,164,2208,5
27742,5,0,0,81,4664,169
27743,4,0,0,18,5298,288
27744,0,0,0,52,5288,427
27745,3,0,0,4,5561,619
27746,11,0,0,20,5267,785
27747,4,0,0,51,4333,813
27748,4,0,0,442,3518,610
27749,0,0,0,1150,2072,304
27750,0,0,0,1089,789,192
27751,0,0,0,1105,1592,354
27752,5,0,10,1128,1512,402
27753,60,0,0,1313,1843,356
27754,28,0,4,1691,2356,170
27755,106,0,0,1411,3226,219
27756,0,0,0,1201,3681,485
27757,0,0,1,652,3682,771
27758,0,0,0,444,3710,1176
27759,6,0,0,201,3525,1287
27760,34,0,0,104,3223,1394
27761,68,0,6,35,2471,1471
27762,112,0,14,0,1977,1647
27763,81,0,0,0,1791,1903
27764,73,0,0,86,1674,1652
27765,13,0,0,70,898,489
27766,0,0,5,112,546,118
27767,0,0,136,177,262,53
27768,0,0,130,175,317,58
27769,0,0,44,30,122,90
27770,0,0,53,44,22,0
27771,0,0,30,0,0,0
27772,1,0,12,0,0,0
27773,0,0,28,9,0,0
27774,0,0,79,0,0,1
27775,0,0,20,6,0,0
27776,0,0,2,0,0,0
27777,0,0,10,1,6,0
27778,0,0,26,0,0,0
27779,0,0,13,0,5,0
27780,0,0,92,0,0,0
27781,0,0,47,1,0,1
27782,0,0,0,0,0,0
27783,2,0,0,0,0,0
27784,0,0,0,0,0,0
27785,0,0,1,0,0,0
27786,9,0,26,0,0,0
27787,2,0,100,0,0,0
27788,37,0,180,0,0,0
27789,41,0,269,0,0,0
27790,38,0,290,0,0,0
27791,52,0,187,0,0,0
27792,53,0,91,0,0,0
27793,25,0,11,0,0,1
27794,13,0,0,0,0,0
27795,5,0,0,0,0,0
27796,3,0,0,0,4,0
27797,0,0,0,0,0,0
27798,10,0,10,0,0,1
27799,5,0,7,0,0,0
27800,4,0,0,0,0,0
27801,24,0,0,0,0,0
27802,47,0,0,0,0,0
27803,34,0,0,0,0,0
27804,48,0,0,0,0,0
27805,32,0,0,0,0,0
27806,33,0,0,0,0,0
27807,48,0,0,0,0,0
27808,56,0,0,0,0,0
27809,24,0,2,0,0,0
27810,34,0,0,0,0,0
27811,26,0,0,0,0,0
27812,27,0,0,0,0,0
27813,14,0,0,0,0,0
27814,17,0,0,0,0,0
27815,7,0,0,0,0,0
27816,13,0,0,6,0,0
27817,20,0,0,0,0,0
27818,0,0,0,0,0,0
27819,0,0,0,0,0,0
27820,0,0,0,0,0,0
27821,0,0,0,0,0,0
27822,0,0,0,0,0,0
27823,0,0,0,12,0,0
27824,3,0,0,8,0,0
27825,10,0,0,0,0,0
27826,33,0,0,1,0,0
27827,72,0,0,0,0,0
27828,102,0,0,0,0,0
27829,161,0,0,0,0,0
27830,170,0,0,0,0,0
27831,181,0,0,0,0,0
27832,161,0,0,0,0,0
27833,74,0,0,0,0,0
27834,38,0,0,0,0,0
27835,53,0,0,0,0,0
27836,40,0,0,0,0,0
27837,72,0,0,0,1,0
27838,102,0,0,0,0,0
27839,144,0,0,0,0,0
27840,163,0,0,0,0,0
27841,188,0,0,0,0,0
27842,183,0,0,0,1,0
27843,165,0,12,0,0,0
27844,84,0,0,0,0,0
27845,108,0,0,0,0,0
27846,30,0,0,8,1,0
27847,20,0,0,4,1,0
27848,7,0,0,0,4,0
27849,0,0,0,0,0,0
27850,0,0,20,0,3,0
27851,0,0,0,0,0,0
27852,0,0,0,0,0,0
27853,0,0,0,0,0,0
27854,0,0,0,0,0,0
27855,0,0,0,0,0,0
27856,0,0,0,18,15,0
27857,0,0,11,43,1,0
27858,0,0,0,193,0,0
27859,11,0,0,193,0,0
27860,15,0,0,57,0,1
27861,0,0,0,37,0,0
27862,0,0,0,163,0,0
27863,2,0,0,107,0,0
27864,0,0,0,7,0,0
27865,0,0,0,70,0,0
27866,20,0,0,61,0,0
27867,11,0,0,42,0,0
27868,18,0,0,6,0,0
27869,40,0,0,14,0,0
27870,24,0,0,119,0,0
27871,24,0,0,24,17,0
27872,14,0,0,0,0,2
27873,25,0,0,0,0,0
27874,23,0,0,0,0,0
27875,24,0,0,0,0,0
27876,24,0,0,17,0,0
27877,29,0,0,67,0,0
27878,37,0,0,22,0,0
27879,20,0,0,9,0,0
27880,11,0,0,0,0,0
27881,19,0,0,21,0,0
27882,9,0,0,8,0,0
27883,33,0,0,21,0,0
27884,15,0,0,9,0,0
27885,11,0,0,19,0,0
27886,9,0,0,8,0,0
27887,1,0,0,16,1,0
27888,1,0,0,17,0,0
27889,0,0,0,17,0,0
27890,5,0,0,21,0,0
27891,0,0,0,0,0,0
27892,0,0,0,0,0,0
27893,0,0,0,2,0,0
27894,0,0,0,0,0,0
27895,0,0,0,0,0,0
27896,0,0,0,0,0,0
27897,0,0,0,0,0,0
27898,0,0,0,0,0,0
27899,0,0,0,0,0,0
27900,0,0,2,0,0,0
27901,0,0,0,0,0,0
27902,0,0,0,0,0,0
27903,0,0,17,0,1,0
27904,11,0,1,0,0,0
27905,6,0,0,1,0,0
27906,5,0,13,0,0,0
27907,25,0,0,0,0,0
27908,19,0,0,0,0,0
27909,0,0,0,0,0,0
27910,1,0,2,0,0,0
27911,19,0,0,0,0,0
27912,14,0,0,0,0,0
27913,29,0,0,8,0,0
27914,37,0,0,0,0,0
27915,32,0,0,2,0,0
27916,65,0,0,0,0,0
27917,93,0,0,3,0,0
27918,71,0,0,6,0,0
27919,129,0,0,22,0,0
27920,87,0,0,15,0,0
27921,61,0,0,0,0,0
27922,73,0,0,0,0,0
27923,22,0,0,0,0,0
27924,0,0,0,0,0,0
27925,0,0,0,0,0,0
27926,0,0,0,0,0,0
27927,0,0,2,0,0,0
27928,6,0,3,10,0,0
27929,29,0,0,33,0,0
27930,55,0,0,41,0,0
27931,137,0,0,49,0,0
27932,243,0,0,13,0,0
27933,326,0,0,2,1,0
27934,510,0,3,0,0,0
27935,469,0,0,0,0,0
27936,605,0,0,0,0,0
27937,594,0,0,6,0,0
27938,521,0,0,2,0,0
27939,494,0,0,0,0,0
27940,489,0,0,0,0,0
27941,378,0,0,0,0,0
27942,289,0,0,0,0,0
27943,214,0,0,0,0,0
27944,88,0,0,0,0,0
27945,61,0,0,0,0,0
27946,46,0,0,1,0,0
27947,49,0,0,0,0,0
27948,14,0,0,0,0,0
27949,20,0,2,0,0,0
27950,0,0,0,0,0,0
27951,0,0,0,0,0,0
27952,11,0,0,0,0,0
27953,4,0,0,0,0,0
27954,0,0,0,0,0,0
27955,0,0,0,0,0,0
27956,5,0,0,0,0,0
27957,0,0,0,0,0,0
27958,0,0,0,0,0,0
27959,0,0,0,0,0,0
27960,0,0,25,0,0,0
27961,0,0,11,0,0,0
27962,0,0,0,0,0,0
27963,0,0,1,0,0,0
27964,0,0,2,0,0,0
27965,0,0,0,0,0,0
27966,0,0,2,0,0,0
27967,0,0,0,0,0,0
27968,0,0,0,0,0,0
27969,0,0,0,0,0,0
27970,0,0,0,0,0,0
27971,1,0,0,0,0,0
27972,0,0,0,0,0,0
27973,0,0,0,0,0,0
27974,0,0,0,0,0,0
27975,0,0,0,0,0,0
27976,7,0,0,0,0,0
27977,0,0,0,0,0,0
27978,0,0,0,0,0,0
27979,14,0,0,0,0,0
27980,3,0,0,0,0,0
27981,17,0,0,0,0,0
27982,89,0,0,0,0,0
27983,137,0,0,0,0,0
27984,245,0,0,0,0,0
27985,310,0,0,0,0,0
27986,357,0,3,0,0,0
27987,248,0,12,0,0,0
27988,129,0,2,0,0,0
27989,0,0,0,0,0,0
27990,0,0,7,0,0,0
27991,12,0,3,0,0,0
27992,0,0,0,0,0,0
27993,0,0,20,0,0,0
27994,0,0,33,0,0,0
27995,0,0,0,0,0,0
27996,0,0,17,0,0,0
27997,0,0,59,0,0,0
27998,0,0,0,0,0,0
27999,0,0,27,0,0,0
28000,0,0,33,0,0,0
28001,0,0,0,0,0,0
28002,0,0,1,0,0,0
28003,0,0,27,4,0,0
28004,0,0,11,0,0,0
28005,1,0,0,0,0,0
28006,17,0,68,0,0,0
28007,7,0,48,0,0,0
28008,4,0,0,0,0,0
28009,0,0,22,0,0,0
28010,0,0,41,0,0,0
28011,2,0,0,0,0,0
28012,3,0,6,0,0,0
28013,0,0,43,0,0,0
28014,0,0,9,0,0,0
28015,0,0,0,0,0,0
28016,0,0,7,0,0,0
28017,0,0,8,0,0,0
28018,0,0,0,0,0,0
28019,0,0,10,0,0,0
28020,0,0,18,0,0,0
28021,0,0,2,0,0,0
28022,0,0,0,0,0,0
28023,0,0,15,0,0,0
28024,0,0,3,0,0,0
28025,0,0,0,0,0,0
28026,2,0,21,0,0,0
28027,0,0,0,0,0,0
28028,0,0,0,0,1,0
28029,0,0,1,0,0,0
28030,0,0,3,0,0,0
28031,0,0,0,0,0,0
28032,0,0,1,0,0,0
28033,0,0,19,0,0,0
28034,0,0,0,0,0,0
28035,0,0,0,0,0,0
28036,0,0,0,0,0,0
28037,0,0,0,0,0,0
28038,0,0,5,0,0,0
28039,0,0,14,0,0,0
28040,0,0,0,0,0,0
28041,0,0,6,0,0,0
28042,0,0,5,0,0,0
28043,0,0,0,0,0,0
28044,0,0,0,0,0,0
28045,0,0,0,0,0,0
28046,0,0,0,0,0,0
28047,0,0,0,0,0,0
28048,0,0,0,0,0,0
28049,0,0,0,0,0,0
28050,0,0,0,0,0,0
28051,0,0,0,0,1,0
28052,0,0,0,0,9,2
28053,0,0,0,0,8,10
28054,0,0,0,0,23,18
28055,0,0,0,0,24,25
28056,0,0,0,0,21,17
28057,0,0,0,0,0,6
28058,0,0,0,0,0,3
28059,0,0,0,0,0,0
28060,0,0,0,0,0,20
28061,0,0,0,0,0,0
28062,0,0,2,0,0,0
28063,0,0,11,0,0,0
28064,0,0,17,0,0,0
28065,0,0,8,0,0,0
28066,0,0,11,0,0,0
28067,0,0,5,0,0,7
28068,0,0,0,0,4,17
28069,0,0,1,7,14,42
28070,0,0,10,55,22,35
28071,0,0,5,124,31,27
28072,0,0,0,159,0,2
28073,0,0,7,100,4,0
28074,0,0,34,0,3,0
28075,0,0,0,0,0,0
28076,0,0,0,4,96,0
28077,0,0,2,0,3,0
28078,0,0,9,9,0,0
28079,0,0,0,0,13,0
28080,0,0,0,0,16,0
28081,0,0,2,0,3,0
28082,0,0,0,2,12,0
28083,0,0,0,1,19,0
28084,0,0,4,3,19,0
28085,0,0,0,48,0,0
28086,0,0,0,48,0,0
28087,0,0,1,29,0,0
28088,0,0,0,5,0,0
28089,0,0,0,0,0,0
28090,0,0,3,9,0,0
28091,0,0,40,13,0,0
28092,0,0,30,0,7,8
28093,0,0,42,0,31,90
28094,0,0,35,3,22,181
28095,0,0,34,0,5,209
28096,0,0,2,22,0,194
28097,0,0,0,71,0,140
28098,0,0,16,0,0,71
28099,0,0,66,60,0,0
28100,0,0,19,102,0,47
28101,0,0,1,20,0,183
28102,0,0,41,19,0,217
28103,0,0,24,90,4,189
28104,0,0,2,57,0,141
28105,0,0,0,1,12,103
28106,0,0,0,14,14,36
28107,0,0,0,68,0,0
28108,0,0,0,37,0,0
28109,0,0,2,17,0,0
28110,0,0,0,20,0,0
28111,0,0,0,27,0,0
28112,0,0,0,0,0,0
28113,0,0,0,0,0,1
28114,0,0,0,24,0,0
28115,0,0,0,18,0,0
28116,0,0,3,19,0,0
28117,0,0,0,5,0,0
28118,0,0,0,0,0,0
28119,0,0,1,0,0,0
28120,0,0,0,0,0,0
28121,0,0,1,8,0,0
28122,0,0,15,1,0,0
28123,0,0,0,0,0,0
28124,0,0,1,0,0,0
28125,0,0,7,0,0,2
28126,0,0,2,2,0,0
28127,0,0,0,8,0,0
28128,0,0,7,0,0,0
28129,0,0,0,0,0,0
28130,0,0,0,0,0,0
28131,0,0,0,0,0,0
28132,0,0,0,0,0,0
28133,0,0,0,74,0,0
28134,0,0,2,203,0,0
28135,0,0,0,92,3,0
28136,0,0,0,127,21,0
28137,0,0,0,164,0,0
28138,0,0,0,119,0,0
28139,0,0,2,146,0,0
28140,0,0,0,103,0,0
28141,0,0,0,104,1,0
28142,0,0,0,73,0,0
28143,0,0,0,29,0,0
28144,0,0,0,34,1,0
28145,0,0,0,31,0,0
28146,0,0,0,5,0,0
28147,0,0,0,0,0,0
28148,41,0,0,0,0,0
28149,92,0,0,0,0,0
28150,228,0,0,0,0,0
28151,194,0,0,0,0,0
28152,206,0,0,0,0,0
28153,53,0,0,0,0,0
28154,97,0,0,0,0,0
28155,169,0,4,0,0,0
28156,245,0,4,0,0,0
28157,416,0,0,0,0,0
28158,541,0,0,0,0,0
28159,467,0,0,0,0,0
28160,168,0,0,0,0,0
28161,7,0,0,0,0,0
28162,203,0,0,0,0,0
28163,468,0,0,0,0,0
28164,630,0,0,0,0,0
28165,619,0,0,0,0,0
28166,574,0,23,0,0,0
28167,382,0,13,0,0,0
28168,159,0,0,0,0,0
28169,15,0,5,0,0,0
28170,0,0,0,0,0,0
28171,35,0,1,0,0,0
28172,153,0,82,0,0,1
28173,183,0,100,0,0,6
28174,121,0,0,0,0,0
28175,17,0,17,0,0,0
28176,39,0,14,0,0,0
28177,26,0,0,0,0,0
28178,5,0,6,0,0,0
28179,4,0,3,0,0,0
28180,8,0,0,0,0,0
28181,6,0,0,0,0,0
28182,0,0,0,0,0,0
28183,0,0,0,0,0,0
28184,10,0,3,0,0,0
28185,22,0,0,0,0,0
28186,36,0,1,2,2,0
28187,26,0,0,0,0,0
28188,12,0,1,0,0,0
28189,0,0,0,4,0,0
28190,0,0,0,18,0,0
28191,7,0,0,0,0,0
28192,17,0,0,0,0,0
28193,31,0,4,5,0,0
28194,21,0,0,0,0,0
28195,70,0,0,2,1,0
28196,39,0,0,40,1,0
28197,16,0,0,9,0,0
28198,0,0,0,30,0,0
28199,0,0,0,5,0,0
28200,3,0,0,0,0,0
28201,9,0,0,22,56,0
28202,25,0,0,35,0,0
28203,13,0,0,63,0,0
28204,0,0,0,63,0,0
28205,0,0,0,40,0,0
28206,0,0,0,15,0,0
28207,0,0,0,31,0,0
28208,0,0,0,82,0,0
28209,0,0,0,45,0,0
28210,0,0,0,2,0,0
28211,1,0,0,0,2,0
28212,7,0,0,0,0,0
28213,0,0,0,4,0,0
28214,1,0,0,0,0,0
28215,27,0,1,0,2,0
28216,2,0,0,1,1,0
28217,0,0,9,6,8,2
28218,0,0,55,0,2,1
28219,0,0,0,4,0,0
28220,0,0,111,26,124,2
28221,0,0,122,11,8,3
28222,0,0,8,16,176,0
28223,0,0,23,37,101,4
28224,0,0,25,0,52,0
28225,0,0,0,0,4,0
28226,0,0,1,2,5,0
28227,0,0,29,2,16,6
28228,0,0,8,3,60,56
28229,0,0,1,25,246,185
28230,0,0,18,18,429,325
28231,0,0,0,52,722,321
28232,0,0,0,63,839,236
28233,0,0,0,68,745,63
28234,0,0,0,0,499,57
28235,0,0,0,22,340,0
28236,0,0,0,30,209,0
28237,0,0,0,29,123,0
28238,0,0,0,1,147,2
28239,0,0,0,8,230,5
28240,0,0,0,113,234,11
28241,0,0,0,180,450,42
28242,0,0,0,114,509,99
28243,0,0,0,40,439,89
28244,0,0,0,176,357,21
28245,0,0,0,113,25,0
28246,0,0,0,37,54,0
28247,0,0,0,10,52,0
28248,0,0,0,78,39,0
28249,0,0,0,15,118,0
28250,0,0,0,13,193,0
28251,0,0,0,26,200,0
28252,0,0,0,1,115,0
28253,0,0,0,0,104,0
28254,0,0,0,0,96,0
28255,0,0,0,0,92,0
28256,0,0,0,0,50,0
28257,0,0,0,0,16,0
28258,0,0,0,1,101,0
28259,0,0,0,54,226,32
28260,0,0,0,24,421,35
28261,0,0,0,3,441,49
28262,0,0,0,81,417,36
28263,0,0,0,175,428,39
28264,0,0,0,40,322,22
28265,0,0,0,0,147,8
28266,0,0,1,70,59,0
28267,0,0,0,79,3,0
28268,0,0,0,64,14,11
28269,0,0,0,0,10,0
28270,0,0,0,10,115,3
28271,0,0,0,0,206,19
28272,0,0,0,0,274,8
28273,0,0,0,1,302,39
28274,0,0,0,1,276,44
28275,0,0,0,9,284,83
28276,0,0,3,43,370,152
28277,0,0,2,12,308,126
28278,0,0,0,7,162,139
28279,0,0,23,9,324,283
28280,0,0,16,4,680,513
28281,0,0,0,11,583,495
28282,0,0,6,2,472,441
28283,0,0,12,15,588,351
28284,0,0,2,10,392,438
28285,0,0,1,1,430,368
28286,0,0,7,13,321,382
28287,0,0,6,0,137,365
28288,0,0,0,15,199,296
28289,0,0,1,37,275,290
28290,0,0,0,119,176,163
28291,0,0,0,51,130,103
28292,0,0,0,41,226,214
28293,0,0,0,7,294,171
28294,0,0,0,0,281,198
28295,0,0,0,0,241,172
28296,0,0,0,0,120,20
28297,0,0,0,4,66,4
28298,0,0,0,35,260,130
28299,0,0,0,80,196,292
28300,0,0,0,43,356,416
28301,0,0,0,103,369,449
28302,0,0,0,30,230,363
28303,0,0,0,36,241,85
28304,0,0,0,80,396,239
28305,0,0,0,98,687,882
28306,0,0,0,81,585,904
28307,0,0,0,192,767,768
28308,0,0,0,42,530,436
28309,0,0,0,0,788,551
28310,0,0,0,22,586,1163
28311,0,0,0,2,504,1112
28312,0,0,0,14,591,996
28313,0,0,0,19,328,495
28314,0,0,0,1,366,285
28315,0,0,0,17,182,247
28316,0,0,3,66,244,299
28317,0,0,0,25,220,361
28318,0,0,0,0,239,305
28319,0,0,11,0,260,334
28320,0,0,0,0,378,214
28321,0,0,2,0,275,82
28322,0,0,5,0,214,66
28323,0,0,0,0,80,45
28324,0,0,0,1,2,0
28325,0,0,0,12,3,0
28326,0,0,0,75,12,0
28327,0,0,0,177,0,0
28328,0,0,0,209,0,0
28329,0,0,0,218,0,0
28330,0,0,0,142,26,0
28331,0,0,0,186,10,0
28332,0,0,0,160,0,0
28333,0,0,0,77,0,0
28334,0,0,0,198,0,0
28335,0,0,0,180,10,0
28336,0,0,0,240,57,0
28337,0,0,0,213,30,0
28338,0,0,0,95,9,10
28339,0,0,0,9,12,10
28340,0,0,0,2,16,5
28341,0,0,0,0,30,0
28342,0,0,0,0,0,0
28343,0,0,0,5,0,0
28344,0,0,0,29,0,0
28345,0,0,0,133,37,0
28346,0,0,0,3,217,4
28347,0,0,0,18,34,2
28348,0,0,0,17,0,0
28349,0,0,0,15,0,0
28350,0,0,6,31,56,0
28351,0,0,4,9,86,0
28352,0,0,0,25,8,0
28353,0,0,0,8,0,0
28354,0,0,1,37,0,0
28355,0,0,0,2,0,0
28356,0,0,13,7,0,0
28357,0,0,8,41,83,0
28358,0,0,0,28,23,1
28359,0,0,15,51,0,0
28360,0,0,2,0,1,0
28361,0,0,0,3,0,0
28362,0,0,20,7,0,0
28363,0,0,10,0,0,0
28364,0,0,0,2,0,0
28365,0,0,0,2,0,0
28366,0,0,6,0,0,0
28367,0,0,0,0,1,0
28368,0,0,6,1,0,0
28369,0,0,3,0,128,0
28370,0,0,0,2,70,20
28371,0,0,0,1,26,10
28372,0,0,0,0,0,0
28373,0,0,0,0,0,0
28374,0,0,0,0,12,0
28375,0,0,0,0,0,0
28376,0,0,0,0,0,0
28377,0,0,0,0,0,0
28378,0,0,0,0,0,0
28379,0,0,0,0,0,2
28380,0,0,0,0,0,0
28381,0,0,3,0,6,0
28382,0,0,18,1,0,0
28383,0,0,6,6,1,0
28384,0,0,0,0,0,3
28385,0,0,2,0,54,4
28386,0,0,17,0,166,23
28387,0,0,6,2,210,24
28388,0,0,4,0,123,40
28389,0,0,18,4,72,37
28390,0,0,0,0,31,3
28391,0,0,0,1,17,0
28392,0,0,0,0,30,0
28393,0,0,0,0,22,0
28394,0,0,0,0,0,0
28395,0,0,2,0,0,3
28396,0,0,2,0,2,0
28397,0,0,0,0,0,0
28398,0,0,0,0,0,0
28399,0,0,0,0,0,0
28400,0,0,0,0,0,0
28401,0,0,0,0,0,0
28402,0,0,2,0,11,26
28403,0,0,0,0,35,58
28404,0,0,0,0,50,24
28405,0,0,2,0,136,137
28406,0,0,2,0,216,266
28407,0,0,0,0,221,309
28408,0,0,0,0,180,358
28409,0,0,0,0,116,476
28410,0,0,0,0,28,512
28411,0,0,0,0,76,422
28412,0,0,0,8,76,388
28413,0,0,0,0,66,525
28414,0,0,0,20,92,439
28415,0,0,0,8,98,160
28416,0,0,6,3,50,14
28417,0,0,0,35,16,51
28418,0,0,0,31,22,11
28419,0,0,0,0,33,92
28420,0,0,0,26,27,109
28421,0,0,2,34,23,56
28422,0,0,0,4,11,140
28423,0,0,0,2,4,59
28424,0,0,0,0,0,22
28425,0,0,0,0,0,0
28426,0,0,0,10,0,1
28427,0,0,0,84,3,29
28428,0,0,0,20,28,87
28429,0,0,0,11,44,56
28430,0,0,0,68,20,0
28431,0,0,0,23,8,1
28432,0,0,2,20,29,29
28433,0,0,0,89,11,26
28434,0,0,1,44,0,0
28435,0,0,0,0,0,0
28436,0,0,0,3,3,13
28437,0,0,0,24,14,69
28438,0,0,0,0,149,294
28439,0,0,0,0,280,470
28440,0,0,4,26,248,365
28441,0,0,1,38,407,286
28442,0,0,0,33,251,409
28443,0,0,7,0,163,305
28444,0,0,2,27,50,90
28445,0,0,0,0,50,72
28446,0,0,0,92,237,332
28447,0,0,1,48,238,399
28448,0,0,0,0,34,117
28449,0,0,0,70,35,28
28450,0,0,3,152,114,96
28451,0,0,2,58,167,100
28452,0,0,0,0,122,37
28453,0,0,0,91,67,11
28454,0,0,0,128,49,15
28455,0,0,0,53,21,2
28456,0,0,4,27,45,67
28457,0,0,0,6,75,28
28458,0,0,0,92,16,3
28459,0,0,0,152,128,105
28460,0,0,0,18,178,158
28461,0,0,0,37,73,55
28462,0,0,0,31,11,0
28463,0,0,0,25,58,10
28464,0,0,0,0,90,21
28465,0,0,0,0,46,26
28466,0,0,0,0,68,58
28467,0,0,0,2,169,16
28468,0,0,0,4,405,178
28469,0,0,0,0,460,540
28470,0,0,7,15,465,708
28471,0,0,0,1,585,924
28472,0,0,0,2,531,650
28473,0,0,0,2,412,447
28474,0,0,0,3,140,268
28475,0,0,0,0,17,32
28476,0,0,1,4,23,14
28477,0,0,0,0,0,0
28478,0,0,0,0,20,30
28479,0,0,0,0,20,22
28480,0,0,0,0,7,47
28481,0,0,0,13,37,118
28482,0,0,0,64,6,48
28483,0,0,0,3,16,78
28484,0,0,0,19,64,122
28485,0,0,0,6,58,138
28486,0,0,0,10,112,27
28487,0,0,0,43,166,12
28488,0,0,0,4,241,66
28489,0,0,0,0,454,512
28490,0,0,0,8,666,1174
28491,0,0,0,33,677,1365
28492,0,0,0,102,452,490
28493,0,0,0,314,156,37
28494,0,0,0,324,22,58
28495,0,0,0,277,165,76
28496,0,0,0,138,271,36
28497,0,0,0,22,105,6
28498,0,0,0,0,180,0
28499,0,0,0,91,284,8
28500,0,0,0,132,127,1
28501,0,0,0,174,97,9
28502,0,0,0,120,87,53
28503,0,0,0,48,146,41
28504,0,0,0,34,160,54
28505,0,0,0,0,79,11
28506,0,0,0,4,1,0
28507,0,0,0,14,17,0
28508,0,0,0,9,118,0
28509,0,0,0,16,43,0
28510,0,0,0,32,1,0
28511,0,0,0,18,0,0
28512,0,0,0,2,0,0
28513,0,0,0,1,4,7
28514,0,0,0,14,7,8
28515,0,0,0,66,52,3
28516,0,0,0,160,120,0
28517,0,0,0,334,179,0
28518,0,0,0,305,113,6
28519,0,0,0,197,40,0
28520,0,0,0,64,51,19
28521,0,0,0,22,98,57
28522,0,0,0,28,105,52
28523,0,0,0,21,0,0
28524,0,0,0,14,0,0
28525,0,0,0,50,2,1
28526,0,0,0,81,0,0
28527,0,0,0,14,0,0
28528,0,0,2,6,0,0
28529,0,0,2,0,0,0
28530,0,0,0,0,0,0
28531,0,0,0,1,0,0
28532,0,0,0,20,1,0
28533,0,0,0,122,1,0
28534,0,0,11,151,4,0
28535,0,0,0,117,3,0
28536,0,0,0,38,6,47
28537,0,0,0,45,52,89
28538,0,0,0,3,63,85
28539,0,0,0,3,59,80
28540,0,0,0,9,42,49
28541,0,0,0,4,12,15
28542,0,0,0,10,0,0
28543,0,0,0,1,0,0
28544,0,0,0,0,0,0
28545,0,0,0,0,4,0
28546,1,0,0,0,20,0
28547,0,0,0,0,14,0
28548,0,0,0,3,0,0
28549,0,0,0,0,1,0
28550,0,0,0,5,10,0
28551,0,0,0,14,230,61
28552,0,0,0,52,430,288
28553,0,0,0,230,444,240
28554,0,0,0,245,259,19
28555,0,0,0,148,13,0
28556,0,0,0,153,23,0
28557,0,0,0,10,242,27
28558,0,0,0,3,247,8
28559,0,0,0,0,205,23
28560,0,0,0,0,212,5
28561,0,0,0,2,257,3
28562,0,0,0,0,182,5
28563,0,0,22,12,140,5
28564,0,0,0,1,171,27
28565,0,0,3,0,205,62
28566,0,0,67,0,233,72
28567,0,0,2,0,244,83
28568,0,0,0,0,230,72
28569,0,0,151,2,201,73
28570,0,0,46,0,157,32
28571,0,0,4,3,128,30
28572,0,0,126,0,56,36
28573,0,0,50,5,0,1
28574,0,0,0,0,0,0
28575,0,0,157,0,0,0
28576,0,0,135,2,2,0
28577,0,0,0,0,0,0
28578,0,0,70,0,0,0
28579,0,0,151,0,2,6
28580,0,0,0,0,58,19
28581,0,0,76,0,42,20
28582,0,0,176,0,23,7
28583,0,0,3,0,0,1
28584,0,0,9,0,0,0
28585,0,0,61,0,0,0
28586,0,0,6,0,0,0
28587,0,0,0,0,0,0
28588,0,0,1,0,0,0
28589,0,0,0,0,0,0
28590,0,0,0,0,0,0
28591,0,0,0,2,0,0
28592,0,0,0,2,0,0
28593,0,0,0,0,0,0
28594,0,0,6,0,0,0
28595,0,0,12,0,0,0
28596,0,0,0,0,0,0
28597,0,0,3,0,0,0
28598,0,0,0,0,0,0
28599,0,0,0,0,0,0
28600,0,0,0,0,0,0
28601,0,0,0,2,0,0
28602,0,0,0,2,29,8
28603,4,0,0,0,38,11
28604,58,0,5,6,25,11
28605,18,0,7,3,26,0
28606,0,0,0,0,6,0
28607,0,0,2,0,0,0
28608,2,0,14,0,0,0
28609,7,0,0,0,0,0
28610,7,0,8,2,0,0
28611,0,0,13,0,0,0
28612,0,0,0,0,0,0
28613,0,0,11,0,0,0
28614,0,0,15,0,0,0
28615,0,0,0,0,0,0
28616,0,0,3,0,0,0
28617,0,0,78,0,0,0
28618,0,0,5,0,0,0
28619,0,0,3,0,0,0
28620,0,0,96,0,0,0
28621,0,0,20,0,1,0
28622,0,0,12,0,0,0
28623,0,0,184,0,0,7
28624,0,0,27,0,0,2
28625,0,0,26,0,0,0
28626,0,0,271,0,0,0
28627,0,0,57,0,0,10
28628,0,0,19,0,3,0
28629,0,0,246,0,0,0
28630,0,0,57,0,0,0
28631,0,0,9,0,0,0
28632,0,0,163,0,0,0
28633,0,0,32,0,0,0
28634,0,0,0,0,0,0
28635,0,0,108,0,1,0
28636,0,0,26,7,1,0
28637,0,0,1,0,0,0
28638,0,0,49,0,0,0
28639,0,0,44,1,0,0
28640,0,0,0,6,0,0
28641,0,0,2,20,0,0
28642,0,0,0,28,0,0
28643,0,0,0,3,0,0
28644,0,0,0,0,0,0
28645,0,0,2,0,0,0
28646,0,0,0,0,0,0
28647,0,0,0,0,0,0
28648,0,0,0,0,0,0
28649,0,0,0,0,0,0
28650,0,0,0,0,0,0
28651,0,0,0,0,2,0
28652,0,0,0,0,0,0
28653,0,0,0,1,11,0
28654,0,0,0,0,0,0
28655,0,0,0,0,1,0
28656,0,0,2,0,0,0
28657,0,0,6,0,0,0
28658,0,0,0,0,0,0
28659,0,0,1,0,0,0
28660,0,0,8,0,0,0
28661,0,0,0,0,0,0
28662,0,0,64,0,0,0
28663,0,0,337,0,0,0
28664,0,0,30,0,0,0
28665,0,0,113,4,0,0
28666,0,0,525,7,0,25
28667,0,0,217,10,1,0
28668,0,0,39,1,0,0
28669,0,0,442,0,0,17
28670,0,0,357,0,0,9
28671,0,0,11,0,0,0
28672,3,0,198,0,0,3
28673,8,0,278,0,0,6
28674,0,0,13,0,0,0
28675,0,0,20,0,0,0
28676,0,0,119,0,0,1
28677,0,0,12,1,0,0
28678,0,0,3,1,0,0
28679,24,0,33,3,0,0
28680,10,0,13,0,0,0
28681,0,0,0,0,1,0
28682,2,0,31,2,1,0
28683,0,0,33,2,0,0
28684,1,0,0,0,0,0
28685,41,0,21,0,0,0
28686,0,0,11,0,0,0
28687,20,0,0,0,0,0
28688,23,0,0,0,0,0
28689,2,0,2,0,0,0
28690,0,0,0,0,0,0
28691,0,0,0,0,0,0
28692,0,0,0,0,0,0
28693,0,0,0,15,0,0
28694,0,0,0,0,0,0
28695,0,0,0,0,0,0
28696,0,0,0,0,0,0
28697,0,0,0,0,0,0
28698,0,0,0,2,0,0
28699,0,0,0,0,0,0
28700,0,0,0,0,0,0
28701,0,0,0,0,0,0
28702,0,0,0,0,0,0
28703,4,0,0,0,0,0
28704,0,0,0,0,0,0
28705,0,0,0,2,0,0
28706,0,0,0,26,0,0
28707,0,0,0,0,0,0
28708,0,0,0,0,31,12
28709,0,0,0,0,0,0
28710,0,0,0,0,0,0
28711,0,0,0,0,0,0
28712,0,0,0,0,0,0
28713,4,0,0,0,2,0
28714,0,0,0,0,28,0
28715,0,0,0,0,0,0
28716,0,0,0,0,0,0
28717,0,0,0,0,0,0
28718,4,0,0,0,0,0
28719,27,0,0,14,0,0
28720,27,0,0,4,0,0
28721,97,0,0,3,0,0
28722,197,0,1,7,0,0
28723,144,0,3,6,4,0
28724,126,0,0,3,0,0
28725,46,0,0,0,0,0
28726,0,0,0,0,2,0
28727,0,0,0,0,0,0
28728,0,0,0,0,0,0
28729,0,0,2,0,0,1
28730,0,0,0,0,0,0
28731,0,0,0,0,0,0
28732,0,0,0,0,0,0
28733,0,0,0,0,0,0
28734,0,0,0,0,0,0
28735,105,0,0,0,0,0
28736,264,0,0,0,0,0
28737,406,0,0,0,0,0
28738,512,0,0,0,0,0
28739,549,0,0,0,0,0
28740,593,0,0,0,0,0
28741,509,0,0,7,0,0
28742,450,0,0,2,0,0
28743,180,0,0,0,1,0
28744,140,0,0,2,37,0
28745,464,0,0,0,4,0
28746,585,0,0,0,0,0
28747,683,0,7,0,0,0
28748,670,0,8,0,0,0
28749,607,0,0,0,0,0
28750,622,0,0,0,0,0
28751,462,0,0,0,0,0
28752,226,0,0,0,0,0
28753,19,0,0,0,0,0
28754,197,0,0,0,0,0
28755,522,0,0,0,0,0
28756,657,0,0,0,1,0
28757,672,0,0,0,0,0
28758,660,0,0,0,0,1
28759,527,0,0,0,0,0
28760,302,0,0,0,0,0
28761,70,0,6,0,0,0
28762,356,0,8,0,0,0
28763,484,0,0,0,10,0
28764,554,0,33,0,7,0
28765,494,0,55,0,0,0
28766,445,0,0,0,0,0
28767,237,0,89,0,0,0
28768,189,0,110,0,0,0
28769,422,0,2,0,0,0
28770,446,0,61,0,0,0
28771,429,0,109,0,0,0
28772,342,0,0,0,1,0
28773,139,0,40,0,2,0
28774,198,0,11,0,0,0
28775,282,0,0,0,0,0
28776,317,0,6,0,0,0
28777,124,0,0,0,0,0
28778,177,0,0,0,0,0
28779,327,0,0,0,0,0
28780,232,0,9,0,0,0
28781,0,0,9,0,0,0
28782,109,0,0,0,0,0
28783,116,0,0,10,0,0
28784,0,0,0,0,0,0
28785,2,0,0,0,0,0
28786,156,0,0,0,5,0
28787,23,0,1,0,0,0
28788,4,0,0,0,0,0
28789,38,0,0,0,0,0
28790,28,0,0,0,0,0
28791,0,0,0,0,0,0
28792,28,0,0,0,0,0
28793,45,0,0,0,0,0
28794,2,0,0,0,0,0
28795,0,0,0,0,0,0
28796,13,0,0,0,3,0
28797,59,0,0,0,0,0
28798,34,0,0,0,0,0
28799,0,0,0,0,1,0
28800,0,0,0,28,0,0
28801,0,0,1,13,2,0
28802,0,0,2,0,1,0
28803,0,0,0,0,0,0
28804,9,0,0,7,0,0
28805,0,0,5,0,0,0
28806,0,0,1,4,0,0
28807,38,0,0,16,3,0
28808,220,0,43,5,0,0
28809,107,0,12,41,0,0
28810,11,0,0,34,0,0
28811,0,0,24,21,5,0
28812,7,0,9,60,0,0
28813,0,0,0,237,2,0
28814,0,0,14,226,74,0
28815,0,0,18,268,21,0
28816,0,0,0,171,12,0
28817,15,0,0,87,35,0
28818,0,0,25,54,138,0
28819,3,0,2,32,108,0
28820,23,0,1,45,5,0
28821,8,0,7,5,0,0
28822,18,0,0,0,0,0
28823,0,0,0,0,0,0
28824,0,0,17,0,0,0
28825,0,0,6,4,0,2
28826,15,0,0,0,0,0
28827,52,0,4,0,0,0
28828,4,0,5,5,1,0
28829,0,0,0,47,0,0
28830,3,0,1,44,0,0
28831,0,0,3,39,0,0
28832,54,0,0,73,14,0
28833,131,0,0,105,34,0
28834,19,0,0,40,0,0
28835,0,0,0,48,0,0
28836,0,0,0,14,80,0
28837,0,0,3,6,42,0
28838,0,0,0,2,1,0
28839,0,0,3,2,0,0
28840,0,0,31,69,0,0
28841,0,0,12,76,0,0
28842,0,0,0,80,0,0
28843,0,0,2,118,0,0
28844,0,0,5,111,4,0
28845,0,0,0,80,0,0
28846,0,0,3,52,1,0
28847,0,0,2,99,1,0
28848,0,0,0,123,2,0
28849,0,0,0,116,5,0
28850,0,0,0,59,35,0
28851,0,0,0,24,0,0
28852,0,0,0,3,0,0
28853,0,0,0,76,0,0
28854,4,0,0,52,0,0
28855,20,0,0,43,0,0
28856,1,0,4,53,0,0
28857,0,0,0,26,0,0
28858,6,0,0,51,0,0
28859,10,0,4,29,0,0
28860,23,0,0,3,0,0
28861,0,0,0,3,0,0
28862,0,0,0,0,0,0
28863,8,0,0,9,0,0
28864,31,0,0,6,0,0
28865,5,0,0,38,0,0
28866,2,0,0,23,0,0
28867,16,0,0,0,0,0
28868,9,0,0,0,0,0
28869,0,0,0,0,0,0
28870,0,0,0,0,0,0
28871,18,0,0,2,0,0
28872,20,0,0,0,0,0
28873,3,0,0,0,0,0
28874,0,0,0,0,3,0
28875,3,0,0,0,0,0
28876,0,0,0,0,8,0
28877,6,0,4,0,0,0
28878,0,0,0,0,0,0
28879,0,0,0,0,0,0
28880,1,0,0,0,0,0
28881,0,0,0,0,0,0
28882,0,0,0,0,0,0
28883,0,0,1,0,0,0
28884,0,0,17,0,0,0
28885,0,0,0,0,0,0
28886,0,0,0,11,0,0
28887,0,0,1,0,0,0
28888,0,0,10,43,0,0
28889,0,0,0,196,40,0
28890,0,0,0,160,58,0
28891,0,0,8,210,173,0
28892,0,0,0,314,434,17
28893,0,0,0,375,855,68
28894,0,0,11,547,1287,160
28895,0,0,2,935,1520,366
28896,0,0,0,1283,2225,756
28897,0,0,0,1624,2503,1361
28898,0,0,41,1941,2945,1543
28899,0,0,0,2162,3305,1838
28900,0,0,25,2190,3652,2038
28901,0,0,242,2230,4364,2043
28902,0,0,65,2008,4758,1987
28903,0,0,10,1682,4743,2530
28904,0,0,126,1612,4235,2870
28905,0,0,33,1199,3791,2638
28906,0,0,2,750,3010,3014
28907,0,0,65,554,3071,3344
28908,0,0,0,194,3269,3138
28909,0,0,0,25,3427,3381
28910,0,0,28,47,2527,3898
28911,0,0,2,263,1370,3947
28912,0,0,0,275,1203,3916
28913,0,0,6,171,1083,3107
28914,0,0,2,129,944,3017
28915,0,0,0,209,770,3532
28916,0,0,0,278,1087,3807
28917,0,0,0,331,954,3248
28918,0,0,0,369,888,3537
28919,0,0,5,366,1029,3924
28920,0,0,2,736,964,4256
28921,0,0,0,1152,1156,4563
28922,0,0,0,1337,1223,4098
28923,0,0,0,1486,1361,3605
28924,0,0,0,1442,1298,3494
28925,0,0,0,1563,1141,3318
28926,0,0,2,1551,1096,2940
28927,0,0,0,1788,1140,2617
28928,0,0,1,1769,999,2160
28929,0,0,0,1483,1019,1688
28930,0,0,0,1521,1155,1290
28931,0,0,0,1488,1166,1086
28932,0,0,0,1239,1243,1274
28933,0,0,0,1194,1615,1802
28934,0,0,0,858,1757,2545
28935,0,0,0,771,1910,3500
28936,0,0,0,670,2096,4713
28937,0,0,0,555,2141,5733
28938,0,0,7,489,1997,6328
28939,0,0,0,559,1942,6584
28940,0,0,0,630,1641,6432
28941,0,0,0,601,1534,6232
28942,0,0,8,677,1518,5988
28943,0,0,0,499,1257,5617
28944,0,0,12,265,893,4351
28945,0,0,4,171,748,3446
28946,0,0,0,100,634,2936
28947,0,0,25,146,789,2529
28948,0,0,23,466,1057,2674
28949,0,0,0,1031,1166,3098
28950,0,0,18,1524,1435,3278
28951,0,0,45,1974,1351,3365
28952,0,0,0,2121,1486,3383
28953,0,0,4,2416,1657,2807
28954,0,0,18,2838,1547,2971
28955,0,0,0,3321,1676,2858
28956,0,0,4,3649,1993,2561
28957,0,0,5,4190,2280,2546
28958,0,0,0,4307,2661,1907
28959,0,0,2,4530,3281,1214
28960,0,0,14,4726,3640,1346
28961,0,0,0,4793,3997,1342
28962,0,0,0,4702,4414,951
28963,0,0,3,4865,4728,935
28964,0,0,0,4933,4981,1280
28965,0,0,0,4886,5129,1254
28966,0,0,0,5200,5381,1427
28967,0,0,2,5300,5493,1188
28968,0,0,0,5586,5654,1022
28969,0,0,0,5741,5786,1053
28970,0,0,0,6018,6281,1139
28971,0,0,0,6482,7088,944
28972,22,0,0,6760,7334,1070
28973,159,4,0,7043,7927,1192
28974,174,6,0,7262,8670,1365
28975,228,0,0,7411,9536,1551
28976,196,0,0,7582,10186,1781
28977,9,0,0,7825,10629,1915
28978,99,1,0,7903,11135,2116
28979,95,5,0,7929,11285,2031
28980,53,0,0,7924,12113,2434
28981,21,0,0,8009,12713,2705
28982,20,0,0,7886,12943,2713
28983,10,0,0,7538,13194,2681
28984,0,0,0,7108,12989,2553
28985,0,0,0,6622,12949,2436
28986,0,0,0,5929,12717,2239
28987,0,0,0,5006,12466,2147
28988,0,0,0,4199,11667,2153
28989,0,0,0,3393,10469,1763
28990,2,0,0,2824,9564,1890
28991,28,0,0,2225,8224,2015
28992,31,0,0,1774,6762,2128
28993,23,0,0,1451,5517,2130
28994,26,0,1,1094,3758,2075
28995,4,0,16,700,2243,2300
28996,0,0,18,9,1436,2444
28997,0,0,13,707,4256,2511
28998,0,0,0,1191,6239,2131
28999,11,0,0,1664,8223,2075
29000,125,0,0,2198,9692,2533
29001,263,0,0,2938,10738,2693
29002,517,0,58,3865,11644,3264
29003,578,0,67,4701,12563,3011
29004,297,0,45,5762,13329,3412
29005,153,0,0,6641,14075,3033
29006,24,0,0,7234,14429,3062
29007,46,0,0,7886,14685,2918
29008,55,0,68,8616,14391,2726
29009,167,0,295,9151,13854,2694
29010,220,0,199,9404,13389,2698
29011,159,0,29,9506,12552,2917
29012,27,0,0,9277,12339,3006
29013,2,0,0,9062,11779,3439
29014,0,0,0,8882,10704,3295
29015,0,0,139,8538,10034,3633
29016,0,0,396,8271,9374,3721
29017,8,0,264,8058,9232,3841
29018,0,0,7,7823,8493,3702
29019,0,0,9,7521,8043,4199
29020,0,0,12,7355,7157,4576
29021,0,0,0,7149,6557,4790
29022,14,0,292,7128,6445,5057
29023,0,0,580,7027,6253,5594
29024,0,0,199,6854,6023,5335
29025,0,0,0,6478,5810,5755
29026,0,0,15,5817,5490,6798
29027,0,0,0,5161,4924,6732
29028,0,0,103,4385,3800,6449
29029,0,0,563,3356,3307,6034
29030,0,0,216,2332,3572,5403
29031,0,0,0,1126,4094,4263
29032,0,0,2,428,3611,2839
29033,0,0,0,840,3192,1803
29034,0,0,17,1702,3548,1991
29035,0,0,266,2240,3496,2150
29036,0,0,21,2508,3419,2856
29037,0,0,0,2702,3039,2585
29038,0,0,0,2350,2338,2175
29039,0,0,0,2094,1558,819
29040,0,0,38,1293,687,131
29041,0,0,44,868,809,103
29042,0,0,0,585,933,132
29043,0,0,0,308,694,137
29044,0,0,0,325,609,129
29045,0,0,3,127,517,74
29046,0,0,1,145,494,101
29047,0,0,23,215,146,61
29048,0,0,0,180,265,144
29049,0,0,0,93,453,187
29050,0,0,0,113,580,725
29051,0,0,0,122,596,774
29052,0,0,29,20,597,402
29053,0,0,0,55,480,183
29054,64,0,34,252,694,329
29055,482,0,1,446,751,737
29056,1024,0,1,834,891,985
29057,1158,0,0,758,515,837
29058,772,0,10,718,350,532
29059,639,0,6,593,150,83
29060,552,124,0,539,55,18
29061,498,144,1,467,76,65
29062,579,17,0,245,73,167
29063,1114,0,0,289,93,70
29064,1722,0,13,278,31,0
29065,2099,11,5,195,0,0
29066,2398,22,0,228,3,0
29067,2457,6,0,178,14,30
29068,2402,0,6,114,27,94
29069,2270,0,0,102,24,47
29070,1931,0,2,6,0,11
29071,1282,0,6,25,9,0
29072,628,0,0,0,5,0
29073,212,0,7,58,0,0
29074,118,0,0,53,4,0
29075,640,0,0,42,1,0
29076,897,0,30,21,1,0
29077,1113,0,6,95,2,1
29078,1104,0,0,161,25,6
29079,1209,0,3,110,149,137
29080,1314,0,0,207,222,253
29081,1364,0,0,256,318,313
29082,1514,0,29,100,266,88
29083,1676,0,23,132,206,45
29084,1829,0,0,201,229,7
29085,1838,0,33,36,61,0
29086,1903,0,72,127,4,0
29087,1834,0,0,69,0,0
29088,1603,0,10,13,31,28
29089,1228,0,21,64,159,247
29090,783,0,0,66,166,365
29091,344,0,1,30,65,249
29092,38,0,17,12,29,105
29093,0,0,0,74,0,56
29094,0,0,0,34,0,18
29095,66,0,1,3,0,16
29096,171,0,0,78,0,41
29097,232,0,0,1,0,158
29098,374,0,0,1,0,188
29099,393,0,0,6,32,111
29100,416,0,0,11,20,10
29101,371,0,0,0,39,4
29102,339,0,0,0,82,10
29103,358,0,0,32,147,92
29104,335,0,12,1,138,68
29105,406,0,0,10,78,26
29106,481,0,0,2,10,13
29107,602,0,54,91,0,11
29108,573,0,10,39,0,6
29109,633,0,4,1,7,3
29110,611,0,47,22,0,20
29111,504,0,5,66,0,12
29112,399,0,2,92,1,0
29113,328,0,9,115,1,0
29114,133,0,0,18,21,0
29115,33,0,0,48,0,1
29116,0,0,2,59,4,15
29117,0,0,2,0,0,0
29118,0,0,0,2,0,1
29119,11,0,0,18,3,37
29120,118,0,0,0,24,155
29121,248,0,0,0,182,178
29122,354,0,0,0,389,828
29123,380,0,0,4,883,1679
29124,428,0,3,25,1549,2507
29125,432,0,0,51,2157,3206
29126,364,0,0,31,3209,3747
29127,236,0,0,8,4119,3709
29128,100,0,0,41,5195,4187
29129,1,0,0,109,6322,3306
29130,0,0,0,168,7559,1592
29131,0,0,0,125,8441,785
29132,0,0,0,109,7391,872
29133,0,0,0,182,5573,645
29134,4,0,0,325,4035,505
29135,0,0,0,567,3351,445
29136,5,0,0,828,3044,221
29137,0,0,4,964,3411,44
29138,0,0,19,1290,2236,0
29139,0,0,0,1474,2508,0
29140,0,0,3,1519,5536,0
29141,0,0,0,1492,7396,16
29142,0,0,0,1272,8834,70
29143,0,0,0,1455,9950,379
29144,0,0,0,1885,10114,1078
29145,5,0,0,2449,10130,1777
29146,41,0,0,2878,9731,2195
29147,118,0,0,3414,8416,2088
29148,246,0,0,3628,6066,1640
29149,375,0,0,3897,3902,957
29150,500,0,0,3641,2494,151
29151,485,0,0,3086,1606,0
29152,405,0,0,2282,1102,24
29153,193,0,0,1165,1373,416
29154,1,0,0,453,2751,741
29155,0,0,0,121,4508,1127
29156,18,0,0,314,5627,1460
29157,87,0,0,726,6172,1631
29158,254,0,0,1094,6300,1545
29159,510,0,5,1206,5688,1380
29160,672,0,0,1383,5111,1124
29161,693,0,0,1547,5351,1276
29162,648,0,6,1777,5244,1122
29163,513,0,0,1976,4751,1072
29164,297,0,0,2067,4645,1313
29165,56,0,0,2103,4730,1529
29166,0,0,0,2016,4119,1560
29167,0,0,0,1808,3479,1764
29168,0,0,0,1452,2981,1786
29169,0,0,0,1211,2903,2555
29170,47,0,2,984,3102,2998
29171,138,0,0,806,3440,3114
29172,309,0,14,654,3703,3344
29173,521,0,45,508,3649,2935
29174,803,0,0,457,3699,2723
29175,742,0,18,421,3029,2136
29176,334,0,43,458,2285,2118
29177,425,35,0,443,1422,1513
29178,297,0,22,328,442,518
29179,83,0,127,358,204,393
29180,586,40,12,265,323,81
29181,639,70,40,237,473,198
29182,267,7,166,171,384,156
29183,4,0,20,3,26,0
29184,162,1,50,0,0,0
29185,347,17,114,0,0,8
29186,120,3,2,24,0,1
29187,0,0,9,50,0,0
29188,77,6,206,79,6,20
29189,197,13,190,77,0,4
29190,107,0,0,26,0,0
29191,8,0,1,58,2,0
29192,173,15,0,127,3,0
29193,197,29,0,247,6,24
29194,96,0,76,407,26,52
29195,108,0,118,483,7,72
29196,163,9,11,552,72,30
29197,115,14,0,358,22,4
29198,116,0,0,190,20,0
29199,129,0,0,61,38,3
29200,183,0,52,8,1,0
29201,290,49,92,156,1,0
29202,443,26,14,262,0,0
29203,314,29,0,445,12,0
29204,17,0,0,437,188,0
29205,12,0,0,176,13,0
29206,218,5,1,145,19,9
29207,178,15,18,92,0,3
29208,30,11,8,15,0,2
29209,0,0,10,0,0,0
29210,0,0,0,0,0,0
29211,0,0,0,0,8,35
29212,4,0,0,0,129,268
29213,0,0,3,0,292,871
29214,0,0,0,0,332,1320
29215,0,0,2,2,317,1535
29216,0,0,0,11,377,1833
29217,0,0,0,22,360,733
29218,0,0,0,12,258,1878
29219,1,0,0,12,117,2057
29220,0,0,0,14,35,881
29221,0,0,0,24,43,464
29222,0,0,0,60,140,602
29223,13,0,4,43,162,186
29224,3,0,0,58,42,42
29225,0,0,0,4,33,237
29226,0,0,2,0,17,542
29227,0,0,0,0,13,863
29228,0,0,0,0,112,1107
29229,0,0,0,0,225,1135
29230,1,0,0,0,198,950
29231,22,0,9,6,105,795
29232,3,0,0,29,45,174
29233,2,0,0,9,0,6
29234,0,0,0,15,0,0
29235,0,0,0,0,0,0
29236,0,0,0,0,0,0
29237,0,0,0,6,0,0
29238,0,0,0,2,0,0
29239,0,0,0,0,0,0
29240,0,0,0,45,0,0
29241,0,0,0,79,0,0
29242,0,0,4,39,0,0
29243,0,0,0,21,0,20
29244,0,0,0,1,0,14
29245,0,0,0,4,0,5
29246,0,0,0,0,0,0
29247,0,0,0,0,0,2
29248,0,0,0,0,0,0
29249,0,0,0,6,0,0
29250,0,0,0,23,0,0
29251,0,0,0,29,0,0
29252,0,0,0,19,0,0
29253,0,0,0,0,0,0
29254,0,0,0,0,0,0
29255,0,0,0,0,0,0
29256,0,0,3,0,0,0
29257,2,0,0,0,0,0
29258,57,0,0,13,0,0
29259,81,0,18,0,4,0
29260,86,0,1,1,0,0
29261,85,0,0,12,0,0
29262,155,0,34,2,0,0
29263,296,0,57,15,0,0
29264,208,1,0,12,0,0
29265,107,0,2,3,0,0
29266,0,0,21,17,19,0
29267,47,0,0,35,6,0
29268,75,0,0,13,39,0
29269,28,0,5,2,2,0
29270,0,0,0,8,0,0
29271,0,0,0,0,0,0
29272,0,0,0,0,0,0
29273,0,0,0,0,0,0
29274,0,0,0,0,0,0
29275,0,0,0,0,0,0
29276,0,0,0,1,0,0
29277,0,0,0,1,0,0
29278,0,0,0,0,0,0
29279,0,0,0,0,0,0
29280,0,0,0,0,0,0
29281,0,0,0,0,1,0
29282,0,0,0,0,0,0
29283,0,0,3,0,1,0
29284,0,0,0,4,0,0
29285,0,0,0,0,0,0
29286,0,0,15,2,0,0
29287,0,0,2,0,0,0
29288,0,0,0,7,0,0
29289,0,0,1,0,0,0
29290,0,0,2,0,0,0
29291,0,0,0,2,0,0
29292,0,0,15,5,0,0
29293,0,0,3,4,0,0
29294,0,0,0,0,0,0
29295,0,0,23,9,0,0
29296,0,0,11,33,8,0
29297,0,0,0,6,0,0
29298,0,0,20,0,0,0
29299,0,0,9,0,0,0
29300,0,0,0,0,0,0
29301,0,0,0,0,0,0
29302,0,0,0,0,0,0
29303,0,0,0,0,0,0
29304,0,0,0,0,0,0
29305,0,0,0,0,0,0
29306,0,0,0,0,0,0
29307,0,0,0,0,0,0
29308,0,0,0,0,0,0
29309,0,0,0,0,0,0
29310,0,0,0,0,0,0
29311,0,0,0,0,1,0
29312,0,0,0,0,0,0
29313,0,0,0,0,0,0
29314,0,0,0,0,0,0
29315,0,0,0,0,0,0
29316,0,0,0,0,0,0
29317,0,0,0,0,0,0
29318,0,0,0,4,0,0
29319,0,0,0,6,0,0
29320,0,0,0,10,0,0
29321,0,0,0,10,0,0
29322,0,0,0,0,0,0
29323,0,0,0,1,14,0
29324,0,0,0,66,92,0
29325,0,0,0,175,191,0
29326,0,0,0,269,253,0
29327,0,0,0,238,245,0
29328,0,0,0,217,285,0
29329,0,0,0,123,230,0
29330,0,0,0,65,319,0
29331,0,0,0,110,155,0
29332,0,0,0,54,39,0
29333,0,0,0,29,0,0
29334,0,0,0,45,0,0
29335,0,0,0,100,0,0
29336,0,0,0,243,0,0
29337,0,0,0,473,0,0
29338,0,0,0,652,0,0
29339,0,0,0,876,0,0
29340,0,0,0,1215,0,0
29341,0,0,0,1317,0,0
29342,0,0,0,1281,0,0
29343,0,0,0,1197,0,0
29344,0,0,0,986,1,0
29345,0,0,0,787,9,0
29346,0,0,0,485,6,0
29347,0,0,0,133,0,0
29348,0,0,0,102,0,0
29349,0,0,0,127,0,0
29350,0,0,0,295,0,0
29351,0,0,0,349,8,0
29352,0,0,0,347,9,0
29353,0,0,0,313,151,0
29354,0,0,0,265,80,0
29355,45,0,0,45,2,0
29356,11,0,0,69,5,0
29357,0,0,0,99,2,0
29358,1,0,0,0,0,0
29359,0,0,0,65,0,0
29360,0,0,0,23,0,0
29361,0,0,0,1,0,0
29362,0,0,0,40,0,0
29363,0,0,0,21,0,0
29364,0,0,0,0,0,0
29365,0,0,0,10,8,0
29366,0,0,0,15,4,0
29367,0,0,0,9,0,0
29368,0,0,0,14,0,0
29369,0,0,0,0,0,0
29370,0,0,0,0,0,0
29371,0,0,0,16,0,0
29372,0,0,0,25,0,0
29373,0,0,0,96,1,0
29374,0,0,0,185,0,0
29375,0,0,0,438,0,0
29376,0,0,0,628,0,0
29377,0,0,0,943,2,0
29378,0,0,0,1183,0,0
29379,0,0,0,1192,2,0
29380,0,0,0,1126,1,0
29381,0,0,0,881,0,0
29382,0,0,0,604,0,0
29383,0,0,0,441,0,0
29384,0,0,0,392,0,0
29385,0,0,0,273,0,0
29386,0,0,0,188,12,0
29387,0,0,0,80,0,0
29388,0,0,0,27,1,0
29389,0,0,0,0,0,0
29390,0,0,0,2,0,0
29391,0,0,0,11,0,0
29392,0,0,0,15,0,0
29393,0,0,0,20,0,0
29394,0,0,0,6,0,0
29395,0,0,0,0,0,0
29396,0,0,0,3,0,35
29397,0,0,0,0,0,76
29398,0,0,0,0,0,223
29399,0,0,0,0,0,481
29400,0,0,0,0,12,755
29401,0,0,0,0,11,962
29402,0,0,0,0,26,1011
29403,0,0,0,1,6,970
29404,0,0,0,0,0,603
29405,0,0,0,7,0,154
29406,0,0,0,0,0,140
29407,0,0,0,1,0,550
29408,0,0,0,15,9,769
29409,0,0,0,6,3,670
29410,0,0,0,0,17,508
29411,0,0,0,0,35,511
29412,0,0,0,3,42,389
29413,0,0,0,44,70,332
29414,0,0,0,0,51,280
29415,0,0,0,1,40,256
29416,0,0,0,45,16,194
29417,0,0,0,0,6,47
29418,0,0,0,0,0,2
29419,0,0,0,0,2,144
29420,0,0,0,0,0,286
29421,0,0,0,21,4,377
29422,0,0,0,0,41,510
29423,0,0,0,0,58,463
29424,0,0,0,2,34,250
29425,0,0,0,34,17,132
29426,0,0,0,37,1,196
29427,0,0,0,51,0,243
29428,0,0,0,13,0,289
29429,0,0,0,0,0,416
29430,0,0,0,0,0,423
29431,0,0,0,2,0,266
29432,0,0,0,38,0,104
29433,0,0,0,25,0,4
29434,0,0,0,0,0,101
29435,0,0,0,0,0,405
29436,0,0,0,13,0,531
29437,0,0,0,0,0,464
29438,0,0,0,11,6,283
29439,0,0,0,0,25,165
29440,0,0,0,0,42,130
29441,0,0,0,35,37,225
29442,0,0,0,0,54,327
29443,0,0,0,5,65,277
29444,0,0,0,0,39,77
29445,0,0,0,12,1,46
29446,0,0,0,11,19,187
29447,0,0,0,9,41,224
29448,0,0,0,3,2,254
29449,0,0,0,0,1,227
29450,0,0,0,127,49,463
29451,0,0,0,67,188,665
29452,0,0,0,44,261,792
29453,0,0,0,41,85,521
29454,0,0,0,15,38,483
29455,0,0,0,40,18,457
29456,0,0,0,133,61,621
29457,0,0,0,98,82,467
29458,0,0,0,113,36,317
29459,0,0,0,183,7,95
29460,0,0,0,319,2,1
29461,0,0,0,473,9,96
29462,0,0,0,355,3,75
29463,0,0,0,166,0,50
29464,0,0,0,26,0,14
29465,0,0,0,0,0,2
29466,0,0,0,0,0,3
29467,0,0,0,10,0,34
29468,0,0,0,91,0,58
29469,0,0,0,89,0,60
29470,31,0,0,23,0,48
29471,75,0,0,41,0,26
29472,124,0,0,15,0,46
29473,213,0,0,0,0,73
29474,123,0,0,0,1,175
29475,3,0,0,0,0,281
29476,45,0,0,21,6,431
29477,67,0,0,118,146,572
29478,153,0,0,25,112,819
29479,316,0,0,23,23,575
29480,295,0,0,9,127,206
29481,311,36,0,0,49,136
29482,138,0,0,0,51,180
29483,0,0,0,0,63,274
29484,30,0,0,0,101,309
29485,172,12,0,0,87,142
29486,113,0,0,0,0,59
29487,0,0,0,38,0,51
29488,0,0,1,104,3,57
29489,0,0,19,41,1,19
29490,53,0,12,41,1,6
29491,27,0,0,146,2,15
29492,0,0,34,14,0,4
29493,0,0,8,55,0,6
29494,0,0,0,138,0,0
29495,0,0,10,64,0,0
29496,0,0,5,0,0,1
29497,0,0,0,45,0,0
29498,0,0,10,38,0,0
29499,0,0,0,1,0,0
29500,0,0,0,0,0,0
29501,0,0,0,0,0,0
29502,0,0,0,0,0,0
29503,0,0,0,0,0,0
29504,0,0,8,0,0,0
29505,0,0,6,0,0,0
29506,9,0,0,0,0,2
29507,62,0,0,0,0,0
29508,250,0,0,0,0,0
29509,258,0,0,0,0,0
29510,145,0,0,0,0,0
29511,16,0,0,0,0,0
29512,82,4,0,0,0,0
29513,80,0,0,0,0,0
29514,204,0,0,0,0,0
29515,489,0,0,0,0,0
29516,694,0,0,0,0,0
29517,613,0,0,0,0,0
29518,321,0,0,0,0,0
29519,320,4,0,0,0,0
29520,94,0,0,0,0,0
29521,40,0,0,0,8,0
29522,82,0,0,1,1,0
29523,139,0,0,9,1,0
29524,68,0,2,44,0,0
29525,27,0,0,62,0,0
29526,0,0,0,21,0,0
29527,0,0,0,59,3,0
29528,23,0,0,24,0,0
29529,42,0,0,0,0,0
29530,106,0,0,6,0,0
29531,54,0,0,3,0,0
29532,15,0,0,0,0,0
29533,6,0,0,0,0,0
29534,21,0,0,0,0,0
29535,49,0,0,0,0,0
29536,21,0,0,0,0,0
29537,25,0,0,0,0,0
29538,0,0,0,0,0,0
29539,0,0,0,0,0,0
29540,0,0,0,28,0,0
29541,0,0,0,42,0,1
29542,4,0,0,87,0,17
29543,1,0,0,83,0,19
29544,0,0,0,50,0,28
29545,0,0,0,63,0,0
29546,0,0,0,67,0,18
29547,0,0,0,27,0,0
29548,0,0,0,36,0,6
29549,0,0,0,6,0,0
29550,0,0,0,0,0,0
29551,0,0,0,0,0,0
29552,0,0,0,0,0,0
29553,0,0,0,0,0,0
29554,0,0,2,7,0,0
29555,0,0,0,61,0,0
29556,0,0,0,100,0,0
29557,1,0,0,96,0,0
29558,0,0,0,51,0,0
29559,0,0,0,29,0,0
29560,0,0,0,0,0,0
29561,0,0,0,0,0,0
29562,0,0,0,0,0,0
29563,0,0,0,0,0,0
29564,1,0,0,0,0,0
29565,0,0,0,2,0,0
29566,0,0,0,19,0,0
29567,0,0,0,0,0,0
29568,0,0,0,0,0,0
29569,0,0,0,0,0,0
29570,0,0,0,0,0,0
29571,0,0,0,0,0,0
29572,0,0,0,0,0,0
29573,0,0,0,13,0,0
29574,0,0,0,0,0,0
29575,0,0,0,5,0,0
29576,0,0,0,12,0,0
29577,0,0,0,1,0,0
29578,0,0,0,0,0,0
29579,0,0,0,0,0,0
29580,0,0,0,0,0,0
29581,0,0,0,0,0,0
29582,0,0,0,2,0,0
29583,0,0,0,2,0,0
29584,0,0,0,0,0,0
29585,0,0,0,4,0,0
29586,0,0,0,0,0,0
29587,0,0,0,0,0,0
29588,0,0,0,0,0,0
29589,0,0,0,0,25,48
29590,0,0,0,0,31,32
29591,0,0,0,0,14,22
29592,0,0,0,0,0,0
29593,0,0,0,6,0,0
29594,0,0,0,17,0,0
29595,0,0,0,0,0,0
29596,0,0,0,0,0,0
29597,0,0,0,0,1,12
29598,0,0,0,0,0,0
29599,0,0,1,0,0,0
29600,0,0,0,0,0,0
29601,0,0,0,1,0,0
29602,0,0,0,0,0,0
29603,0,0,0,0,0,0
29604,0,0,0,0,0,0
29605,0,0,0,0,0,0
29606,0,0,12,0,0,0
29607,0,0,3,0,0,0
29608,0,0,0,0,0,0
29609,0,0,0,0,0,0
29610,0,0,0,0,0,0
29611,0,0,0,0,1,0
29612,0,0,7,0,0,0
29613,0,0,6,0,0,0
29614,0,0,0,0,0,0
29615,0,0,1,0,0,0
29616,0,0,1,0,0,0
29617,0,0,0,0,5,19
29618,0,0,0,0,6,11
29619,0,0,0,0,6,0
29620,0,0,0,0,0,0
29621,0,0,0,0,0,0
29622,0,0,0,0,0,0
29623,0,0,0,0,0,0
29624,0,0,0,0,0,0
29625,0,0,1,0,0,0
29626,0,0,1,0,0,0
29627,0,0,0,0,0,0
29628,0,0,2,0,0,0
29629,0,0,5,0,0,0
29630,0,0,0,0,0,0
29631,0,0,1,0,0,0
29632,0,0,4,0,0,0
29633,0,0,0,0,0,0
29634,0,0,0,0,0,0
29635,0,0,0,0,0,0
29636,0,0,0,0,0,0
29637,0,0,0,0,0,0
29638,0,0,0,0,0,0
29639,0,0,0,0,0,0
29640,0,0,0,0,0,0
29641,0,0,0,2,0,0
29642,0,0,0,0,0,0
29643,0,0,0,0,0,0
29644,0,0,0,0,0,0
29645,0,0,2,0,0,0
29646,0,0,0,0,0,0
29647,0,0,0,0,0,0
29648,0,0,0,19,2,0
29649,0,0,0,1,1,0
29650,0,0,0,0,6,0
29651,0,0,3,7,0,0
29652,0,0,7,2,18,0
29653,0,0,0,0,19,0
29654,0,0,0,27,25,0
29655,0,0,0,0,9,0
29656,0,0,0,12,8,0
29657,0,0,0,0,5,0
29658,0,0,0,0,4,0
29659,0,0,0,0,0,0
29660,0,0,0,0,1,0
29661,0,0,0,0,0,0
29662,0,0,0,0,0,0
29663,0,0,0,0,0,0
29664,0,0,0,0,0,0
29665,0,0,0,0,29,42
29666,0,0,0,0,28,8
29667,0,0,0,0,24,17
29668,0,0,0,0,5,0
29669,0,0,0,0,0,0
29670,0,0,0,0,0,0
29671,0,0,0,0,1,0
29672,0,0,0,0,0,0
29673,0,0,0,0,0,0
29674,0,0,0,0,0,0
29675,0,0,0,0,0,0
29676,0,0,0,0,0,41
29677,0,0,0,0,0,43
29678,0,0,0,0,0,10
29679,0,0,0,0,0,33
29680,0,0,0,0,0,18
29681,0,0,0,0,0,13
29682,0,0,0,0,0,6
29683,0,0,0,0,0,0
29684,0,0,0,0,0,0
29685,0,0,0,0,0,0
29686,0,0,0,0,0,0
29687,0,0,0,0,0,0
29688,0,0,0,0,0,0
29689,0,0,0,0,0,2
29690,0,0,0,0,0,0
29691,0,0,0,0,0,0
29692,0,0,0,0,2,4
29693,0,0,0,0,0,0
29694,0,0,0,0,7,46
29695,0,0,0,0,37,141
29696,0,0,0,0,31,144
29697,0,0,0,0,19,93
29698,0,0,0,0,34,47
29699,0,0,0,0,10,0
29700,0,0,0,0,4,0
29701,0,0,0,0,7,40
29702,0,0,0,0,3,55
29703,0,0,0,0,0,56
29704,0,0,0,0,0,83
29705,0,0,0,0,0,60
29706,0,0,0,0,0,15
29707,0,0,0,0,0,0
29708,0,0,0,1,0,0
29709,0,0,0,0,0,0
29710,0,0,0,0,0,0
29711,0,0,0,0,0,0
29712,0,0,0,0,0,0
29713,0,0,0,0,0,0
29714,0,0,0,18,0,0
29715,0,0,0,12,0,0
29716,0,0,0,13,0,1
29717,0,0,0,4,0,0
29718,0,0,0,0,0,0
29719,0,0,0,2,0,0
29720,0,0,0,36,0,0
29721,0,0,0,30,0,0
29722,0,0,0,1,0,0
29723,0,0,0,0,0,0
29724,0,0,0,0,0,0
29725,0,0,0,0,0,29
29726,0,0,0,0,0,13
29727,0,0,0,0,0,0
29728,0,0,0,0,0,2
29729,0,0,0,0,0,0
29730,0,0,0,0,0,0
29731,0,0,0,0,4,0
29732,0,0,0,16,1,0
29733,0,0,0,76,0,0
29734,0,0,0,81,0,0
29735,0,0,0,18,5,0
29736,0,0,0,42,1,0
29737,0,0,0,165,166,3
29738,0,0,0,423,305,59
29739,0,0,0,494,364,95
29740,0,0,0,845,576,167
29741,0,0,0,1099,747,182
29742,0,0,0,1231,718,230
29743,0,0,0,1411,968,249
29744,0,0,0,1551,1088,300
29745,0,0,0,1842,1379,374
29746,0,0,0,1866,1583,266
29747,0,0,0,1985,1705,195
29748,0,0,0,2135,1756,111
29749,0,0,0,2015,1750,189
29750,0,0,0,2187,1770,119
29751,0,0,0,2242,1799,122
29752,0,0,0,2338,1961,172
29753,0,0,0,2432,1831,178
29754,0,0,0,2438,1824,159
29755,0,0,0,2536,1784,231
29756,0,0,0,2673,1666,257
29757,0,0,0,2739,1642,259
29758,0,0,0,2837,1636,325
29759,0,0,0,2905,1813,245
29760,0,0,0,2803,1911,226
29761,0,0,0,2814,1985,266
29762,0,0,0,2844,1939,278
29763,0,0,0,2653,1900,268
29764,0,0,0,2616,1790,265
29765,0,0,0,2643,1792,282
29766,0,0,0,2434,1707,256
29767,0,0,0,2406,1793,173
29768,0,0,0,2383,1888,100
29769,0,0,0,2279,1988,129
29770,0,0,0,1993,1920,106
29771,0,0,0,1625,1740,143
29772,0,0,0,1253,1444,98
29773,0,0,0,761,839,37
29774,0,0,0,251,308,2
29775,0,0,0,16,34,0
29776,0,0,0,175,110,20
29777,0,0,0,759,469,41
29778,0,0,0,1432,847,9
29779,0,0,0,1954,1169,11
29780,0,0,0,2332,1547,114
29781,0,0,0,2894,2036,193
29782,0,0,0,3408,2316,103
29783,0,0,0,3862,2697,50
29784,0,0,0,4220,3019,93
29785,0,0,0,4437,3249,198
29786,0,0,0,4590,3258,392
29787,0,0,0,4648,3414,611
29788,0,0,0,4764,3276,972
29789,0,0,0,4817,3080,1320
29790,0,0,0,4725,2890,1485
29791,0,0,0,4540,2769,1765
29792,0,0,0,4369,2588,1747
29793,0,0,0,4182,2320,1789
29794,0,0,0,3991,2106,1884
29795,0,0,0,3849,2009,1875
29796,0,0,0,3582,1749,1921
29797,0,0,0,3379,1679,1959
29798,0,0,0,3099,1629,1817
29799,0,0,0,2916,1645,1740
29800,0,0,0,2750,1675,1787
29801,0,0,0,2351,1725,1866
29802,0,0,0,2259,1541,1752
29803,0,0,0,2089,1468,1718
29804,0,0,0,1943,1208,1609
29805,0,0,0,1899,807,1323
29806,0,0,0,1746,664,1488
29807,0,0,0,1577,437,1136
29808,0,0,0,1338,310,835
29809,0,0,0,1222,280,632
29810,0,0,0,1081,255,475
29811,0,0,0,881,248,267
29812,0,0,0,447,233,336
29813,0,0,0,142,172,268
29814,0,0,0,60,211,218
29815,0,0,0,304,313,155
29816,0,0,0,664,466,56
29817,0,0,0,869,640,398
29818,0,0,0,1130,1182,1029
29819,0,0,0,1364,1527,1298
29820,0,0,0,1582,1619,1495
29821,0,0,0,1902,1670,1666
29822,0,0,0,1951,1395,1362
29823,0,0,0,1930,732,1080
29824,0,0,0,1745,506,1092
29825,0,0,0,1564,297,1582
29826,0,0,0,1436,269,2374
29827,0,0,0,1162,267,2707
29828,0,0,0,954,285,2889
29829,0,0,0,807,428,2913
29830,0,0,0,767,651,3009
29831,0,0,0,774,811,3588
29832,0,0,0,688,534,3749
29833,0,0,0,641,551,3842
29834,0,0,0,497,599,3618
29835,0,0,0,478,663,3438
29836,0,0,0,449,844,3391
29837,0,0,1,350,1003,3710
29838,0,0,0,314,1045,4222
29839,0,0,0,230,1349,4673
29840,0,0,2,198,1595,5230
29841,0,0,0,181,1695,5453
29842,0,0,3,119,1624,5802
29843,0,0,196,164,1574,6847
29844,0,0,373,40,1349,7505
29845,0,0,428,44,1325,7387
29846,0,0,547,24,1346,6933
29847,0,0,551,55,1573,5721
29848,0,0,263,100,1355,4619
29849,0,0,36,316,1158,4743
29850,0,0,14,520,455,5373
29851,0,0,15,624,772,5922
29852,0,0,3,513,1478,6454
29853,0,0,0,316,2323,6904
29854,0,0,0,106,2860,7522
29855,0,0,8,170,2640,6030
29856,0,0,0,85,2085,3702
29857,0,0,2,110,1505,1415
29858,0,0,72,26,146,197
29859,0,0,0,194,571,419
29860,0,0,3,543,1967,700
29861,0,0,0,533,2690,1200
29862,0,0,0,365,3096,1444
29863,0,0,0,104,2531,1447
29864,0,0,3,102,1717,1201
29865,0,0,6,5,1312,609
29866,0,0,6,4,1370,466
29867,0,0,0,8,1653,230
29868,0,0,1,0,1985,121
29869,0,0,0,18,2332,31
29870,0,0,0,47,2364,154
29871,0,0,8,76,2203,350
29872,0,0,46,230,2062,316
29873,0,0,19,227,2135,359
29874,0,0,0,276,2700,394
29875,0,0,0,69,2447,411
29876,0,0,0,270,2188,659
29877,0,0,0,230,957,364
29878,0,0,20,344,845,63
29879,0,0,90,415,521,169
29880,0,0,17,851,762,786
29881,0,0,0,844,1320,1101
29882,0,0,0,1024,1781,1248
29883,0,0,0,807,2004,1324
29884,0,0,0,894,1905,1143
29885,0,0,0,854,1819,889
29886,0,0,0,824,930,617
29887,0,0,0,831,645,57
29888,0,0,0,822,1193,277
29889,0,0,0,625,1625,602
29890,0,0,0,489,1820,738
29891,0,0,0,281,1658,756
29892,0,0,0,142,1477,711
29893,0,0,0,37,866,610
29894,0,0,0,134,308,421
29895,0,0,0,247,90,14
29896,0,0,0,351,108,2
29897,0,0,0,437,244,5
29898,0,0,0,402,162,112
29899,0,0,0,279,115,199
29900,0,0,0,272,288,278
29901,0,0,0,90,270,264
29902,0,0,0,9,180,154
29903,0,0,0,38,174,21
29904,0,0,0,13,18,0
29905,0,0,0,2,0,0
29906,0,0,0,0,3,0
29907,0,0,0,0,11,0
29908,0,0,0,0,22,0
29909,0,0,0,19,30,0
29910,0,0,0,6,26,0
29911,0,0,0,5,38,0
29912,0,0,0,0,0,0
29913,0,0,2,0,13,0
29914,0,0,4,0,7,0
29915,0,0,0,0,20,0
29916,0,0,0,0,0,0
29917,0,0,0,0,0,0
29918,0,0,0,73,2,0
29919,0,0,0,20,0,0
29920,0,0,0,77,0,0
29921,0,0,0,154,0,0
29922,0,0,0,167,0,0
29923,0,0,0,223,0,0
29924,0,0,0,299,13,0
29925,0,0,0,313,97,0
29926,0,0,0,273,144,0
29927,0,0,0,220,108,0
29928,0,0,0,240,32,0
29929,0,0,0,182,1,0
29930,0,0,0,198,0,0
29931,0,0,0,32,0,0
29932,0,0,0,3,0,0
29933,0,0,0,10,103,0
29934,0,0,0,0,73,0
29935,0,0,0,19,84,0
29936,0,0,0,68,91,0
29937,0,0,0,27,49,0
29938,0,0,0,1,4,0
29939,0,0,0,6,0,0
29940,0,0,0,0,0,0
29941,0,0,0,10,2,0
29942,0,0,0,13,0,0
29943,0,0,0,0,0,0
29944,0,0,0,2,0,0
29945,0,0,0,51,19,0
29946,0,0,0,32,58,0
29947,0,0,0,61,71,0
29948,0,0,0,5,61,0
29949,0,0,0,11,39,0
29950,0,0,0,15,12,0
29951,0,0,0,31,0,0
29952,0,0,0,1,0,0
29953,0,0,0,15,0,0
29954,0,0,0,92,0,0
29955,0,0,0,36,0,0
29956,0,0,0,0,13,0
29957,0,0,0,16,0,0
29958,0,0,0,59,2,0
29959,0,0,0,31,6,0
29960,0,0,0,0,0,0
29961,0,0,2,0,0,0
29962,0,0,5,0,0,0
29963,0,0,3,0,0,0
29964,0,0,0,0,0,0
29965,0,0,6,0,0,0
29966,0,0,0,9,0,0
29967,0,0,0,14,0,0
29968,0,0,0,12,0,0
29969,0,0,0,8,0,0
29970,0,0,0,0,0,0
29971,0,0,0,0,1,0
29972,0,0,2,4,0,0
29973,0,0,6,0,0,0
29974,0,0,3,5,0,0
29975,0,0,5,68,0,0
29976,0,0,0,50,0,0
29977,0,0,0,128,0,0
29978,0,0,0,107,0,0
29979,0,0,0,99,0,0
29980,0,0,0,96,0,0
29981,0,0,0,101,0,0
29982,0,0,0,40,0,0
29983,0,0,0,45,0,0
29984,0,0,0,32,6,0
29985,0,0,0,11,14,0
29986,0,0,0,2,17,0
29987,0,0,0,2,44,0
29988,0,0,2,0,42,0
29989,0,0,0,0,3,0
29990,0,0,0,0,0,0
29991,0,0,0,0,0,0
29992,0,0,0,0,1,0
29993,0,0,0,0,0,0
29994,0,0,2,2,3,0
29995,0,0,0,0,0,0
29996,0,0,0,0,0,0
29997,0,0,0,0,0,0
29998,0,0,0,0,0,0
29999,0,0,0,0,0,0
30000,0,0,0,0,1,0
30001,0,0,0,8,8,0
30002,0,0,0,6,11,0
30003,0,0,0,5,109,0
30004,0,0,2,0,323,0
30005,0,0,0,0,706,5
30006,0,0,0,0,1229,25
30007,0,0,2,6,1443,22
30008,0,0,0,38,1449,3
30009,0,0,0,5,1559,22
30010,0,0,3,23,1491,41
30011,0,0,22,88,1637,76
30012,0,0,0,22,1597,3
30013,0,0,0,0,1730,22
30014,0,0,0,1,1985,30
30015,0,0,0,0,1766,66
30016,0,0,0,0,1669,80
30017,0,0,9,0,1857,57
30018,0,0,0,0,2051,109
30019,0,0,0,4,2060,78
30020,0,0,1,29,2019,87
30021,0,0,44,35,2098,30
30022,0,0,2,54,2006,16
30023,0,0,0,299,2342,23
30024,0,0,0,1079,2724,68
30025,0,0,0,1456,3217,135
30026,0,0,100,917,3779,354
30027,0,0,7,260,4051,544
30028,0,0,16,206,3674,457
30029,0,0,0,96,3351,133
30030,0,0,0,233,2717,48
30031,0,0,0,286,2231,0
30032,0,0,19,388,1588,33
30033,0,0,17,325,1146,0
30034,0,0,28,241,469,0
30035,0,0,0,168,260,0
30036,0,0,0,148,394,0
30037,0,0,0,117,1039,0
30038,0,0,5,140,1764,4
30039,0,0,30,0,2742,7
30040,0,0,117,4,3516,52
30041,0,0,55,159,4054,156
30042,0,0,0,445,4026,175
30043,0,0,0,808,3493,370
30044,0,0,0,664,2046,322
30045,0,0,4,534,976,1
30046,0,0,8,448,926,1
30047,0,0,5,91,956,41
30048,0,0,0,28,975,71
30049,0,0,0,24,974,1
30050,0,0,0,284,1085,0
30051,0,0,0,138,1108,0
30052,0,0,0,145,1237,0
30053,0,0,0,61,1224,0
30054,0,0,16,18,1103,35
30055,0,0,8,0,1011,2
30056,0,0,0,6,924,9
30057,0,0,0,0,861,0
30058,0,0,0,5,857,0
30059,0,0,0,11,973,0
30060,0,0,0,0,845,0
30061,0,0,0,20,449,0
30062,0,0,0,11,828,0
30063,0,0,0,5,2021,0
30064,0,0,0,169,2469,40
30065,0,0,0,690,2879,125
30066,0,0,0,925,3156,81
30067,0,0,0,1108,3584,58
30068,0,0,0,1217,3802,33
30069,0,0,0,1466,3740,47
30070,0,0,0,1521,3067,18
30071,0,0,0,1363,1867,4
30072,0,0,0,1037,1362,0
30073,0,0,0,600,1693,0
30074,0,0,0,194,1628,3
30075,5,0,0,170,1880,12
30076,0,0,0,104,2610,102
30077,0,0,0,32,2906,227
30078,0,0,0,10,3152,412
30079,0,0,1,5,2698,423
30080,0,0,0,25,2216,289
30081,0,0,0,55,1028,22
30082,0,0,0,49,616,10
30083,0,0,0,203,1107,0
30084,0,0,0,108,1353,0
30085,0,0,0,61,1281,0
30086,0,0,0,31,1458,1
30087,0,0,0,107,2081,3
30088,0,0,0,136,1920,41
30089,0,0,0,185,1663,187
30090,0,0,0,4,1866,287
30091,0,0,0,7,2469,310
30092,0,0,0,0,3101,145
30093,0,0,0,2,3676,281
30094,0,0,0,22,3489,565
30095,0,0,0,52,1624,518
30096,0,0,0,94,525,414
30097,0,0,0,20,426,195
30098,0,0,0,7,163,9
30099,0,0,4,19,225,1
30100,0,0,0,0,116,0
30101,0,0,0,0,80,0
30102,0,0,0,0,48,0
30103,0,0,0,0,36,4
30104,0,0,0,17,66,0
30105,0,0,0,63,103,0
30106,0,0,0,66,210,0
30107,0,0,0,27,254,0
30108,0,0,0,8,198,0
30109,0,0,0,0,73,0
30110,0,0,0,18,0,0
30111,0,0,0,0,17,0
30112,0,0,0,21,125,0
30113,0,0,0,26,159,0
30114,0,0,0,25,107,0
30115,0,0,0,27,0,0
30116,0,0,0,31,0,0
30117,0,0,0,0,1,0
30118,0,0,0,0,0,0
30119,0,0,0,27,0,0
30120,0,0,0,0,0,0
30121,0,0,0,7,0,0
30122,29,0,0,5,2,0
30123,40,0,0,0,1,0
30124,0,0,0,1,0,0
30125,0,0,0,7,12,0
30126,0,0,0,0,57,0
30127,0,0,0,5,55,0
30128,0,0,0,0,14,0
30129,0,0,0,0,0,0
30130,0,0,0,0,0,0
30131,0,0,0,0,0,0
30132,0,0,0,0,0,0
30133,0,0,0,0,0,0
30134,0,0,0,0,2,0
30135,0,0,0,0,70,0
30136,0,0,0,9,151,0
30137,0,0,0,50,95,0
30138,0,0,0,81,30,0
30139,0,0,0,49,3,0
30140,0,0,0,31,43,0
30141,0,0,0,20,8,0
30142,0,0,0,178,131,0
30143,0,0,0,364,368,1
30144,0,0,0,645,629,0
30145,0,0,0,848,440,0
30146,0,0,0,917,320,0
30147,0,0,0,1007,415,2
30148,11,0,0,1139,492,0
30149,0,0,0,1188,494,4
30150,0,0,0,917,372,2
30151,0,0,0,795,427,10
30152,0,0,0,435,340,5
30153,0,0,3,255,240,0
30154,0,0,0,123,164,0
30155,0,0,0,10,112,2
30156,0,0,0,0,0,111
30157,0,0,0,2,4,167
30158,0,0,0,0,0,35
30159,0,0,0,0,0,0
30160,0,0,0,0,0,0
30161,0,0,0,0,0,34
30162,0,0,0,0,0,79
30163,0,0,0,8,11,34
30164,0,0,0,20,20,4
30165,0,0,0,0,101,0
30166,0,0,0,5,116,0
30167,0,0,0,0,109,0
30168,0,0,0,20,90,0
30169,0,0,0,0,141,0
30170,0,0,0,0,147,0
30171,0,0,0,0,36,4
30172,0,0,0,0,56,1
30173,0,0,0,0,32,16
30174,0,0,0,0,17,176
30175,0,0,0,17,0,243
30176,31,0,0,71,199,217
30177,178,0,0,36,1034,102
30178,537,0,6,102,1005,248
30179,668,0,0,169,307,260
30180,690,0,0,36,411,138
30181,783,0,0,67,493,28
30182,729,0,0,30,201,4
30183,745,0,0,16,172,23
30184,382,0,0,0,222,48
30185,110,0,0,54,158,39
30186,37,0,0,6,1,0
30187,49,0,1,0,0,52
30188,107,3,0,52,0,190
30189,285,48,0,5,0,175
30190,503,332,2,49,0,198
30191,545,499,11,54,0,309
30192,509,589,13,1,0,327
30193,485,573,14,0,5,218
30194,821,465,11,0,8,98
30195,963,327,2,0,1,0
30196,966,138,2,0,182,19
30197,786,59,0,0,229,8
30198,659,52,0,0,190,0
30199,537,73,0,0,117,0
30200,287,10,0,0,231,0
30201,115,6,7,0,111,0
30202,46,12,0,0,5,0
30203,16,173,16,0,0,0
30204,32,241,11,0,7,0
30205,23,210,19,0,3,0
30206,18,216,16,0,5,0
30207,29,155,7,0,1,0
30208,51,136,12,0,0,0
30209,47,154,11,0,13,7
30210,87,125,5,0,0,0
30211,77,113,0,0,7,1
30212,58,112,2,0,1,0
30213,23,103,0,0,2,0
30214,30,40,0,0,14,0
30215,48,28,0,0,8,0
30216,109,52,0,0,37,0
30217,146,38,0,39,61,0
30218,159,88,3,25,141,0
30219,166,88,7,53,294,0
30220,165,42,7,28,462,35
30221,145,12,15,11,576,54
30222,91,7,17,63,515,78
30223,75,3,8,30,371,16
30224,104,6,3,0,135,10
30225,177,32,6,25,8,0
30226,272,25,3,0,74,0
30227,427,50,2,15,9,0
30228,632,54,7,18,0,0
30229,918,132,9,0,0,0
30230,977,138,28,46,4,0
30231,1064,166,46,0,16,0
30232,858,45,37,0,107,0
30233,438,22,33,0,85,0
30234,20,69,33,0,20,0
30235,2,84,46,0,0,0
30236,44,344,113,0,6,0
30237,340,225,118,30,0,0
30238,481,366,6,0,0,0
30239,486,527,89,1,41,0
30240,481,431,166,0,52,0
30241,413,348,188,0,91,0
30242,263,349,123,0,145,0
30243,96,187,73,37,117,0
30244,14,0,14,30,90,0
30245,0,3,3,20,104,0
30246,48,18,23,1,86,0
30247,10,0,66,0,34,0
30248,2,0,116,0,24,0
30249,2,0,196,0,0,0
30250,0,0,290,2,33,0
30251,0,0,208,1,126,0
30252,0,4,155,0,119,0
30253,0,0,46,2,113,0
30254,6,0,0,0,130,0
30255,0,0,0,5,3,0
30256,0,0,37,21,10,0
30257,0,0,147,0,41,6
30258,5,0,233,0,67,0
30259,49,0,287,1,170,0
30260,57,6,147,28,131,0
30261,84,3,55,3,63,0
30262,65,0,6,0,0,0
30263,7,0,0,0,2,0
30264,0,0,0,27,24,0
30265,0,0,0,20,169,1
30266,0,0,5,0,266,0
30267,0,0,0,24,221,0
30268,0,0,0,100,109,0
30269,0,0,3,181,98,0
30270,0,0,0,122,116,0
30271,0,0,0,131,411,0
30272,0,0,0,153,625,30
30273,0,0,0,183,758,84
30274,0,0,0,383,706,88
30275,0,0,0,1322,662,24
30276,0,0,0,1642,424,6
30277,6,0,0,966,177,34
30278,10,0,0,266,81,0
30279,23,0,2,166,38,0
30280,32,0,0,269,73,35
30281,7,0,0,481,14,19
30282,8,0,0,391,0,0
30283,12,0,0,424,0,0
30284,1,0,0,747,72,8
30285,0,0,0,712,123,2
30286,79,0,0,654,76,21
30287,108,0,0,519,42,10
30288,42,0,0,193,22,0
30289,4,0,0,28,0,0
30290,11,0,0,7,0,0
30291,2,0,0,46,0,0
30292,0,0,0,105,24,0
30293,1,0,0,139,19,0
30294,0,0,0,56,3,0
30295,0,0,0,22,0,0
30296,2,0,0,0,19,0
30297,35,0,0,0,276,8
30298,0,0,0,0,438,11
30299,0,0,0,9,346,12
30300,0,0,0,0,174,0
30301,0,0,0,43,220,1
30302,0,0,0,75,104,0
30303,0,0,0,86,23,0
30304,0,0,0,77,21,0
30305,0,0,0,10,8,0
30306,0,0,0,4,55,0
30307,0,0,0,0,106,0
30308,0,0,0,17,82,0
30309,0,0,0,2,0,0
30310,0,0,0,6,0,0
30311,0,0,0,10,0,0
30312,8,0,0,0,0,0
30313,0,0,0,0,0,0
30314,0,0,0,0,0,0
30315,0,0,0,0,0,0
30316,0,0,0,0,0,0
30317,0,0,0,0,0,0
30318,0,0,0,0,0,0
30319,0,0,0,0,0,0
30320,0,0,0,0,0,0
30321,0,0,0,0,1,0
30322,0,0,0,0,0,0
30323,0,0,0,0,0,0
30324,0,0,0,0,0,0
30325,0,0,0,0,0,0
30326,0,0,0,0,0,0
30327,0,0,0,0,0,0
30328,0,0,0,0,0,0
30329,0,0,0,0,0,0
30330,0,0,0,0,0,0
30331,0,0,0,0,0,0
30332,0,0,0,0,0,0
30333,0,0,2,0,0,0
30334,0,0,0,0,0,0
30335,0,0,1,0,2,0
30336,0,0,4,0,0,0
30337,0,0,0,0,0,0
30338,0,0,0,0,0,0
30339,0,0,0,0,0,0
30340,0,0,0,0,0,0
30341,0,0,0,0,0,0
30342,0,0,0,0,0,0
30343,0,0,0,0,0,0
30344,0,0,0,0,0,0
30345,0,0,0,0,0,0
30346,0,0,0,0,0,0
30347,0,0,0,0,0,0
30348,0,0,0,0,0,0
30349,0,0,0,0,0,0
30350,0,0,0,0,0,0
30351,0,0,0,0,0,0
30352,0,0,0,26,0,0
30353,0,0,0,7,0,0
30354,0,0,0,49,0,0
30355,0,0,0,28,0,0
30356,0,0,0,53,14,0
30357,0,0,1,5,0,0
30358,0,0,0,32,0,0
30359,0,0,0,66,0,0
30360,0,0,0,14,3,0
30361,0,0,0,81,0,0
30362,0,0,0,2,0,0
30363,0,0,0,54,0,0
30364,0,0,0,28,0,0
30365,0,0,0,23,5,0
30366,0,0,0,29,0,0
30367,0,0,0,36,0,0
30368,2,0,0,20,0,0
30369,0,0,0,21,0,0
30370,9,0,0,0,0,0
30371,0,0,0,0,1,2
30372,2,0,0,0,0,0
30373,1,0,0,0,0,0
30374,0,0,0,0,0,0
30375,0,0,0,0,0,0
30376,0,0,0,0,0,0
30377,0,0,0,0,0,0
30378,18,0,6,0,0,0
30379,44,0,0,0,0,0
30380,5,0,0,0,0,0
30381,4,0,25,0,0,0
30382,6,0,17,0,1,0
30383,1,0,0,0,0,0
30384,0,0,0,0,0,0
30385,0,0,4,0,0,0
30386,0,0,2,0,1,0
30387,0,0,0,0,0,0
30388,0,0,0,0,0,0
30389,0,0,0,0,0,0
30390,0,0,0,0,0,0
30391,0,0,0,0,0,0
30392,0,0,0,0,0,0
30393,0,0,0,0,1,0
30394,0,0,0,0,0,0
30395,0,0,0,0,0,0
30396,0,0,0,0,0,0
30397,0,0,0,0,0,0
30398,0,0,0,0,0,0
30399,0,0,0,0,0,0
30400,0,0,0,0,0,0
30401,0,0,0,0,0,0
30402,0,0,0,0,0,0
30403,0,0,0,0,0,0
30404,0,0,0,0,0,0
30405,0,0,0,0,0,0
30406,6,0,28,0,0,0
30407,0,0,0,0,0,0
30408,0,0,0,0,0,0
30409,0,0,0,0,0,0
30410,0,0,0,0,0,0
30411,0,0,0,0,0,0
30412,0,0,0,0,0,0
30413,14,0,0,0,0,0
30414,82,0,0,0,0,0
30415,254,0,0,0,0,0
30416,366,0,0,0,0,0
30417,363,0,0,0,0,0
30418,431,0,0,0,0,0
30419,430,0,0,0,0,0
30420,460,0,0,0,0,0
30421,452,0,0,0,0,0
30422,446,0,0,0,0,0
30423,418,0,0,0,0,0
30424,409,0,0,0,0,0
30425,397,0,0,0,0,0
30426,372,0,0,0,0,0
30427,304,0,0,0,0,0
30428,88,0,0,0,0,0
30429,0,0,0,0,0,0
30430,3,0,0,0,0,0
30431,78,0,0,0,0,0
30432,232,0,0,0,0,0
30433,315,0,0,0,1,0
30434,417,0,0,0,0,0
30435,558,0,0,0,0,0
30436,669,0,0,0,1,0
30437,731,0,0,0,1,0
30438,788,0,0,0,0,0
30439,741,0,0,0,0,0
30440,502,0,0,0,0,4
30441,163,0,0,0,0,0
30442,5,0,0,0,0,0
30443,22,0,0,0,0,0
30444,2,0,0,0,0,0
30445,4,0,0,0,0,0
30446,69,0,0,0,0,0
30447,188,0,0,0,0,0
30448,387,0,0,40,81,0
30449,499,0,0,516,180,0
30450,620,0,0,1301,149,0
30451,665,0,0,1622,88,0
30452,679,0,0,1874,27,0
30453,619,0,0,2022,177,0
30454,621,0,0,2052,565,10
30455,387,0,0,1580,619,56
30456,263,1,0,966,419,36
30457,20,0,0,524,468,154
30458,21,0,1,196,451,95
30459,0,0,0,20,248,39
30460,0,0,0,14,588,10
30461,0,0,3,169,349,9
30462,0,0,12,167,21,0
30463,16,0,0,305,7,0
30464,0,0,6,462,2,0
30465,81,0,21,639,14,0
30466,372,0,0,591,12,0
30467,611,0,45,693,1,0
30468,820,0,144,796,1,3
30469,838,0,63,895,2,0
30470,926,0,0,1009,18,0
30471,843,0,0,1074,99,0
30472,779,0,0,975,217,0
30473,393,0,7,1060,269,0
30474,177,0,88,819,329,0
30475,25,0,16,643,264,0
30476,9,0,2,391,214,6
30477,15,0,0,172,71,10
30478,28,0,0,0,18,0
30479,0,0,4,0,0,0
30480,27,0,140,30,5,1
30481,0,0,189,182,0,3
30482,0,0,33,191,0,0
30483,0,0,0,87,29,0
30484,3,0,58,96,104,0
30485,47,3,69,28,67,0
30486,48,12,40,0,158,4
30487,4,4,252,26,168,12
30488,2,0,107,4,112,3
30489,0,1,1,57,0,0
30490,0,0,0,14,7,0
30491,3,0,0,20,0,0
30492,24,0,0,2,0,0
30493,21,0,131,0,0,0
30494,205,0,286,0,0,14
30495,318,0,27,0,2,0
30496,471,0,0,0,78,0
30497,391,0,0,80,44,0
30498,361,0,17,15,38,0
30499,41,0,82,0,51,7
30500,5,0,389,4,100,34
30501,0,0,278,17,36,7
30502,5,0,132,37,4,0
30503,0,0,44,39,0,0
30504,0,0,0,0,2,0
30505,0,0,6,0,0,0
30506,3,0,162,0,0,0
30507,0,0,534,0,43,9
30508,101,0,565,0,0,17
30509,10,0,180,16,0,0
30510,0,0,8,14,0,0
30511,27,0,140,1,0,7
30512,2,0,16,2,0,0
30513,0,0,6,44,0,0
30514,13,0,123,9,22,0
30515,0,0,50,8,1,0
30516,0,0,2,0,6,0
30517,0,0,140,0,0,0
30518,0,0,69,0,105,0
30519,0,0,1,0,27,0
30520,0,0,35,0,41,0
30521,0,0,37,9,239,0
30522,0,0,2,0,241,0
30523,0,0,28,0,194,2
30524,0,0,69,4,44,0
30525,0,0,0,0,0,0
30526,0,0,0,0,0,0
30527,0,0,27,0,0,0
30528,0,0,12,0,0,0
30529,0,0,2,0,0,0
30530,0,0,43,1,36,8
30531,0,0,10,0,8,0
30532,0,0,0,0,42,0
30533,0,0,8,1,54,5
30534,0,0,0,0,61,0
30535,0,0,0,0,54,6
30536,0,0,4,0,43,10
30537,0,0,0,0,40,64
30538,0,0,0,0,18,141
30539,0,0,0,0,20,26
30540,0,0,2,0,1,0
30541,0,0,0,0,1,18
30542,0,0,0,0,0,34
30543,0,0,1,0,2,32
30544,0,0,0,0,3,42
30545,0,0,0,0,0,85
30546,0,0,0,0,0,121
30547,0,0,0,3,2,2
30548,0,0,0,0,124,0
30549,0,0,0,13,350,0
30550,0,0,0,15,1052,280
30551,0,0,0,294,2432,567
30552,0,0,0,879,3590,596
30553,0,0,0,1376,4300,512
30554,0,0,0,1454,4729,279
30555,0,0,1,1405,5300,364
30556,0,0,0,1405,5765,440
30557,0,0,0,1374,5874,301
30558,0,0,0,1392,5442,295
30559,0,0,0,1436,4172,184
30560,0,0,0,1345,2779,125
30561,0,0,0,1074,2329,71
30562,0,0,0,778,2736,43
30563,0,0,0,808,3388,113
30564,0,0,0,580,3950,258
30565,0,0,0,631,4507,261
30566,0,0,0,914,4477,113
30567,0,0,0,724,4329,34
30568,0,0,0,583,4194,38
30569,0,0,0,357,3930,30
30570,0,0,0,131,3656,51
30571,0,0,0,142,4102,100
30572,0,0,0,89,3237,129
30573,0,0,0,63,2678,428
30574,9,0,0,0,2068,358
30575,0,0,0,1,1243,435
30576,10,0,0,0,1226,496
30577,24,0,0,0,1004,488
30578,0,0,0,0,1134,478
30579,5,0,0,0,1517,467
30580,10,0,0,4,1994,519
30581,0,0,0,17,2378,733
30582,26,0,0,0,1811,592
30583,59,0,0,4,814,272
30584,92,0,0,38,273,0
30585,90,0,0,0,254,59
30586,118,0,0,9,410,321
30587,100,0,0,1,379,190
30588,91,0,0,0,48,0
30589,103,0,0,0,27,0
30590,104,0,0,13,53,0
30591,117,0,0,0,68,52
30592,183,0,0,24,33,262
30593,286,0,3,39,0,393
30594,365,0,0,2,0,246
30595,440,0,0,0,0,0
30596,270,0,0,12,0,0
30597,89,0,0,6,2,0
30598,1,0,0,15,6,4
30599,0,0,0,36,10,99
30600,20,0,0,10,31,328
30601,48,0,0,7,154,582
30602,65,0,0,15,282,777
30603,94,0,0,8,312,613
30604,172,0,0,23,273,385
30605,293,0,0,303,107,180
30606,361,0,0,746,7,116
30607,346,0,0,1198,25,81
30608,374,0,0,1404,57,6
30609,310,0,0,1332,224,12
30610,311,0,0,1221,259,96
30611,293,0,1,1084,227,105
30612,212,0,0,754,246,55
30613,174,0,0,434,81,99
30614,10,0,5,212,45,108
30615,0,0,0,17,21,138
30616,0,0,0,0,4,181
30617,0,0,10,0,13,198
30618,6,0,8,0,1,195
30619,10,0,2,3,15,202
30620,5,0,2,0,7,172
30621,18,0,6,0,52,200
30622,0,0,0,0,66,216
30623,0,0,0,0,20,175
30624,0,0,0,0,0,30
30625,0,0,0,0,1,0
30626,4,0,0,0,8,0
30627,25,0,0,0,0,0
30628,10,0,0,0,38,8
30629,0,0,0,0,12,112
30630,0,0,0,0,0,186
30631,0,0,0,2,5,308
30632,0,0,0,2,11,397
30633,0,0,0,0,2,347
30634,0,0,0,0,15,314
30635,0,0,0,0,50,148
30636,0,0,0,0,0,8
30637,0,0,0,0,0,8
30638,0,0,0,0,0,0
30639,0,0,0,0,6,0
30640,0,0,0,0,60,2
30641,0,0,0,119,44,2
30642,0,0,0,423,64,2
30643,0,0,0,845,84,0
30644,0,0,0,1049,72,0
30645,0,0,0,1226,70,0
30646,0,0,0,1330,78,0
30647,0,0,0,1287,95,0
30648,0,0,0,1125,179,0
30649,0,0,0,944,201,1
30650,0,0,0,633,112,0
30651,0,0,0,385,20,0
30652,0,0,0,149,9,0
30653,0,0,0,82,0,0
30654,0,0,0,35,0,1
30655,0,0,0,76,0,0
30656,0,0,0,111,0,0
30657,0,0,0,100,40,0
30658,0,0,0,89,131,0
30659,0,0,0,134,162,0
30660,0,0,0,26,127,0
30661,0,0,0,22,28,6
30662,0,0,0,0,17,3
30663,0,0,0,0,14,0
30664,0,0,0,3,0,0
30665,0,0,0,0,21,0
30666,0,0,0,0,9,0
30667,0,0,0,0,0,0
30668,0,0,0,0,28,5
30669,0,0,0,3,7,0
30670,0,0,0,7,35,0
30671,0,0,0,27,2,0
30672,0,0,0,10,2,0
30673,0,0,0,38,7,4
30674,0,0,0,5,4,3
30675,0,0,0,13,0,1
30676,0,0,0,31,0,0
30677,0,0,0,18,0,0
30678,0,0,0,2,0,0
30679,0,0,0,32,0,0
30680,0,0,0,5,1,0
30681,0,0,0,13,1,0
30682,0,0,0,0,45,0
30683,0,0,0,0,117,0
30684,0,0,0,0,46,0
30685,0,0,0,19,182,0
30686,0,0,0,19,242,0
30687,0,0,0,0,218,0
30688,0,0,0,0,63,0
30689,0,0,0,0,50,0
30690,0,0,0,0,9,0
30691,0,0,0,0,4,0
30692,0,0,0,10,0,0
30693,0,0,0,7,0,0
30694,0,0,0,0,0,0
30695,0,0,0,0,68,0
30696,0,0,0,0,0,0
30697,0,0,0,0,0,0
30698,0,0,0,0,0,0
30699,0,0,0,0,0,0
30700,0,0,0,0,0,0
30701,0,0,16,0,44,0
30702,0,0,0,0,46,0
30703,0,0,0,14,22,0
30704,0,0,0,14,2,0
30705,0,0,0,14,0,0
30706,0,0,0,8,4,0
30707,0,0,0,4,43,0
30708,0,0,0,12,95,0
30709,0,0,0,31,84,2
30710,0,0,0,48,0,0
30711,0,0,0,58,0,0
30712,0,0,0,50,0,0
30713,0,0,0,113,11,0
30714,0,0,0,154,41,0
30715,0,0,0,174,56,0
30716,0,0,0,210,142,0
30717,0,0,0,179,96,3
30718,0,0,0,150,70,0
30719,0,0,6,74,136,7
30720,0,0,0,107,46,0
30721,0,0,1,45,26,0
30722,0,0,2,19,14,0
30723,0,0,0,0,4,0
30724,0,0,0,4,79,2
30725,0,0,0,0,73,0
30726,0,0,0,28,225,4
30727,0,0,0,12,275,39
30728,0,0,0,0,400,106
30729,0,0,0,3,312,14
30730,0,0,0,0,293,19
30731,0,0,0,1,263,0
30732,0,0,0,0,270,0
30733,0,0,0,7,273,0
30734,0,0,0,7,255,0
30735,0,0,0,0,96,0
30736,0,0,0,4,63,0
30737,0,0,0,5,6,0
30738,0,0,0,2,2,0
30739,0,0,0,44,6,0
30740,0,0,0,5,11,0
30741,0,0,0,0,45,0
30742,0,0,0,0,68,0
30743,0,0,0,13,62,0
30744,0,0,0,0,32,0
30745,0,0,2,7,11,0
30746,0,0,0,12,0,0
30747,0,0,0,0,0,0
30748,0,0,0,0,0,0
30749,0,0,0,10,14,0
30750,0,0,0,0,23,0
30751,0,0,0,15,249,23
30752,0,0,0,91,216,33
30753,0,0,0,88,292,10
30754,0,0,0,66,306,3
30755,0,0,0,10,227,0
30756,0,0,0,5,5,0
30757,0,0,0,0,1,0
30758,0,0,0,16,15,0
30759,0,0,0,0,0,0
30760,0,0,0,0,0,0
30761,0,0,0,0,23,0
30762,0,0,0,0,17,0
30763,0,0,0,0,0,0
30764,0,0,0,2,0,0
30765,0,0,0,4,0,0
30766,0,0,0,110,0,0
30767,0,0,0,66,0,0
30768,0,0,0,21,2,0
30769,0,0,0,5,11,0
30770,0,0,0,5,11,0
30771,0,0,0,35,15,0
30772,0,0,0,339,33,0
30773,0,0,0,855,308,0
30774,0,0,0,1075,138,2
30775,0,0,0,1018,144,12
30776,0,0,0,866,474,0
30777,0,0,0,927,608,28
30778,0,0,0,753,378,4
30779,0,0,0,568,126,0
30780,0,0,0,323,60,0
30781,0,0,0,210,96,0
30782,0,0,0,12,161,0
30783,0,0,0,0,189,0
30784,0,0,0,0,167,0
30785,0,0,0,37,138,0
30786,0,0,1,0,178,0
30787,0,0,0,16,307,39
30788,0,0,0,0,188,86
30789,0,0,0,7,83,15
30790,0,0,0,97,135,25
30791,0,0,0,192,118,3
30792,0,0,0,133,26,0
30793,0,0,0,155,118,0
30794,0,0,0,220,119,0
30795,0,0,0,279,99,0
30796,0,0,0,388,118,0
30797,0,0,0,354,200,0
30798,0,0,0,496,239,7
30799,0,0,0,606,216,20
30800,0,0,0,706,317,18
30801,8,0,0,755,184,23
30802,70,0,0,1061,26,0
30803,158,0,0,1121,71,1
30804,171,0,0,1397,77,2
30805,111,0,0,1552,39,0
30806,30,0,0,1334,6,1
30807,6,0,0,1284,0,0
30808,8,0,0,1156,2,0
30809,22,0,0,964,1,0
30810,97,0,0,684,0,0
30811,247,0,0,556,7,0
30812,371,0,0,321,0,0
30813,399,0,0,47,22,0
30814,279,0,0,0,13,0
30815,25,0,0,9,0,0
30816,13,0,0,0,18,0
30817,6,0,0,9,21,0
30818,11,0,0,126,39,0
30819,78,0,0,11,30,0
30820,40,0,0,0,0,0
30821,19,0,0,0,10,0
30822,0,0,0,0,43,0
30823,0,0,0,0,68,1
30824,0,0,0,0,65,2
30825,0,0,0,0,2,0
30826,8,0,2,0,0,0
30827,0,0,0,22,0,0
30828,0,0,0,98,20,0
30829,0,0,0,299,63,1
30830,0,0,0,579,148,1
30831,0,0,0,794,107,0
30832,0,0,0,1065,48,0
30833,0,0,7,1223,71,0
30834,0,0,0,1330,30,0
30835,0,0,7,1259,76,0
30836,0,0,23,1104,129,0
30837,0,0,0,939,106,0
30838,0,0,3,643,174,0
30839,0,0,44,467,209,0
30840,0,0,12,154,102,2
30841,0,0,10,70,45,0
30842,0,0,114,4,1,1
30843,0,0,11,1,19,0
30844,0,0,0,33,2,0
30845,0,0,29,29,2,0
30846,0,0,23,0,30,6
30847,0,0,0,0,44,0
30848,0,0,18,0,33,0
30849,0,0,0,0,7,0
30850,0,0,0,0,8,0
30851,0,0,2,0,5,0
30852,0,0,0,0,13,0
30853,0,0,0,0,26,0
30854,0,0,0,0,66,0
30855,0,0,0,2,71,0
30856,0,0,0,105,491,0
30857,0,0,2,227,1032,99
30858,0,0,0,443,1444,366
30859,0,0,0,485,2016,523
30860,0,0,0,428,2541,522
30861,0,0,0,311,3093,583
30862,0,0,0,247,3520,352
30863,0,0,26,172,3634,280
30864,0,0,2,189,3692,138
30865,0,0,5,13,3718,89
30866,0,0,40,18,3561,53
30867,0,0,6,0,3158,14
30868,0,0,0,0,2371,3
30869,0,0,14,9,1647,0
30870,0,0,10,4,972,0
30871,0,0,0,23,1724,0
30872,0,0,0,0,2351,0
30873,0,0,0,0,2594,5
30874,0,0,0,3,2720,5
30875,0,0,0,0,2937,71
30876,0,0,0,0,2615,34
30877,0,0,0,0,2212,13
30878,0,0,0,0,1640,14
30879,0,0,0,0,656,4
30880,0,0,0,0,241,0
30881,0,0,0,0,681,0
30882,0,0,0,0,1203,0
30883,0,0,7,0,1354,0
30884,0,0,0,0,1624,2
30885,0,0,0,0,1696,0
30886,0,0,4,1,1528,0
30887,0,0,0,4,1122,0
30888,0,0,0,33,118,0
30889,0,0,2,53,883,0
30890,0,0,0,9,1738,0
30891,0,0,0,67,2072,2
30892,0,0,0,61,1847,55
30893,0,0,0,66,1463,53
30894,0,0,0,17,785,100
30895,0,0,0,35,490,11
30896,0,0,0,35,694,18
30897,0,0,0,3,1356,2
30898,0,0,0,0,2206,19
30899,0,0,0,26,2674,52
30900,0,0,0,10,2614,52
30901,0,0,0,15,2200,20
30902,0,0,0,2,1386,3
30903,28,0,0,0,1040,0
30904,86,0,0,0,2422,0
30905,58,0,0,41,2815,29
30906,19,0,0,4,2486,90
30907,10,0,0,0,1995,135
30908,0,0,0,106,1643,173
30909,0,0,0,71,1402,119
30910,0,0,0,56,1243,117
30911,0,0,0,57,962,123
30912,3,0,0,41,715,104
30913,35,0,0,80,1233,24
30914,39,0,0,67,1360,4
30915,14,0,0,72,1203,1
30916,2,0,0,68,963,0
30917,0,0,0,105,856,0
30918,0,0,0,113,746,0
30919,0,0,0,134,507,0
30920,0,0,0,122,496,3
30921,17,0,0,77,471,0
30922,76,0,0,97,1062,0
30923,7,0,0,21,1924,2
30924,2,0,8,2,2091,10
30925,97,1,0,6,1692,12
30926,167,2,0,36,962,23
30927,176,0,0,0,835,0
30928,21,0,0,2,1074,4
30929,209,11,0,0,1632,0
30930,366,59,0,0,2314,90
30931,109,0,11,0,2795,331
30932,60,0,7,6,3038,735
30933,29,9,0,2,2276,1020
30934,29,4,17,4,1030,447
30935,2,0,31,6,598,153
30936,11,0,2,41,393,128
30937,0,0,5,6,17,20
30938,0,0,92,92,78,4
30939,0,0,9,41,215,4
30940,0,0,5,0,125,23
30941,0,0,108,86,4,0
30942,0,0,57,27,0,0
30943,0,0,0,1,0,0
30944,0,0,66,53,5,8
30945,0,0,116,4,41,7
30946,0,0,9,8,22,0
30947,0,0,42,1,6,0
30948,0,0,98,10,0,0
30949,0,0,6,26,0,0
30950,0,0,29,6,0,0
30951,0,0,116,0,2,8
30952,0,0,20,0,2,0
30953,0,0,1,0,28,0
30954,0,0,17,10,20,0
30955,0,0,26,34,0,0
30956,0,0,0,23,0,0
30957,0,0,8,0,3,0
30958,0,0,2,30,0,0
30959,0,0,0,48,0,0
30960,0,0,5,5,0,0
30961,0,0,0,41,1,0
30962,0,0,0,62,0,0
30963,0,0,0,335,27,2
30964,0,0,0,550,401,95
30965,0,0,0,830,859,432
30966,0,0,0,682,1184,490
30967,0,0,0,358,1469,528
30968,0,0,0,70,1776,461
30969,0,0,0,23,1805,304
30970,0,0,0,23,2246,265
30971,0,0,0,27,2542,228
30972,0,0,0,1,2738,82
30973,0,0,0,5,2661,13
30974,0,0,0,11,2567,15
30975,0,0,0,11,2493,0
30976,0,0,0,19,2067,16
30977,0,0,1,79,1522,11
30978,0,0,0,96,1773,11
30979,0,0,2,140,2527,4
30980,0,0,3,78,2954,21
30981,0,0,4,146,3439,86
30982,0,0,0,196,3323,40
30983,0,0,1,280,2791,41
30984,0,0,0,445,1902,46
30985,0,0,0,388,1067,40
30986,0,0,6,422,604,11
30987,0,0,7,312,185,16
30988,0,0,0,208,91,0
30989,0,0,0,165,124,0
30990,0,0,0,72,58,0
30991,0,0,0,84,19,0
30992,0,0,0,56,14,0
30993,0,0,0,14,5,0
30994,0,0,4,0,42,0
30995,0,0,0,0,136,0
30996,0,0,0,0,164,0
30997,0,0,0,8,277,0
30998,0,0,0,15,326,0
30999,0,0,0,37,430,0
31000,12,0,0,33,556,0
31001,38,0,0,16,812,0
31002,75,0,0,58,1003,0
31003,120,0,0,109,1283,0
31004,177,0,0,107,1318,1
31005,186,0,0,31,1080,0
31006,21,0,0,32,1144,0
31007,0,0,0,7,1284,0
31008,61,0,0,0,1390,8
31009,153,0,0,0,1120,10
31010,352,0,0,12,1145,22
31011,456,0,0,5,785,0
31012,485,0,0,0,1290,6
31013,283,0,0,1,2018,15
31014,66,0,0,0,1995,3
31015,0,0,0,3,2243,16
31016,0,0,0,1,2429,167
31017,8,0,0,0,2306,203
31018,47,0,0,8,2429,89
31019,103,0,0,41,2475,62
31020,77,0,0,0,2410,10
31021,1,0,0,21,2509,47
31022,0,0,0,36,2372,135
31023,0,0,0,35,2293,135
31024,0,0,0,6,1840,157
31025,0,0,2,48,1450,41
31026,0,0,0,26,965,0
31027,0,0,0,0,748,0
31028,0,0,0,18,701,0
31029,0,0,0,0,589,26
31030,0,0,0,0,564,34
31031,0,0,3,0,685,22
31032,0,0,0,0,747,10
31033,0,0,0,0,1162,0
31034,0,0,2,3,1530,0
31035,0,0,19,34,1819,5
31036,0,0,0,99,2339,23
31037,0,0,0,140,2476,12
31038,0,0,3,58,2782,15
31039,0,0,0,0,2981,12
31040,0,0,0,0,3351,3
31041,0,0,11,0,3916,1
31042,0,0,6,0,4497,29
31043,0,0,0,0,5031,80
31044,0,0,10,16,5292,61
31045,0,0,0,38,5349,102
31046,0,0,0,69,5152,98
31047,0,0,2,85,4529,52
31048,0,0,0,65,3903,41
31049,0,0,0,44,3530,65
31050,0,0,2,8,3264,181
31051,0,0,0,11,3014,83
31052,0,0,0,14,2733,67
31053,0,0,3,45,2276,36
31054,0,0,0,108,1823,2
31055,0,0,0,118,1045,9
31056,0,0,0,86,175,2
31057,0,0,0,94,1074,0
31058,0,0,0,42,1966,0
31059,0,0,0,73,2500,0
31060,0,0,0,36,2804,3
31061,0,0,0,21,3117,3
31062,0,0,0,27,3072,0
31063,0,0,0,4,3552,0
31064,0,0,22,31,4592,0
31065,0,0,4,24,5508,0
31066,0,0,0,10,5876,0
31067,0,0,16,12,5617,1
31068,0,0,4,7,4327,0
31069,0,0,0,0,3501,0
31070,0,0,1,82,2965,0
31071,0,0,0,9,2436,0
31072,0,0,0,1,2711,0
31073,0,0,3,7,3150,0
31074,0,0,9,0,3150,0
31075,0,0,0,0,3139,31
31076,0,0,10,100,2960,37
31077,0,0,44,13,2644,2
31078,0,0,12,0,1968,4
31079,0,0,9,46,1354,0
31080,0,0,53,0,617,0
31081,0,0,6,21,338,0
31082,0,0,3,10,492,0
31083,0,0,33,25,505,0
31084,0,0,10,67,611,0
31085,0,0,0,180,663,0
31086,0,0,75,173,693,0
31087,0,0,8,128,931,28
31088,0,0,0,183,1072,33
31089,0,0,47,41,1332,21
31090,0,0,24,39,1873,159
31091,0,0,0,202,2076,176
31092,0,0,23,38,2075,230
31093,0,0,8,16,2083,210
31094,0,0,0,46,1864,16
31095,0,0,15,28,1670,1
31096,0,0,59,28,1774,1
31097,0,0,0,37,1608,0
31098,0,0,8,85,1475,0
31099,0,0,25,55,1349,0
31100,0,0,0,24,1217,0
31101,0,0,0,5,1150,0
31102,0,0,14,1,1131,0
31103,0,0,0,34,1210,0
31104,20,0,0,118,1160,0
31105,85,0,8,137,1197,0
31106,219,0,0,253,1425,0
31107,350,0,2,162,1445,0
31108,456,0,2,36,1648,0
31109,474,0,0,12,1794,9
31110,309,0,0,0,2020,36
31111,118,0,0,0,2605,43
31112,1,0,0,9,2908,121
31113,12,0,0,28,3344,99
31114,33,0,0,35,3397,69
31115,154,0,0,215,3294,113
31116,402,0,0,154,2646,126
31117,647,0,0,339,2292,132
31118,860,0,0,590,3366,237
31119,944,0,0,430,4221,41
31120,1041,0,0,343,4652,0
31121,1038,0,3,257,5588,0
31122,951,0,0,152,6010,0
31123,737,0,0,59,6645,43
31124,389,0,0,5,6611,61
31125,0,0,0,0,5884,87
31126,21,0,0,3,5312,418
31127,71,0,0,20,3746,285
31128,284,0,0,101,2824,75
31129,466,0,0,64,2986,64
31130,544,0,0,189,3126,206
31131,516,0,0,63,3560,497
31132,458,0,0,66,3451,770
31133,292,0,0,33,2263,748
31134,127,0,1,1,940,55
31135,1,0,0,99,1316,48
31136,0,0,0,0,1278,30
31137,54,0,0,0,1598,146
31138,162,0,0,23,1783,207
31139,390,0,0,79,1768,193
31140,508,0,0,202,1688,27
31141,358,0,0,242,1736,31
31142,132,2,0,252,1840,87
31143,0,0,0,391,1250,0
31144,10,0,0,494,1059,0
31145,56,0,0,666,1076,0
31146,240,0,0,822,1090,0
31147,384,0,0,813,1461,14
31148,368,0,0,733,1743,88
31149,312,0,0,570,2036,171
31150,93,0,0,372,1915,97
31151,2,0,0,88,1810,64
31152,0,0,0,0,2356,35
31153,18,0,0,0,2631,22
31154,57,0,0,81,2497,7
31155,102,0,0,259,2236,0
31156,85,0,0,358,1920,2
31157,45,0,0,396,1390,1
31158,0,0,0,371,919,13
31159,0,0,2,358,823,9
31160,0,0,0,181,1266,1
31161,0,0,0,37,1384,0
31162,3,0,1,3,1269,0
31163,12,0,0,0,1257,0
31164,0,0,0,0,752,0
31165,0,0,0,4,1157,0
31166,0,0,0,27,1683,12
31167,0,0,0,24,1932,9
31168,5,0,0,46,2186,13
31169,1,0,2,58,2075,0
31170,25,0,0,34,1778,0
31171,1,0,0,75,1540,2
31172,0,0,0,40,931,0
31173,0,0,0,35,881,0
31174,0,0,0,20,886,0
31175,0,0,0,25,927,0
31176,2,0,0,3,552,0
31177,16,0,0,34,215,0
31178,1,0,0,49,405,0
31179,0,0,0,4,784,0
31180,0,0,0,1,1295,0
31181,0,0,0,2,1812,0
31182,0,0,0,0,2105,0
31183,0,0,0,0,2450,0
31184,1,0,0,47,2420,0
31185,0,0,0,122,2329,0
31186,0,0,0,157,2014,0
31187,0,0,0,168,1519,0
31188,0,0,0,47,863,0
31189,0,0,0,128,2,0
31190,0,0,0,242,1457,0
31191,0,0,0,476,3325,0
31192,0,0,0,455,4518,46
31193,0,0,1,560,4692,40
31194,0,0,0,486,3176,2
31195,0,0,0,119,924,0
31196,0,0,0,8,1667,0
31197,0,0,0,123,2708,0
31198,0,0,0,213,2643,2
31199,21,0,2,302,1281,23
31200,1,0,0,133,1083,5
31201,6,0,0,161,2820,0
31202,0,0,0,268,4149,3
31203,0,0,2,378,4739,18
31204,0,0,1,415,4158,4
31205,1,0,0,394,1473,23
31206,25,0,7,324,1126,73
31207,2,0,5,178,2718,0
31208,0,0,0,122,3386,0
31209,68,0,20,5,2930,0
31210,123,0,12,0,1696,0
31211,151,0,0,12,913,0
31212,296,2,12,19,1210,1
31213,268,65,43,6,1648,121
31214,139,15,0,21,1580,104
31215,58,0,0,0,1096,21
31216,4,0,2,3,1066,4
31217,122,6,0,0,788,0
31218,332,58,4,0,605,20
31219,177,14,0,0,471,5
31220,0,0,0,0,402,0
31221,39,0,0,0,161,0
31222,53,4,0,0,36,0
31223,71,6,0,0,12,0
31224,46,0,0,0,0,0
31225,0,0,0,0,9,0
31226,42,6,0,0,15,0
31227,62,4,0,0,1,0
31228,28,0,0,0,0,0
31229,2,0,0,0,24,0
31230,1,0,0,0,33,0
31231,12,1,0,0,78,0
31232,15,0,0,0,129,0
31233,0,0,0,4,105,0
31234,0,0,0,9,124,0
31235,0,0,0,0,115,0
31236,0,0,0,0,40,0
31237,0,0,0,0,40,0
31238,0,0,0,0,91,0
31239,0,0,0,0,128,0
31240,0,0,0,0,147,0
31241,15,0,0,0,328,0
31242,2,0,0,0,202,0
31243,5,0,0,0,197,0
31244,4,0,0,1,203,0
31245,0,0,0,0,221,0
31246,0,0,0,0,194,0
31247,0,0,0,0,127,0
31248,0,0,0,0,59,0
31249,0,0,0,0,26,0
31250,0,0,0,0,63,0
31251,0,0,0,0,2,0
31252,0,0,0,0,15,0
31253,0,0,0,0,54,0
31254,0,0,0,0,5,0
31255,0,0,0,0,0,0
31256,0,0,0,0,0,0
31257,0,0,0,0,0,0
31258,3,0,0,0,0,0
31259,6,0,0,0,0,0
31260,13,0,0,0,0,0
31261,3,0,0,0,0,0
31262,3,0,0,0,0,0
31263,7,0,0,0,0,0
31264,0,0,0,0,0,0
31265,0,0,0,0,0,0
31266,0,0,0,0,0,0
31267,0,0,0,0,0,0
31268,1,0,0,0,0,0
31269,0,0,0,0,0,0
31270,0,0,0,0,0,0
31271,0,0,0,0,0,0
31272,0,0,0,0,1,0
31273,0,0,0,0,21,0
31274,0,0,0,0,65,0
31275,0,0,0,0,79,0
31276,0,0,0,0,104,0
31277,0,0,0,0,99,0
31278,0,0,0,0,93,0
31279,0,0,0,0,133,0
31280,0,0,0,0,238,0
31281,0,0,0,0,330,0
31282,0,0,0,0,428,0
31283,0,0,0,0,729,0
31284,0,0,0,0,1091,0
31285,0,0,0,0,1182,0
31286,0,0,0,0,1328,0
31287,0,0,0,0,1373,0
31288,0,0,0,0,906,0
31289,0,0,0,13,562,0
31290,0,0,0,0,486,0
31291,0,0,0,0,782,3
31292,0,0,0,12,1191,44
31293,0,0,0,0,1585,32
31294,0,0,0,2,1821,76
31295,0,0,0,20,1834,76
31296,0,0,0,38,1877,1
31297,0,0,0,2,1960,1
31298,0,0,0,4,1850,0
31299,0,0,0,0,1870,0
31300,0,0,0,0,1834,1
31301,0,0,2,0,1860,0
31302,0,0,24,0,1785,0
31303,0,0,2,0,1462,0
31304,0,0,6,0,1387,0
31305,0,0,38,17,830,0
31306,0,0,42,56,515,0
31307,0,0,3,34,294,2
31308,0,0,180,16,213,2
31309,0,0,50,0,506,0
31310,0,0,0,0,887,0
31311,0,0,78,0,1001,0
31312,0,0,75,0,1163,0
31313,0,0,0,14,1096,0
31314,0,0,10,1,768,0
31315,0,0,80,2,337,0
31316,0,0,6,3,83,1
31317,0,0,0,58,255,0
31318,0,0,0,34,702,0
31319,0,0,13,23,1169,0
31320,0,0,0,3,1564,0
31321,0,0,2,10,1611,0
31322,0,0,0,13,1690,0
31323,0,0,0,22,1602,0
31324,0,0,0,100,1580,0
31325,0,0,0,70,1439,0
31326,5,0,2,12,884,0
31327,10,0,0,18,87,0
31328,0,0,0,82,864,0
31329,12,0,0,52,1983,0
31330,28,0,0,17,2794,0
31331,38,0,0,8,3355,0
31332,36,0,0,1,3332,3
31333,26,0,0,38,2762,0
31334,6,0,0,146,1863,0
31335,0,0,0,242,583,0
31336,0,0,0,330,473,0
31337,0,0,0,325,1393,0
31338,0,0,0,335,1939,0
31339,0,0,0,299,2025,0
31340,0,0,0,72,1957,0
31341,0,0,0,14,1840,0
31342,0,0,0,3,1615,0
31343,0,0,0,2,1286,0
31344,0,0,0,13,800,0
31345,0,0,0,16,108,0
31346,0,0,0,49,70,0
31347,0,0,0,116,358,0
31348,0,0,0,101,617,0
31349,0,0,0,130,810,0
31350,0,0,0,118,954,0
31351,0,0,0,68,1029,0
31352,0,0,0,20,1140,2
31353,0,0,0,1,962,0
31354,13,0,0,0,592,4
31355,21,0,0,9,198,0
31356,19,0,4,63,41,0
31357,41,0,12,85,152,0
31358,21,0,0,42,121,0
31359,0,0,9,4,10,0
31360,1,0,37,77,16,0
31361,0,0,0,65,153,0
31362,0,0,14,25,142,0
31363,0,0,119,3,1,0
31364,0,0,9,8,52,0
31365,0,0,0,10,429,0
31366,0,0,85,109,812,3
31367,2,0,26,107,764,0
31368,0,0,0,6,396,0
31369,0,0,46,151,0,0
31370,0,0,83,182,557,0
31371,0,0,1,72,1060,0
31372,0,0,42,43,1157,0
31373,0,0,110,199,960,0
31374,0,0,22,48,216,0
31375,0,0,9,71,11,0
31376,0,0,108,26,143,0
31377,5,0,31,0,87,0
31378,3,0,0,0,0,0
31379,0,0,48,0,0,0
31380,0,0,39,0,0,0
31381,0,0,0,16,0,0
31382,0,0,1,1,0,0
31383,0,0,7,0,0,0
31384,0,0,0,0,0,0
31385,0,0,0,0,0,0
31386,0,0,9,0,0,0
31387,0,0,0,0,0,0
31388,0,0,0,0,0,0
31389,0,0,0,0,0,0
31390,0,0,0,0,0,0
31391,0,0,0,13,0,0
31392,0,0,0,0,0,0
31393,0,0,0,0,46,0
31394,0,0,0,0,79,0
31395,0,0,0,0,30,0
31396,0,0,0,5,29,0
31397,0,0,0,23,200,0
31398,0,0,0,49,59,0
31399,0,0,0,34,0,0
31400,0,0,0,91,4,0
31401,0,0,0,54,0,0
31402,0,0,0,12,362,0
31403,0,0,0,1,549,0
31404,0,0,0,0,719,0
31405,0,0,0,5,836,0
31406,0,0,1,21,626,0
31407,0,0,0,2,294,0
31408,0,0,2,21,607,0
31409,0,0,0,52,1300,0
31410,0,0,0,54,2095,0
31411,0,0,0,147,2535,0
31412,0,0,3,225,2240,0
31413,0,0,6,294,1647,0
31414,0,0,0,245,789,0
31415,0,0,6,281,121,0
31416,0,0,4,131,34,0
31417,0,0,0,70,211,0
31418,0,0,16,19,217,0
31419,0,0,14,0,81,0
31420,0,0,0,3,21,0
31421,0,0,0,30,0,0
31422,0,0,0,9,0,0
31423,0,0,0,2,18,0
31424,0,0,0,20,1,0
31425,0,0,0,6,0,0
31426,0,0,0,11,0,0
31427,0,0,0,2,0,0
31428,0,0,0,0,3,0
31429,0,0,0,0,0,0
31430,0,0,0,0,0,0
31431,0,0,0,0,0,0
31432,0,0,0,0,0,0
31433,0,0,0,0,0,0
31434,0,0,0,0,0,0
31435,0,0,0,0,0,0
31436,0,0,0,0,11,0
31437,0,0,0,0,200,0
31438,0,0,0,0,436,0
31439,0,0,0,0,763,0
31440,0,0,0,0,702,0
31441,0,0,0,2,665,0
31442,21,0,0,0,591,0
31443,28,0,0,2,461,0
31444,12,0,0,0,395,0
31445,18,0,0,1,608,0
31446,49,0,0,9,577,0
31447,0,0,0,6,413,0
31448,0,0,0,0,190,0
31449,0,0,0,0,478,0
31450,8,0,0,2,514,0
31451,16,0,0,9,286,0
31452,0,0,0,3,164,0
31453,35,0,0,0,157,0
31454,87,0,0,0,30,0
31455,50,0,0,0,48,0
31456,0,0,0,0,86,0
31457,28,0,0,0,98,2
31458,20,0,0,0,40,0
31459,0,0,0,0,24,0
31460,0,0,0,0,44,0
31461,0,0,0,0,13,0
31462,0,0,4,0,3,0
31463,0,0,0,0,18,0
31464,0,0,0,1,73,0
31465,11,0,0,0,25,0
31466,9,0,0,0,68,0
31467,0,0,0,2,597,0
31468,0,0,0,0,1326,0
31469,0,0,0,18,2104,0
31470,1,0,0,37,2391,3
31471,0,0,4,65,2136,2
31472,0,0,0,75,903,4
31473,0,0,0,83,315,0
31474,2,0,0,149,1924,0
31475,12,0,0,261,2905,0
31476,0,0,0,387,2687,5
31477,0,0,0,534,1625,4
31478,0,0,0,615,667,21
31479,2,0,0,530,49,0
31480,0,0,0,111,5,0
31481,0,0,0,35,48,0
31482,0,0,0,84,6,0
31483,0,0,0,290,0,0
31484,1,0,0,474,92,0
31485,0,0,0,384,123,0
31486,0,0,0,271,125,0
31487,0,0,0,200,14,0
31488,0,0,0,66,0,0
31489,0,0,0,22,45,0
31490,0,0,0,21,57,0
31491,0,0,0,2,10,0
31492,0,0,0,0,0,0
31493,0,0,0,4,0,0
31494,0,0,0,0,0,0
31495,0,0,0,0,0,0
31496,0,0,0,0,0,0
31497,0,0,0,66,0,0
31498,0,0,0,133,0,0
31499,0,0,0,20,0,0
31500,0,0,0,0,0,0
31501,0,0,0,20,2,0
31502,0,0,0,0,0,0
31503,0,0,0,1,0,0
31504,0,0,0,0,0,0
31505,0,0,0,2,0,0
31506,0,0,0,57,6,0
31507,0,0,0,0,25,0
31508,0,0,0,35,26,0
31509,0,0,0,85,8,0
31510,0,0,1,50,0,0
31511,0,0,0,27,0,0
31512,0,0,0,13,12,0
31513,0,0,0,4,0,0
31514,0,0,0,0,4,0
31515,0,0,0,0,0,0
31516,0,0,1,0,0,0
31517,0,0,2,0,0,0
31518,0,0,0,0,0,0
31519,0,0,3,1,23,0
31520,0,0,2,71,6,0
31521,0,0,0,238,8,0
31522,0,0,3,436,2,0
31523,0,0,2,531,26,0
31524,0,0,0,483,36,0
31525,0,0,0,283,32,0
31526,0,0,0,128,70,0
31527,0,0,0,0,83,0
31528,0,0,2,0,108,0
31529,0,0,9,21,120,0
31530,0,0,0,38,76,0
31531,0,0,0,75,40,0
31532,0,0,11,54,1,0
31533,0,0,0,22,0,0
31534,0,0,0,9,0,0
31535,0,0,21,7,0,0
31536,0,0,23,6,0,0
31537,0,0,0,3,0,0
31538,0,0,3,0,1,0
31539,0,0,1,0,0,0
31540,0,0,0,0,12,0
31541,0,0,0,0,30,0
31542,0,0,0,1,46,0
31543,0,0,0,0,54,0
31544,0,0,0,0,67,0
31545,0,0,0,0,86,0
31546,0,0,0,6,88,0
31547,0,0,0,0,111,0
31548,0,0,13,0,89,0
31549,0,0,0,0,116,0
31550,0,0,0,0,73,0
31551,0,0,25,0,7,0
31552,0,0,2,0,3,0
31553,0,0,3,0,42,0
31554,0,0,22,0,18,0
31555,0,0,14,0,43,0
31556,0,0,0,0,87,0
31557,0,0,29,0,110,0
31558,0,0,41,0,215,0
31559,0,0,4,0,423,0
31560,0,0,36,0,651,0
31561,0,0,75,0,781,2
31562,0,0,0,0,963,0
31563,0,0,11,0,1109,0
31564,0,0,87,0,1440,6
31565,0,0,21,28,1877,10
31566,0,0,10,32,2092,0
31567,0,0,80,3,1964,0
31568,0,0,7,7,1211,0
31569,0,0,0,0,1116,0
31570,0,0,46,1,2050,0
31571,0,0,66,47,2653,2
31572,0,0,0,37,2887,10
31573,0,0,29,1,2926,17
31574,0,0,75,0,2752,32
31575,0,0,0,0,2086,23
31576,0,0,2,0,1335,5
31577,0,0,12,13,1533,0
31578,0,0,10,0,2202,33
31579,0,0,0,0,2752,46
31580,0,0,0,0,2917,40
31581,0,0,0,14,2298,2
31582,0,0,0,23,1504,0
31583,0,0,0,30,1791,0
31584,0,0,0,54,2416,0
31585,0,0,0,50,2578,4
31586,0,0,0,126,1625,4
31587,0,0,0,767,1881,2
31588,0,0,0,727,3139,2
31589,0,0,0,140,3807,139
31590,0,0,0,115,2489,213
31591,0,0,0,334,2958,50
31592,0,0,0,372,3350,4
31593,0,0,0,60,2764,12
31594,0,0,0,178,1900,67
31595,0,0,0,286,1852,114
31596,0,0,0,153,1893,37
31597,0,0,0,12,1284,1
31598,1,0,0,112,825,9
31599,32,0,0,130,1175,6
31600,116,0,0,1,902,0
31601,332,0,0,0,512,10
31602,561,0,0,0,417,57
31603,559,0,0,2,529,28
31604,384,1,0,25,362,12
31605,360,14,0,10,96,0
31606,130,2,0,9,62,0
31607,39,0,0,2,30,0
31608,192,0,0,0,20,0
31609,291,20,0,1,23,0
31610,266,41,0,0,12,0
31611,82,3,0,48,4,0
31612,50,0,0,104,1,0
31613,168,5,0,0,16,0
31614,155,7,0,22,0,0
31615,11,0,0,122,8,0
31616,0,0,0,96,0,0
31617,55,3,0,0,0,0
31618,71,0,0,7,0,0
31619,0,0,0,0,4,0
31620,2,0,0,0,8,0
31621,24,6,0,2,6,0
31622,0,0,0,0,0,0
31623,0,0,0,0,44,0
31624,0,0,0,18,639,0
31625,0,0,0,19,1358,0
31626,0,0,0,2,1928,0
31627,0,0,0,0,1879,0
31628,0,0,0,37,1823,4
31629,0,0,0,63,1688,0
31630,0,0,0,236,1343,0
31631,0,0,0,390,675,0
31632,0,0,0,154,837,0
31633,0,0,5,47,1846,0
31634,0,0,1,45,2997,25
31635,0,0,0,55,3138,21
31636,0,0,34,61,3094,175
31637,0,0,7,2,2361,169
31638,0,0,0,0,1694,97
31639,0,0,31,53,1951,269
31640,0,0,12,34,1811,327
31641,0,0,0,69,1314,272
31642,0,0,1,39,1345,1
31643,0,0,0,2,1549,118
31644,0,0,0,0,1761,256
31645,0,0,5,20,1763,342
31646,0,0,14,14,1473,280
31647,0,0,0,7,830,44
31648,0,0,0,39,576,0
31649,0,0,6,26,343,0
31650,0,0,0,5,244,0
31651,0,0,2,0,90,0
31652,0,0,70,17,694,0
31653,0,0,25,2,1233,0
31654,0,0,0,0,1565,30
31655,0,0,34,0,1585,96
31656,0,0,13,0,1485,134
31657,0,0,0,5,1010,3
31658,0,0,51,19,627,8
31659,0,0,27,3,401,0
31660,0,0,0,0,389,0
31661,0,0,1,16,585,74
31662,0,0,0,0,821,65
31663,0,0,0,0,820,0
31664,0,0,0,0,350,0
31665,0,0,7,0,204,0
31666,0,0,8,5,253,0
31667,0,0,0,0,101,0
31668,0,0,2,0,59,0
31669,0,0,4,0,379,0
31670,0,0,0,10,724,0
31671,0,0,1,64,1092,3
31672,0,0,22,39,1644,0
31673,0,0,30,10,2182,3
31674,0,0,0,98,2930,8
31675,0,0,25,250,3483,1
31676,0,0,31,506,4199,55
31677,0,0,0,636,4656,120
31678,0,0,31,727,4544,132
31679,0,0,28,694,4672,134
31680,0,0,0,598,4155,298
31681,2,0,12,651,3757,405
31682,20,0,34,519,3099,454
31683,0,0,6,629,2143,382
31684,0,0,32,563,483,143
31685,0,0,169,499,1159,24
31686,0,0,25,392,1479,0
31687,0,0,26,236,1796,0
31688,0,0,237,122,2030,36
31689,0,0,106,194,2087,228
31690,0,0,7,925,2437,202
31691,35,0,343,1065,2576,88
31692,0,0,383,931,2576,44
31693,55,0,1,749,2196,1
31694,75,0,192,348,2363,1
31695,3,0,324,353,2192,7
31696,0,0,20,165,2250,0
31697,17,0,134,82,2210,2
31698,88,0,320,117,2065,13
31699,105,0,57,82,2093,35
31700,90,0,18,75,2131,70
31701,78,0,164,50,2282,190
31702,61,0,16,3,2413,181
31703,0,0,5,68,2281,106
31704,7,0,126,76,2224,50
31705,50,0,41,42,2277,0
31706,67,5,3,0,2172,0
31707,71,0,53,34,2029,10
31708,0,0,0,9,1931,0
31709,23,0,0,14,1635,19
31710,59,0,17,0,1323,1
31711,82,0,0,0,1171,0
31712,0,0,0,0,846,0
31713,42,0,6,0,683,0
31714,19,0,0,0,382,0
31715,30,0,0,0,93,0
31716,1,0,49,0,449,0
31717,3,0,8,7,1247,0
31718,51,0,0,25,2047,0
31719,0,0,45,49,2844,1
31720,0,0,17,119,3638,86
31721,0,0,0,108,4093,274
31722,2,0,69,75,4094,371
31723,0,0,192,133,3996,494
31724,0,0,8,53,3507,420
31725,0,0,87,2,2843,427
31726,1,0,210,8,2182,351
31727,0,0,12,1,1353,224
31728,0,0,42,0,879,10
31729,0,0,230,1,317,4
31730,7,0,18,2,239,0
31731,0,0,21,5,268,57
31732,0,0,120,17,457,2
31733,0,0,24,126,588,0
31734,0,0,3,17,521,0
31735,0,0,72,84,524,0
31736,0,0,72,155,689,2
31737,0,0,1,65,723,0
31738,0,0,10,48,781,0
31739,0,0,50,52,913,0
31740,0,0,8,2,815,0
31741,0,0,7,0,1018,0
31742,0,0,40,0,1218,0
31743,0,0,24,0,1256,0
31744,0,0,10,0,1484,3
31745,0,0,4,21,1663,99
31746,0,0,33,25,1897,64
31747,0,0,6,34,2130,125
31748,0,0,2,224,2395,234
31749,0,0,26,224,2528,198
31750,0,0,30,416,2761,237
31751,0,0,0,548,2866,339
31752,0,0,1,612,2977,342
31753,0,0,39,586,3120,340
31754,0,0,0,438,3310,342
31755,0,0,1,386,3440,492
31756,0,0,20,378,3757,622
31757,0,0,10,198,3794,649
31758,0,0,0,57,3838,666
31759,0,0,26,5,3784,553
31760,0,0,15,23,3836,603
31761,0,0,0,16,3492,495
31762,0,0,0,0,2892,513
31763,0,0,0,16,2056,349
31764,0,0,0,0,1219,44
31765,0,0,0,1,406,3
31766,0,0,0,15,301,0
31767,0,0,0,0,202,0
31768,0,0,0,2,209,2
31769,0,0,0,2,146,0
31770,0,0,0,0,107,0
31771,0,0,0,3,85,0
31772,0,0,0,0,103,0
31773,59,0,0,1,97,0
31774,36,0,0,0,145,0
31775,5,0,0,10,146,0
31776,7,0,0,8,375,0
31777,2,0,0,0,904,2
31778,10,0,0,45,1413,20
31779,0,0,0,1,1890,27
31780,2,0,0,21,2547,38
31781,2,0,0,60,2843,55
31782,0,0,0,53,2511,61
31783,0,0,0,79,2139,114
31784,0,0,2,77,1550,52
31785,0,0,0,41,2345,65
31786,0,0,0,31,3191,48
31787,0,0,0,8,3444,6
31788,0,0,9,18,3468,0
31789,0,0,0,0,3121,0
31790,0,0,0,4,2812,0
31791,0,0,0,6,2377,0
31792,5,0,0,80,1944,0
31793,2,0,0,123,1551,0
31794,0,0,0,171,1417,2
31795,0,0,0,164,1392,134
31796,0,0,0,39,1771,50
31797,0,0,19,6,1980,3
31798,0,0,0,127,2393,0
31799,13,0,4,83,2496,4
31800,34,0,25,10,2501,2
31801,40,0,15,2,2559,30
31802,38,0,0,43,2373,168
31803,38,0,20,60,1691,181
31804,4,0,25,20,2098,182
31805,0,0,0,109,3064,210
31806,0,0,44,16,3245,128
31807,22,0,28,8,2928,40
31808,30,0,0,18,2557,0
31809,54,0,14,126,2088,0
31810,44,0,0,59,2154,4
31811,3,0,0,39,2440,60
31812,0,0,2,68,2625,12
31813,0,0,0,231,2789,8
31814,20,0,0,452,3154,59
31815,29,0,0,611,3121,177
31816,85,0,0,795,3771,233
31817,122,0,0,568,4161,401
31818,73,0,0,450,4131,550
31819,18,0,0,157,3811,594
31820,0,0,0,22,2777,491
31821,0,0,0,0,1906,93
31822,0,0,0,8,1202,13
31823,36,0,0,36,1177,8
31824,52,0,0,3,1196,201
31825,110,0,0,0,1154,49
31826,73,0,0,1,800,0
31827,54,0,0,9,392,0
31828,9,0,0,5,277,0
31829,2,0,0,2,253,0
31830,0,0,1,0,388,2
31831,2,0,0,15,416,0
31832,5,0,0,5,266,0
31833,12,0,0,1,159,6
31834,15,0,0,4,162,0
31835,0,0,0,37,230,4
31836,1,0,0,19,268,2
31837,0,0,0,45,109,0
31838,0,0,0,77,15,0
31839,0,0,0,10,12,3
31840,0,0,0,27,17,0
31841,5,0,0,75,81,2
31842,0,0,0,18,7,0
31843,0,0,0,8,4,0
31844,0,0,0,6,20,0
31845,0,0,0,4,0,0
31846,0,0,0,13,5,0
31847,0,0,0,0,0,0
31848,0,0,0,0,1,0
31849,0,0,0,0,0,0
31850,0,0,0,0,0,0
31851,0,0,0,0,0,0
31852,0,0,0,0,0,0
31853,0,0,0,0,7,0
31854,0,0,0,0,0,0
31855,0,0,0,0,0,0
31856,0,0,0,0,34,0
31857,0,0,0,0,69,0
31858,0,0,0,0,18,0
31859,0,0,0,0,0,0
31860,0,0,0,0,0,0
31861,0,0,0,0,0,0
31862,0,0,1,0,0,0
31863,0,0,0,0,0,0
31864,0,0,4,0,0,0
31865,0,0,1,0,0,0
31866,0,0,0,0,0,0
31867,0,0,0,0,0,0
31868,0,0,4,0,0,0
31869,0,0,0,0,0,0
31870,0,0,1,0,0,0
31871,0,0,23,0,0,0
31872,0,0,2,0,0,0
31873,0,0,0,0,0,0
31874,0,0,7,0,0,0
31875,0,0,0,0,0,0
31876,0,0,0,0,0,0
31877,0,0,0,0,0,0
31878,0,0,0,0,0,0
31879,0,0,0,0,0,0
31880,0,0,0,0,0,0
31881,0,0,0,0,0,0
31882,0,0,0,0,0,0
31883,0,0,0,5,0,0
31884,0,0,0,0,0,0
31885,0,0,0,8,0,0
31886,0,0,0,0,0,0
31887,0,0,0,0,0,0
31888,0,0,0,1,0,0
31889,0,0,0,6,0,0
31890,0,0,0,0,0,0
31891,0,0,15,1,30,0
31892,0,0,8,0,0,0
31893,0,0,0,0,1,0
31894,0,0,11,0,0,0
31895,0,0,5,44,32,4
31896,0,0,0,7,5,0
31897,0,0,19,28,36,2
31898,0,0,59,46,129,0
31899,0,0,0,40,139,6
31900,0,0,0,23,253,11
31901,0,0,11,82,368,25
31902,0,0,3,96,189,117
31903,0,0,0,77,263,83
31904,0,0,52,89,185,52
31905,0,0,36,115,244,71
31906,0,0,0,107,103,32
31907,0,0,14,92,101,2
31908,0,0,41,42,124,33
31909,0,0,0,19,36,60
31910,0,0,12,18,3,33
31911,0,0,94,1,0,12
31912,0,0,13,0,25,12
31913,0,0,0,2,17,5
31914,0,0,66,6,12,0
31915,0,0,27,28,49,0
31916,0,0,0,88,61,0
31917,0,0,74,115,5,0
31918,0,0,59,162,39,2
31919,0,0,0,200,3,0
31920,0,0,22,204,1,0
31921,0,0,31,281,9,8
31922,0,0,0,219,2,0
31923,0,0,18,200,0,0
31924,0,0,19,163,1,9
31925,0,0,3,197,0,0
31926,0,0,4,68,0,14
31927,0,0,22,160,0,64
31928,0,0,0,385,25,115
31929,0,0,0,737,128,176
31930,0,0,20,695,380,132
31931,0,0,1,708,351,213
31932,0,0,2,424,334,434
31933,0,0,1,334,400,677
31934,0,0,0,170,346,794
31935,0,0,0,209,391,923
31936,0,0,3,176,482,763
31937,0,0,0,28,573,562
31938,0,0,0,123,553,317
31939,0,0,0,66,567,337
31940,0,0,0,146,414,333
31941,0,0,0,329,253,365
31942,0,0,0,405,233,440
31943,0,0,0,326,278,391
31944,0,0,0,72,250,636
31945,0,0,0,146,299,563
31946,0,0,0,248,284,6
31947,0,0,0,353,151,62
31948,0,0,0,673,289,532
31949,0,0,0,369,546,769
31950,0,0,0,197,608,595
31951,0,0,0,145,780,575
31952,0,0,0,122,590,494
31953,0,0,0,38,284,325
31954,0,0,0,0,70,174
31955,0,0,0,2,107,72
31956,0,0,0,8,246,3
31957,0,0,0,22,308,0
31958,0,0,0,47,166,3
31959,0,0,0,203,73,0
31960,0,0,0,196,204,0
31961,0,0,2,71,91,0
31962,0,0,0,26,2,0
31963,0,0,0,53,0,0
31964,0,0,0,59,3,0
31965,0,0,0,24,0,0
31966,0,0,0,0,0,0
31967,0,0,0,2,0,0
31968,0,0,0,3,0,0
31969,0,0,0,0,0,0
31970,0,0,0,0,0,0
31971,0,0,0,4,0,0
31972,0,0,0,4,10,0
31973,0,0,0,23,244,0
31974,0,0,0,4,213,35
31975,0,0,4,78,132,128
31976,0,0,0,117,117,22
31977,0,0,2,25,17,2
31978,0,0,0,35,12,0
31979,0,0,0,169,272,31
31980,0,0,0,320,341,37
31981,0,0,0,341,57,47
31982,0,0,0,201,31,178
31983,0,0,0,85,71,367
31984,0,0,0,55,75,371
31985,0,0,0,7,82,436
31986,0,0,0,0,138,391
31987,0,0,0,47,116,339
31988,0,0,3,114,80,396
31989,0,0,33,186,87,396
31990,0,0,0,266,80,390
31991,0,0,4,220,57,413
31992,0,0,26,173,18,419
31993,0,0,0,76,11,334
31994,0,0,1,48,17,105
31995,0,0,66,0,16,0
31996,0,0,34,0,2,4
31997,0,0,2,0,3,6
31998,0,0,56,2,0,0
31999,0,0,9,36,0,0
32000,0,0,0,36,0,0
32001,0,0,6,73,0,0
32002,0,0,0,63,4,0
32003,0,0,0,44,49,0
32004,0,0,0,0,1,0
32005,0,0,0,0,3,0
32006,0,0,0,0,6,0
32007,0,0,0,0,1,0
32008,0,0,0,1,0,0
32009,0,0,0,31,14,0
32010,0,0,0,32,259,0
32011,0,0,0,32,889,0
32012,0,0,0,131,1725,116
32013,0,0,0,264,2248,53
32014,0,0,0,386,2689,141
32015,0,0,0,364,2927,276
32016,0,0,0,313,3311,209
32017,0,0,0,307,3566,603
32018,0,0,0,397,4055,738
32019,4,0,8,398,4011,734
32020,24,0,0,452,3072,463
32021,124,0,0,378,2169,195
32022,401,0,3,167,2317,11
32023,868,0,20,90,3141,257
32024,1195,0,0,178,3614,387
32025,1245,0,4,522,3854,541
32026,1002,9,0,559,3674,632
32027,632,106,0,431,2956,517
32028,430,82,16,340,2221,252
32029,328,0,0,488,2339,1
32030,847,0,0,290,2311,35
32031,939,56,25,96,1906,368
32032,888,230,9,0,1273,551
32033,814,220,4,17,519,173
32034,547,69,14,41,429,23
32035,636,0,0,3,172,2
32036,754,205,0,18,327,0
32037,555,261,7,25,113,0
32038,288,13,0,52,0,0
32039,282,17,0,32,0,0
32040,358,102,0,43,42,0
32041,219,58,0,25,158,0
32042,368,15,0,4,115,0
32043,398,11,0,0,33,0
32044,175,8,0,0,139,1
32045,231,0,0,9,54,0
32046,333,51,0,8,27,0
32047,155,54,0,22,7,0
32048,15,0,0,40,5,0
32049,184,3,0,57,19,0
32050,195,23,0,126,32,0
32051,1,4,0,75,0,0
32052,1,0,0,16,0,0
32053,34,0,0,12,22,0
32054,42,11,2,49,8,0
32055,2,0,0,53,7,0
32056,0,0,1,68,16,0
32057,0,0,0,61,34,0
32058,0,0,0,64,42,2
32059,0,0,0,34,24,1
32060,0,0,4,5,4,0
32061,0,0,0,46,2,0
32062,0,0,0,32,51,0
32063,0,0,10,14,60,0
32064,0,0,4,0,2,0
32065,0,0,0,13,2,0
32066,0,0,8,70,1,0
32067,0,0,1,143,3,0
32068,0,0,0,129,5,0
32069,0,0,3,42,42,0
32070,0,0,0,12,152,0
32071,0,0,2,78,185,0
32072,0,0,0,46,9,0
32073,0,0,2,23,8,0
32074,0,0,6,0,8,0
32075,0,0,0,0,13,0
32076,0,0,0,88,33,0
32077,0,0,4,112,30,0
32078,0,0,0,42,39,0
32079,0,0,0,30,14,0
32080,0,0,0,0,11,0
32081,0,0,0,0,3,0
32082,0,0,0,0,0,0
32083,0,0,0,0,18,0
32084,0,0,0,2,0,0
32085,0,0,0,0,0,0
32086,0,0,0,0,0,0
32087,0,0,0,1,0,0
32088,0,0,6,0,0,0
32089,0,0,5,0,0,0
32090,0,0,0,0,50,0
32091,0,0,0,0,129,0
32092,0,0,0,42,127,0
32093,0,0,0,104,77,0
32094,0,0,0,97,52,0
32095,0,0,15,257,28,0
32096,0,0,0,257,174,0
32097,0,0,0,167,81,0
32098,0,0,5,111,34,0
32099,0,0,0,96,55,0
32100,0,0,0,18,11,0
32101,0,0,2,10,11,0
32102,0,0,2,4,40,0
32103,0,0,0,0,10,0
32104,0,0,0,29,0,0
32105,0,0,0,63,0,0
32106,0,0,0,64,10,0
32107,0,0,0,100,24,0
32108,0,0,0,289,33,0
32109,0,0,0,430,35,0
32110,0,0,0,472,16,0
32111,0,0,0,442,29,0
32112,0,0,0,225,14,0
32113,0,0,19,106,7,0
32114,0,0,7,134,0,0
32115,0,0,0,269,0,0
32116,0,0,1,426,0,0
32117,0,0,24,428,16,0
32118,0,0,0,429,8,0
32119,0,0,0,522,0,0
32120,0,0,0,389,0,0
32121,0,0,0,378,0,0
32122,0,0,2,524,0,0
32123,0,0,2,630,0,0
32124,0,0,0,705,0,0
32125,0,0,0,752,0,0
32126,0,0,0,799,62,0
32127,0,0,0,830,8,0
32128,0,0,0,847,15,0
32129,0,0,0,727,41,0
32130,0,0,0,553,12,0
32131,0,0,0,340,43,0
32132,0,0,0,232,14,0
32133,0,0,0,110,13,0
32134,0,0,0,46,13,0
32135,0,0,0,103,16,0
32136,0,0,0,4,1,0
32137,0,0,0,32,5,0
32138,0,0,0,18,2,0
32139,0,0,0,10,7,0
32140,0,0,0,94,9,0
32141,0,0,0,54,10,0
32142,0,0,2,10,0,0
32143,0,0,0,18,9,0
32144,0,0,0,1,0,0
32145,0,0,0,0,0,0
32146,0,0,0,0,5,0
32147,0,0,4,11,0,0
32148,0,0,0,63,0,0
32149,0,0,0,0,0,0
32150,0,0,5,89,0,0
32151,0,0,12,41,4,0
32152,0,0,0,27,9,0
32153,0,0,6,0,0,0
32154,0,0,5,45,0,0
32155,0,0,0,94,0,0
32156,0,0,26,232,0,0
32157,0,0,45,217,0,1
32158,0,0,0,59,0,0
32159,0,0,38,50,0,0
32160,0,0,95,117,0,0
32161,0,0,8,17,0,0
32162,0,0,9,2,0,0
32163,0,0,71,10,9,0
32164,0,0,0,55,16,0
32165,0,0,0,25,15,0
32166,0,0,6,6,30,0
32167,0,0,0,0,0,0
32168,0,0,0,0,0,0
32169,0,0,0,0,0,0
32170,0,0,0,0,0,0
32171,0,0,0,0,0,0
32172,0,0,0,0,0,0
32173,0,0,0,0,0,0
32174,0,0,0,0,0,0
32175,0,0,0,0,0,0
32176,0,0,0,0,1,0
32177,0,0,0,0,4,0
32178,0,0,0,0,1,0
32179,0,0,0,0,5,0
32180,0,0,0,0,29,0
32181,0,0,0,0,27,0
32182,0,0,0,0,25,0
32183,0,0,0,7,12,0
32184,0,0,0,1,4,0
32185,0,0,0,0,0,0
32186,0,0,0,0,0,0
32187,0,0,0,0,0,0
32188,0,0,0,0,17,0
32189,0,0,0,0,8,0
32190,0,0,0,1,0,0
32191,0,0,0,25,1,0
32192,0,0,0,28,0,0
32193,0,0,0,10,0,0
32194,0,0,0,0,0,0
32195,0,0,0,0,0,0
32196,0,0,0,6,6,0
32197,0,0,0,10,277,0
32198,0,0,0,68,750,0
32199,0,0,0,248,1258,4
32200,0,0,0,347,1591,0
32201,0,0,0,531,1876,9
32202,0,0,0,579,1587,0
32203,0,0,0,641,1109,0
32204,0,0,0,703,454,0
32205,0,0,2,694,1096,0
32206,0,0,0,731,1574,0
32207,0,0,2,595,1658,0
32208,0,0,1,636,1560,0
32209,0,0,13,625,1228,11
32210,0,0,6,587,339,0
32211,0,0,0,589,1051,3
32212,0,0,25,417,1562,5
32213,0,0,19,116,1854,68
32214,0,0,0,147,1640,273
32215,0,0,10,431,1233,238
32216,0,0,23,731,747,116
32217,0,0,0,773,670,178
32218,0,0,5,518,550,190
32219,0,0,33,204,536,180
32220,0,0,0,27,513,154
32221,0,0,2,49,690,154
32222,0,0,7,65,840,213
32223,0,0,10,39,1150,189
32224,0,0,0,24,1502,117
32225,0,0,8,17,1713,24
32226,0,0,18,26,1854,0
32227,0,0,0,94,2011,0
32228,0,0,2,147,1936,55
32229,0,0,3,195,1598,41
32230,0,0,0,204,1378,39
32231,0,0,4,243,390,4
32232,0,0,14,92,461,0
32233,0,0,2,185,272,4
32234,0,0,0,71,194,0
32235,0,0,18,34,51,0
32236,0,0,9,2,6,0
32237,0,0,0,0,5,0
32238,0,0,7,52,0,0
32239,0,0,24,79,14,0
32240,0,0,8,41,3,0
32241,0,0,0,0,9,0
32242,0,0,15,0,32,0
32243,0,0,0,70,52,0
32244,0,0,0,20,23,0
32245,0,0,9,18,11,0
32246,0,0,7,0,3,0
32247,0,0,0,0,1,0
32248,0,0,2,0,0,0
32249,0,0,0,0,0,0
32250,0,0,0,0,2,0
32251,0,0,0,0,0,0
32252,0,0,0,0,2,0
32253,0,0,0,0,0,0
32254,0,0,0,0,0,0
32255,0,0,0,0,12,0
32256,0,0,0,0,10,0
32257,0,0,0,0,33,0
32258,0,0,0,0,39,0
32259,0,0,0,0,18,0
32260,0,0,0,57,40,0
32261,0,0,0,101,30,0
32262,0,0,0,212,26,0
32263,0,0,0,283,0,0
32264,0,0,0,312,3,0
32265,0,0,0,171,24,0
32266,0,0,0,10,8,0
32267,0,0,0,0,0,0
32268,0,0,0,0,19,0
32269,0,0,0,21,4,0
32270,0,0,0,81,3,0
32271,0,0,0,54,0,0
32272,0,0,0,9,0,0
32273,0,0,0,35,0,0
32274,0,0,0,48,1,0
32275,0,0,0,2,0,0
32276,0,0,0,8,0,0
32277,0,0,0,41,0,0
32278,0,0,0,44,0,0
32279,0,0,0,30,2,0
32280,0,0,0,33,0,0
32281,0,0,0,5,5,0
32282,0,0,0,37,1,0
32283,0,0,0,25,16,0
32284,0,0,9,0,80,0
32285,0,0,0,25,14,0
32286,0,0,0,49,22,0
32287,0,0,17,35,9,0
32288,0,0,54,19,0,0
32289,0,0,0,7,0,0
32290,0,0,65,0,0,1
32291,0,0,75,8,0,3
32292,0,0,0,7,0,0
32293,0,0,16,0,0,0
32294,0,0,70,39,0,0
32295,0,0,14,3,0,0
32296,0,0,0,1,0,0
32297,34,0,75,18,1,0
32298,52,0,2,0,0,0
32299,33,0,0,0,0,0
32300,0,0,7,0,13,0
32301,0,0,0,0,8,0
32302,0,0,0,0,0,0
32303,4,0,1,0,2,0
32304,0,0,0,0,0,0
32305,0,0,0,0,0,0
32306,0,0,0,0,10,0
32307,0,0,0,0,0,0
32308,0,0,0,0,0,0
32309,0,0,0,0,0,0
32310,0,0,0,0,0,0
32311,0,0,3,0,0,0
32312,0,0,1,0,0,0
32313,0,0,0,0,8,0
32314,0,0,6,0,9,0
32315,0,0,0,0,0,0
32316,0,0,0,0,0,0
32317,0,0,0,0,1,0
32318,0,0,0,0,0,0
32319,0,0,0,0,0,0
32320,0,0,0,0,0,0
32321,0,0,0,0,0,0
32322,0,0,0,3,0,0
32323,0,0,0,0,0,0
32324,0,0,0,0,0,0
32325,0,0,0,0,0,0
32326,0,0,0,0,15,0
32327,0,0,0,0,15,0
32328,0,0,0,0,0,0
32329,0,0,0,0,0,0
32330,0,0,0,0,0,0
32331,0,0,0,0,2,0
32332,0,0,0,0,2,0
32333,0,0,0,0,221,0
32334,0,0,0,63,211,0
32335,0,0,4,165,4,0
32336,0,0,24,73,118,0
32337,27,0,0,69,53,0
32338,51,0,2,44,86,0
32339,118,0,3,53,204,0
32340,103,0,0,296,173,0
32341,130,0,21,330,80,0
32342,14,0,28,380,77,0
32343,2,0,0,695,111,0
32344,0,0,35,726,107,1
32345,5,0,52,739,237,1
32346,67,0,0,620,152,0
32347,108,0,17,501,9,0
32348,85,0,55,173,1,0
32349,22,0,0,19,4,0
32350,5,0,69,0,0,0
32351,0,0,68,0,14,0
32352,1,0,0,0,0,0
32353,4,0,169,5,34,5
32354,26,0,104,77,92,3
32355,11,0,4,219,249,0
32356,68,0,176,215,360,2
32357,0,0,26,107,255,0
32358,0,0,22,36,101,42
32359,13,0,121,49,82,93
32360,67,1,0,0,1,99
32361,0,0,9,0,0,121
32362,83,0,15,0,1,90
32363,92,2,0,11,0,90
32364,24,0,9,5,0,17
32365,0,0,9,86,0,1
32366,69,0,0,79,0,0
32367,14,0,0,28,0,87
32368,8,0,0,56,24,144
32369,87,0,0,69,21,94
32370,31,0,0,2,20,64
32371,8,0,0,3,11,13
32372,33,0,0,14,0,0
32373,10,0,0,6,0,0
32374,0,0,0,0,2,0
32375,18,0,0,0,0,41
32376,11,0,0,0,0,50
32377,7,3,0,0,19,62
32378,15,0,0,0,18,76
32379,0,0,0,0,35,0
32380,0,0,0,19,36,0
32381,0,0,0,24,26,69
32382,0,0,0,0,9,27
32383,5,12,0,0,37,41
32384,0,12,0,7,56,19
32385,0,0,0,16,6,2
32386,0,0,0,24,1,13
32387,0,0,0,31,36,201
32388,4,0,0,5,13,68
32389,1,0,0,0,0,0
32390,0,0,0,43,0,0
32391,18,0,0,12,0,0
32392,63,0,0,6,0,0
32393,54,0,0,48,0,0
32394,18,0,0,34,0,4
32395,0,0,0,0,4,27
32396,0,0,0,95,26,18
32397,5,0,0,8,10,8
32398,0,0,0,0,0,4
32399,0,0,0,0,0,19
32400,0,0,0,0,0,15
32401,0,0,0,11,2,1
32402,0,0,0,33,0,4
32403,1,0,1,5,1,211
32404,21,0,0,0,1,167
32405,3,0,7,4,34,94
32406,0,0,5,0,37,33
32407,0,0,0,0,0,0
32408,0,0,46,0,61,13
32409,0,0,6,0,0,17
32410,0,0,4,60,0,64
32411,1,0,154,107,0,123
32412,0,0,28,0,0,41
32413,0,0,12,0,0,32
32414,0,0,155,8,0,10
32415,0,0,7,11,1,0
32416,0,0,21,14,0,0
32417,0,0,207,14,0,1
32418,0,0,36,24,0,2
32419,0,0,5,13,0,0
32420,0,0,147,13,59,0
32421,0,0,37,18,25,0
32422,0,0,2,10,22,0
32423,2,0,105,4,0,2
32424,2,0,56,44,2,7
32425,11,8,0,14,2,5
32426,13,28,24,0,1,0
32427,16,0,11,0,0,0
32428,3,0,0,1,0,0
32429,0,0,10,25,40,0
32430,0,0,11,0,97,0
32431,0,0,0,40,13,0
32432,0,0,0,62,0,0
32433,0,0,0,2,0,0
32434,3,0,0,0,0,0
32435,86,0,0,10,0,0
32436,91,0,0,10,0,0
32437,53,10,0,2,0,0
32438,24,16,0,4,0,0
32439,0,3,0,0,0,0
32440,1,0,0,0,0,0
32441,10,0,0,0,4,0
32442,0,14,3,0,0,0
32443,0,0,0,0,0,0
32444,3,2,0,6,0,0
32445,82,147,0,0,0,0
32446,6,99,6,2,0,0
32447,52,12,2,1,0,0
32448,100,0,1,0,0,0
32449,288,0,0,0,0,0
32450,377,77,0,0,0,0
32451,516,65,0,0,0,0
32452,487,5,0,0,0,0
32453,346,6,0,0,0,0
32454,417,43,0,0,0,0
32455,274,6,0,0,0,0
32456,95,0,0,0,0,0
32457,259,27,0,0,0,0
32458,288,69,0,0,0,0
32459,103,25,0,6,0,0
32460,0,0,0,0,0,0
32461,0,0,2,2,14,0
32462,0,0,0,0,41,0
32463,0,0,0,0,6,0
32464,0,0,0,0,0,0
32465,0,0,0,3,14,0
32466,0,0,0,1,0,0
32467,0,0,0,4,0,0
32468,0,0,0,3,0,0
32469,0,0,0,0,0,0
32470,0,0,0,0,0,0
32471,0,0,0,0,0,0
32472,1,0,0,0,0,0
32473,0,0,0,0,0,0
32474,0,0,0,0,0,0
32475,9,0,0,0,0,0
32476,14,0,0,0,1,0
32477,54,0,0,0,0,0
32478,14,0,0,0,1,0
32479,12,0,0,0,0,0
32480,21,0,0,0,0,0
32481,17,0,0,0,0,0
32482,5,0,0,0,0,0
32483,5,0,0,0,0,0
32484,0,0,0,4,0,0
32485,0,0,0,0,0,0
32486,4,0,0,0,0,0
32487,0,0,4,0,0,0
32488,5,0,9,0,0,0
32489,47,0,0,0,0,0
32490,134,0,34,0,0,0
32491,51,0,18,0,0,1
32492,37,0,0,0,0,0
32493,2,0,20,0,3,0
32494,9,0,34,0,2,0
32495,0,0,0,0,0,0
32496,9,0,7,0,0,0
32497,9,0,22,0,0,0
32498,7,0,0,0,0,0
32499,0,0,10,0,0,0
32500,0,0,43,0,0,0
32501,0,0,2,0,0,0
32502,0,0,0,0,0,0
32503,0,0,84,0,0,0
32504,0,0,22,0,0,0
32505,0,0,0,0,0,0
32506,0,0,63,0,0,0
32507,0,0,90,0,0,0
32508,0,0,16,0,0,0
32509,0,0,34,0,0,0
32510,0,0,147,0,2,11
32511,0,0,19,0,0,4
32512,0,0,11,0,0,0
32513,0,0,127,0,0,3
32514,0,0,16,0,0,0
32515,0,0,3,0,0,0
32516,0,0,35,0,0,0
32517,0,0,0,0,0,0
32518,0,0,0,0,0,0
32519,0,0,17,0,0,0
32520,0,0,8,0,0,0
32521,0,0,2,0,0,0
32522,0,0,28,0,0,0
32523,0,0,9,0,0,0
32524,0,0,0,0,0,0
32525,0,0,68,0,0,0
32526,0,0,1,0,0,0
32527,0,0,0,0,0,0
32528,0,0,9,0,7,0
32529,0,0,0,0,2,0
32530,0,0,0,0,12,0
32531,0,0,0,0,21,0
32532,0,0,0,0,19,0
32533,0,0,0,0,33,0
32534,0,0,0,0,10,0
32535,0,0,0,0,0,0
32536,0,0,0,0,1,0
32537,0,0,0,0,18,0
32538,0,0,3,0,10,0
32539,0,0,0,0,5,0
32540,0,0,43,0,5,0
32541,0,0,73,0,0,0
32542,0,0,1,0,0,0
32543,0,0,32,0,0,0
32544,0,0,63,0,0,0
32545,0,0,8,0,0,0
32546,9,0,19,0,0,0
32547,1,0,103,0,0,0
32548,0,0,22,0,0,0
32549,0,0,12,0,0,0
32550,2,0,287,0,0,1
32551,0,0,135,0,0,0
32552,13,0,47,0,5,0
32553,69,0,457,8,0,31
32554,146,0,344,5,0,25
32555,140,0,17,0,0,0
32556,91,0,331,0,2,32
32557,4,0,485,0,0,40
32558,6,0,26,0,0,0
32559,83,0,182,0,0,0
32560,35,0,515,0,3,84
32561,142,0,57,0,0,20
32562,183,0,85,0,0,0
32563,104,0,396,0,0,26
32564,141,0,121,0,0,6
32565,9,0,6,0,0,0
32566,0,0,437,0,2,46
32567,0,0,257,0,1,43
32568,0,0,2,0,0,0
32569,2,0,205,0,5,10
32570,0,0,216,0,5,4
32571,0,0,4,0,0,0
32572,0,0,96,0,0,0
32573,0,0,193,0,0,2
32574,0,0,30,0,0,0
32575,0,0,17,0,7,0
32576,0,0,169,0,0,0
32577,0,0,68,0,0,0
32578,0,0,14,0,0,0
32579,0,0,163,0,0,0
32580,0,0,86,0,0,0
32581,0,0,0,0,2,0
32582,0,0,48,0,1,0
32583,0,0,13,0,3,0
32584,0,0,0,0,0,0
32585,0,0,2,0,0,0
32586,0,0,0,0,0,0
32587,0,0,0,0,0,0
32588,0,0,0,0,0,0
32589,0,0,0,0,0,0
32590,0,0,0,0,0,0
32591,0,0,0,0,0,1
32592,0,0,0,0,13,0
32593,0,0,1,0,25,0
32594,0,0,0,0,9,0
32595,0,0,0,0,0,0
32596,0,0,13,0,0,0
32597,0,0,0,0,0,0
32598,0,0,2,11,0,0
32599,0,0,0,0,0,0
32600,0,0,0,0,0,0
32601,0,0,0,0,0,0
32602,0,0,7,0,0,0
32603,0,0,0,0,7,0
32604,0,0,2,0,0,0
32605,0,0,18,0,1,0
32606,0,0,8,0,4,0
32607,0,0,0,0,0,0
32608,9,0,35,0,0,0
32609,10,0,7,0,0,0
32610,0,0,0,0,0,0
32611,0,0,6,0,0,0
32612,0,0,5,0,0,0
32613,0,0,0,0,0,0
32614,7,0,7,0,0,0
32615,39,0,17,0,0,0
32616,77,0,0,0,0,0
32617,40,0,32,0,0,0
32618,71,0,16,0,0,0
32619,0,0,0,0,0,0
32620,53,0,15,0,0,0
32621,231,0,26,4,0,0
32622,350,0,2,0,0,0
32623,355,0,9,0,0,0
32624,244,0,46,0,0,1
32625,140,0,8,0,0,0
32626,151,0,5,0,0,0
32627,275,0,46,0,6,1
32628,416,0,29,0,52,2
32629,442,0,0,0,74,0
32630,287,0,3,0,43,0
32631,141,0,4,0,26,0
32632,128,0,0,0,0,0
32633,405,0,0,0,0,0
32634,566,0,10,0,0,0
32635,547,0,0,0,0,0
32636,504,0,0,0,0,0
32637,363,0,14,0,0,0
32638,61,0,28,0,0,0
32639,49,0,6,0,5,0
32640,445,0,3,0,0,0
32641,703,0,57,0,0,2
32642,749,0,18,0,0,0
32643,720,0,0,0,1,0
32644,541,0,42,0,0,0
32645,263,0,6,0,0,0
32646,214,0,1,0,0,0
32647,230,0,43,0,0,0
32648,400,0,13,0,0,0
32649,404,0,0,0,0,0
32650,284,0,0,0,0,0
32651,53,0,0,0,0,0
32652,264,0,0,0,0,0
32653,358,0,0,0,0,0
32654,218,0,0,0,0,0
32655,342,0,0,0,0,0
32656,387,0,0,0,0,0
32657,416,0,0,0,0,0
32658,183,0,0,0,0,0
32659,411,0,0,0,0,0
32660,382,0,0,0,0,0
32661,287,0,0,0,0,0
32662,5,0,0,0,0,0
32663,175,0,0,0,0,0
32664,215,0,0,0,0,0
32665,89,0,0,0,0,0
32666,247,0,0,0,0,0
32667,225,0,0,0,0,0
32668,97,0,0,0,0,0
32669,36,0,0,0,0,0
32670,332,0,0,0,0,0
32671,297,0,0,0,0,0
32672,151,0,0,0,0,0
32673,12,0,0,5,0,0
32674,194,0,0,0,0,0
32675,283,0,0,0,0,0
32676,109,0,0,0,0,0
32677,0,0,0,0,0,0
32678,19,0,0,0,0,0
32679,129,0,0,0,0,0
32680,106,0,0,0,0,0
32681,52,0,0,0,0,0
32682,5,0,0,0,0,0
32683,179,0,0,0,0,0
32684,186,0,0,0,0,0
32685,77,0,0,0,0,0
32686,0,0,0,0,0,0
32687,4,0,0,0,0,0
32688,28,0,0,0,0,0
32689,0,0,0,0,0,0
32690,0,0,0,0,0,0
32691,0,0,0,0,0,0
32692,4,0,0,0,1,0
32693,0,0,0,0,14,0
32694,0,0,0,0,0,0
32695,0,0,0,0,0,0
32696,0,0,0,0,0,0
32697,0,0,0,0,0,0
32698,0,0,0,0,0,0
32699,0,0,3,0,0,0
32700,0,0,0,0,0,0
32701,0,0,10,0,0,0
32702,0,0,0,0,0,0
32703,0,0,0,0,1,0
32704,0,0,0,0,0,0
32705,12,0,0,0,0,0
32706,19,0,0,0,0,0
32707,0,0,0,2,0,0
32708,0,0,0,0,0,0
32709,16,0,0,0,0,0
32710,20,0,0,0,0,0
32711,0,0,0,0,0,0
32712,0,0,0,0,0,0
32713,0,0,0,0,0,0
32714,0,0,0,0,0,0
32715,0,0,0,0,0,0
32716,0,0,0,0,0,0
32717,0,0,0,0,1,0
32718,0,0,0,0,1,0
32719,0,0,0,0,0,0
32720,0,0,0,0,0,0
32721,0,0,0,0,0,0
32722,0,0,0,0,0,0
32723,0,0,0,0,8,0
32724,0,0,0,0,0,0
32725,0,0,0,0,0,0
32726,3,0,0,0,0,0
32727,1,0,0,0,0,0
32728,0,0,0,0,0,0
32729,0,0,2,0,0,0
32730,0,0,0,0,0,0
32731,14,0,0,0,0,0
32732,172,0,4,0,0,0
32733,372,0,0,0,0,0
32734,410,0,0,0,0,0
32735,316,0,0,0,0,0
32736,142,0,1,0,0,0
32737,760,0,0,0,0,0
32738,1614,0,0,0,0,0
32739,2021,0,0,0,0,0
32740,2392,0,0,0,18,0
32741,2635,0,6,0,134,0
32742,2189,0,1,0,430,12
32743,1498,0,0,0,760,2
32744,1087,0,4,94,1307,156
32745,1060,15,0,9,1771,349
32746,1158,0,0,40,2097,677
32747,1866,17,6,15,2742,625
32748,1982,0,8,0,3539,596
32749,1841,0,0,0,3092,951
32750,1418,0,1,0,3746,828
32751,902,0,0,8,4853,1102
32752,1195,0,0,95,5569,1039
32753,1089,0,0,154,6258,890
32754,792,0,0,261,6935,978
32755,430,0,0,364,7706,1196
32756,421,0,0,515,8785,1626
32757,513,0,0,535,10300,2180
32758,242,0,0,757,11380,2561
32759,76,0,0,601,11117,3127
32760,156,0,0,609,10504,3452
32761,166,0,0,654,9970,3264
32762,336,0,0,766,9761,3494
32763,363,0,0,820,8960,3618
32764,251,0,0,981,7946,2882
32765,239,0,0,1335,5213,2437
32766,516,0,0,1486,1597,2159
32767,337,0,0,1162,1669,2759
32768,0,0,0,914,3220,3255
32769,132,0,0,806,4946,4860
32770,143,0,0,568,5902,5254
32771,384,0,0,260,6256,4186
32772,600,0,0,180,6540,2583
32773,586,0,0,157,7143,1366
32774,489,0,0,350,7099,802
32775,404,0,0,362,6435,171
32776,233,0,7,461,6354,34
32777,124,0,12,285,5740,54
32778,321,0,27,261,5276,29
32779,311,0,50,118,4436,84
32780,259,0,0,160,4361,167
32781,40,0,0,63,3438,260
32782,0,0,0,76,2561,182
32783,87,0,34,26,1440,38
32784,65,0,183,1,655,26
32785,0,0,601,10,836,209
32786,110,0,0,0,1265,0
32787,267,0,36,0,1121,0
32788,431,0,60,0,933,0
32789,509,0,68,0,796,0
32790,631,0,518,0,611,77
32791,639,0,635,11,431,167
32792,660,0,3,2,277,0
32793,585,0,72,0,307,0
32794,477,0,10,0,922,0
32795,198,0,20,0,1595,0
32796,56,0,387,0,1436,17
32797,205,0,298,2,1609,14
32798,206,0,28,18,1384,0
32799,270,0,6,1,938,4
32800,234,0,0,0,812,2
32801,298,0,0,30,1325,0
32802,290,0,28,5,1800,5
32803,154,0,283,12,1900,51
32804,0,0,9,210,1045,1
32805,66,0,0,2,836,0
32806,160,0,0,23,1166,0
32807,35,0,0,1,1633,19
32808,4,0,2,44,1764,25
32809,0,0,0,79,2464,304
32810,0,0,0,146,3507,435
32811,2,0,4,153,3180,443
32812,2,0,4,100,2689,366
32813,0,0,0,10,1832,117
32814,0,0,0,69,1673,23
32815,0,0,0,152,2376,9
32816,0,0,0,33,2811,0
32817,0,0,0,0,2968,0
32818,0,0,0,33,2577,0
32819,75,0,0,120,1838,0
32820,107,0,0,23,1064,0
32821,226,0,0,12,513,0
32822,239,0,0,5,521,0
32823,103,0,0,0,1488,0
32824,8,0,0,39,1934,0
32825,5,0,0,102,2244,25
32826,104,0,0,23,2141,22
32827,151,0,0,0,1959,26
32828,43,0,0,0,1707,1
32829,0,0,0,0,1044,0
32830,1,0,0,0,1033,2
32831,91,0,0,65,2463,0
32832,93,0,0,20,2238,0
32833,13,0,0,0,2267,0
32834,0,0,0,7,2246,0
32835,7,0,0,0,2254,0
32836,59,0,0,0,2204,0
32837,0,0,4,0,2204,0
32838,0,0,0,49,2564,5
32839,4,0,0,46,3070,263
32840,40,0,0,63,2618,82
32841,2,0,0,0,2506,14
32842,0,0,0,0,1864,1
32843,27,0,0,0,1742,16
32844,12,0,0,105,1809,0
32845,0,0,0,85,3867,3
32846,0,0,0,194,5279,83
32847,64,0,0,48,4555,177
32848,6,0,0,85,4837,105
32849,0,0,0,597,4941,24
32850,0,0,0,1269,3825,15
32851,0,0,0,1344,2285,0
32852,0,0,0,582,1607,61
32853,0,0,0,283,1762,7
32854,0,0,0,310,1789,0
32855,0,0,0,371,1452,42
32856,0,0,0,405,1112,18
32857,29,0,0,375,936,1
32858,51,0,0,288,474,29
32859,77,0,0,145,374,0
32860,90,0,0,28,614,0
32861,85,0,0,8,534,0
32862,10,0,0,2,378,0
32863,76,0,0,0,569,0
32864,190,0,0,0,770,0
32865,199,0,0,0,668,0
32866,148,0,9,0,642,20
32867,20,0,0,0,746,0
32868,86,0,35,0,917,3
32869,43,0,5,0,952,0
32870,27,0,10,0,1281,0
32871,19,0,0,0,1379,0
32872,14,0,9,10,1565,0
32873,0,0,28,42,1653,3
32874,13,0,49,91,1571,4
32875,1,0,9,118,1127,0
32876,0,0,16,72,1249,1
32877,0,0,0,96,1294,0
32878,0,0,1,88,1959,1
32879,2,0,0,60,1638,4
32880,1,0,10,59,1460,44
32881,0,0,4,13,1190,65
32882,4,0,64,4,1299,77
32883,0,0,0,0,1241,55
32884,0,0,7,0,1368,84
32885,0,0,0,2,743,38
32886,0,0,0,0,472,62
32887,0,0,0,0,773,90
32888,0,0,7,0,844,139
32889,0,0,142,15,437,87
32890,0,0,88,1,245,43
32891,0,0,6,8,290,33
32892,0,0,0,1,282,31
32893,0,0,0,2,190,17
32894,0,0,0,90,186,1
32895,0,0,68,26,235,12
32896,0,0,186,60,712,40
32897,0,0,43,69,850,51
32898,0,0,2,5,1749,89
32899,0,0,0,3,2288,177
32900,0,0,0,1,1942,109
32901,0,0,3,0,1037,99
32902,0,0,58,12,1126,260
32903,0,0,150,0,1630,365
32904,0,0,16,0,1552,241
32905,0,0,0,0,1403,178
32906,0,0,0,0,1002,90
32907,0,0,0,0,552,29
32908,0,0,38,18,710,7
32909,14,0,87,21,470,25
32910,18,0,24,28,718,47
32911,1,0,0,6,395,18
32912,0,0,0,2,346,19
32913,46,0,0,0,266,18
32914,116,0,2,0,136,21
32915,109,0,10,0,34,13
32916,130,0,83,0,116,10
32917,119,0,3,0,18,23
32918,163,0,0,0,186,19
32919,241,0,0,0,120,71
32920,225,0,0,0,199,171
32921,252,0,1,0,137,51
32922,218,0,38,0,147,5
32923,133,0,100,0,129,13
32924,16,0,0,0,170,70
32925,0,0,0,0,84,198
32926,32,0,0,2,323,162
32927,150,0,0,0,281,140
32928,83,0,91,1,401,131
32929,48,0,162,0,278,188
32930,6,0,9,0,630,253
32931,5,0,0,0,680,218
32932,0,0,0,10,689,204
32933,0,0,0,0,752,115
32934,0,0,8,26,757,212
32935,0,0,131,0,650,309
32936,0,0,61,34,797,354
32937,0,0,0,0,688,106
32938,0,0,0,0,515,17
32939,0,0,0,0,343,6
32940,0,0,0,0,193,3
32941,0,0,30,1,239,17
32942,0,0,195,0,108,19
32943,0,0,83,0,138,10
32944,0,0,0,0,272,34
32945,0,0,0,0,216,11
32946,0,0,0,0,87,0
32947,0,0,14,0,117,0
32948,0,0,189,0,196,6
32949,0,0,182,0,166,13
32950,0,0,16,0,125,1
32951,0,0,0,0,150,0
32952,0,0,0,1,132,0
32953,0,0,0,1,124,0
32954,0,0,18,6,54,0
32955,0,0,65,14,13,24
32956,0,0,51,3,48,21
32957,0,0,1,0,11,0
32958,0,0,0,0,50,0
32959,0,0,0,0,26,0
32960,0,0,1,0,0,0
32961,0,0,28,0,1,6
32962,0,0,1,0,3,0
32963,0,0,7,0,11,0
32964,0,0,0,0,10,0
32965,0,0,0,0,2,0
32966,0,0,0,0,14,0
32967,3,0,0,0,0,0
32968,83,0,0,0,29,0
32969,53,0,0,0,0,2
32970,10,0,5,0,0,6
32971,50,0,9,0,6,0
32972,43,0,0,0,2,9
32973,53,0,0,0,8,0
32974,26,0,0,0,16,1
32975,14,0,0,0,19,0
32976,9,0,0,0,22,0
32977,8,0,0,0,0,0
32978,11,0,0,0,0,0
32979,10,0,0,0,0,0
32980,63,0,0,0,0,0
32981,107,0,0,0,0,0
32982,216,0,0,0,0,0
32983,359,0,0,0,9,0
32984,332,0,0,0,364,15
32985,228,0,0,5,877,193
32986,99,0,0,62,1473,252
32987,52,0,0,121,1755,504
32988,36,0,0,278,2463,873
32989,0,0,0,408,3664,999
32990,0,0,0,533,4957,1156
32991,0,0,0,542,6535,753
32992,0,0,0,729,8057,252
32993,19,0,0,938,9123,28
32994,128,0,0,1119,9710,57
32995,231,0,0,1230,10115,45
32996,436,0,0,1817,10416,60
32997,406,0,0,2506,9984,248
32998,315,0,0,3153,9438,331
32999,190,0,0,4054,8804,345
33000,10,0,0,4507,7923,278
33001,0,0,8,4560,6934,282
33002,0,0,33,4319,5958,153
33003,0,0,0,3718,5385,37
33004,68,0,0,3456,4212,14
33005,23,0,0,2921,3028,10
33006,21,0,7,2277,2010,13
33007,6,0,382,1652,1701,106
33008,0,0,323,1783,1892,107
33009,0,0,9,1449,1644,19
33010,5,0,0,1364,1953,49
33011,104,0,1,1031,1913,24
33012,211,0,15,850,1761,0
33013,285,0,497,580,1241,96
33014,347,0,554,438,1174,154
33015,184,0,100,334,379,11
33016,27,0,0,301,144,0
33017,4,0,24,168,20,0
33018,2,0,0,51,7,0
33019,9,0,290,15,4,53
33020,1,0,701,33,0,224
33021,2,0,430,211,74,135
33022,9,0,0,427,467,1
33023,0,0,20,582,675,1
33024,3,0,0,463,581,0
33025,0,0,91,112,50,7
33026,0,0,525,70,2,94
33027,0,0,411,245,38,84
33028,0,0,7,80,6,2
33029,0,0,0,21,0,0
33030,0,0,3,32,19,0
33031,0,0,0,130,88,1
33032,0,0,342,189,147,100
33033,0,0,382,83,6,88
33034,3,0,15,113,11,0
33035,32,0,0,6,17,0
33036,242,0,0,91,13,0
33037,421,0,2,197,46,0
33038,737,0,117,205,0,4
33039,1078,0,94,51,9,4
33040,1141,0,0,0,0,0
33041,1316,0,0,50,10,6
33042,1088,0,0,157,166,0
33043,806,0,0,176,168,0
33044,477,0,31,122,150,8
33045,529,0,22,0,0,0
33046,1142,0,34,10,4,7
33047,1415,0,0,0,0,2
33048,1261,0,0,0,0,0
33049,915,0,0,19,7,0
33050,559,0,0,63,5,0
33051,457,0,2,95,7,0
33052,398,0,204,10,10,50
33053,213,0,103,62,2,39
33054,247,0,10,133,161,0
33055,73,0,0,205,97,0
33056,38,0,0,217,469,0
33057,55,0,0,153,201,0
33058,158,0,86,190,197,10
33059,62,0,167,82,17,6
33060,0,0,26,118,2,0
33061,0,0,0,93,26,0
33062,0,0,0,73,27,0
33063,1,0,0,44,22,0
33064,0,0,26,17,1,5
33065,0,0,84,154,234,11
33066,0,0,76,123,367,1
33067,4,0,0,239,747,0
33068,0,0,0,385,981,0
33069,0,0,0,400,1485,0
33070,0,0,0,589,1758,0
33071,0,0,12,855,1833,0
33072,0,0,48,818,1916,8
33073,0,0,13,892,2171,3
33074,0,0,0,864,2202,3
33075,0,0,0,1027,2557,11
33076,0,0,0,1349,2628,19
33077,0,0,0,1619,2844,76
33078,0,0,8,1532,2671,44
33079,0,0,12,1642,2205,85
33080,0,0,0,1885,1646,150
33081,0,0,0,1826,1076,28
33082,0,0,0,1193,509,28
33083,0,0,0,1306,407,0
33084,0,0,0,1756,1166,8
33085,0,0,0,1642,1072,97
33086,0,0,0,1437,355,93
33087,0,0,0,1117,279,28
33088,0,0,0,808,183,0
33089,0,0,0,562,84,3
33090,0,0,0,388,64,0
33091,0,0,0,465,316,0
33092,0,0,0,450,381,0
33093,0,0,0,472,442,7
33094,0,0,0,504,533,2
33095,0,0,0,511,676,0
33096,0,0,0,652,1010,1
33097,0,0,0,772,1514,26
33098,0,0,0,782,2057,123
33099,0,0,0,801,2305,121
33100,0,0,0,815,2503,47
33101,0,0,0,816,2859,6
33102,0,0,0,769,3157,77
33103,0,0,0,696,2980,271
33104,0,0,0,878,3027,249
33105,0,0,0,1029,3828,100
33106,0,0,0,1598,4868,87
33107,0,0,0,1802,6265,423
33108,0,0,0,2255,7254,725
33109,0,0,0,2866,7757,946
33110,0,0,0,2679,8126,914
33111,0,48,0,1986,8640,703
33112,13,75,0,1432,8607,291
33113,40,24,0,761,8509,20
33114,62,13,0,976,7997,30
33115,62,1,0,1057,8074,150
33116,199,4,0,1236,7373,309
33117,284,0,0,1364,6646,718
33118,337,1,0,973,5099,839
33119,338,0,0,384,2800,743
33120,347,1,0,306,2315,1004
33121,175,0,5,255,2969,609
33122,127,0,0,548,3106,641
33123,38,0,0,952,2383,757
33124,0,1,0,1092,3203,865
33125,3,0,5,1305,3926,629
33126,2,4,21,1376,4528,836
33127,2,2,18,1376,4593,1132
33128,21,3,52,1175,2463,1103
33129,0,0,73,785,994,985
33130,0,0,88,562,1361,765
33131,14,0,96,631,1361,563
33132,0,2,96,492,1321,538
33133,0,1,97,377,947,401
33134,7,0,133,345,791,289
33135,0,0,134,482,1305,24
33136,0,0,129,827,1798,113
33137,2,0,119,1035,1861,338
33138,41,2,147,1262,2460,527
33139,115,21,356,1219,2870,883
33140,187,89,412,1150,2850,1217
33141,185,181,417,915,2555,1178
33142,268,206,236,741,2623,1017
33143,390,152,268,500,1887,938
33144,743,145,503,363,761,494
33145,474,129,342,175,300,176
33146,157,110,168,202,259,0
33147,0,370,56,65,671,64
33148,62,637,86,129,1638,190
33149,154,558,188,107,2205,469
33150,469,333,257,118,2289,560
33151,587,144,82,206,2459,624
33152,743,68,109,186,2241,677
33153,616,66,183,120,1695,468
33154,476,43,145,33,1000,115
33155,352,14,138,60,406,28
33156,203,19,320,88,960,166
33157,48,36,238,321,1609,255
33158,56,29,230,540,2210,377
33159,14,0,184,664,2538,530
33160,36,8,178,543,2077,710
33161,78,1,185,443,1381,818
33162,174,5,131,224,336,570
33163,265,9,72,108,50,394
33164,389,112,76,44,262,369
33165,363,81,51,6,147,321
33166,460,212,133,8,233,327
33167,321,26,148,63,128,296
33168,219,29,47,89,126,130
33169,147,11,21,102,111,81
33170,95,3,9,27,133,74
33171,131,0,0,8,110,65
33172,114,12,7,9,114,68
33173,164,0,11,37,25,64
33174,162,0,38,0,25,88
33175,74,3,4,0,21,98
33176,80,3,0,0,44,90
33177,41,1,0,6,80,27
33178,0,0,0,0,14,48
33179,13,43,40,5,79,21
33180,26,70,27,2,0,19
33181,90,77,34,0,0,8
33182,32,9,2,0,0,1
33183,124,5,0,1,2,16
33184,145,0,0,0,105,16
33185,283,1,1,0,4,23
33186,317,38,24,0,0,49
33187,629,16,10,0,0,139
33188,652,0,0,0,1,82
33189,585,2,0,0,0,5
33190,248,11,0,0,0,80
33191,35,0,0,7,0,13
33192,82,0,0,63,9,47
33193,315,87,11,67,1,79
33194,476,164,93,75,0,41
33195,354,104,96,79,0,0
33196,231,157,89,60,9,0
33197,37,102,104,97,0,0
33198,186,78,1,18,1,0
33199,239,94,0,10,0,1
33200,242,50,26,10,0,3
33201,135,14,19,0,0,3
33202,185,19,21,2,1,27
33203,148,0,18,31,136,134
33204,143,0,1,48,239,167
33205,170,0,0,77,263,69
33206,105,0,0,73,196,12
33207,34,0,0,169,132,32
33208,0,0,2,192,10,19
33209,0,0,4,194,36,0
33210,0,0,12,201,75,0
33211,0,0,12,146,182,1
33212,0,0,35,77,154,1
33213,0,10,30,28,89,0
33214,28,192,61,1,91,0
33215,154,224,98,4,51,0
33216,135,216,43,0,1,0
33217,171,101,25,0,0,50
33218,147,113,48,0,0,88
33219,7,232,41,0,0,94
33220,4,94,54,0,0,123
33221,16,82,32,0,1,124
33222,22,33,0,0,0,137
33223,13,22,13,0,0,148
33224,5,17,7,0,11,156
33225,0,1,1,0,0,89
33226,13,16,280,0,0,69
33227,28,110,247,0,0,38
33228,112,233,136,0,2,16
33229,426,288,53,0,0,3
33230,581,154,13,0,0,0
33231,490,15,0,0,0,5
33232,243,21,8,0,38,146
33233,135,10,23,0,123,203
33234,27,0,2,0,144,268
33235,4,0,51,0,156,344
33236,149,0,38,0,220,210
33237,34,0,7,0,71,83
33238,0,0,0,0,0,4
33239,0,0,0,7,2,106
33240,0,0,0,0,0,57
33241,0,0,0,1,22,36
33242,0,0,0,6,0,3
33243,0,0,0,2,0,2
33244,0,0,0,1,0,148
33245,0,0,0,0,0,0
33246,0,0,0,1,1,0
33247,0,0,0,0,0,0
33248,0,0,0,0,5,0
33249,0,0,0,0,1,0
33250,0,0,1,0,0,0
33251,0,0,0,0,0,0
33252,0,0,0,6,0,0
33253,0,0,0,5,0,0
33254,0,0,1,4,0,0
33255,0,0,0,3,0,0
33256,0,0,0,0,0,0
33257,0,0,0,0,0,0
33258,0,0,0,0,0,0
33259,0,0,0,3,0,0
33260,0,0,2,2,0,0
33261,0,0,2,0,0,0
33262,0,0,0,0,0,0
33263,0,0,3,0,0,0
33264,0,0,10,0,0,0
33265,0,0,0,0,0,0
33266,0,0,0,0,0,0
33267,0,0,0,0,0,0
33268,0,0,0,0,0,0
33269,0,0,0,0,0,0
33270,0,0,0,0,0,0
33271,0,0,2,0,0,0
33272,0,0,0,0,0,0
33273,0,0,0,0,0,0
33274,0,0,0,0,0,0
33275,0,0,0,18,0,0
33276,0,0,0,0,0,0
33277,0,0,0,0,0,0
33278,0,0,0,0,0,0
33279,0,0,0,0,0,0
33280,0,0,0,0,0,0
33281,0,0,0,0,0,0
33282,0,0,0,0,0,0
33283,0,0,0,0,0,0
33284,0,0,0,0,0,0
33285,0,0,0,0,0,0
33286,0,0,0,0,2,0
33287,0,0,0,0,0,0
33288,0,0,0,0,0,0
33289,0,0,0,0,0,0
33290,0,0,0,0,0,0
33291,0,0,0,0,0,0
33292,0,0,0,0,0,0
33293,0,0,0,0,0,0
33294,0,0,0,0,0,0
33295,0,0,0,0,0,0
33296,0,0,0,0,0,0
33297,0,0,0,0,0,0
33298,0,0,0,0,0,0
33299,0,0,0,0,0,0
33300,62,0,0,0,0,0
33301,19,0,0,0,1,0
33302,0,0,0,0,0,0
33303,0,0,0,0,0,0
33304,10,0,0,0,0,0
33305,24,0,0,0,0,0
33306,3,0,0,0,0,0
33307,4,0,0,0,0,0
33308,0,0,0,0,0,0
33309,0,0,0,0,0,0
33310,0,0,0,0,0,0
33311,0,0,0,0,0,0
33312,0,0,0,0,0,0
33313,0,0,0,0,0,0
33314,0,0,0,0,0,0
33315,0,0,0,0,0,0
33316,0,0,0,1,1,0
33317,0,0,0,0,0,0
33318,0,0,0,0,0,0
33319,0,0,0,0,0,0
33320,0,0,0,0,0,0
33321,0,0,0,0,0,0
33322,0,0,0,0,0,0
33323,0,0,0,0,0,0
33324,0,0,0,0,0,0
33325,0,0,0,0,0,0
33326,0,0,0,0,0,0
33327,0,0,0,0,0,0
33328,0,0,0,0,0,0
33329,0,0,0,0,0,0
33330,0,0,0,0,0,0
33331,0,0,0,0,0,0
33332,0,0,0,0,0,0
33333,0,0,0,0,0,0
33334,0,0,0,0,0,0
33335,0,0,2,0,0,0
33336,0,0,0,0,0,0
33337,0,0,0,0,0,0
33338,0,0,0,0,0,0
33339,0,0,0,0,0,0
33340,0,0,0,0,0,0
33341,0,0,0,0,0,0
33342,0,0,0,0,0,0
33343,0,0,0,0,0,0
33344,0,0,0,0,0,0
33345,0,0,0,0,0,0
33346,0,0,0,0,0,0
33347,0,0,0,0,0,0
33348,0,0,0,0,0,0
33349,0,0,0,0,0,0
33350,0,0,0,0,0,0
33351,0,0,0,0,0,0
33352,0,0,0,0,0,0
33353,0,0,0,0,0,0
33354,0,0,0,0,0,0
33355,0,0,0,0,0,0
33356,0,0,4,0,0,0
33357,0,0,0,0,0,0
33358,0,0,0,14,0,0
33359,0,0,0,0,0,0
33360,0,0,0,0,0,0
33361,0,0,0,0,0,0
33362,0,0,0,0,0,0
33363,0,0,0,0,0,0
33364,0,0,0,0,0,0
33365,0,0,0,0,0,0
33366,0,0,0,6,0,0
33367,0,0,0,3,2,0
33368,0,0,0,8,2,0
33369,0,0,0,7,0,0
33370,0,0,1,0,2,0
33371,2,0,0,0,0,0
33372,0,0,0,0,0,0
33373,0,0,0,0,0,0
33374,0,0,0,0,0,0
33375,0,0,0,0,0,0
33376,0,0,0,0,0,0
33377,0,0,0,0,0,0
33378,0,0,0,1,0,0
33379,0,0,0,0,0,0
33380,1,0,0,0,0,0
33381,0,0,0,0,0,0
33382,0,0,0,0,0,0
33383,1,0,0,0,0,0
33384,9,0,0,0,0,0
33385,22,0,0,0,0,0
33386,23,0,0,0,0,0
33387,5,0,0,0,0,0
33388,0,0,0,0,0,0
33389,0,0,0,0,0,0
33390,0,0,0,0,0,0
33391,0,0,0,0,2,0
33392,0,0,0,0,0,0
33393,0,0,0,0,0,0
33394,0,0,0,0,0,0
33395,18,0,0,0,0,0
33396,14,0,0,0,1,0
33397,30,0,0,0,0,0
33398,30,0,0,0,0,0
33399,0,0,0,0,0,0
33400,0,0,0,0,0,0
33401,0,0,0,0,0,0
33402,0,0,0,1,0,0
33403,2,0,0,0,0,0
33404,17,0,0,0,0,0
33405,20,0,0,0,0,0
33406,0,0,0,0,0,0
33407,0,0,0,0,0,0
33408,0,0,0,0,0,0
33409,3,0,0,0,0,0
33410,0,0,0,0,0,0
33411,0,0,0,0,0,0
33412,0,0,0,0,0,0
33413,0,0,0,0,0,0
33414,0,0,0,0,0,0
33415,0,0,0,0,0,0
33416,0,0,0,0,0,0
33417,3,0,0,0,0,0
33418,15,0,0,0,0,0
33419,8,0,0,0,0,0
33420,18,0,0,0,0,0
33421,19,0,0,0,1,0
33422,0,0,0,0,0,0
33423,0,0,0,0,0,0
33424,5,0,0,0,0,0
33425,15,0,0,0,0,0
33426,1,0,0,0,0,0
33427,8,0,0,0,0,0
33428,4,0,0,0,0,0
33429,4,0,0,0,0,0
33430,0,0,0,0,0,0
33431,7,0,0,0,0,0
33432,17,0,0,0,0,0
33433,19,0,0,0,0,0
33434,36,0,0,0,0,0
33435,42,0,0,0,0,0
33436,25,0,0,0,0,0
33437,8,0,0,0,0,0
33438,0,0,4,0,0,0
33439,0,0,0,0,0,0
33440,0,0,0,0,0,0
33441,0,0,0,0,0,0
33442,0,0,0,0,0,0
33443,0,0,0,0,0,0
33444,0,0,0,0,0,0
33445,9,0,0,0,0,0
33446,6,0,0,0,0,0
33447,13,0,0,0,0,0
33448,21,0,0,0,0,0
33449,5,0,4,4,0,0
33450,15,0,0,0,0,0
33451,0,0,0,0,0,0
33452,0,0,0,0,0,0
33453,0,0,0,0,0,0
33454,0,0,0,0,1,0
33455,0,0,0,0,0,0
33456,0,0,8,0,0,0
33457,0,0,0,0,0,0
33458,0,0,0,0,0,0
33459,0,0,0,0,2,0
33460,0,0,0,0,0,0
33461,0,0,0,0,0,0
33462,0,0,0,0,0,0
33463,0,0,2,0,0,0
33464,0,0,0,0,0,0
33465,0,0,0,2,0,0
33466,0,0,2,0,1,0
33467,0,0,0,0,0,0
33468,0,0,0,0,1,0
33469,0,0,3,0,0,0
33470,0,0,8,0,0,0
33471,0,0,0,0,0,0
33472,0,0,0,0,0,0
33473,0,0,6,0,0,0
33474,0,0,0,0,0,0
33475,0,0,0,0,0,0
33476,0,0,0,0,0,0
33477,0,0,0,5,0,0
33478,0,0,0,0,0,0
33479,0,0,0,0,0,0
33480,0,0,0,0,2,0
33481,0,0,0,1,0,0
33482,0,0,0,0,1,0
33483,0,0,0,0,0,0
33484,0,0,0,0,0,0
33485,0,0,0,0,2,0
33486,0,0,0,0,0,0
33487,0,0,0,0,0,0
33488,0,0,0,0,0,0
33489,0,0,0,0,0,0
33490,0,0,0,0,0,0
33491,0,0,0,0,0,0
33492,0,0,0,0,0,0
33493,0,0,0,0,0,0
33494,0,0,0,0,0,0
33495,0,0,0,0,0,0
33496,0,0,0,0,0,0
33497,0,0,0,0,0,0
33498,0,0,0,0,0,0
33499,0,0,0,0,0,0
33500,0,0,0,0,0,0
33501,0,0,0,0,0,0
33502,0,0,0,0,0,0
33503,0,0,0,0,0,0
33504,0,0,0,0,0,0
33505,2,0,0,0,0,0
33506,3,0,0,0,0,0
33507,0,0,0,0,0,0
33508,0,0,0,0,0,0
33509,0,0,0,0,0,0
33510,0,0,0,0,0,0
33511,0,0,0,0,0,0
33512,0,0,1,0,0,0
33513,0,0,0,0,0,0
33514,2,0,0,0,0,0
33515,0,0,0,0,0,0
33516,11,0,0,0,0,0
33517,0,0,0,0,0,0
33518,0,0,0,0,0,0
33519,0,0,0,0,0,0
33520,0,0,0,0,0,0
33521,0,0,0,0,0,0
33522,0,0,0,0,0,0
33523,0,0,0,0,0,0
33524,0,0,0,0,0,0
33525,0,0,0,0,0,0
33526,19,0,0,1,0,0
33527,180,0,0,1,0,0
33528,382,0,0,0,1,0
33529,502,0,0,0,0,0
33530,548,0,0,0,0,0
33531,449,0,0,0,0,0
33532,261,0,0,0,0,0
33533,208,0,0,0,2,0
33534,444,0,0,0,0,0
33535,514,0,0,0,0,0
33536,538,0,0,24,0,0
33537,453,0,0,0,0,0
33538,239,0,0,0,0,0
33539,133,0,0,0,0,0
33540,236,0,0,0,0,0
33541,458,0,0,1,1,0
33542,363,0,0,0,0,0
33543,284,0,0,1,0,0
33544,103,0,0,0,0,0
33545,220,0,0,0,0,0
33546,294,0,0,0,0,0
33547,212,0,0,0,0,0
33548,68,0,0,0,1,0
33549,0,0,0,0,0,0
33550,4,0,0,0,0,0
33551,1,0,0,0,0,0
33552,28,0,0,0,0,0
33553,25,0,0,0,0,0
33554,1,0,0,0,0,0
33555,0,0,0,0,0,0
33556,0,0,0,0,6,0
33557,0,0,0,0,1,0
33558,0,0,0,0,0,0
33559,0,0,0,0,0,0
33560,0,0,0,0,0,0
33561,0,0,0,0,0,0
33562,0,0,0,0,0,0
33563,0,0,0,0,1,0
33564,0,0,0,0,1,0
33565,0,0,0,0,1,0
33566,0,0,3,0,0,0
33567,0,0,1,0,0,0
33568,0,0,0,0,0,0
33569,0,0,0,6,0,0
33570,0,0,0,11,0,0
33571,0,0,0,0,1,0
33572,0,0,0,0,0,0
33573,0,0,0,0,0,0
33574,0,0,0,0,0,0
33575,0,0,0,0,0,0
33576,0,0,0,0,0,0
33577,0,0,0,0,0,0
33578,0,0,0,0,0,0
33579,0,0,0,0,0,0
33580,0,0,2,0,0,0
33581,3,0,12,0,0,0
33582,0,0,0,0,0,0
33583,0,0,0,0,0,0
33584,0,0,0,0,0,0
33585,0,0,0,0,0,0
33586,0,0,7,0,1,0
33587,0,0,9,0,0,0
33588,0,0,0,0,0,0
33589,0,0,0,0,0,0
33590,0,0,2,0,0,0
33591,0,0,0,0,0,0
33592,0,0,0,0,0,0
33593,0,0,1,0,0,0
33594,0,0,0,0,0,0
33595,0,0,0,0,0,0
33596,0,0,0,0,0,0
33597,0,0,6,0,0,0
33598,0,0,0,0,0,0
33599,0,0,0,0,0,0
33600,0,0,0,0,0,0
33601,0,0,0,0,0,0
33602,0,0,0,0,0,0
33603,0,0,0,0,0,0
33604,0,0,0,0,0,0
33605,0,0,0,0,0,0
33606,0,0,0,0,0,0
33607,0,0,0,0,0,0
33608,0,0,9,0,0,0
33609,0,0,9,0,0,0
33610,0,0,0,0,0,0
33611,0,0,0,0,0,0
33612,0,0,0,0,0,0
33613,0,0,0,0,0,0
33614,0,0,0,0,0,0
33615,0,0,0,1,0,0
33616,0,0,4,0,0,0
33617,0,0,0,0,0,0
33618,0,0,0,0,0,0
33619,0,0,0,0,0,0
33620,0,0,0,0,0,0
33621,0,0,0,0,0,0
33622,0,0,0,0,0,0
33623,0,0,0,0,0,0
33624,0,0,0,0,0,0
33625,0,0,5,0,0,0
33626,0,0,3,0,0,0
33627,0,0,0,0,0,0
33628,0,0,2,0,0,0
33629,0,0,0,0,0,0
33630,0,0,0,0,0,0
33631,0,0,0,0,0,0
33632,0,0,0,0,0,0
33633,0,0,0,0,0,0
33634,0,0,0,0,0,0
33635,0,0,0,0,0,0
33636,0,0,0,0,0,0
33637,0,0,0,0,0,0
33638,0,0,0,0,0,0
33639,0,0,0,0,0,0
33640,0,0,0,0,0,0
33641,0,0,0,0,0,0
33642,0,0,0,0,0,0
33643,0,0,0,0,0,0
33644,0,0,0,0,0,0
33645,0,0,0,0,0,0
33646,0,0,0,11,0,0
33647,0,0,0,0,0,0
33648,7,0,0,0,1,0
33649,6,0,0,0,0,0
33650,0,0,0,11,0,0
33651,10,0,0,5,0,0
33652,79,0,0,0,0,0
33653,34,0,0,0,0,0
33654,1,0,0,0,0,0
33655,17,0,4,0,0,0
33656,10,0,0,0,0,0
33657,18,0,0,0,0,0
33658,5,0,0,0,0,0
33659,0,0,0,0,0,0
33660,3,0,0,0,0,0
33661,0,0,0,0,1,0
33662,0,0,4,0,0,0
33663,0,0,5,0,0,0
33664,0,0,0,0,0,0
33665,0,0,4,0,0,0
33666,0,0,11,0,0,0
33667,0,0,0,0,0,0
33668,0,0,0,0,0,0
33669,0,0,10,0,0,0
33670,0,0,3,0,0,0
33671,0,0,0,0,0,0
33672,0,0,5,0,0,0
33673,0,0,4,0,0,0
33674,0,0,0,0,0,0
33675,0,0,0,0,0,0
33676,2,0,12,0,0,0
33677,6,0,4,0,0,0
33678,0,0,0,0,2,0
33679,0,0,6,0,0,0
33680,0,0,0,0,0,0
33681,0,0,0,0,0,0
33682,0,0,6,0,0,0
33683,0,0,0,0,0,0
33684,0,0,0,0,0,0
33685,0,0,1,0,0,0
33686,0,0,0,0,0,0
33687,0,0,0,0,0,0
33688,4,0,0,0,0,0
33689,0,0,0,0,0,0
33690,0,0,0,0,0,0
33691,4,0,0,0,0,0
33692,11,0,0,0,0,0
33693,2,0,0,0,0,0
33694,0,0,0,0,0,0
33695,0,0,0,0,0,0
33696,0,0,0,0,0,0
33697,2,0,0,0,0,0
33698,0,0,1,0,0,0
33699,10,0,0,0,0,0
33700,122,0,0,0,0,0
33701,249,0,0,0,0,0
33702,411,0,0,0,0,0
33703,543,0,0,0,0,0
33704,598,0,0,0,0,0
33705,623,0,0,0,0,0
33706,524,0,0,0,0,0
33707,402,0,0,0,0,0
33708,164,0,8,13,0,0
33709,306,0,0,0,0,0
33710,363,0,0,0,0,0
33711,326,0,0,0,0,0
33712,97,0,0,0,0,0
33713,80,0,0,0,0,0
33714,272,0,0,0,0,0
33715,194,0,0,0,0,0
33716,102,0,0,0,0,0
33717,0,0,0,0,0,0
33718,76,0,0,0,0,0
33719,305,0,0,0,0,0
33720,325,0,1,0,0,0
33721,125,0,0,0,0,0
33722,5,0,0,0,1,0
33723,88,0,1,0,1,0
33724,345,0,13,0,0,0
33725,215,0,0,0,0,0
33726,74,0,0,0,0,0
33727,25,0,0,0,0,0
33728,111,0,0,0,0,0
33729,146,0,0,0,0,0
33730,80,0,2,0,0,0
33731,30,0,0,0,0,0
33732,88,0,0,0,0,0
33733,124,0,0,0,0,0
33734,1,0,5,0,0,0
33735,0,0,0,0,0,0
33736,118,0,0,0,4,0
33737,67,0,5,0,0,0
33738,0,0,0,0,0,0
33739,37,0,0,0,0,0
33740,16,0,20,0,0,0
33741,0,0,22,0,0,0
33742,12,0,0,0,0,0
33743,15,0,19,0,0,0
33744,11,0,20,0,2,0
33745,0,0,0,0,0,0
33746,0,0,2,0,0,0
33747,1,0,27,0,0,0
33748,11,0,6,0,0,0
33749,23,0,0,0,0,0
33750,14,0,11,3,0,0
33751,1,0,12,7,0,0
33752,0,0,0,0,0,0
33753,7,0,6,0,0,0
33754,1,0,17,0,0,0
33755,0,0,2,0,0,0
33756,0,0,0,0,0,0
33757,0,0,6,0,0,0
33758,0,0,15,0,0,0
33759,7,0,0,0,0,0
33760,0,0,4,0,0,0
33761,0,0,54,0,0,0
33762,0,0,8,0,0,0
33763,0,0,0,0,0,0
33764,0,0,34,0,0,0
33765,6,0,8,0,0,0
33766,14,0,0,0,9,1
33767,10,0,13,0,0,0
33768,0,0,13,0,0,3
33769,15,0,0,0,0,0
33770,18,0,11,0,0,2
33771,0,0,19,0,0,0
33772,0,0,0,0,0,0
33773,6,0,14,0,0,0
33774,102,0,38,0,1,0
33775,142,0,0,0,0,0
33776,113,0,0,0,0,0
33777,75,0,10,0,0,0
33778,3,0,4,0,0,0
33779,0,0,0,0,0,0
33780,0,0,58,0,1,0
33781,2,0,8,0,1,0
33782,0,0,0,0,1,0
33783,13,0,9,0,0,0
33784,1,0,16,0,0,0
33785,0,0,0,0,0,0
33786,3,0,0,0,0,0
33787,0,0,0,0,0,0
33788,0,0,0,18,0,0
33789,0,0,0,0,0,0
33790,0,0,0,0,0,0
33791,0,0,0,0,0,0
33792,0,0,0,0,0,0
33793,0,0,0,0,0,0
33794,0,0,0,0,0,0
33795,0,0,0,0,0,0
33796,0,0,0,0,6,1
33797,0,0,0,0,0,0
33798,0,0,0,0,1,0
33799,0,0,0,0,0,0
33800,0,0,0,0,0,0
33801,0,0,0,0,0,0
33802,0,0,0,0,0,0
33803,1,0,0,0,0,0
33804,0,0,0,0,0,0
33805,3,0,0,0,0,0
33806,0,0,0,0,0,5
33807,0,0,0,0,0,112
33808,0,0,0,0,0,209
33809,0,0,0,0,0,106
33810,0,0,0,0,0,0
33811,12,0,0,0,0,0
33812,0,0,0,1,0,1
33813,2,0,0,0,0,0
33814,0,0,0,0,0,0
33815,0,0,0,0,0,0
33816,0,0,0,0,0,0
33817,1,0,0,0,0,0
33818,28,0,0,0,0,0
33819,29,0,0,0,0,0
33820,26,0,0,0,0,0
33821,3,0,0,0,0,0
33822,0,0,0,0,0,0
33823,0,0,0,0,0,0
33824,0,0,2,0,2,0
33825,15,0,0,0,0,0
33826,13,0,0,2,5,0
33827,0,0,0,0,0,0
33828,0,0,0,0,0,0
33829,0,0,0,0,0,0
33830,0,0,0,0,0,0
33831,2,0,0,0,0,0
33832,86,0,0,0,0,0
33833,390,0,0,0,0,0
33834,828,0,0,0,0,0
33835,773,0,0,0,0,0
33836,598,0,0,0,0,0
33837,339,0,0,0,0,0
33838,367,0,0,0,0,0
33839,283,0,0,0,0,0
33840,131,0,0,0,0,0
33841,438,0,0,0,0,0
33842,471,0,0,0,0,0
33843,335,0,0,0,1,0
33844,111,0,0,0,0,0
33845,22,0,0,17,0,0
33846,17,0,0,0,0,0
33847,2,0,0,0,0,0
33848,0,0,0,0,0,0
33849,0,0,0,0,0,0
33850,0,0,0,0,0,0
33851,0,0,0,8,35,0
33852,0,0,0,0,0,0
33853,0,0,0,0,0,0
33854,0,0,0,0,0,0
33855,0,0,0,0,0,0
33856,0,0,0,0,0,1
33857,0,0,0,0,0,0
33858,0,0,0,0,0,7
33859,0,0,0,0,0,39
33860,0,0,0,0,1,2
33861,0,0,0,0,0,0
33862,7,0,0,0,5,0
33863,6,0,0,0,0,0
33864,0,0,0,0,1,0
33865,0,0,0,0,0,0
33866,0,0,0,0,0,0
33867,15,0,0,0,0,0
33868,59,0,0,0,0,0
33869,128,0,0,0,0,2
33870,116,0,0,0,0,58
33871,97,0,0,0,2,73
33872,102,0,0,0,0,0
33873,138,0,0,0,0,0
33874,197,0,0,0,0,0
33875,223,0,0,0,0,0
33876,532,0,0,0,0,0
33877,491,0,0,0,0,0
33878,553,0,0,0,0,0
33879,466,0,0,0,0,0
33880,507,0,0,0,0,0
33881,435,0,0,0,0,0
33882,129,0,0,0,0,0
33883,397,0,0,0,0,0
33884,483,0,0,0,0,0
33885,277,0,0,0,0,0
33886,161,0,0,0,0,0
33887,431,8,0,0,0,0
33888,305,8,0,0,0,0
33889,249,0,0,0,0,0
33890,615,0,0,0,0,0
33891,692,0,0,0,0,0
33892,514,3,0,0,0,0
33893,745,8,0,0,0,0
33894,722,0,0,0,0,0
33895,569,0,0,0,0,0
33896,75,0,0,0,0,0
33897,124,0,0,0,0,0
33898,144,0,0,0,0,0
33899,17,0,0,4,0,0
33900,71,0,0,0,0,0
33901,115,0,0,0,0,0
33902,61,0,0,0,0,0
33903,30,0,0,0,0,0
33904,55,0,0,0,0,0
33905,204,0,0,0,0,0
33906,297,0,1,0,0,0
33907,228,0,0,0,0,0
33908,36,0,0,0,0,0
33909,167,0,0,0,0,0
33910,334,0,0,0,0,0
33911,239,0,0,0,0,0
33912,132,0,0,0,0,0
33913,0,0,0,0,0,0
33914,79,0,0,0,0,0
33915,117,0,0,0,0,0
33916,41,0,0,0,2,0
33917,86,0,0,0,0,0
33918,211,0,0,0,0,0
33919,98,0,0,0,0,0
33920,10,0,0,0,0,0
33921,0,0,0,0,0,0
33922,67,0,0,0,0,0
33923,7,0,0,0,0,0
33924,0,0,0,0,0,0
33925,1,0,0,0,0,0
33926,49,0,0,0,0,0
33927,0,0,0,0,0,0
33928,0,0,0,0,0,0
33929,0,0,0,0,0,0
33930,0,0,0,0,0,0
33931,0,0,0,0,0,0
33932,0,0,0,0,0,0
33933,0,0,0,0,0,0
33934,0,0,0,0,0,0
33935,0,0,0,0,0,0
33936,0,0,0,0,0,0
33937,0,0,0,0,0,0
33938,0,0,0,0,0,0
33939,0,0,0,0,0,0
33940,0,0,0,13,0,0
33941,0,0,0,10,0,0
33942,0,0,0,0,0,0
33943,0,0,0,0,0,0
33944,0,0,0,0,0,0
33945,0,0,0,0,0,0
33946,0,0,0,4,0,0
33947,0,0,0,0,0,0
33948,0,0,0,0,1,0
33949,0,0,0,0,0,0
33950,0,0,0,0,0,0
33951,0,0,0,0,0,0
33952,0,0,0,0,0,0
33953,0,0,0,0,0,0
33954,0,0,0,0,0,0
33955,0,0,4,0,0,0
33956,0,0,0,0,0,0
33957,0,0,0,0,0,0
33958,0,0,0,0,0,0
33959,0,0,0,0,0,0
33960,0,0,0,0,0,0
33961,0,0,0,0,0,0
33962,0,0,0,0,0,0
33963,0,0,0,0,0,0
33964,0,0,0,0,0,0
33965,0,0,5,0,0,0
33966,0,0,0,0,0,0
33967,0,0,0,0,0,0
33968,13,0,0,0,0,0
33969,20,0,0,0,0,0
33970,11,0,0,0,0,0
33971,0,0,0,0,0,0
33972,0,0,0,0,0,0
33973,0,0,0,0,0,0
33974,0,0,0,0,0,0
33975,0,0,0,0,0,0
33976,0,0,0,0,0,0
33977,0,0,0,0,0,1
33978,0,0,1,0,0,0
33979,56,0,0,0,0,0
33980,80,0,0,0,0,0
33981,0,0,0,0,0,0
33982,11,0,0,0,0,0
33983,23,0,0,0,1,0
33984,17,0,0,0,0,0
33985,13,0,0,0,0,0
33986,2,0,0,0,0,0
33987,0,0,0,0,0,0
33988,0,0,0,0,0,0
33989,0,0,0,0,0,0
33990,0,0,0,0,0,0
33991,0,0,0,0,1,0
33992,0,0,0,0,2,0
33993,0,0,0,0,0,0
33994,0,0,0,0,1,2
33995,0,0,0,0,0,1
33996,0,0,0,0,0,22
33997,0,0,0,0,0,0
33998,0,0,0,0,0,0
33999,0,0,0,0,0,0
34000,0,0,0,0,0,0
34001,0,0,0,0,0,0
34002,0,0,0,0,0,0
34003,0,0,0,0,0,0
34004,0,0,0,0,0,0
34005,0,0,0,0,0,0
34006,0,0,0,0,4,1
34007,0,0,0,0,1,0
34008,0,0,0,0,0,0
34009,0,0,0,0,0,0
34010,0,0,0,0,0,0
34011,0,0,0,0,0,0
34012,0,0,0,0,2,0
34013,0,0,0,0,0,0
34014,0,0,0,0,0,0
34015,0,0,0,0,0,0
34016,0,0,0,0,0,0
34017,0,0,0,0,0,0
34018,0,0,0,0,0,0
34019,0,0,0,0,0,0
34020,0,0,0,0,0,0
34021,0,0,0,0,0,0
34022,0,0,0,0,0,0
34023,0,0,0,0,0,0
34024,0,0,0,0,0,0
34025,0,0,0,0,0,0
34026,0,0,0,0,0,0
34027,0,0,0,0,0,0
34028,1,0,0,0,0,0
34029,0,0,0,0,0,0
34030,0,0,0,0,0,0
34031,0,0,0,11,0,0
34032,14,0,0,0,0,0
34033,0,0,0,0,0,0
34034,4,0,0,0,0,0
34035,15,0,0,0,0,0
34036,21,0,0,3,0,0
34037,5,0,0,0,0,0
34038,4,0,0,0,0,0
34039,0,0,0,0,0,0
34040,1,0,2,0,0,0
34041,0,0,2,0,0,0
34042,0,0,0,0,0,0
34043,0,0,0,0,0,0
34044,0,0,0,0,0,0
34045,16,0,0,0,0,0
34046,27,0,0,0,0,0
34047,15,0,0,0,0,0
34048,16,0,0,0,0,0
34049,0,0,0,0,0,0
34050,0,0,0,0,0,0
34051,27,0,0,0,0,0
34052,50,0,0,0,0,0
34053,11,0,0,0,0,0
34054,0,0,0,0,0,0
34055,0,0,0,0,0,0
34056,0,0,0,0,0,0
34057,0,0,0,0,0,0
34058,42,0,0,0,0,0
34059,71,0,0,0,1,0
34060,20,0,0,0,0,0
34061,0,0,0,0,0,0
34062,2,0,0,0,0,0
34063,47,0,0,0,0,0
34064,48,0,8,0,0,0
34065,23,0,0,0,0,0
34066,0,0,0,0,0,0
34067,0,0,4,0,0,0
34068,0,0,0,0,2,2
34069,0,0,3,0,0,0
34070,0,0,0,0,0,0
34071,0,0,0,0,0,0
34072,16,0,6,0,0,0
34073,10,0,10,0,0,0
34074,0,0,0,0,0,0
34075,0,0,3,0,0,0
34076,0,0,18,0,0,0
34077,0,0,0,0,0,0
34078,0,0,0,0,3,0
34079,0,0,7,0,0,0
34080,0,0,0,0,0,0
34081,0,0,1,0,2,0
34082,0,0,22,0,0,0
34083,0,0,14,0,0,0
34084,0,0,0,0,0,0
34085,3,0,8,0,0,0
34086,0,0,4,0,0,0
34087,0,0,0,0,0,0
34088,0,0,3,0,0,0
34089,0,0,0,0,0,0
34090,0,0,0,0,0,0
34091,0,0,0,0,0,0
34092,7,0,0,0,0,0
34093,62,0,0,0,0,0
34094,239,0,0,0,0,0
34095,362,0,0,0,0,0
34096,377,0,0,0,6,0
34097,356,0,0,0,1,0
34098,164,0,0,0,0,0
34099,0,0,0,3,0,0
34100,0,0,0,7,0,0
34101,0,0,0,0,0,0
34102,0,0,0,0,2,0
34103,0,0,0,0,0,0
34104,0,0,0,2,0,0
34105,16,0,0,0,0,0
34106,109,0,0,0,0,0
34107,73,0,0,0,0,0
34108,14,0,0,0,0,0
34109,9,0,0,0,0,0
34110,0,0,0,0,0,0
34111,0,0,0,0,0,0
34112,0,0,0,0,0,0
34113,0,0,2,0,0,0
34114,0,0,0,0,0,0
34115,0,0,0,0,0,0
34116,0,0,0,0,0,0
34117,11,0,0,0,0,0
34118,115,0,0,0,0,0
34119,31,0,0,0,0,0
34120,22,0,0,0,0,0
34121,92,0,0,0,1,0
34122,65,0,0,0,0,0
34123,17,0,0,0,0,0
34124,0,0,0,0,0,0
34125,0,0,0,0,0,0
34126,0,0,0,0,0,0
34127,0,0,2,0,0,0
34128,0,0,0,0,0,0
34129,0,0,0,0,0,0
34130,0,0,0,0,0,0
34131,0,0,0,0,0,0
34132,0,0,0,0,0,0
34133,0,0,2,1,0,0
34134,0,0,1,0,0,0
34135,0,0,0,0,0,0
34136,0,0,4,0,0,0
34137,0,0,12,0,0,0
34138,0,0,0,0,0,0
34139,0,0,0,0,0,0
34140,0,0,11,0,0,0
34141,0,0,6,0,0,0
34142,0,0,0,0,1,0
34143,0,0,3,0,0,0
34144,0,0,0,0,0,0
34145,0,0,0,0,0,0
34146,0,0,0,0,0,0
34147,0,0,0,0,0,0
34148,0,0,0,0,0,0
34149,0,0,0,0,0,0
34150,0,0,0,0,0,0
34151,0,0,0,0,0,0
34152,0,0,0,0,0,0
34153,0,0,4,0,0,0
34154,0,0,0,0,0,0
34155,0,0,0,0,0,0
34156,0,0,0,1,3,0
34157,0,0,8,0,0,0
34158,0,0,0,0,0,0
34159,0,0,1,0,0,0
34160,0,0,1,0,0,0
34161,0,0,0,0,0,0
34162,0,0,0,0,0,0
34163,0,0,0,1,0,0
34164,0,0,0,0,0,0
34165,0,0,0,0,1,0
34166,0,0,4,0,0,0
34167,0,0,0,0,0,0
34168,0,0,0,0,0,0
34169,0,0,5,0,0,0
34170,0,0,0,0,0,0
34171,0,0,12,0,1,0
34172,0,0,30,0,0,0
34173,0,0,0,0,0,1
34174,0,0,0,0,0,0
34175,0,0,11,0,0,0
34176,0,0,2,0,0,0
34177,6,0,0,0,0,0
34178,0,0,3,0,0,0
34179,0,0,0,0,0,0
34180,0,0,0,14,0,0
34181,0,0,0,0,0,0
34182,0,0,6,0,1,0
34183,0,0,0,0,0,0
34184,0,0,0,0,0,0
34185,0,0,18,0,0,0
34186,0,0,0,0,1,0
34187,0,0,2,0,0,0
34188,0,0,25,0,0,2
34189,0,0,6,0,0,0
34190,13,0,0,0,0,0
34191,0,0,16,0,0,0
34192,1,0,0,0,0,0
34193,26,0,0,0,0,0
34194,74,0,6,0,0,0
34195,137,0,8,0,0,0
34196,70,0,0,0,0,0
34197,17,0,4,0,0,0
34198,0,0,53,0,0,0
34199,10,0,0,0,0,0
34200,0,0,1,0,0,0
34201,0,0,50,0,0,3
34202,0,0,0,0,0,0
34203,0,0,7,0,0,0
34204,0,0,38,0,0,0
34205,4,0,0,0,0,0
34206,4,0,0,0,0,0
34207,0,0,19,0,0,0
34208,0,0,0,0,0,0
34209,0,0,0,0,0,0
34210,7,0,0,0,0,0
34211,2,0,0,0,0,0
34212,0,0,0,0,0,0
34213,0,0,0,0,0,0
34214,0,0,0,0,0,0
34215,11,0,0,0,0,0
34216,0,0,0,0,0,0
34217,0,0,0,0,0,0
34218,18,0,0,0,0,0
34219,32,0,0,1,0,0
34220,31,0,0,0,0,0
34221,27,0,0,0,0,0
34222,25,0,0,0,0,0
34223,40,0,0,0,0,0
34224,67,0,0,0,0,0
34225,57,0,0,0,0,0
34226,0,0,0,0,0,0
34227,27,0,0,0,0,0
34228,45,0,0,0,0,0
34229,113,0,0,0,0,0
34230,130,0,0,0,0,0
34231,73,4,0,0,0,0
34232,53,1,0,0,0,0
34233,36,0,0,0,1,0
34234,7,0,0,0,0,0
34235,30,0,0,0,0,0
34236,75,0,0,0,0,0
34237,10,0,0,0,0,0
34238,27,0,0,0,1,0
34239,30,0,0,0,0,0
34240,0,0,0,0,0,0
34241,29,0,0,0,0,0
34242,94,0,0,0,0,0
34243,132,0,4,0,0,0
34244,105,0,6,1,0,0
34245,51,0,0,0,0,0
34246,3,0,0,1,2,0
34247,0,0,0,0,0,0
34248,2,0,0,0,0,0
34249,0,0,0,8,0,0
34250,0,0,0,0,0,0
34251,0,0,0,0,0,0
34252,0,0,0,0,0,0
34253,0,0,0,0,0,0
34254,2,0,0,0,0,0
34255,0,0,0,0,0,0
34256,0,0,1,0,0,0
34257,0,0,0,0,0,0
34258,3,0,0,0,0,0
34259,11,0,11,0,0,0
34260,8,0,2,1,0,0
34261,2,0,0,0,6,0
34262,0,0,14,0,0,0
34263,0,0,23,0,0,0
34264,0,0,0,0,0,0
34265,0,0,9,0,0,0
34266,0,0,3,0,0,0
34267,0,0,0,0,0,0
34268,0,0,5,0,0,0
34269,0,0,13,0,0,0
34270,0,0,0,0,0,0
34271,0,0,0,0,0,0
34272,0,0,0,0,0,0
34273,0,0,0,0,0,0
34274,0,0,0,0,0,0
34275,0,0,0,0,0,0
34276,0,0,1,0,0,0
34277,0,0,0,0,0,0
34278,0,0,0,0,0,0
34279,0,0,0,0,0,0
34280,0,0,0,23,0,0
34281,0,0,0,12,0,0
34282,0,0,2,0,0,0
34283,0,0,2,0,1,0
34284,0,0,0,0,0,0
34285,0,0,0,0,0,0
34286,0,0,0,0,1,0
34287,0,0,0,0,0,0
34288,0,0,0,0,1,0
34289,0,0,0,1,9,0
34290,0,0,0,0,0,0
34291,0,0,0,0,5,0
34292,0,0,0,0,4,0
34293,0,0,0,0,0,0
34294,0,0,0,0,0,0
34295,0,0,0,35,8,0
34296,0,0,0,64,3,0
34297,0,0,0,53,0,0
34298,0,0,0,20,0,0
34299,0,0,0,11,1,0
34300,0,0,0,29,0,0
34301,0,0,1,63,0,0
34302,0,0,2,53,0,0
34303,0,0,0,45,0,0
34304,0,0,0,65,3,30
34305,0,0,7,39,2,38
34306,0,0,0,0,17,50
34307,0,0,0,2,26,70
34308,0,0,5,19,32,98
34309,0,0,0,10,24,56
34310,0,0,0,0,10,74
34311,0,0,2,0,2,38
34312,0,0,0,0,5,7
34313,0,0,0,0,1,42
34314,0,0,0,0,0,3
34315,0,0,0,0,3,41
34316,0,0,0,23,5,41
34317,0,0,0,69,4,32
34318,0,0,0,124,0,0
34319,0,0,0,32,7,0
34320,0,0,0,10,68,74
34321,0,0,0,70,77,101
34322,0,0,0,8,70,109
34323,0,0,0,0,48,106
34324,0,0,0,0,29,123
34325,0,0,0,0,0,5
34326,0,0,0,0,0,0
34327,0,0,0,0,0,0
34328,0,0,0,0,0,0
34329,0,0,6,6,0,0
34330,0,0,0,10,0,0
34331,0,0,0,14,0,0
34332,0,0,0,0,0,0
34333,0,0,0,0,0,0
34334,0,0,1,34,0,0
34335,0,0,17,30,0,2
34336,0,0,4,1,0,0
34337,0,0,2,1,0,0
34338,0,0,13,7,3,42
34339,0,0,1,7,60,165
34340,0,0,0,0,123,169
34341,0,0,2,0,141,122
34342,0,0,13,0,155,61
34343,0,0,1,0,145,8
34344,0,0,0,0,72,0
34345,0,0,11,6,9,0
34346,0,0,2,39,175,15
34347,0,0,0,0,199,117
34348,0,0,0,0,127,150
34349,0,0,1,0,0,12
34350,0,0,0,0,1,19
34351,0,0,0,26,53,81
34352,0,0,0,39,114,97
34353,0,0,0,44,137,56
34354,0,0,0,0,146,22
34355,0,0,0,31,149,7
34356,0,0,0,33,71,0
34357,0,0,0,0,0,0
34358,0,0,0,9,165,7
34359,0,0,0,60,198,91
34360,0,0,0,39,163,161
34361,0,0,0,29,77,214
34362,0,0,0,1,11,56
34363,0,0,0,0,64,138
34364,0,0,5,0,107,165
34365,0,0,4,0,165,105
34366,0,0,0,0,135,33
34367,0,0,4,0,21,4
34368,0,0,7,0,112,18
34369,0,0,0,0,162,96
34370,0,0,0,0,64,55
34371,0,0,8,0,148,109
34372,0,0,0,0,202,86
34373,0,0,0,0,412,134
34374,0,0,0,0,397,103
34375,0,0,0,0,441,122
34376,0,0,0,3,600,105
34377,0,0,0,0,751,98
34378,0,0,0,8,766,150
34379,0,0,0,0,841,204
34380,0,0,0,0,970,206
34381,0,0,0,0,1159,199
34382,0,0,0,0,1277,167
34383,0,0,0,0,1299,100
34384,0,0,0,19,730,10
34385,0,0,0,34,135,29
34386,0,0,0,23,420,33
34387,0,0,0,0,428,18
34388,0,0,0,25,670,41
34389,0,0,0,43,918,74
34390,0,0,0,71,1035,154
34391,0,0,0,35,859,113
34392,0,0,0,45,573,73
34393,0,0,0,11,182,0
34394,0,0,0,0,189,0
34395,0,0,0,0,102,0
34396,0,0,0,0,7,0
34397,0,0,0,0,5,0
34398,0,0,0,0,134,0
34399,0,0,0,0,202,23
34400,0,0,0,0,204,92
34401,0,0,0,0,106,40
34402,0,0,0,0,92,1
34403,0,0,0,14,836,132
34404,0,0,0,0,1152,171
34405,0,0,0,0,1558,194
34406,0,0,0,24,1194,56
34407,0,0,0,1,235,17
34408,0,0,0,7,812,2
34409,0,0,0,36,963,5
34410,0,0,0,8,951,9
34411,0,0,0,13,395,6
34412,0,0,0,13,109,1
34413,0,0,0,27,191,0
34414,0,0,0,2,347,0
34415,0,0,0,55,392,0
34416,0,0,0,178,287,0
34417,0,0,0,120,218,0
34418,0,0,0,45,185,5
34419,0,0,0,150,138,18
34420,0,0,0,147,189,0
34421,0,0,0,146,312,9
34422,0,0,0,1,243,14
34423,0,0,0,72,66,13
34424,0,0,2,77,5,0
34425,0,0,0,0,5,0
34426,0,0,0,69,53,15
34427,0,0,0,60,133,19
34428,0,0,0,11,251,12
34429,0,0,0,25,162,0
34430,0,0,0,151,39,0
34431,0,0,0,20,4,0
34432,0,0,4,39,5,0
34433,0,0,5,48,18,0
34434,0,0,0,14,40,0
34435,0,0,0,0,150,0
34436,0,0,5,2,195,1
34437,0,0,0,15,220,116
34438,0,0,0,0,172,306
34439,9,0,0,3,175,361
34440,0,0,0,8,0,7
34441,0,0,0,37,1,0
34442,0,0,0,0,4,0
34443,0,0,0,0,0,0
34444,0,0,0,13,0,0
34445,6,0,0,79,0,0
34446,0,0,0,0,0,0
34447,0,0,0,0,0,0
34448,0,0,0,0,0,0
34449,0,0,0,0,0,0
34450,0,0,0,0,0,0
34451,0,0,0,0,0,0
34452,0,0,0,0,34,72
34453,0,0,3,0,137,208
34454,15,0,23,0,406,238
34455,0,0,0,0,304,169
34456,0,0,0,0,273,166
34457,0,0,2,7,287,210
34458,2,0,0,6,570,152
34459,14,0,0,2,1163,178
34460,15,0,0,32,2266,157
34461,36,0,0,247,4272,316
34462,2,0,0,213,5421,317
34463,0,0,0,80,5797,394
34464,0,0,0,35,5380,463
34465,4,0,0,26,4340,466
34466,36,0,0,1,3077,177
34467,119,0,0,0,1848,0
34468,112,0,0,7,989,0
34469,113,0,0,19,2074,25
34470,9,0,0,22,2624,6
34471,0,0,0,146,2489,6
34472,3,0,4,167,911,0
34473,12,0,0,173,1961,0
34474,20,0,0,110,2265,0
34475,35,0,2,104,2323,0
34476,9,0,0,128,1907,18
34477,0,0,0,39,1328,73
34478,0,0,2,12,1565,151
34479,7,0,0,113,2493,6
34480,14,0,0,47,2993,11
34481,35,0,9,38,2640,0
34482,39,0,0,3,2045,0
34483,4,0,0,14,1640,0
34484,0,0,0,0,1072,2
34485,0,0,0,98,1575,15
34486,0,0,0,55,2226,41
34487,2,0,0,67,2622,0
34488,2,0,0,8,2779,0
34489,4,0,0,10,2569,0
34490,0,0,0,31,1772,93
34491,0,0,2,41,1730,16
34492,0,0,0,58,1907,9
34493,0,0,0,80,1644,31
34494,0,0,0,180,933,8
34495,0,0,0,116,540,0
34496,0,0,0,14,616,0
34497,0,0,0,0,751,0
34498,0,0,0,3,1139,0
34499,0,0,0,34,1442,26
34500,0,0,0,5,1571,40
34501,0,0,0,11,1473,77
34502,0,0,0,2,1273,68
34503,0,0,0,8,649,12
34504,0,0,0,59,529,10
34505,0,0,0,33,1197,63
34506,0,0,1,0,1556,177
34507,0,0,0,6,1892,122
34508,0,0,4,30,1948,64
34509,0,0,0,17,2098,0
34510,0,0,0,0,2690,41
34511,0,0,0,0,3041,141
34512,0,0,0,2,2701,173
34513,0,0,0,32,1317,209
34514,0,0,0,77,1878,175
34515,0,0,24,18,2952,276
34516,0,0,12,76,3209,237
34517,0,0,1,116,2599,156
34518,0,0,25,44,1450,102
34519,0,0,0,0,1462,66
34520,0,0,0,0,1987,114
34521,0,0,4,31,1865,109
34522,0,0,0,30,1113,26
34523,0,0,0,25,702,0
34524,0,0,0,60,867,6
34525,0,0,0,59,510,4
34526,0,0,0,28,926,0
34527,0,0,0,0,1559,80
34528,0,0,0,7,2159,126
34529,0,0,0,32,2085,51
34530,0,0,0,6,1290,0
34531,0,0,0,14,267,0
34532,0,0,0,2,383,5
34533,0,0,0,113,1503,208
34534,0,0,0,211,2901,644
34535,0,0,0,45,2747,552
34536,0,0,0,34,1762,188
34537,9,0,0,111,1111,47
34538,2,0,0,206,1241,67
34539,0,0,0,203,1016,174
34540,0,0,0,204,873,239
34541,0,0,0,105,447,136
34542,0,0,0,23,257,16
34543,0,0,0,20,679,36
34544,0,0,0,69,965,34
34545,0,0,0,70,1039,35
34546,0,0,0,9,865,25
34547,0,0,0,55,683,25
34548,0,0,0,114,305,41
34549,0,0,0,129,15,0
34550,0,0,0,28,170,0
34551,0,0,0,0,492,0
34552,2,0,0,0,732,5
34553,2,0,0,0,1154,8
34554,0,0,0,0,2216,69
34555,2,0,0,0,2648,236
34556,0,0,0,0,1961,285
34557,0,0,0,0,1437,255
34558,0,0,0,6,1228,195
34559,0,0,0,37,743,293
34560,0,0,0,17,373,123
34561,1,0,0,4,366,175
34562,2,0,0,0,160,113
34563,0,0,0,0,34,1
34564,0,0,0,0,2,0
34565,0,0,0,3,2,0
34566,0,0,0,2,40,0
34567,0,0,0,4,63,0
34568,0,0,0,7,148,0
34569,0,0,0,2,0,0
34570,0,0,0,5,16,8
34571,1,0,0,0,29,25
34572,0,0,0,0,30,22
34573,3,0,0,0,0,0
34574,0,0,0,0,0,0
34575,0,0,0,0,0,0
34576,0,0,0,8,1,0
34577,0,0,0,0,2,0
34578,0,0,0,0,0,0
34579,0,0,0,0,0,5
34580,0,0,0,0,2,8
34581,0,0,0,0,0,2
34582,0,0,0,0,0,0
34583,0,0,0,0,0,0
34584,0,0,0,0,0,0
34585,17,0,0,0,2,5
34586,22,0,1,0,1,17
34587,13,0,0,0,0,0
34588,14,0,0,0,0,0
34589,7,0,0,0,0,0
34590,0,0,0,0,0,0
34591,0,0,0,0,0,0
34592,0,0,0,0,0,0
34593,0,0,0,0,3,0
34594,0,0,6,0,55,7
34595,18,0,0,0,51,2
34596,0,0,0,0,36,4
34597,8,0,0,0,115,8
34598,0,0,0,2,221,20
34599,0,0,0,3,347,39
34600,0,0,0,4,541,62
34601,0,0,0,16,629,90
34602,0,0,1,1,503,103
34603,0,0,0,0,320,92
34604,7,0,0,0,224,53
34605,0,0,0,0,157,19
34606,0,0,1,2,426,14
34607,0,0,5,24,1040,103
34608,0,0,4,1,1500,160
34609,0,0,0,1,1818,212
34610,0,0,0,0,1992,133
34611,0,0,0,16,1921,94
34612,0,0,3,26,1443,17
34613,0,0,0,24,362,0
34614,0,0,0,11,153,0
34615,0,0,0,29,658,0
34616,0,0,0,0,853,17
34617,0,0,0,0,790,22
34618,0,0,0,0,700,2
34619,0,0,0,0,373,0
34620,0,0,0,0,180,0
34621,76,0,0,1,568,13
34622,65,0,0,3,1234,131
34623,0,0,0,19,1436,189
34624,12,0,0,26,1706,207
34625,24,0,0,39,1718,210
34626,14,0,0,29,983,170
34627,1,0,0,29,757,109
34628,0,0,0,44,393,0
34629,0,0,0,61,67,0
34630,0,0,0,19,309,0
34631,0,0,0,28,521,8
34632,0,0,0,59,387,14
34633,0,0,0,300,616,0
34634,0,0,0,450,972,0
34635,0,0,0,420,1563,18
34636,0,0,0,198,2172,90
34637,0,0,0,20,2430,139
34638,0,0,0,39,2449,190
34639,0,0,0,287,2024,180
34640,0,0,0,336,1038,91
34641,0,0,0,221,698,21
34642,0,0,3,92,1508,65
34643,0,0,0,34,1521,107
34644,0,0,0,29,973,31
34645,0,0,0,8,527,34
34646,0,0,0,0,1284,176
34647,0,0,0,2,2154,209
34648,0,0,0,20,2639,355
34649,0,0,0,74,1543,134
34650,0,0,0,0,956,153
34651,0,0,0,0,451,126
34652,54,0,0,0,66,8
34653,122,0,0,19,274,68
34654,229,0,0,3,170,42
34655,275,0,0,0,196,128
34656,329,0,0,3,108,15
34657,244,0,0,0,0,0
34658,170,0,0,0,0,0
34659,36,0,0,0,0,0
34660,0,0,0,0,0,0
34661,1,0,0,15,0,0
34662,15,0,0,0,0,0
34663,105,0,0,0,0,0
34664,92,0,12,3,0,0
34665,167,0,1,1,0,0
34666,163,0,0,0,1,0
34667,119,0,0,0,1,0
34668,52,0,0,0,0,0
34669,91,0,0,0,0,0
34670,164,0,6,0,0,0
34671,331,0,6,0,0,0
34672,341,0,2,0,0,0
34673,34,0,3,0,0,0
34674,106,0,16,0,0,0
34675,228,2,0,0,0,0
34676,299,0,0,0,0,0
34677,371,0,6,0,0,0
34678,540,14,11,0,0,0
34679,351,71,4,0,0,0
34680,190,27,0,0,1,0
34681,3,0,8,26,1,0
34682,8,0,9,0,1,0
34683,48,4,1,0,0,0
34684,104,10,59,0,0,0
34685,60,0,38,0,0,0
34686,2,0,0,0,0,0
34687,33,0,16,0,0,0
34688,28,0,57,8,26,0
34689,0,0,0,2,0,0
34690,16,0,11,10,0,0
34691,73,0,64,18,0,0
34692,85,0,4,68,0,0
34693,98,0,1,48,0,0
34694,134,0,26,9,0,0
34695,277,0,2,3,0,0
34696,233,0,0,1,0,1
34697,143,0,9,0,0,0
34698,122,0,0,0,0,0
34699,104,0,0,0,0,0
34700,294,0,0,0,0,0
34701,577,0,0,0,0,0
34702,875,0,0,0,0,0
34703,1009,0,0,0,0,0
34704,836,4,0,0,0,0
34705,678,0,0,0,0,0
34706,292,0,0,0,0,0
34707,1,0,0,0,0,0
34708,76,0,0,1,0,0
34709,334,0,0,0,0,0
34710,579,4,0,0,0,0
34711,548,32,0,5,0,0
34712,513,41,0,3,4,0
34713,400,6,0,1,0,0
34714,284,0,0,0,0,0
34715,158,0,0,5,0,0
34716,387,48,0,3,0,0
34717,686,149,0,0,0,0
34718,396,56,0,0,0,0
34719,149,0,0,1,0,0
34720,166,13,0,5,0,0
34721,282,3,0,0,0,0
34722,303,0,0,2,0,0
34723,117,0,0,0,0,0
34724,81,0,0,0,0,0
34725,16,0,0,0,1,0
34726,0,0,0,12,0,0
34727,14,0,0,0,0,0
34728,41,0,2,22,2,0
34729,141,0,2,5,0,0
34730,203,1,0,37,0,0
34731,246,16,0,1,0,0
34732,167,52,0,1,0,0
34733,17,0,0,4,0,0
34734,0,0,0,25,0,0
34735,74,2,0,31,0,0
34736,105,0,0,11,0,0
34737,4,0,0,4,0,0
34738,0,0,0,33,0,0
34739,0,0,0,25,0,0
34740,0,0,0,50,0,0
34741,0,0,0,54,0,0
34742,0,0,0,69,0,0
34743,0,0,0,33,0,0
34744,0,0,0,19,0,0
34745,0,0,0,16,0,0
34746,0,0,0,0,0,0
34747,0,0,0,0,0,0
34748,0,0,0,0,0,0
34749,0,0,0,0,0,0
34750,0,0,0,2,0,0
34751,0,0,6,0,0,0
34752,0,0,0,0,0,0
34753,0,0,0,0,1,0
34754,0,0,0,0,0,0
34755,0,0,0,0,0,0
34756,0,0,4,18,0,0
34757,0,0,0,52,0,0
34758,0,0,0,55,1,0
34759,0,0,0,76,0,0
34760,0,0,0,88,0,0
34761,0,0,0,97,0,0
34762,0,0,0,74,0,0
34763,0,0,0,23,0,0
34764,0,0,0,10,1,0
34765,0,0,2,6,0,0
34766,0,0,0,3,0,0
34767,0,0,0,20,0,0
34768,0,0,0,54,0,0
34769,0,0,0,90,0,0
34770,0,0,0,91,0,0
34771,0,0,0,69,0,0
34772,0,0,0,71,0,0
34773,0,0,0,51,0,0
34774,0,0,0,0,0,0
34775,0,0,0,0,0,0
34776,0,0,0,34,0,0
34777,0,0,0,28,0,0
34778,0,0,0,7,0,0
34779,0,0,0,23,0,0
34780,0,0,0,5,0,0
34781,0,0,0,23,0,0
34782,0,0,0,0,0,0
34783,0,0,0,2,0,0
34784,0,0,0,0,0,0
34785,0,0,0,0,0,0
34786,0,0,0,0,1,0
34787,0,0,0,7,0,0
34788,0,0,0,0,0,0
34789,0,0,6,1,0,0
34790,0,0,0,24,0,0
34791,0,0,1,22,0,0
34792,0,0,2,10,0,0
34793,0,0,0,26,0,0
34794,0,0,1,0,0,0
34795,0,0,0,0,0,0
34796,0,0,0,1,0,0
34797,0,0,0,1,0,0
34798,0,0,6,27,2,28
34799,0,0,1,2,2,9
34800,0,0,0,27,5,0
34801,0,0,0,15,132,18
34802,0,0,0,16,244,44
34803,0,0,0,16,432,96
34804,0,0,0,11,425,188
34805,0,0,0,28,392,212
34806,0,0,6,1,87,88
34807,0,0,0,12,90,75
34808,0,0,0,10,89,51
34809,0,0,9,73,97,49
34810,0,0,6,91,14,15
34811,0,0,0,269,0,1
34812,0,0,11,407,58,34
34813,0,0,0,318,53,77
34814,0,0,0,157,76,67
34815,0,0,0,98,14,47
34816,0,0,12,72,30,48
34817,0,0,2,12,2,15
34818,0,0,0,3,0,0
34819,0,0,36,2,1,17
34820,0,0,0,32,13,56
34821,0,0,0,31,40,63
34822,0,0,27,0,19,46
34823,0,0,0,33,34,46
34824,0,0,0,61,79,40
34825,0,0,4,61,85,30
34826,0,0,0,59,70,32
34827,0,0,0,87,22,46
34828,0,0,0,82,41,61
34829,0,0,0,34,25,58
34830,0,0,0,47,6,68
34831,0,0,2,53,9,34
34832,0,0,6,14,5,0
34833,0,0,8,2,0,0
34834,0,0,0,0,0,0
34835,0,0,0,0,0,0
34836,0,0,3,13,0,0
34837,0,0,0,87,17,44
34838,0,0,2,31,8,46
34839,0,0,0,12,59,71
34840,0,0,0,0,56,72
34841,0,0,0,47,69,66
34842,0,0,1,62,5,24
34843,0,0,0,0,0,0
34844,0,0,0,6,10,44
34845,0,0,25,0,83,80
34846,0,0,0,10,85,91
34847,0,0,0,10,29,73
34848,0,0,18,53,11,63
34849,0,0,6,51,0,27
34850,0,0,0,18,0,0
34851,0,0,9,0,60,10
34852,0,0,0,53,426,42
34853,0,0,0,116,780,162
34854,0,0,1,76,976,138
34855,0,0,0,38,741,143
34856,0,0,0,26,389,142
34857,0,0,10,33,148,105
34858,0,0,10,85,161,78
34859,0,0,0,83,232,51
34860,0,0,0,1,268,26
34861,0,0,0,6,392,34
34862,0,0,0,11,498,20
34863,0,0,0,0,475,48
34864,0,0,0,0,145,22
34865,0,0,0,0,40,11
34866,0,0,0,0,23,0
34867,0,0,0,41,11,0
34868,0,0,0,80,73,0
34869,0,0,0,93,0,0
34870,0,0,0,70,7,0
34871,0,0,0,21,6,3
34872,0,0,0,0,50,44
34873,0,0,0,0,311,98
34874,0,0,0,0,380,80
34875,0,0,0,0,361,67
34876,0,0,0,1,264,42
34877,0,0,0,2,490,14
34878,0,0,0,1,904,0
34879,0,0,0,0,1042,5
34880,0,0,0,36,681,11
34881,0,0,0,26,101,0
34882,0,0,0,0,39,4
34883,0,0,0,20,32,0
34884,0,0,0,29,555,0
34885,0,0,0,0,1166,22
34886,0,0,0,2,1348,45
34887,0,0,0,0,1226,57
34888,0,0,0,1,805,3
34889,0,0,0,14,401,49
34890,0,0,0,10,722,58
34891,0,0,0,33,1275,75
34892,0,0,0,41,2001,86
34893,0,0,0,16,2127,118
34894,0,0,0,10,1898,231
34895,0,0,0,41,1472,334
34896,0,0,0,167,1228,303
34897,0,0,0,279,1647,209
34898,0,0,0,361,1571,131
34899,0,0,0,291,1324,23
34900,0,0,0,151,1512,51
34901,0,0,0,2,1244,56
34902,0,0,0,3,808,23
34903,0,0,0,54,256,10
34904,0,0,0,269,308,32
34905,0,0,0,214,492,24
34906,0,0,0,103,577,66
34907,0,0,0,4,485,11
34908,0,0,0,0,372,1
34909,0,0,0,9,540,0
34910,0,0,0,24,1029,6
34911,0,0,0,39,2374,203
34912,0,0,0,19,2699,347
34913,0,0,0,19,2365,113
34914,0,0,0,37,2021,60
34915,0,0,0,126,1497,28
34916,0,0,0,70,828,132
34917,0,0,0,28,32,13
34918,0,0,0,22,358,100
34919,0,0,0,23,452,131
34920,0,0,0,5,407,215
34921,0,0,0,52,327,186
34922,0,0,0,56,44,28
34923,0,0,0,17,0,0
34924,0,0,0,4,2,0
34925,0,0,0,0,0,0
34926,0,0,0,46,0,0
34927,0,0,1,65,0,0
34928,0,0,0,0,0,0
34929,0,0,0,21,0,0
34930,0,0,0,0,0,0
34931,0,0,0,12,0,0
34932,0,0,0,51,0,0
34933,0,0,0,2,0,0
34934,0,0,0,1,0,0
34935,0,0,0,0,0,0
34936,0,0,0,0,4,0
34937,0,0,0,2,0,0
34938,0,0,0,0,0,0
34939,0,0,0,2,0,0
34940,0,0,0,9,0,0
34941,0,0,0,10,0,0
34942,0,0,0,8,0,0
34943,0,0,0,28,0,0
34944,0,0,0,6,0,0
34945,0,0,0,6,0,0
34946,0,0,0,18,0,0
34947,0,0,0,0,0,0
34948,0,0,0,0,0,0
34949,0,0,0,0,0,0
34950,0,0,0,0,0,0
34951,49,0,0,0,0,0
34952,69,0,0,1,0,0
34953,0,0,7,0,0,0
34954,13,0,0,0,0,0
34955,16,0,0,0,0,0
34956,16,0,4,0,0,0
34957,10,0,0,0,0,0
34958,7,0,0,0,0,0
34959,0,0,2,0,0,0
34960,0,0,0,0,7,0
34961,0,0,0,0,0,0
34962,0,0,10,0,6,0
34963,0,0,2,0,0,0
34964,0,0,0,0,0,0
34965,0,0,2,0,0,0
34966,0,0,0,0,1,0
34967,0,0,0,0,0,0
34968,0,0,2,0,0,0
34969,0,0,2,0,0,0
34970,0,0,0,0,6,0
34971,0,0,0,0,0,0
34972,0,0,3,0,0,0
34973,0,0,8,0,0,0
34974,0,0,0,0,0,0
34975,0,0,4,0,0,0
34976,0,0,10,0,0,0
34977,0,0,0,0,0,0
34978,0,0,15,0,0,0
34979,0,0,14,0,0,0
34980,0,0,0,0,0,0
34981,0,0,30,0,0,1
34982,0,0,60,0,3,0
34983,0,0,0,0,0,0
34984,0,0,22,0,0,2
34985,0,0,107,0,0,0
34986,0,0,3,0,0,0
34987,0,0,15,0,0,0
34988,0,0,56,0,0,3
34989,0,0,8,3,0,0
34990,0,0,3,6,0,0
34991,0,0,40,16,0,0
34992,0,0,0,122,0,0
34993,0,0,4,347,0,0
34994,0,0,6,472,0,0
34995,0,0,0,592,0,0
34996,0,0,22,670,0,0
34997,0,0,14,544,1,0
34998,0,0,0,470,0,0
34999,0,0,13,412,0,0
35000,0,0,12,253,0,0
35001,0,0,0,228,0,0
35002,0,0,0,177,2,0
35003,0,0,0,112,265,9
35004,0,0,0,75,440,13
35005,0,0,0,52,616,0
35006,0,0,4,51,540,6
35007,0,0,4,77,721,34
35008,0,0,0,81,940,46
35009,0,0,0,115,1055,60
35010,0,0,0,108,958,76
35011,0,0,2,94,963,80
35012,0,0,0,12,742,73
35013,0,0,0,2,593,71
35014,0,0,0,28,342,90
35015,0,0,0,18,98,51
35016,0,0,0,1,7,34
35017,0,0,0,0,23,16
35018,0,0,0,0,0,11
35019,0,0,0,2,0,0
35020,0,0,0,4,5,2
35021,0,0,0,0,2,0
35022,0,0,0,7,23,0
35023,0,0,0,81,106,29
35024,0,0,0,161,77,7
35025,0,0,0,185,196,9
35026,0,0,0,322,340,65
35027,0,0,0,226,380,56
35028,0,0,0,274,99,3
35029,0,0,0,346,0,0
35030,0,0,0,352,0,0
35031,0,0,0,295,6,0
35032,0,0,0,218,0,0
35033,0,0,0,152,141,12
35034,0,0,0,52,364,71
35035,0,0,0,16,348,40
35036,0,0,0,37,422,45
35037,0,0,0,0,358,62
35038,0,0,0,2,357,17
35039,0,0,0,0,289,27
35040,0,0,0,6,177,93
35041,0,0,0,1,208,150
35042,0,0,0,0,282,128
35043,0,0,0,0,427,112
35044,0,0,0,0,350,94
35045,0,0,0,22,290,77
35046,0,0,0,15,181,51
35047,0,0,0,5,153,35
35048,0,0,0,36,95,18
35049,0,0,0,1,29,3
35050,0,0,0,0,0,0
35051,0,0,0,2,0,0
35052,0,0,0,0,0,0
35053,0,0,0,0,0,0
35054,0,0,0,0,0,0
35055,0,0,0,0,0,0
35056,0,0,0,0,0,0
35057,0,0,0,3,1,0
35058,0,0,0,0,5,0
35059,0,0,2,0,90,4
35060,0,0,0,0,155,4
35061,0,0,0,0,152,0
35062,0,0,0,0,164,0
35063,0,0,0,0,113,0
35064,0,0,0,0,27,0
35065,0,0,0,0,60,0
35066,0,0,0,0,227,0
35067,0,0,0,0,542,122
35068,0,0,0,0,1019,264
35069,0,0,0,33,1514,370
35070,0,0,2,18,1809,368
35071,0,0,3,23,1678,329
35072,0,0,0,33,1712,314
35073,0,0,3,13,1636,257
35074,0,0,0,6,1572,191
35075,0,0,0,0,1586,136
35076,0,0,0,2,1438,96
35077,0,0,0,0,1118,40
35078,0,0,0,0,635,12
35079,0,0,0,0,52,0
35080,0,0,0,0,263,25
35081,0,0,0,0,456,10
35082,0,0,0,0,463,21
35083,0,0,0,0,513,23
35084,0,0,0,0,638,76
35085,0,0,0,0,726,57
35086,0,0,0,0,714,91
35087,0,0,0,8,653,120
35088,0,0,0,9,594,101
35089,0,0,0,0,827,167
35090,0,0,0,0,1080,204
35091,0,0,0,0,1058,283
35092,0,0,0,0,800,306
35093,0,0,0,21,208,109
35094,0,0,0,0,44,0
35095,0,0,0,29,58,8
35096,0,0,0,96,0,0
35097,0,0,0,96,0,0
35098,0,0,0,4,0,0
35099,0,0,0,51,0,0
35100,0,0,0,15,6,0
35101,0,0,0,53,141,13
35102,0,0,0,110,319,51
35103,0,0,0,159,558,165
35104,0,0,0,76,741,216
35105,0,0,0,84,610,149
35106,0,0,0,56,389,43
35107,0,0,2,22,341,55
35108,0,0,3,26,477,61
35109,0,0,0,0,457,110
35110,0,0,15,0,403,165
35111,0,0,37,22,152,106
35112,0,0,16,10,208,50
35113,0,0,3,0,343,0
35114,0,0,60,130,442,34
35115,0,0,65,15,361,86
35116,0,0,4,5,209,41
35117,0,0,171,33,13,6
35118,0,0,274,18,1,0
35119,0,0,69,0,13,6
35120,0,0,51,0,1,0
35121,0,0,377,28,0,0
35122,0,0,197,2,11,2
35123,0,0,0,36,242,105
35124,0,0,221,35,822,261
35125,0,0,224,36,1393,411
35126,1,0,24,178,1985,541
35127,0,0,29,190,2327,649
35128,0,0,168,255,3029,651
35129,0,0,33,97,3051,570
35130,0,0,0,78,2913,411
35131,0,0,91,31,2375,189
35132,0,0,23,51,1240,21
35133,0,0,1,15,1588,0
35134,0,0,3,1,1836,15
35135,0,0,6,5,1820,65
35136,0,0,2,21,1563,74
35137,0,0,0,141,941,108
35138,0,0,10,97,879,75
35139,0,0,0,0,1205,71
35140,0,0,0,43,848,0
35141,0,0,0,160,892,6
35142,0,0,11,61,258,0
35143,0,0,4,0,656,54
35144,0,0,0,0,833,111
35145,0,0,13,68,335,59
35146,0,0,26,98,85,0
35147,0,0,0,74,819,132
35148,0,0,8,54,1523,279
35149,0,0,39,28,1707,195
35150,0,0,0,28,1960,156
35151,0,0,3,3,2830,83
35152,0,0,26,32,2893,42
35153,0,0,2,103,2374,54
35154,0,0,0,148,1486,61
35155,0,0,3,68,108,13
35156,0,0,10,34,156,0
35157,0,0,0,1,256,0
35158,0,0,0,2,419,1
35159,0,0,10,7,634,6
35160,0,0,0,19,1121,21
35161,0,0,0,38,1557,30
35162,0,0,0,88,1839,40
35163,0,0,0,121,2101,116
35164,0,0,0,217,1948,145
35165,0,0,4,293,1669,218
35166,0,0,4,262,2018,225
35167,0,0,10,327,1860,193
35168,0,0,0,270,2147,282
35169,0,0,0,249,2455,467
35170,0,0,0,198,1765,532
35171,0,0,0,115,788,262
35172,0,0,0,52,54,24
35173,0,0,4,72,69,5
35174,0,0,0,34,16,22
35175,0,0,0,0,64,18
35176,0,0,0,0,22,5
35177,0,0,0,0,0,4
35178,0,0,0,0,0,0
35179,0,0,0,0,0,0
35180,0,0,0,0,0,0
35181,0,0,0,0,0,0
35182,0,0,0,0,0,0
35183,0,0,1,0,0,0
35184,0,0,0,0,0,0
35185,0,0,0,0,0,0
35186,0,0,0,0,0,0
35187,0,0,0,0,0,0
35188,0,0,0,0,0,0
35189,0,0,0,0,0,0
35190,0,0,0,0,0,0
35191,0,0,0,0,0,0
35192,0,0,0,0,0,0
35193,0,0,0,0,0,0
35194,0,0,0,0,0,0
35195,0,0,0,0,0,0
35196,0,0,0,0,0,0
35197,0,0,0,0,0,0
35198,0,0,0,0,0,0
35199,0,0,0,0,0,0
35200,0,0,0,0,0,0
35201,0,0,0,0,0,0
35202,0,0,0,0,0,0
35203,0,0,0,0,0,0
35204,0,0,0,0,0,0
35205,0,0,0,0,0,0
35206,0,0,0,0,0,0
35207,0,0,0,0,0,0
35208,0,0,0,0,0,0
35209,0,0,0,0,0,0
35210,0,0,7,0,0,0
35211,0,0,0,0,0,17
35212,0,0,0,0,48,14
35213,0,0,0,0,29,14
35214,0,0,0,0,63,22
35215,0,0,0,0,69,21
35216,0,0,0,0,195,18
35217,0,0,0,0,407,25
35218,0,0,0,0,659,80
35219,0,0,0,0,625,163
35220,0,0,0,0,513,154
35221,19,0,0,7,561,164
35222,27,0,0,8,654,231
35223,43,0,3,2,766,256
35224,13,0,0,3,878,245
35225,12,0,0,29,1114,265
35226,33,0,0,0,1132,228
35227,51,0,0,2,1188,193
35228,34,0,0,4,1360,170
35229,12,0,0,0,1480,138
35230,0,0,0,0,1454,94
35231,0,0,2,0,1564,99
35232,0,0,0,1,1439,58
35233,0,0,0,3,1400,30
35234,0,0,0,17,1332,11
35235,0,0,0,38,1151,4
35236,0,0,0,62,1158,6
35237,0,0,0,59,1142,2
35238,0,0,0,41,983,0
35239,0,0,0,2,747,0
35240,0,0,0,52,131,0
35241,0,0,0,157,734,0
35242,0,0,0,176,1421,0
35243,9,0,0,291,2035,7
35244,44,0,0,312,2209,29
35245,60,0,0,360,2333,102
35246,66,0,3,451,2211,180
35247,62,0,0,423,1827,138
35248,47,0,0,322,1361,167
35249,6,0,0,131,700,127
35250,7,0,5,15,65,3
35251,0,0,0,0,222,7
35252,0,0,0,15,653,14
35253,0,0,0,133,775,22
35254,0,0,0,265,605,2
35255,0,0,0,365,542,0
35256,0,0,0,440,422,0
35257,2,0,0,463,359,15
35258,1,0,0,423,352,13
35259,0,0,2,403,227,18
35260,0,0,0,259,83,4
35261,0,0,0,186,6,0
35262,0,0,1,187,46,0
35263,0,0,1,205,115,0
35264,0,0,0,92,139,0
35265,0,0,21,32,181,0
35266,3,0,6,39,202,0
35267,0,0,0,3,116,0
35268,0,0,10,0,146,0
35269,1,0,15,0,160,0
35270,0,0,0,0,141,0
35271,0,0,0,3,108,8
35272,0,0,4,15,46,0
35273,0,0,0,35,127,1
35274,0,0,0,53,136,8
35275,0,0,2,20,65,0
35276,0,0,2,3,21,0
35277,0,0,0,9,48,0
35278,0,0,1,5,251,25
35279,0,0,0,35,527,87
35280,0,0,0,7,716,88
35281,0,0,3,8,815,115
35282,0,0,8,0,943,108
35283,0,0,0,17,1077,168
35284,0,0,3,4,984,184
35285,0,0,6,96,620,80
35286,0,0,0,14,131,6
35287,0,0,0,0,71,0
35288,0,0,2,1,325,0
35289,0,0,10,0,399,0
35290,0,0,0,0,606,0
35291,1,0,0,37,693,24
35292,0,0,1,24,740,60
35293,0,0,0,85,815,98
35294,0,0,0,82,729,119
35295,0,0,9,54,435,36
35296,0,0,13,43,81,1
35297,0,0,0,10,21,0
35298,0,0,5,39,43,0
35299,0,0,15,6,4,0
35300,0,0,0,0,0,0
35301,0,0,31,0,0,0
35302,0,0,11,0,0,0
35303,0,0,0,0,0,0
35304,0,0,2,0,0,0
35305,0,0,1,0,0,0
35306,0,0,0,2,0,0
35307,0,0,0,0,0,0
35308,0,0,3,0,0,0
35309,0,0,0,25,0,0
35310,0,0,0,52,0,0
35311,0,0,0,60,0,0
35312,0,0,0,40,2,0
35313,0,0,0,81,0,4
35314,0,0,0,76,0,0
35315,0,0,0,73,0,0
35316,0,0,0,95,3,2
35317,0,0,0,79,10,0
35318,0,0,0,104,3,0
35319,0,0,0,98,25,9
35320,0,0,14,125,0,0
35321,0,0,0,99,69,2
35322,0,0,0,64,65,15
35323,0,0,12,67,35,7
35324,0,0,1,73,81,0
35325,0,0,0,32,26,0
35326,0,0,0,33,47,0
35327,0,0,2,21,20,0
35328,0,0,0,0,13,0
35329,0,0,0,0,3,6
35330,0,0,0,0,4,2
35331,0,0,0,0,3,0
35332,0,0,0,0,0,0
35333,0,0,2,0,0,0
35334,0,0,0,0,0,0
35335,0,0,0,0,0,0
35336,0,0,0,0,0,0
35337,0,0,0,0,0,0
35338,0,0,0,0,0,0
35339,0,0,0,0,0,0
35340,0,0,0,0,0,0
35341,0,0,0,0,0,0
35342,0,0,0,0,0,0
35343,0,0,0,0,0,0
35344,0,0,4,0,0,0
35345,0,0,0,8,12,0
35346,0,0,0,19,8,0
35347,0,0,0,16,46,0
35348,0,0,0,49,26,0
35349,0,0,0,56,2,0
35350,0,0,0,1,53,0
35351,0,0,0,61,149,0
35352,0,0,0,48,114,3
35353,0,0,0,49,190,0
35354,0,0,0,59,383,2
35355,0,0,0,41,450,7
35356,0,0,0,46,548,0
35357,0,0,3,54,712,2
35358,0,0,3,31,950,0
35359,0,0,0,29,1231,42
35360,0,0,1,54,1292,106
35361,0,0,3,41,1468,103
35362,0,0,0,47,1549,154
35363,0,0,0,0,1246,51
35364,0,0,0,80,389,14
35365,0,0,0,0,5,6
35366,0,0,0,69,0,15
35367,0,0,0,66,0,0
35368,0,0,0,3,0,0
35369,0,0,0,6,0,0
35370,0,0,0,0,0,0
35371,0,0,0,0,1,0
35372,0,0,0,0,2,0
35373,0,0,0,0,0,0
35374,0,0,0,0,0,0
35375,0,0,0,3,0,0
35376,0,0,0,24,0,0
35377,0,0,0,60,0,0
35378,0,0,0,18,19,0
35379,0,0,0,19,45,0
35380,0,0,0,0,32,0
35381,0,0,0,26,4,0
35382,0,0,0,0,10,0
35383,0,0,0,7,11,0
35384,0,0,0,38,0,0
35385,0,0,0,0,0,0
35386,0,0,0,0,2,0
35387,0,0,0,6,1,0
35388,0,0,0,3,0,0
35389,0,0,0,0,1,0
35390,0,0,0,23,0,0
35391,0,0,0,6,2,0
35392,0,0,0,2,5,0
35393,0,0,0,29,0,0
35394,0,0,0,0,0,0
35395,0,0,0,0,37,0
35396,0,0,0,0,129,0
35397,0,0,0,0,18,0
35398,0,0,0,0,101,0
35399,0,0,0,0,104,0
35400,0,0,3,0,90,0
35401,0,0,0,0,109,0
35402,0,0,0,0,77,0
35403,0,0,3,0,104,0
35404,0,0,13,0,376,0
35405,0,0,0,0,888,0
35406,0,0,0,0,1084,0
35407,0,0,9,0,1233,4
35408,0,0,16,0,1289,5
35409,0,0,4,0,1364,79
35410,0,0,5,0,1339,90
35411,0,0,4,0,1354,126
35412,0,0,3,0,1267,152
35413,0,0,0,0,1297,133
35414,0,0,7,6,1194,84
35415,0,0,0,0,1086,58
35416,0,0,0,11,860,27
35417,0,0,14,41,451,0
35418,0,0,0,13,195,4
35419,0,0,0,0,751,70
35420,0,0,3,74,1111,136
35421,0,0,0,4,978,129
35422,0,0,0,0,258,22
35423,0,0,1,0,456,8
35424,0,0,0,1,897,86
35425,0,0,0,0,543,71
35426,0,0,0,12,28,0
35427,0,0,3,22,679,53
35428,0,0,0,43,742,52
35429,0,0,0,8,61,16
35430,0,0,0,0,220,7
35431,0,0,0,0,334,20
35432,0,0,0,0,3,0
35433,0,0,0,1,247,5
35434,0,0,0,62,222,7
35435,0,0,0,55,33,0
35436,0,0,0,5,373,9
35437,0,0,0,31,96,0
35438,0,0,0,8,159,1
35439,0,0,0,0,252,0
35440,0,0,0,3,12,0
35441,0,0,0,88,360,5
35442,0,0,0,5,119,7
35443,0,0,0,0,68,9
35444,0,0,0,6,429,7
35445,0,0,0,0,679,13
35446,0,0,0,1,908,15
35447,0,0,0,0,1311,51
35448,0,0,0,0,1586,102
35449,0,0,0,23,1912,193
35450,0,0,0,56,1725,244
35451,0,0,0,0,813,85
35452,0,0,0,0,673,109
35453,0,0,0,0,360,70
35454,0,0,0,2,179,73
35455,0,0,0,2,131,125
35456,0,0,0,20,200,91
35457,0,0,0,0,7,9
35458,0,0,0,2,84,5
35459,0,0,0,8,6,6
35460,0,0,0,0,0,0
35461,0,0,0,17,0,0
35462,0,0,0,8,0,0
35463,0,0,0,0,0,0
35464,0,0,0,20,0,0
35465,0,0,0,35,0,0
35466,0,0,0,0,0,0
35467,0,0,0,31,0,0
35468,0,0,0,89,0,0
35469,0,0,0,96,0,0
35470,0,0,0,145,0,0
35471,0,0,0,134,0,0
35472,0,0,0,80,0,0
35473,0,0,0,39,0,0
35474,0,0,0,30,0,0
35475,0,0,0,8,0,0
35476,0,0,0,27,3,0
35477,0,0,0,31,0,0
35478,0,0,0,11,0,0
35479,0,0,0,13,0,0
35480,0,0,0,26,9,0
35481,0,0,0,0,23,1
35482,0,0,0,6,28,9
35483,0,0,2,28,21,13
35484,0,0,2,0,5,31
35485,0,0,0,0,0,22
35486,0,0,0,0,30,13
35487,0,0,0,0,15,6
35488,0,0,0,0,36,9
35489,0,0,0,0,34,2
35490,0,0,0,0,24,34
35491,0,0,0,0,1,25
35492,0,0,0,0,0,0
35493,0,0,0,0,0,0
35494,0,0,0,0,0,2
35495,0,0,1,0,3,15
35496,0,0,0,0,3,11
35497,0,0,0,0,0,0
35498,0,0,0,0,0,0
35499,0,0,0,0,0,0
35500,0,0,0,0,0,0
35501,0,0,0,0,0,0
35502,0,0,0,0,0,0
35503,0,0,0,0,0,0
35504,0,0,0,0,0,0
35505,0,0,0,13,0,0
35506,0,0,0,0,0,0
35507,0,0,0,0,0,0
35508,0,0,0,0,0,0
35509,0,0,0,0,0,0
35510,0,0,0,0,0,0
35511,0,0,0,0,0,0
35512,0,0,0,0,0,0
35513,0,0,0,0,0,0
35514,0,0,0,0,0,0
35515,0,0,0,0,0,0
35516,0,0,0,0,0,0
35517,0,0,0,0,0,0
35518,0,0,0,0,0,0
35519,0,0,0,0,0,0
35520,0,0,0,0,0,0
35521,0,0,0,1,0,0
35522,0,0,0,0,0,0
35523,0,0,4,0,0,0
35524,0,0,0,0,0,0
35525,0,0,0,0,0,0
35526,0,0,0,0,0,0
35527,0,0,0,0,0,0
35528,0,0,0,0,0,0
35529,0,0,0,0,0,0
35530,0,0,1,0,0,0
35531,0,0,0,0,0,0
35532,0,0,0,0,0,0
35533,0,0,0,0,0,0
35534,0,0,6,0,0,0
35535,0,0,0,0,0,0
35536,0,0,0,2,0,0
35537,0,0,0,0,0,0
35538,0,0,0,0,0,0
35539,0,0,0,0,0,0
35540,0,0,0,0,0,0
35541,0,0,0,0,0,0
35542,0,0,0,0,0,0
35543,0,0,0,0,0,0
35544,0,0,0,0,2,0
35545,0,0,0,0,0,0
35546,0,0,0,0,0,0
35547,0,0,0,0,0,0
35548,2,0,0,0,0,0
35549,41,0,0,0,0,0
35550,23,0,0,0,0,0
35551,42,0,0,0,0,0
35552,38,0,0,0,0,0
35553,31,0,0,0,0,0
35554,23,0,0,0,0,0
35555,2,0,0,0,0,0
35556,0,0,0,0,0,0
35557,1,0,0,0,0,0
35558,32,0,0,0,0,0
35559,38,0,0,0,0,0
35560,37,0,0,0,0,0
35561,30,0,0,0,0,0
35562,33,0,0,0,0,0
35563,59,0,0,0,0,0
35564,90,0,0,0,0,0
35565,59,0,0,0,0,0
35566,23,0,0,0,0,0
35567,42,0,0,0,0,0
35568,0,0,0,0,0,0
35569,28,0,0,0,0,0
35570,8,0,0,3,0,0
35571,4,0,0,0,0,0
35572,9,0,0,0,0,0
35573,5,0,0,0,0,0
35574,17,0,0,0,0,0
35575,0,0,0,0,0,0
35576,0,0,0,0,0,0
35577,0,0,0,0,0,0
35578,19,0,0,0,0,0
35579,31,0,0,0,0,0
35580,5,0,0,0,0,0
35581,4,0,0,0,1,0
35582,57,0,0,0,0,0
35583,84,0,0,0,0,0
35584,212,0,0,0,0,0
35585,210,0,0,0,0,0
35586,102,0,0,0,0,0
35587,0,0,0,0,0,0
35588,16,0,0,0,0,0
35589,11,0,0,0,0,0
35590,54,0,0,0,0,0
35591,23,0,0,0,0,0
35592,3,0,0,0,0,0
35593,16,0,0,0,0,0
35594,72,0,0,0,0,0
35595,180,0,0,0,0,0
35596,332,0,0,0,0,0
35597,361,0,0,0,0,0
35598,342,0,0,0,2,0
35599,222,0,0,0,0,0
35600,35,0,0,0,0,0
35601,4,0,0,0,0,0
35602,201,0,0,0,0,0
35603,288,0,0,0,0,0
35604,196,0,0,0,0,0
35605,77,0,0,0,0,0
35606,140,0,0,0,0,0
35607,289,0,0,0,0,0
35608,577,0,0,0,0,0
35609,606,0,0,0,0,0
35610,588,0,0,0,0,0
35611,476,0,0,0,0,0
35612,253,0,0,0,0,0
35613,194,0,0,0,0,0
35614,478,0,0,2,0,0
35615,641,0,2,0,0,0
35616,602,0,1,0,0,0
35617,432,0,0,0,0,0
35618,482,0,0,0,0,0
35619,177,0,0,0,0,0
35620,414,0,0,0,0,0
35621,520,0,0,0,0,0
35622,561,0,0,0,0,0
35623,351,0,6,0,0,0
35624,578,0,0,0,0,0
35625,694,0,0,0,0,0
35626,584,0,8,0,0,0
35627,609,0,0,0,0,0
35628,452,0,4,0,0,0
35629,152,0,32,0,0,0
35630,471,0,8,0,0,0
35631,581,0,0,0,0,0
35632,372,0,47,0,0,0
35633,2,0,37,0,0,0
35634,285,0,0,0,0,0
35635,356,0,11,0,0,0
35636,96,0,93,0,0,4
35637,151,0,3,0,0,0
35638,355,0,4,0,0,0
35639,163,0,19,0,0,0
35640,77,0,0,0,0,0
35641,240,0,0,0,0,0
35642,224,0,6,0,0,0
35643,12,0,11,0,0,0
35644,108,0,0,0,0,0
35645,164,0,0,0,0,0
35646,76,0,0,0,0,0
35647,155,0,0,0,0,0
35648,221,0,0,0,0,0
35649,132,0,0,0,0,0
35650,45,0,0,0,0,0
35651,127,0,0,0,0,0
35652,329,0,0,0,0,0
35653,232,0,14,0,0,0
35654,120,0,0,0,0,0
35655,31,0,0,0,0,0
35656,209,0,6,0,0,0
35657,194,0,0,0,0,0
35658,134,0,0,0,0,0
35659,2,0,0,0,0,0
35660,12,0,0,0,0,0
35661,96,0,0,0,0,0
35662,9,0,0,0,0,0
35663,0,0,0,0,0,0
35664,0,0,0,0,0,0
35665,0,0,0,0,0,0
35666,0,0,0,0,0,0
35667,0,0,0,0,0,0
35668,0,0,0,0,0,0
35669,0,0,0,0,0,0
35670,0,0,0,0,0,0
35671,0,0,0,0,0,0
35672,0,0,0,0,0,0
35673,0,0,0,0,0,0
35674,0,0,0,0,0,0
35675,0,0,0,4,0,0
35676,0,0,0,2,0,0
35677,0,0,0,0,0,0
35678,0,0,0,0,0,0
35679,0,0,3,0,0,0
35680,0,0,0,0,5,0
35681,0,0,0,0,0,0
35682,0,0,0,0,0,0
35683,0,0,0,0,0,0
35684,0,0,0,0,0,0
35685,0,0,0,0,0,0
35686,0,0,0,0,3,0
35687,0,0,0,0,0,0
35688,0,0,0,0,0,0
35689,0,0,0,0,0,0
35690,0,0,0,0,0,0
35691,0,0,0,0,0,0
35692,0,0,0,0,0,0
35693,0,0,0,0,0,0
35694,0,0,0,0,0,0
35695,0,0,0,0,0,0
35696,0,0,0,0,0,0
35697,0,0,0,0,0,0
35698,0,0,0,0,0,0
35699,0,0,0,6,0,0
35700,0,0,0,0,0,0
35701,0,0,0,0,0,0
35702,0,0,0,0,0,0
35703,0,0,0,2,0,0
35704,0,0,0,0,0,0
35705,0,0,0,0,0,0
35706,0,0,0,0,1,16
35707,0,0,0,0,2,39
35708,0,0,0,0,6,39
35709,0,0,0,0,0,0
35710,0,0,0,0,0,0
35711,0,0,1,0,0,0
35712,0,0,0,0,0,0
35713,4,0,0,0,0,0
35714,0,0,0,0,0,0
35715,8,0,0,0,0,0
35716,38,0,0,0,3,12
35717,12,0,0,0,0,0
35718,44,0,0,0,0,0
35719,122,0,0,0,0,0
35720,170,0,0,0,0,0
35721,69,0,0,0,0,0
35722,12,0,0,0,0,0
35723,211,0,0,0,0,0
35724,208,0,0,0,0,0
35725,167,0,0,0,6,4
35726,66,0,0,0,0,0
35727,184,0,0,0,0,0
35728,354,0,0,0,0,0
35729,308,0,0,0,46,0
35730,114,0,0,0,11,0
35731,18,0,0,0,35,0
35732,218,0,0,0,42,0
35733,315,0,0,0,67,0
35734,207,0,0,0,113,0
35735,58,0,0,0,89,0
35736,42,0,0,0,141,0
35737,76,0,0,0,224,0
35738,230,0,0,0,212,0
35739,299,0,0,0,49,0
35740,242,0,0,0,13,0
35741,122,0,0,0,12,7
35742,3,0,0,0,7,9
35743,121,0,0,0,1,7
35744,295,0,0,0,2,0
35745,326,0,0,0,8,0
35746,308,0,0,0,7,0
35747,194,0,0,0,1,3
35748,68,0,0,0,0,0
35749,0,0,0,0,0,0
35750,21,0,0,0,0,0
35751,19,0,0,0,0,0
35752,8,0,0,0,0,0
35753,9,0,0,0,0,0
35754,4,0,0,0,0,0
35755,7,0,0,0,0,0
35756,70,0,0,0,0,0
35757,162,0,0,0,0,0
35758,76,0,0,0,0,0
35759,54,0,0,0,0,0
35760,123,0,0,0,0,0
35761,323,0,0,0,0,0
35762,298,0,0,0,0,0
35763,187,0,0,0,0,0
35764,2,0,0,0,0,0
35765,47,0,0,0,0,0
35766,170,0,0,0,0,0
35767,117,0,0,0,0,0
35768,9,0,0,0,0,0
35769,142,0,0,0,0,0
35770,312,0,0,0,0,0
35771,356,0,0,0,0,0
35772,220,0,0,0,0,0
35773,122,0,0,0,0,0
35774,3,0,0,0,0,0
35775,64,0,0,0,0,12
35776,94,0,0,0,24,40
35777,13,0,0,0,22,29
35778,0,0,0,0,31,33
35779,6,0,0,0,11,26
35780,43,0,0,0,0,0
35781,4,0,0,0,0,0
35782,0,0,0,0,51,55
35783,5,0,0,0,93,92
35784,4,0,0,0,82,83
35785,1,0,0,0,54,71
35786,14,0,0,0,28,56
35787,0,0,0,0,1,41
35788,0,0,0,0,0,0
35789,0,0,0,0,0,0
35790,0,0,0,0,0,0
35791,0,0,0,0,0,0
35792,5,0,0,0,0,0
35793,31,0,0,0,0,0
35794,0,0,0,0,0,0
35795,2,0,0,0,0,0
35796,19,0,0,0,0,0
35797,2,0,0,0,0,0
35798,0,0,0,0,0,0
35799,0,0,0,0,0,0
35800,0,0,0,0,0,0
35801,0,0,0,0,0,0
35802,0,0,0,0,0,0
35803,0,0,0,0,0,0
35804,0,0,0,0,0,0
35805,0,0,0,0,0,0
35806,0,0,0,0,0,8
35807,0,0,0,0,1,10
35808,0,0,0,0,0,33
35809,0,0,0,0,8,39
35810,0,0,0,0,47,69
35811,0,0,0,2,8,49
35812,0,0,0,0,51,57
35813,0,0,0,0,41,61
35814,0,0,0,0,35,35
35815,0,0,0,0,8,15
35816,0,0,0,0,2,3
35817,0,0,0,0,0,0
35818,0,0,0,0,0,0
35819,0,0,0,0,41,45
35820,0,0,0,0,41,50
35821,0,0,0,0,74,68
35822,0,0,0,0,61,69
35823,0,0,0,0,17,51
35824,0,0,0,0,3,30
35825,0,0,0,0,0,12
35826,0,0,0,0,0,0
35827,0,0,0,0,0,0
35828,0,0,0,0,0,0
35829,0,0,1,0,0,0
35830,0,0,3,0,0,0
35831,0,0,0,0,0,0
35832,0,0,0,0,0,0
35833,0,0,0,0,0,0
35834,0,0,0,0,0,0
35835,0,0,0,0,0,0
35836,0,0,2,1,2,0
35837,0,0,4,0,0,0
35838,0,0,0,0,0,0
35839,0,0,0,0,0,0
35840,0,0,0,0,0,0
35841,0,0,0,0,0,0
35842,0,0,0,0,0,0
35843,0,0,0,0,0,0
35844,0,0,0,0,0,0
35845,0,0,0,0,0,0
35846,0,0,0,0,0,0
35847,0,0,0,0,0,0
35848,0,0,0,0,0,0
35849,0,0,0,0,0,0
35850,0,0,0,0,0,0
35851,0,0,0,0,1,0
35852,0,0,0,0,0,0
35853,0,0,0,0,2,0
35854,0,0,0,0,0,0
35855,0,0,0,0,0,0
35856,0,0,0,0,0,0
35857,0,0,0,0,0,0
35858,0,0,0,0,0,0
35859,0,0,0,0,1,0
35860,3,0,0,0,0,0
35861,6,0,0,0,0,0
35862,0,0,0,0,0,0
35863,0,0,0,0,0,0
35864,0,0,0,0,0,0
35865,0,0,0,0,0,0
35866,0,0,0,1,0,0
35867,0,0,0,0,0,0
35868,18,0,0,0,0,0
35869,44,0,0,0,0,0
35870,104,0,0,0,0,0
35871,49,0,0,0,0,0
35872,0,0,0,0,0,0
35873,0,0,0,0,0,0
35874,0,0,0,0,0,0
35875,0,0,0,0,0,0
35876,0,0,0,10,0,0
35877,0,0,0,0,0,0
35878,0,0,0,0,0,0
35879,0,0,0,0,0,0
35880,0,0,0,0,0,0
35881,0,0,0,0,4,0
35882,0,0,0,0,0,0
35883,0,0,0,0,0,0
35884,0,0,0,0,0,0
35885,0,0,0,0,0,0
35886,0,0,0,0,0,0
35887,0,0,0,0,0,0
35888,1,0,0,0,0,0
35889,3,0,0,0,0,0
35890,1,0,0,0,0,0
35891,4,0,0,0,0,0
35892,1,0,0,0,0,0
35893,9,0,0,0,0,0
35894,4,0,0,0,0,0
35895,0,0,0,0,0,0
35896,0,0,0,0,0,0
35897,0,0,0,0,0,0
35898,0,0,0,0,0,0
35899,0,0,0,0,0,0
35900,6,0,0,0,0,0
35901,3,0,0,0,0,0
35902,27,0,0,0,0,0
35903,74,0,0,0,0,0
35904,156,0,0,0,0,0
35905,217,0,0,0,0,0
35906,194,0,0,0,0,0
35907,219,0,0,0,0,0
35908,178,0,0,0,0,0
35909,135,0,0,0,0,0
35910,113,0,0,0,0,0
35911,188,0,0,0,0,0
35912,491,0,0,0,0,0
35913,666,0,0,0,0,0
35914,698,0,0,0,0,0
35915,700,0,0,0,0,0
35916,642,0,0,0,0,0
35917,474,0,0,0,0,0
35918,219,0,0,0,0,0
35919,3,0,0,0,0,0
35920,231,0,0,0,0,0
35921,372,0,0,0,0,0
35922,424,0,0,0,0,0
35923,382,0,0,0,0,1
35924,299,0,0,0,0,0
35925,35,0,0,0,0,0
35926,0,0,0,0,0,0
35927,0,0,0,0,0,0
35928,0,0,0,0,0,0
35929,0,0,0,0,0,0
35930,0,0,0,0,0,0
35931,0,0,0,0,0,0
35932,0,0,0,0,0,0
35933,0,0,0,0,0,0
35934,0,0,0,0,0,0
35935,0,0,0,0,0,0
35936,0,0,0,0,0,0
35937,0,0,0,0,0,0
35938,0,0,0,0,0,0
35939,0,0,0,0,0,0
35940,0,0,0,0,0,0
35941,0,0,0,1,0,0
35942,0,0,0,0,0,0
35943,0,0,0,0,0,0
35944,0,0,0,0,0,0
35945,0,0,0,0,0,0
35946,0,0,0,0,0,0
35947,0,0,0,0,0,0
35948,0,0,0,0,0,0
35949,0,0,0,0,0,0
35950,0,0,0,0,0,0
35951,0,0,0,0,0,0
35952,0,0,0,0,0,0
35953,0,0,0,0,0,0
35954,0,0,0,0,0,0
35955,0,0,0,0,0,0
35956,0,0,0,0,0,0
35957,0,0,0,0,0,0
35958,0,0,0,0,0,0
35959,0,0,0,0,0,0
35960,0,0,0,0,0,0
35961,0,0,0,0,0,0
35962,0,0,0,0,0,0
35963,0,0,0,0,0,0
35964,0,0,0,0,0,0
35965,0,0,0,0,0,0
35966,0,0,0,0,0,0
35967,0,0,0,0,0,0
35968,0,0,0,0,0,0
35969,0,0,0,0,0,0
35970,0,0,0,0,0,0
35971,0,0,0,0,0,0
35972,0,0,0,0,0,0
35973,0,0,0,0,0,0
35974,0,0,0,0,0,1
35975,0,0,0,0,0,0
35976,0,0,0,0,0,0
35977,0,0,0,0,0,0
35978,0,0,0,0,0,0
35979,0,0,0,0,0,0
35980,0,0,0,0,0,0
35981,0,0,0,0,0,0
35982,0,0,0,0,0,0
35983,0,0,0,0,0,0
35984,0,0,0,0,0,0
35985,1,0,0,0,0,0
35986,0,0,1,0,0,0
35987,0,0,5,0,0,0
35988,0,0,0,0,0,0
35989,0,0,0,0,0,0
35990,0,0,0,0,0,0
35991,0,0,0,0,0,0
35992,10,0,0,6,0,0
35993,120,0,0,0,0,0
35994,303,0,0,0,0,0
35995,454,0,0,0,0,0
35996,505,0,0,0,0,0
35997,422,0,0,0,0,0
35998,318,0,0,0,0,0
35999,104,0,0,0,0,0
36000,7,0,0,0,0,0
36001,258,0,0,2,5,0
36002,281,0,0,0,0,0
36003,244,0,3,0,0,0
36004,32,0,3,0,0,0
36005,0,0,0,0,0,0
36006,0,0,1,0,0,0
36007,92,0,3,0,0,0
36008,292,0,0,0,0,0
36009,456,0,0,0,0,0
36010,573,0,10,0,0,0
36011,618,0,8,0,0,0
36012,584,0,0,0,0,0
36013,519,0,0,0,0,0
36014,416,0,0,0,0,0
36015,518,0,0,0,0,0
36016,1001,0,1,0,0,0
36017,1212,0,0,0,0,0
36018,1023,0,0,0,0,0
36019,831,0,0,0,0,0
36020,727,0,4,0,0,0
36021,595,0,6,0,0,0
36022,492,0,0,0,0,0
36023,685,0,5,0,0,0
36024,1123,0,6,0,0,0
36025,1241,0,0,0,0,0
36026,1157,0,0,0,0,0
36027,1022,0,16,1,0,0
36028,809,0,0,0,0,0
36029,579,0,0,0,0,0
36030,310,0,0,0,0,0
36031,717,0,1,0,0,0
36032,814,0,0,0,0,0
36033,682,0,0,0,0,0
36034,575,0,0,0,0,0
36035,530,0,0,0,0,0
36036,430,0,0,0,0,0
36037,322,0,0,0,0,0
36038,253,0,0,0,0,0
36039,70,0,0,0,0,0
36040,32,0,0,0,0,0
36041,0,0,9,0,0,0
36042,0,0,0,0,0,0
36043,0,0,0,0,0,0
36044,0,0,0,0,0,0
36045,0,0,0,0,0,0
36046,0,0,0,0,0,0
36047,0,0,0,0,0,0
36048,0,0,0,0,0,0
36049,0,0,0,0,0,0
36050,0,0,0,0,0,0
36051,0,0,0,0,0,0
36052,0,0,0,0,0,0
36053,24,0,0,0,0,0
36054,63,0,0,0,0,0
36055,99,0,0,0,0,0
36056,187,0,0,0,0,0
36057,216,0,0,0,0,0
36058,105,0,0,0,0,0
36059,46,0,0,0,0,0
36060,5,0,0,2,0,0
36061,70,0,0,0,0,0
36062,275,0,0,0,0,0
36063,156,0,0,0,1,0
36064,47,0,0,0,0,0
36065,15,0,0,0,0,0
36066,12,0,0,0,0,0
36067,13,0,0,0,0,0
36068,0,0,0,0,0,0
36069,0,0,0,0,0,0
36070,0,0,0,0,1,0
36071,0,0,0,0,0,0
36072,0,0,0,0,0,0
36073,17,0,0,0,0,0
36074,34,0,0,0,0,0
36075,12,0,0,0,0,0
36076,10,0,0,0,0,0
36077,11,0,0,0,0,0
36078,6,0,0,0,0,0
36079,0,0,0,0,0,0
36080,0,0,0,0,0,0
36081,0,0,0,0,0,0
36082,0,0,0,0,0,0
36083,0,0,0,0,0,0
36084,0,0,0,0,0,0
36085,0,0,0,0,0,0
36086,0,0,0,0,0,0
36087,0,0,0,0,0,0
36088,0,0,0,0,0,0
36089,0,0,0,0,0,0
36090,0,0,0,0,0,0
36091,0,0,0,1,0,0
36092,0,0,0,0,0,0
36093,0,0,0,0,0,0
36094,0,0,0,0,0,0
36095,0,0,0,0,0,0
36096,6,0,0,0,0,0
36097,0,0,0,0,0,0
36098,0,0,0,9,0,0
36099,0,0,0,0,0,0
36100,0,0,0,0,0,0
36101,0,0,0,0,0,0
36102,0,0,0,0,0,0
36103,0,0,0,0,0,0
36104,0,0,0,0,0,0
36105,6,0,0,0,0,0
36106,44,0,0,0,1,0
36107,185,7,0,0,0,0
36108,306,14,0,0,0,0
36109,296,0,0,0,0,0
36110,228,0,0,0,0,0
36111,90,0,0,0,0,0
36112,95,0,0,0,0,0
36113,271,0,0,0,0,0
36114,386,0,0,0,0,0
36115,413,0,0,0,0,0
36116,342,0,0,0,0,0
36117,302,0,0,0,0,0
36118,98,0,0,0,0,0
36119,0,0,0,0,0,0
36120,4,0,0,0,0,0
36121,28,0,0,0,0,0
36122,50,0,0,0,0,0
36123,46,0,0,0,0,0
36124,49,0,0,0,0,0
36125,22,0,2,0,0,0
36126,5,0,8,0,0,0
36127,54,0,0,9,0,0
36128,97,0,0,0,0,0
36129,43,0,0,0,0,0
36130,0,0,0,0,0,0
36131,85,0,0,0,0,0
36132,225,0,0,0,0,0
36133,193,0,0,0,0,0
36134,76,0,0,0,0,0
36135,3,0,0,0,0,0
36136,37,0,2,0,0,0
36137,210,0,0,0,0,0
36138,185,0,0,0,0,0
36139,69,0,2,0,0,0
36140,20,0,0,0,0,0
36141,0,0,0,0,0,0
36142,0,0,0,0,0,0
36143,1,0,0,8,0,0
36144,0,0,0,0,0,0
36145,0,0,0,0,0,0
36146,0,0,0,0,0,0
36147,0,0,1,0,0,0
36148,1,0,0,0,0,0
36149,19,0,0,0,0,4
36150,1,0,0,0,0,0
36151,0,0,0,0,1,0
36152,0,0,0,0,0,0
36153,3,0,0,1,0,0
36154,22,0,0,0,0,0
36155,0,0,0,0,5,0
36156,0,0,0,0,1,0
36157,8,0,0,0,0,0
36158,1,0,0,0,0,0
36159,0,0,0,0,0,0
36160,0,0,0,0,0,0
36161,0,0,0,0,0,0
36162,28,0,0,0,0,0
36163,42,0,0,0,0,0
36164,19,0,3,0,0,0
36165,0,0,0,16,0,0
36166,0,0,0,0,0,0
36167,0,0,0,0,0,0
36168,0,0,0,0,0,0
36169,0,0,12,0,0,0
36170,0,0,20,0,0,0
36171,0,3,23,0,0,0
36172,0,0,0,0,0,0
36173,0,0,0,0,0,0
36174,0,0,0,0,0,0
36175,0,2,26,0,0,0
36176,0,0,69,0,0,0
36177,0,0,43,0,0,0
36178,0,1,13,0,0,0
36179,0,0,0,0,0,0
36180,0,0,0,0,0,0
36181,0,0,0,0,2,0
36182,0,0,0,0,0,0
36183,0,0,0,0,0,0
36184,1,0,0,0,0,0
36185,6,0,0,31,0,0
36186,1,0,0,0,0,0
36187,0,0,0,0,0,0
36188,0,0,0,0,0,0
36189,0,0,0,0,0,0
36190,0,0,0,0,0,0
36191,0,0,0,0,0,0
36192,0,0,0,0,0,0
36193,0,0,0,0,0,0
36194,0,0,0,0,0,0
36195,0,0,0,0,0,0
36196,0,0,0,0,0,0
36197,0,0,0,3,0,0
36198,0,0,0,6,0,0
36199,0,0,0,0,0,0
36200,0,0,0,0,0,0
36201,4,0,0,0,0,0
36202,27,0,0,0,0,0
36203,103,0,0,0,0,0
36204,158,0,0,0,0,0
36205,80,0,0,0,0,0
36206,34,0,0,0,0,0
36207,3,0,0,0,0,0
36208,27,0,0,0,0,0
36209,94,0,0,0,0,0
36210,126,0,0,0,0,0
36211,292,0,0,1,0,0
36212,305,0,0,0,0,0
36213,253,0,0,0,0,0
36214,95,0,0,0,0,0
36215,12,0,0,0,0,0
36216,8,0,0,0,0,0
36217,1,0,0,0,0,0
36218,0,0,0,0,0,0
36219,0,0,0,0,0,0
36220,8,0,0,0,0,0
36221,8,0,0,0,0,0
36222,51,0,0,0,0,0
36223,143,0,0,0,0,0
36224,351,0,0,0,0,0
36225,323,0,0,0,0,0
36226,257,0,0,0,0,0
36227,105,0,0,0,0,0
36228,0,0,0,0,0,0
36229,36,0,0,0,0,0
36230,244,0,0,0,0,0
36231,205,0,0,0,0,0
36232,177,0,0,0,0,0
36233,131,0,0,0,0,0
36234,0,0,0,0,0,0
36235,1,0,0,0,0,0
36236,0,0,0,0,0,0
36237,2,0,0,0,0,0
36238,0,0,0,0,0,0
36239,0,0,0,0,0,0
36240,0,0,0,0,0,0
36241,0,0,1,0,0,0
36242,35,0,0,0,0,0
36243,60,0,0,0,0,0
36244,18,0,0,0,0,0
36245,0,0,0,0,0,0
36246,10,0,0,0,0,0
36247,77,0,0,0,0,0
36248,215,0,0,0,0,0
36249,246,0,0,0,0,0
36250,150,0,0,0,0,0
36251,23,0,0,0,0,0
36252,11,0,0,0,0,0
36253,19,0,0,0,0,0
36254,43,0,0,0,0,0
36255,3,0,0,0,0,0
36256,0,0,0,0,2,0
36257,0,0,0,0,2,0
36258,0,0,0,0,0,0
36259,0,0,0,0,0,0
36260,0,0,0,0,0,0
36261,0,0,0,0,0,0
36262,0,0,0,0,0,0
36263,0,0,0,0,0,0
36264,47,0,0,0,0,0
36265,20,0,0,0,0,0
36266,0,0,0,0,0,0
36267,0,0,0,0,0,0
36268,0,0,0,0,0,0
36269,0,0,0,0,0,0
36270,0,0,0,0,0,0
36271,0,0,0,0,0,0
36272,0,0,0,0,0,0
36273,0,0,0,0,0,0
36274,0,0,0,0,0,0
36275,6,0,0,0,0,0
36276,17,0,0,0,0,0
36277,42,0,0,0,0,0
36278,11,0,0,0,0,0
36279,0,0,0,0,0,0
36280,4,0,0,0,0,0
36281,11,0,0,0,0,0
36282,0,0,0,0,0,0
36283,0,0,0,0,0,0
36284,0,0,0,0,0,0
36285,0,0,0,0,0,0
36286,0,0,0,0,1,0
36287,0,0,0,0,0,0
36288,0,0,0,0,0,0
36289,0,0,0,0,0,0
36290,0,0,0,0,0,0
36291,0,0,0,0,0,0
36292,0,0,0,0,0,0
36293,10,0,0,3,0,0
36294,0,0,0,0,0,0
36295,6,0,0,0,0,0
36296,0,0,0,0,0,0
36297,2,0,0,0,0,0
36298,3,0,0,0,0,0
36299,0,0,0,0,0,0
36300,6,0,0,0,0,0
36301,47,0,0,0,0,0
36302,57,0,0,0,0,0
36303,19,0,0,0,0,0
36304,21,0,0,0,0,0
36305,0,0,0,0,0,0
36306,27,0,0,0,0,0
36307,32,0,0,0,0,0
36308,22,0,0,0,0,6
36309,0,0,0,0,0,0
36310,0,0,0,0,1,13
36311,0,0,0,0,0,1
36312,34,0,0,0,1,29
36313,102,0,0,0,0,14
36314,150,0,0,0,0,0
36315,155,0,0,0,0,13
36316,97,0,0,0,0,0
36317,11,0,0,0,0,5
36318,44,0,0,0,0,0
36319,100,0,0,0,0,0
36320,163,0,0,0,0,0
36321,219,0,0,0,0,0
36322,144,0,0,0,0,0
36323,14,0,0,0,0,0
36324,0,0,0,0,0,0
36325,45,0,0,0,0,0
36326,13,0,0,0,0,0
36327,0,0,0,0,0,0
36328,34,0,0,0,0,0
36329,30,0,0,0,0,0
36330,2,0,0,0,0,0
36331,12,0,0,0,8,0
36332,4,0,0,0,0,0
36333,118,54,0,0,0,0
36334,140,206,0,0,0,0
36335,89,165,0,0,0,2
36336,105,223,0,0,0,41
36337,239,93,0,0,0,16
36338,305,0,0,0,0,15
36339,140,36,0,0,0,54
36340,22,36,0,0,0,26
36341,44,12,0,0,0,0
36342,15,0,0,0,0,0
36343,35,0,0,0,0,0
36344,82,0,0,0,0,0
36345,61,0,0,0,0,0
36346,197,0,0,0,1,0
36347,325,0,0,0,0,0
36348,330,0,0,0,0,0
36349,248,0,0,0,0,0
36350,35,0,0,0,0,0
36351,196,0,0,0,0,0
36352,355,0,0,0,0,0
36353,342,0,0,0,0,11
36354,259,0,0,0,0,0
36355,13,0,0,0,0,0
36356,0,0,0,0,0,0
36357,0,0,0,0,0,0
36358,0,0,0,0,0,0
36359,0,0,0,0,0,0
36360,0,0,0,0,0,0
36361,0,0,0,0,1,0
36362,0,0,0,0,0,0
36363,0,0,0,0,0,0
36364,6,0,0,0,2,0
36365,0,0,0,0,2,0
36366,0,0,0,0,0,0
36367,0,0,0,0,0,0
36368,0,0,0,0,0,0
36369,0,0,0,0,0,0
36370,3,0,0,0,0,0
36371,0,0,0,0,2,0
36372,0,0,0,0,0,0
36373,0,0,0,0,2,0
36374,0,0,0,2,0,0
36375,0,0,0,2,0,0
36376,0,0,0,0,2,0
36377,19,0,0,0,0,0
36378,5,0,0,0,0,0
36379,9,0,0,0,0,0
36380,0,0,0,0,0,0
36381,0,0,0,0,0,0
36382,0,0,0,0,0,0
36383,0,0,0,0,0,0
36384,0,0,0,0,0,0
36385,0,0,0,0,0,0
36386,0,0,0,0,0,1
36387,0,0,0,0,0,0
36388,0,0,0,0,0,0
36389,0,0,0,0,0,0
36390,0,0,0,0,0,0
36391,0,0,0,0,5,0
36392,0,0,0,0,0,0
36393,0,0,0,0,0,0
36394,0,0,0,0,0,0
36395,0,0,0,0,0,0
36396,0,0,0,0,0,0
36397,0,0,0,0,0,0
36398,0,0,0,0,0,0
36399,0,0,0,0,0,0
36400,0,0,0,0,0,0
36401,0,0,0,0,0,0
36402,6,0,0,0,0,0
36403,31,0,0,0,0,0
36404,30,0,0,0,0,0
36405,17,0,0,0,0,0
36406,6,0,0,1,0,0
36407,4,0,0,0,1,0
36408,0,0,0,0,0,0
36409,3,0,0,0,0,1
36410,57,0,0,0,0,1
36411,82,0,0,0,0,0
36412,0,0,0,0,0,0
36413,0,0,0,0,0,0
36414,17,0,0,0,0,0
36415,19,0,0,0,0,0
36416,0,0,1,0,0,0
36417,0,0,3,0,0,0
36418,5,0,0,0,0,0
36419,2,0,0,0,0,0
36420,0,0,0,0,0,0
36421,0,0,0,0,2,0
36422,36,0,0,0,0,0
36423,92,0,0,0,0,0
36424,79,0,0,0,0,0
36425,39,0,0,0,0,0
36426,15,0,0,0,0,0
36427,22,0,0,0,0,0
36428,0,0,0,0,0,0
36429,1,0,0,0,0,0
36430,9,0,0,0,0,0
36431,0,0,0,0,0,0
36432,0,0,0,0,2,0
36433,5,0,0,0,0,0
36434,31,0,0,0,0,0
36435,42,0,0,0,0,0
36436,45,0,0,0,0,0
36437,58,0,0,0,0,0
36438,11,0,0,0,0,0
36439,0,0,0,0,0,0
36440,0,0,0,0,0,0
36441,7,0,0,0,0,0
36442,0,0,0,0,0,0
36443,0,0,0,0,0,0
36444,0,0,0,0,0,0
36445,0,0,0,0,0,0
36446,0,0,0,0,0,0
36447,6,0,0,0,0,0
36448,9,0,0,0,0,0
36449,0,0,0,0,0,0
36450,0,0,0,0,0,0
36451,0,0,0,0,5,0
36452,30,0,0,0,0,0
36453,35,0,0,0,0,0
36454,10,0,0,0,0,0
36455,1,0,0,0,8,0
36456,22,0,0,0,0,0
36457,30,0,0,0,0,0
36458,13,0,0,0,0,0
36459,9,0,0,0,0,0
36460,5,0,0,0,0,0
36461,0,0,0,0,0,0
36462,1,0,0,10,0,0
36463,2,0,0,0,0,0
36464,1,0,0,0,0,0
36465,0,0,0,0,0,0
36466,19,0,0,0,0,0
36467,0,0,0,0,0,0
36468,14,0,0,0,0,0
36469,31,0,0,0,0,0
36470,9,0,0,0,0,0
36471,2,0,0,0,0,0
36472,18,0,0,0,0,0
36473,4,0,0,0,0,0
36474,0,0,0,0,0,0
36475,0,0,0,0,0,0
36476,1,0,0,0,0,0
36477,1,0,0,0,0,0
36478,0,0,0,0,0,0
36479,0,0,0,0,0,0
36480,0,0,0,0,0,0
36481,0,0,0,0,0,0
36482,0,0,0,0,0,0
36483,0,0,0,0,0,0
36484,0,0,0,0,0,0
36485,0,0,0,0,0,0
36486,0,0,0,0,0,0
36487,0,0,0,0,0,0
36488,0,0,0,0,0,0
36489,0,0,0,0,0,0
36490,0,0,0,0,0,0
36491,0,0,0,0,0,0
36492,0,0,0,0,0,0
36493,0,0,0,0,0,0
36494,0,0,0,0,0,0
36495,0,0,0,0,0,0
36496,0,0,0,0,1,0
36497,0,0,0,0,0,0
36498,0,0,0,0,0,0
36499,0,0,0,0,0,0
36500,0,0,0,0,0,0
36501,0,0,0,0,0,0
36502,0,0,0,0,0,0
36503,0,0,0,0,0,0
36504,0,0,0,0,0,0
36505,0,0,0,0,0,0
36506,0,0,0,0,1,0
36507,0,0,0,0,0,0
36508,0,0,0,0,0,0
36509,0,0,0,0,0,0
36510,0,0,0,0,0,0
36511,0,0,0,0,0,0
36512,0,0,0,0,0,0
36513,0,0,0,0,0,0
36514,0,0,0,0,2,0
36515,0,0,0,0,0,0
36516,0,0,0,0,0,0
36517,0,0,0,0,2,0
36518,0,0,0,0,0,0
36519,0,0,0,0,0,0
36520,0,0,4,0,0,0
36521,0,0,3,0,0,0
36522,0,0,0,0,0,0
36523,0,0,0,0,0,0
36524,0,0,1,0,0,0
36525,0,0,0,0,0,0
36526,0,0,0,0,3,0
36527,0,0,12,0,0,0
36528,0,0,0,0,0,0
36529,0,0,0,0,0,0
36530,0,0,2,0,0,0
36531,0,0,0,7,0,0
36532,0,0,0,0,0,0
36533,0,0,0,0,0,0
36534,0,0,0,0,0,0
36535,0,0,0,0,0,0
36536,0,0,0,0,0,0
36537,0,0,0,0,0,0
36538,0,0,0,0,0,0
36539,0,0,0,0,0,0
36540,0,0,0,0,1,0
36541,0,0,0,0,2,0
36542,0,0,0,0,1,0
36543,0,0,0,0,0,0
36544,0,0,0,0,0,0
36545,0,0,0,0,0,0
36546,0,0,0,0,0,0
36547,0,0,0,0,0,0
36548,0,0,0,0,0,0
36549,0,0,0,0,0,0
36550,0,0,0,0,0,0
36551,0,0,0,0,0,0
36552,0,0,0,0,0,0
36553,0,0,0,0,0,0
36554,0,0,0,0,0,0
36555,0,0,0,0,0,0
36556,0,0,0,6,0,0
36557,0,0,0,0,0,0
36558,0,0,1,0,0,0
36559,0,0,0,0,0,0
36560,0,0,0,0,0,0
36561,0,0,0,0,0,0
36562,0,0,0,12,0,0
36563,0,0,0,1,0,0
36564,0,0,0,0,0,0
36565,0,0,0,0,0,0
36566,0,0,0,0,0,0
36567,0,0,0,0,0,0
36568,0,0,0,0,0,0
36569,0,0,0,0,0,0
36570,0,0,0,0,0,0
36571,0,0,0,0,2,0
36572,0,0,0,0,0,0
36573,0,0,0,0,0,0
36574,0,0,0,0,0,4
36575,0,0,0,0,0,0
36576,0,0,0,0,0,0
36577,0,0,0,0,0,0
36578,0,0,0,0,0,0
36579,0,0,0,0,0,0
36580,0,0,0,0,0,0
36581,0,0,0,13,0,0
36582,0,0,0,0,0,0
36583,0,0,0,0,0,0
36584,0,0,0,0,0,0
36585,0,0,0,0,0,0
36586,0,0,0,0,3,0
36587,0,0,0,0,0,0
36588,0,0,0,0,0,0
36589,0,0,0,0,0,0
36590,0,0,3,0,0,0
36591,0,0,0,0,0,0
36592,0,0,0,0,0,0
36593,0,0,0,0,0,0
36594,0,0,0,0,0,0
36595,0,0,0,0,0,0
36596,0,0,0,0,0,0
36597,0,0,0,0,0,0
36598,0,0,0,0,0,0
36599,0,0,0,0,0,0
36600,0,0,0,0,0,0
36601,0,0,1,0,1,0
36602,0,0,9,0,0,0
36603,0,0,0,0,0,0
36604,0,0,0,0,0,0
36605,0,0,0,0,0,0
36606,0,0,0,0,0,0
36607,0,0,0,33,0,0
36608,0,0,0,71,0,0
36609,0,0,0,67,0,0
36610,0,0,0,95,0,0
36611,0,0,0,68,20,0
36612,0,0,0,29,4,5
36613,0,0,0,0,83,26
36614,0,0,0,0,215,75
36615,0,0,0,0,263,105
36616,0,0,2,1,312,98
36617,0,0,0,19,307,56
36618,0,0,0,2,238,54
36619,0,0,0,2,264,49
36620,0,0,0,12,636,72
36621,0,0,0,7,1112,161
36622,0,0,0,70,1443,190
36623,0,0,0,108,1398,206
36624,0,0,0,67,1036,97
36625,0,0,0,82,405,74
36626,0,0,0,44,428,66
36627,0,0,0,24,631,112
36628,0,0,0,4,607,140
36629,0,0,0,60,485,13
36630,0,0,0,129,421,10
36631,0,0,0,80,254,7
36632,0,0,0,22,86,2
36633,0,0,0,0,33,4
36634,0,0,0,41,66,0
36635,0,0,0,45,19,0
36636,0,0,0,52,0,0
36637,0,0,0,0,0,0
36638,0,0,0,0,16,0
36639,0,0,0,0,23,1
36640,0,0,0,0,19,8
36641,0,0,0,29,0,5
36642,0,0,0,14,6,4
36643,0,0,0,8,2,0
36644,0,0,0,54,0,0
36645,0,0,0,43,0,0
36646,0,0,0,0,2,0
36647,0,0,0,3,0,0
36648,0,0,0,33,0,0
36649,0,0,0,0,0,0
36650,0,0,0,9,0,0
36651,0,0,0,7,0,0
36652,0,0,0,36,0,0
36653,0,0,0,66,0,0
36654,0,0,0,53,0,0
36655,0,0,0,2,0,0
36656,0,0,0,0,0,0
36657,0,0,0,0,0,0
36658,0,0,0,0,0,0
36659,0,0,0,3,1,0
36660,0,0,0,0,0,0
36661,0,0,0,27,0,1
36662,0,0,0,59,0,0
36663,0,0,0,120,0,0
36664,0,0,0,130,1,0
36665,0,0,0,53,0,0
36666,0,0,0,0,0,0
36667,0,0,0,0,0,0
36668,0,0,0,0,0,0
36669,0,0,0,32,0,0
36670,0,0,0,70,0,0
36671,0,0,0,28,0,0
36672,0,0,0,4,0,0
36673,0,0,0,0,0,0
36674,0,0,0,0,0,0
36675,0,0,0,0,0,0
36676,0,0,0,20,0,0
36677,0,0,0,0,0,0
36678,0,0,0,39,0,0
36679,0,0,0,38,23,0
36680,0,0,0,7,21,0
36681,0,0,0,0,51,0
36682,0,0,0,12,4,0
36683,0,0,0,32,0,0
36684,0,0,0,9,0,0
36685,0,0,0,0,9,0
36686,0,0,0,0,37,0
36687,0,0,0,0,39,0
36688,0,0,0,0,12,0
36689,0,0,0,0,17,0
36690,0,0,0,0,0,0
36691,0,0,0,1,0,0
36692,0,0,0,54,22,0
36693,0,0,0,44,78,0
36694,0,0,0,0,96,0
36695,0,0,0,14,118,0
36696,0,0,0,2,83,0
36697,0,0,0,29,60,0
36698,0,0,0,52,92,0
36699,0,0,0,66,105,0
36700,0,0,0,116,99,4
36701,0,0,0,183,22,11
36702,0,0,0,107,55,56
36703,0,0,0,138,85,133
36704,0,0,0,152,123,119
36705,0,0,0,99,129,102
36706,0,0,0,85,146,65
36707,0,0,0,70,205,37
36708,0,0,0,60,177,4
36709,0,0,0,2,108,0
36710,0,0,0,0,0,0
36711,0,0,0,0,118,0
36712,0,0,0,0,171,41
36713,0,0,0,39,155,121
36714,0,0,0,5,83,84
36715,0,0,0,0,1,30
36716,0,0,0,41,2,46
36717,0,0,0,12,0,0
36718,0,0,0,2,21,53
36719,0,0,0,34,48,53
36720,0,0,0,16,69,61
36721,0,0,0,31,76,64
36722,0,0,0,41,81,50
36723,0,0,2,14,77,40
36724,0,0,0,17,73,21
36725,0,0,0,23,52,15
36726,0,0,0,0,4,0
36727,0,0,0,1,4,0
36728,0,0,0,5,49,0
36729,0,0,0,0,5,1
36730,0,0,0,0,65,14
36731,0,0,0,0,111,42
36732,0,0,0,0,95,60
36733,0,0,0,0,68,74
36734,0,0,0,0,6,152
36735,0,0,0,0,0,249
36736,0,0,0,0,1,30
36737,0,0,0,0,0,0
36738,0,0,0,0,0,0
36739,0,0,0,0,0,0
36740,0,0,0,0,0,0
36741,0,0,0,0,0,0
36742,0,0,0,0,0,0
36743,0,0,0,4,0,0
36744,0,0,0,16,0,0
36745,0,0,0,12,0,0
36746,0,0,0,43,0,0
36747,0,0,0,36,0,0
36748,0,0,0,46,0,0
36749,0,0,0,82,0,0
36750,0,0,0,14,0,0
36751,0,0,0,18,1,1
36752,0,0,0,10,0,0
36753,0,0,0,4,0,3
36754,0,0,0,47,0,0
36755,0,0,3,149,0,0
36756,0,0,1,37,0,0
36757,0,0,0,0,0,0
36758,0,0,0,66,0,0
36759,0,0,0,88,0,0
36760,0,0,0,96,0,0
36761,0,0,0,51,0,0
36762,0,0,0,20,0,0
36763,0,0,0,0,0,0
36764,0,0,0,0,0,0
36765,0,0,0,0,0,0
36766,0,0,0,0,2,0
36767,0,0,0,0,0,0
36768,0,0,0,0,0,0
36769,0,0,0,0,0,0
36770,0,0,0,0,0,0
36771,0,0,0,0,0,0
36772,0,0,0,12,0,0
36773,0,0,0,0,0,0
36774,0,0,0,0,0,0
36775,0,0,0,0,0,0
36776,0,0,0,0,0,0
36777,0,0,0,0,0,0
36778,0,0,0,0,0,0
36779,0,0,0,0,0,0
36780,0,0,0,0,0,0
36781,0,0,0,2,0,0
36782,0,0,0,0,0,0
36783,0,0,0,0,0,0
36784,0,0,0,0,0,0
36785,0,0,0,0,0,0
36786,0,0,0,0,0,0
36787,0,0,0,0,0,0
36788,0,0,0,0,0,0
36789,0,0,0,0,0,0
36790,0,0,0,0,0,0
36791,0,0,0,0,0,0
36792,0,0,0,0,0,0
36793,0,0,0,1,0,0
36794,0,0,0,7,0,0
36795,0,0,0,34,0,0
36796,0,0,0,29,2,0
36797,0,0,0,41,0,0
36798,0,0,0,74,27,0
36799,0,0,0,2,85,0
36800,0,0,0,71,199,1
36801,0,0,0,137,250,0
36802,0,0,0,17,194,0
36803,0,0,0,50,43,0
36804,0,0,0,0,12,0
36805,0,0,0,66,0,0
36806,0,0,0,50,0,0
36807,0,0,0,64,1,0
36808,0,0,0,79,0,0
36809,0,0,1,57,7,0
36810,0,0,0,74,0,0
36811,0,0,0,47,0,0
36812,0,0,0,40,0,0
36813,0,0,0,0,0,0
36814,0,0,0,0,18,0
36815,0,0,0,11,18,0
36816,0,0,4,11,39,0
36817,0,0,0,0,71,0
36818,0,0,0,0,43,0
36819,0,0,0,0,0,0
36820,0,0,0,0,0,0
36821,0,0,15,0,11,0
36822,0,0,6,0,0,0
36823,0,0,0,0,0,0
36824,0,0,0,0,0,0
36825,0,0,0,0,0,0
36826,0,0,0,0,0,0
36827,0,0,0,0,0,0
36828,0,0,0,0,1,0
36829,0,0,0,0,0,0
36830,0,0,0,0,0,0
36831,0,0,4,0,0,0
36832,0,0,0,0,0,0
36833,0,0,0,0,0,0
36834,0,0,0,0,0,0
36835,0,0,0,0,0,0
36836,0,0,0,0,0,0
36837,0,0,0,0,0,0
36838,0,0,0,0,0,0
36839,0,0,0,0,0,0
36840,0,0,0,0,0,0
36841,0,0,0,0,0,0
36842,0,0,0,0,0,0
36843,0,0,0,0,0,0
36844,0,0,0,0,0,0
36845,0,0,0,0,0,0
36846,0,0,0,0,0,0
36847,0,0,0,0,0,0
36848,0,0,0,0,0,0
36849,0,0,0,5,0,0
36850,0,0,0,0,0,0
36851,0,0,0,0,0,0
36852,0,0,0,0,0,0
36853,0,0,0,0,0,0
36854,0,0,0,0,0,0
36855,0,0,0,0,0,0
36856,0,0,0,0,0,0
36857,0,0,0,0,0,0
36858,0,0,0,0,0,0
36859,0,0,0,0,0,0
36860,0,0,0,0,0,0
36861,0,0,0,0,0,0
36862,2,0,0,0,0,0
36863,11,0,0,0,0,0
36864,5,0,0,0,0,0
36865,44,0,0,0,0,0
36866,45,0,0,0,0,0
36867,71,0,0,0,0,0
36868,102,0,0,0,3,0
36869,146,0,0,0,0,0
36870,174,0,0,0,0,0
36871,204,0,0,0,0,0
36872,197,0,0,0,0,0
36873,112,0,0,0,0,0
36874,87,0,0,0,0,0
36875,57,0,0,0,0,0
36876,47,0,0,0,0,0
36877,42,0,0,0,0,0
36878,63,0,0,0,0,0
36879,17,0,0,0,1,0
36880,0,0,0,0,53,13
36881,0,0,0,0,229,109
36882,10,0,0,0,262,167
36883,44,0,0,19,335,263
36884,42,0,0,12,512,323
36885,62,0,0,0,854,454
36886,74,0,0,10,1390,608
36887,95,0,0,33,2003,675
36888,5,0,0,12,2736,597
36889,0,0,0,0,3750,598
36890,0,0,0,0,4942,555
36891,7,0,0,0,5941,726
36892,130,0,0,14,6636,920
36893,376,0,0,19,7270,1006
36894,541,0,0,135,7714,980
36895,540,0,0,171,8308,903
36896,454,0,0,564,8779,880
36897,343,0,0,866,8390,983
36898,57,0,0,1310,7619,1044
36899,0,0,0,1474,6450,1071
36900,0,0,0,1111,4289,870
36901,10,0,0,857,2162,714
36902,30,0,0,660,952,480
36903,3,0,0,580,827,73
36904,0,0,0,28,449,0
36905,0,0,0,147,187,66
36906,0,0,0,83,77,41
36907,0,0,0,151,20,0
36908,6,0,0,220,146,0
36909,29,0,2,314,169,10
36910,19,0,0,193,295,3
36911,18,0,0,93,88,2
36912,0,0,0,188,147,0
36913,0,0,2,291,13,0
36914,0,0,0,263,23,0
36915,0,0,0,113,4,0
36916,0,0,24,427,205,13
36917,0,0,22,306,160,0
36918,0,0,0,177,0,0
36919,0,0,8,259,21,0
36920,0,0,23,87,6,0
36921,0,0,4,58,0,0
36922,0,0,0,26,4,0
36923,0,0,35,201,37,0
36924,0,0,12,441,0,0
36925,0,0,0,413,35,0
36926,0,0,2,127,41,0
36927,0,0,29,481,299,0
36928,0,0,12,393,227,0
36929,0,0,0,198,92,0
36930,0,0,17,85,8,0
36931,0,0,55,73,51,0
36932,0,0,0,40,45,0
36933,0,0,5,40,184,0
36934,0,0,35,259,0,0
36935,0,0,16,302,0,0
36936,0,0,0,280,8,0
36937,0,0,32,448,166,0
36938,0,0,42,651,490,0
36939,0,0,0,350,257,0
36940,0,0,6,88,22,0
36941,0,0,26,13,4,0
36942,0,0,4,56,10,0
36943,0,0,0,381,170,0
36944,0,0,8,235,173,0
36945,0,0,4,212,0,0
36946,0,0,0,244,0,0
36947,0,0,0,159,55,0
36948,0,0,3,175,148,0
36949,0,0,0,238,108,0
36950,0,0,0,307,280,0
36951,0,0,0,192,105,0
36952,0,0,0,75,6,0
36953,0,0,0,74,0,0
36954,0,0,0,2,0,0
36955,0,0,0,102,46,0
36956,0,0,0,139,70,0
36957,0,0,0,27,102,3
36958,0,0,0,488,646,47
36959,0,0,0,535,1060,136
36960,0,0,0,550,2320,362
36961,0,0,0,810,4429,611
36962,0,0,0,1076,6519,778
36963,0,0,0,1299,7987,957
36964,0,0,0,1395,9514,1161
36965,0,0,0,892,11163,1295
36966,0,0,0,453,12650,1369
36967,0,0,0,309,13538,1447
36968,0,0,0,352,13478,1772
36969,0,0,0,567,10354,4275
36970,0,0,0,952,7691,5729
36971,0,0,0,1332,4976,8522
36972,0,0,0,1517,2638,8670
36973,0,0,0,1556,1747,9779
36974,0,0,0,1619,1342,8762
36975,0,0,0,1603,1012,7386
36976,0,0,0,1988,765,5442
36977,0,0,0,2217,926,3745
36978,0,0,0,2775,1249,1351
36979,0,0,0,3187,1341,575
36980,0,0,0,3632,1944,275
36981,0,0,0,3951,2488,529
36982,0,0,0,4268,2794,717
36983,0,0,0,4507,3112,707
36984,0,0,0,4592,3291,971
36985,0,0,0,4823,3527,1592
36986,0,0,0,4892,3509,1960
36987,0,0,0,4896,3665,2223
36988,0,0,0,4918,3734,2489
36989,0,0,0,5034,3832,2556
36990,0,0,0,5020,4014,2665
36991,0,0,0,5193,4132,2730
36992,0,0,0,5252,4385,2395
36993,0,0,0,5328,4637,2172
36994,0,0,0,5485,5039,2060
36995,0,0,0,5633,5408,1594
36996,0,0,0,5761,5968,1304
36997,0,0,0,5856,6743,1204
36998,0,0,0,6010,7471,1426
36999,0,0,0,6131,8288,1452
37000,0,0,0,6175,8786,1627
37001,0,0,0,6318,9039,1721
37002,0,0,0,6431,9383,1737
37003,0,0,0,6482,9699,1780
37004,1,0,0,6531,10290,1629
37005,0,0,0,6483,10770,1764
37006,1,0,0,6444,10956,1939
37007,0,0,0,6215,11229,1843
37008,2,0,0,6039,10859,1901
37009,0,0,0,5668,10492,1996
37010,0,0,0,5367,10379,1974
37011,0,0,0,4987,9673,2129
37012,0,0,0,4447,9046,2203
37013,0,0,0,3898,7953,2730
37014,2,0,0,3171,6490,2798
37015,0,0,0,2458,4743,3289
37016,0,0,0,1586,3180,3257
37017,0,0,0,605,1645,3302
37018,0,4,0,793,3658,3488
37019,0,0,0,2120,6271,3245
37020,0,0,0,3047,9025,3198
37021,1,0,9,4011,11329,2957
37022,0,0,2,5078,12784,2825
37023,0,0,3,6098,13440,2541
37024,0,0,0,7052,13951,2453
37025,0,0,0,7920,14054,1868
37026,0,0,0,8794,13880,1598
37027,0,0,0,9414,13303,1520
37028,0,0,8,10101,11948,1222
37029,0,0,6,10334,11099,1396
37030,0,0,39,10228,10708,1680
37031,0,0,0,9763,9984,2292
37032,0,0,0,9161,9324,3054
37033,0,0,0,8704,8524,4016
37034,0,0,0,8193,7938,4407
37035,0,0,0,7527,6900,5231
37036,0,0,5,6892,6097,5493
37037,0,0,3,6210,5579,5513
37038,0,0,0,5601,5043,5452
37039,0,0,0,5063,4889,5439
37040,0,0,0,4245,4530,5102
37041,0,0,0,3100,3505,4642
37042,0,0,1,1887,3010,4159
37043,0,0,34,1241,2914,3686
37044,0,0,4,764,2640,3408
37045,0,0,0,1410,3326,3193
37046,0,0,0,2150,3633,3077
37047,0,0,0,2627,3892,2689
37048,0,0,0,2673,3461,1761
37049,0,0,3,2929,2830,935
37050,0,0,11,2725,1437,383
37051,3,0,13,2727,1279,334
37052,0,0,0,2448,1164,356
37053,0,0,0,2195,1067,280
37054,0,0,0,2085,979,219
37055,8,0,0,1912,659,162
37056,0,0,0,1835,463,56
37057,0,0,70,1700,456,190
37058,0,0,8,1585,670,380
37059,0,0,8,1425,842,538
37060,0,0,2,1655,1543,713
37061,0,0,0,1709,1794,786
37062,0,0,0,2024,2079,766
37063,0,0,0,2966,3198,713
37064,0,0,3,3887,4156,360
37065,0,0,89,4157,5121,261
37066,0,0,16,4793,6331,825
37067,0,0,8,5088,7067,1194
37068,0,0,0,5342,7368,1053
37069,0,0,0,5452,7471,823
37070,0,0,0,5639,7550,718
37071,0,0,21,5476,7668,667
37072,0,0,21,5351,7389,461
37073,0,0,0,4720,6546,28
37074,0,0,1,3914,5584,390
37075,0,0,0,2731,4663,549
37076,0,0,0,2151,3344,595
37077,0,0,1,1208,2768,627
37078,0,0,11,778,1681,676
37079,0,0,0,625,1708,632
37080,0,0,7,438,1394,505
37081,0,0,0,433,1000,326
37082,0,0,0,544,1114,287
37083,0,0,5,495,1325,137
37084,0,0,7,580,1808,31
37085,0,0,0,547,2007,261
37086,0,0,3,553,2649,384
37087,0,0,0,531,3284,410
37088,0,0,0,506,3946,491
37089,0,0,12,481,3564,629
37090,0,0,5,497,2960,665
37091,0,0,0,679,1901,621
37092,0,0,0,688,2570,622
37093,0,0,0,967,3924,753
37094,0,0,0,945,4712,992
37095,0,0,5,1257,5163,940
37096,0,0,13,1209,5577,916
37097,0,0,22,1017,5647,808
37098,0,0,11,875,4260,768
37099,0,0,0,714,1466,554
37100,0,0,0,612,1047,397
37101,0,0,0,551,109,18
37102,0,0,16,367,352,203
37103,0,0,28,267,180,8
37104,0,0,0,145,59,10
37105,0,0,0,82,138,0
37106,0,0,0,279,141,0
37107,0,0,0,369,60,0
37108,0,0,0,362,63,0
37109,0,0,0,350,85,0
37110,0,0,0,211,137,2
37111,0,0,0,107,115,0
37112,0,0,0,76,170,0
37113,0,0,0,7,425,35
37114,0,0,0,0,546,67
37115,0,0,0,0,767,213
37116,0,0,0,41,614,201
37117,0,0,0,128,707,163
37118,0,0,0,271,684,26
37119,5,0,0,319,363,3
37120,54,0,0,305,377,0
37121,77,0,0,213,385,3
37122,36,0,0,187,371,3
37123,40,0,0,161,199,0
37124,49,0,0,153,4,0
37125,21,0,0,109,0,0
37126,8,0,0,85,6,0
37127,4,0,0,49,1,0
37128,0,0,0,30,4,0
37129,0,0,0,0,3,0
37130,0,0,0,15,0,0
37131,0,0,0,50,0,0
37132,0,0,0,77,0,0
37133,0,0,0,36,4,0
37134,0,0,0,85,0,0
37135,2,0,0,37,3,0
37136,0,0,0,16,29,5
37137,0,0,0,11,26,0
37138,0,0,0,0,39,0
37139,0,0,0,22,36,0
37140,0,0,0,4,72,0
37141,0,0,0,13,147,0
37142,0,0,0,13,150,0
37143,0,0,0,2,168,0
37144,0,0,0,11,139,0
37145,0,0,0,16,37,0
37146,0,0,0,0,40,0
37147,0,0,0,0,127,0
37148,0,0,0,16,161,0
37149,0,0,0,0,137,0
37150,0,0,0,0,125,0
37151,0,0,0,13,144,0
37152,0,0,0,0,69,0
37153,6,0,0,5,68,0
37154,13,0,0,84,53,0
37155,0,0,0,76,113,0
37156,0,0,0,132,228,0
37157,4,0,0,177,207,0
37158,3,0,0,196,160,0
37159,0,0,0,219,179,0
37160,3,0,0,92,385,0
37161,0,0,0,71,329,0
37162,0,0,0,4,32,0
37163,0,0,0,81,5,0
37164,0,0,0,6,86,0
37165,0,0,0,5,103,0
37166,0,0,0,28,80,0
37167,0,0,0,1,0,0
37168,0,0,0,0,1,0
37169,1,0,0,0,1,0
37170,0,0,0,2,35,0
37171,0,0,0,6,71,0
37172,0,0,0,24,80,0
37173,0,0,0,47,72,0
37174,0,0,0,102,42,0
37175,0,0,0,77,30,0
37176,0,0,0,108,25,0
37177,0,0,0,238,20,0
37178,0,0,0,222,117,2
37179,0,0,0,265,138,14
37180,0,0,0,293,66,2
37181,0,0,0,386,34,0
37182,4,0,0,321,45,0
37183,0,0,0,372,46,0
37184,0,0,0,285,50,2
37185,4,0,0,269,89,0
37186,10,0,0,226,120,0
37187,1,0,0,197,6,0
37188,14,0,0,156,5,0
37189,8,0,0,154,18,0
37190,0,0,0,100,0,0
37191,1,0,0,86,5,0
37192,4,0,0,58,0,0
37193,97,0,0,33,5,2
37194,187,0,0,23,46,31
37195,244,0,0,17,24,96
37196,281,0,0,19,2,0
37197,285,0,0,11,4,0
37198,152,0,0,14,0,0
37199,40,0,0,6,8,0
37200,2,0,0,18,23,52
37201,5,0,0,20,1,2
37202,0,0,0,21,2,0
37203,0,0,0,31,1,0
37204,0,0,0,24,0,0
37205,0,0,0,42,99,0
37206,0,0,0,6,110,0
37207,0,0,0,25,0,0
37208,4,0,0,19,0,0
37209,0,0,0,1,24,0
37210,0,0,0,2,6,0
37211,2,0,0,51,2,0
37212,1,0,0,0,0,0
37213,0,0,0,0,1,0
37214,0,0,0,9,0,0
37215,0,0,0,0,0,0
37216,11,0,0,6,0,0
37217,27,0,0,2,0,0
37218,9,0,0,0,0,0
37219,0,0,0,0,0,0
37220,0,0,0,0,0,0
37221,0,0,0,0,0,0
37222,0,0,0,0,0,0
37223,37,0,0,0,2,0
37224,45,0,0,0,0,0
37225,0,0,0,0,0,0
37226,0,0,0,0,0,0
37227,0,0,0,0,3,0
37228,6,0,0,0,18,0
37229,2,0,0,0,68,0
37230,0,0,0,0,67,0
37231,0,0,0,0,20,0
37232,0,0,0,0,0,0
37233,0,0,0,0,0,0
37234,2,0,0,0,0,0
37235,10,0,0,0,1,0
37236,11,0,0,0,0,0
37237,121,0,0,0,0,0
37238,176,0,0,0,17,0
37239,219,0,0,0,34,0
37240,243,0,0,0,78,0
37241,181,0,0,0,16,0
37242,188,0,0,0,0,0
37243,149,0,0,1,0,0
37244,123,0,0,0,0,0
37245,121,0,0,0,0,0
37246,124,0,2,0,13,0
37247,0,0,0,0,0,0
37248,0,0,0,0,0,0
37249,0,0,0,0,70,0
37250,0,0,0,0,75,0
37251,0,0,0,0,0,0
37252,0,0,0,0,0,0
37253,0,0,0,0,0,0
37254,6,0,0,0,2,0
37255,0,0,0,0,111,0
37256,2,0,0,0,205,0
37257,0,0,0,0,78,0
37258,0,0,0,0,0,0
37259,8,0,0,0,0,0
37260,4,0,0,8,0,0
37261,6,0,0,10,3,0
37262,0,0,0,0,0,0
37263,0,0,0,0,0,0
37264,0,0,0,0,0,0
37265,0,0,0,0,0,0
37266,0,0,0,0,0,0
37267,0,0,0,0,0,0
37268,0,0,0,0,0,0
37269,0,0,0,0,0,0
37270,0,0,0,0,26,0
37271,0,0,0,0,21,0
37272,0,0,0,0,25,0
37273,0,0,0,0,6,0
37274,0,0,0,0,0,0
37275,9,0,0,0,12,0
37276,0,0,0,0,0,0
37277,0,0,0,0,0,0
37278,0,0,0,0,2,0
37279,11,0,0,0,0,0
37280,0,0,0,0,51,0
37281,0,0,0,0,24,0
37282,0,0,0,0,53,0
37283,0,0,0,0,0,0
37284,0,0,0,0,0,0
37285,0,0,0,0,0,0
37286,0,0,0,0,0,0
37287,0,0,0,0,8,0
37288,0,0,0,0,10,0
37289,0,0,0,0,2,0
37290,0,0,0,0,0,0
37291,0,0,0,0,0,0
37292,0,0,0,0,0,0
37293,0,0,0,0,11,0
37294,0,0,0,0,0,0
37295,0,0,0,0,0,0
37296,0,0,0,3,0,0
37297,0,0,3,22,8,0
37298,0,0,0,0,105,0
37299,0,0,0,0,199,0
37300,0,0,0,0,157,0
37301,0,0,0,3,111,0
37302,0,0,0,0,79,0
37303,0,0,0,2,27,0
37304,0,0,0,20,0,0
37305,0,0,0,48,0,0
37306,0,0,0,88,33,0
37307,0,0,0,92,62,0
37308,0,0,0,103,25,0
37309,0,0,0,85,0,0
37310,0,0,0,108,3,0
37311,0,0,0,104,0,0
37312,0,0,0,86,63,0
37313,0,0,0,34,66,0
37314,0,0,0,68,0,0
37315,0,0,0,7,9,0
37316,0,0,0,62,155,0
37317,0,0,0,1,280,0
37318,0,0,0,0,192,0
37319,0,0,0,1,90,0
37320,0,0,0,0,66,0
37321,0,0,0,0,111,0
37322,0,0,0,0,15,0
37323,0,0,0,0,0,0
37324,0,0,0,0,0,0
37325,0,0,0,0,0,0
37326,0,0,0,0,0,0
37327,0,0,0,0,0,0
37328,0,0,0,0,4,0
37329,0,0,0,0,0,0
37330,0,0,0,0,0,0
37331,0,0,0,0,1,0
37332,0,0,0,0,0,0
37333,0,0,0,0,25,0
37334,0,0,0,0,31,0
37335,0,0,0,0,20,0
37336,0,0,0,0,19,0
37337,0,0,0,0,0,0
37338,0,0,0,0,15,0
37339,0,0,0,0,0,0
37340,0,0,0,0,0,0
37341,0,0,0,0,0,0
37342,0,0,0,0,0,0
37343,0,0,0,0,0,0
37344,0,0,0,6,1,0
37345,0,0,0,12,0,0
37346,0,0,0,0,0,0
37347,0,0,0,0,0,0
37348,0,0,0,0,0,0
37349,0,0,0,0,0,0
37350,0,0,0,0,0,0
37351,0,0,0,0,0,0
37352,0,0,0,0,0,0
37353,0,0,0,1,0,0
37354,0,0,0,0,0,0
37355,0,0,0,0,0,0
37356,0,0,0,0,0,0
37357,0,0,0,0,0,0
37358,0,0,0,0,0,0
37359,0,0,0,0,0,0
37360,0,0,0,0,0,0
37361,0,0,0,0,0,0
37362,0,0,0,0,0,0
37363,0,0,0,0,0,0
37364,0,0,0,0,0,0
37365,0,0,0,0,0,0
37366,0,0,0,0,0,0
37367,0,0,0,0,0,0
37368,0,0,0,0,0,0
37369,0,0,0,0,0,0
37370,0,0,0,0,0,0
37371,0,0,0,0,0,0
37372,0,0,0,0,0,0
37373,0,0,0,0,0,0
37374,27,0,0,0,0,0
37375,68,0,0,0,0,0
37376,12,0,0,0,0,0
37377,16,0,2,0,0,0
37378,13,0,0,0,0,0
37379,4,0,6,0,0,0
37380,0,0,6,0,0,0
37381,0,0,0,0,0,0
37382,0,0,7,0,0,0
37383,13,0,4,10,1,0
37384,13,0,0,0,0,0
37385,0,0,0,0,0,0
37386,2,0,0,0,0,0
37387,0,0,0,0,0,0
37388,0,0,0,0,0,0
37389,0,0,0,0,0,0
37390,0,0,0,0,0,0
37391,0,0,0,0,0,0
37392,0,0,0,0,0,0
37393,0,0,0,0,0,0
37394,0,0,0,0,0,0
37395,0,0,0,0,0,0
37396,0,0,0,0,5,0
37397,3,0,0,0,0,0
37398,0,0,0,0,0,0
37399,4,0,0,0,0,0
37400,13,0,0,0,0,0
37401,18,0,0,0,0,0
37402,5,0,0,0,0,0
37403,0,0,0,0,0,0
37404,0,0,0,0,0,0
37405,0,0,0,0,0,0
37406,0,0,0,0,0,0
37407,0,0,0,0,0,0
37408,0,0,0,0,0,0
37409,0,0,0,0,0,0
37410,4,0,0,0,0,0
37411,13,0,0,0,0,0
37412,15,0,1,0,0,0
37413,8,0,0,0,0,0
37414,0,0,0,0,0,0
37415,0,0,0,0,0,0
37416,0,0,0,0,0,0
37417,2,0,0,0,0,0
37418,0,0,0,0,0,0
37419,1,0,0,0,0,0
37420,0,0,0,0,0,0
37421,0,0,0,0,0,0
37422,0,0,0,0,0,0
37423,0,0,0,0,0,0
37424,0,0,0,0,0,0
37425,0,0,0,0,0,0
37426,0,0,0,0,6,0
37427,0,0,0,0,0,0
37428,0,0,0,0,0,0
37429,0,0,0,0,0,26
37430,0,0,0,10,0,53
37431,0,0,0,0,0,16
37432,9,0,0,0,0,0
37433,5,0,0,0,0,0
37434,0,0,0,0,0,0
37435,59,0,0,0,0,0
37436,104,0,0,0,4,0
37437,175,0,0,0,34,0
37438,216,0,0,0,19,0
37439,157,0,0,0,7,0
37440,139,0,0,0,0,0
37441,7,0,0,0,0,0
37442,0,0,0,0,0,0
37443,0,0,0,0,0,0
37444,0,0,0,0,7,0
37445,0,0,0,0,0,0
37446,16,0,0,0,0,0
37447,53,0,0,18,0,0
37448,142,0,0,0,0,0
37449,201,0,0,0,0,0
37450,86,0,0,0,0,0
37451,5,0,0,0,0,0
37452,32,0,0,2,0,0
37453,203,0,0,0,0,0
37454,299,0,0,0,0,0
37455,312,0,0,0,0,0
37456,284,0,0,0,0,0
37457,199,0,0,0,0,0
37458,45,0,0,0,0,0
37459,18,0,0,0,0,0
37460,97,0,0,0,0,0
37461,226,0,0,0,0,0
37462,245,0,0,0,0,0
37463,214,0,0,0,0,0
37464,297,0,0,0,0,0
37465,316,0,0,0,0,0
37466,462,0,0,0,0,0
37467,516,0,0,0,0,0
37468,462,0,0,0,0,0
37469,428,0,0,0,0,0
37470,118,0,0,0,0,0
37471,155,0,0,0,0,0
37472,363,0,0,0,0,0
37473,381,0,0,0,0,0
37474,226,0,0,0,0,0
37475,18,0,0,0,0,0
37476,143,0,0,0,0,0
37477,201,0,0,0,0,0
37478,4,0,0,0,0,0
37479,76,0,0,0,0,0
37480,141,0,0,0,0,0
37481,9,0,0,22,0,0
37482,1,0,0,0,0,0
37483,34,0,0,0,0,0
37484,12,0,0,0,0,0
37485,75,0,0,0,0,0
37486,184,0,0,0,0,0
37487,157,0,0,0,0,0
37488,85,0,0,0,0,0
37489,161,0,7,0,0,0
37490,308,0,0,0,0,0
37491,350,0,0,0,0,0
37492,353,0,0,0,0,0
37493,352,0,0,0,0,0
37494,104,0,0,0,0,0
37495,334,0,0,0,0,0
37496,407,0,0,0,0,0
37497,340,0,0,0,0,0
37498,142,0,0,0,0,0
37499,18,0,0,0,0,0
37500,210,0,0,0,0,0
37501,161,0,0,0,0,0
37502,0,0,0,0,0,0
37503,37,0,0,0,0,0
37504,45,0,0,0,0,0
37505,0,0,0,0,0,0
37506,0,0,0,0,0,0
37507,0,0,0,0,0,0
37508,42,0,0,0,0,0
37509,164,0,0,0,0,0
37510,244,0,0,0,0,0
37511,196,0,0,0,0,0
37512,25,0,0,0,0,0
37513,0,0,0,0,0,0
37514,0,0,0,0,0,0
37515,26,0,0,0,0,0
37516,0,0,0,0,0,0
37517,0,0,0,0,0,0
37518,0,0,0,0,0,0
37519,0,0,0,0,0,0
37520,0,0,0,0,0,0
37521,0,0,0,0,0,0
37522,0,0,0,0,0,0
37523,0,0,0,0,0,0
37524,0,0,0,0,0,0
37525,0,0,0,0,0,0
37526,0,0,0,0,0,0
37527,0,0,0,0,0,0
37528,0,0,0,0,0,0
37529,0,0,0,0,0,0
37530,0,0,0,0,0,0
37531,0,0,3,0,0,0
37532,0,0,0,0,0,0
37533,0,0,0,0,0,0
37534,0,0,0,0,0,0
37535,0,0,0,10,0,0
37536,0,0,0,1,0,0
37537,0,0,0,0,0,0
37538,0,0,0,0,0,0
37539,0,0,0,0,0,0
37540,0,0,0,0,0,0
37541,0,0,0,0,3,0
37542,0,0,0,0,0,0
37543,0,0,0,0,0,0
37544,0,0,0,0,0,0
37545,0,0,0,7,0,0
37546,0,0,2,40,7,10
37547,0,0,0,162,0,0
37548,0,0,0,179,0,0
37549,0,0,0,93,0,0
37550,0,0,0,62,0,0
37551,0,0,0,15,0,0
37552,0,0,0,15,2,0
37553,0,0,0,2,0,0
37554,0,0,0,3,0,0
37555,0,0,0,8,0,0
37556,0,0,0,3,1,0
37557,0,0,0,2,0,30
37558,2,0,0,8,0,101
37559,35,6,0,5,0,19
37560,13,2,0,24,0,0
37561,0,0,0,36,0,0
37562,0,0,0,15,0,0
37563,0,0,0,47,0,0
37564,1,0,0,40,0,0
37565,0,0,0,55,0,0
37566,0,0,0,83,0,0
37567,0,0,0,68,0,0
37568,0,0,0,133,0,0
37569,0,0,0,77,0,0
37570,0,0,0,63,0,0
37571,0,0,0,67,0,0
37572,0,0,0,117,0,0
37573,0,0,0,153,0,0
37574,0,0,0,248,0,0
37575,0,0,0,192,0,0
37576,0,0,0,220,0,0
37577,0,0,0,246,0,0
37578,6,0,1,289,0,0
37579,0,0,0,265,0,0
37580,0,0,0,244,2,0
37581,0,0,0,163,0,0
37582,5,0,0,117,0,0
37583,66,0,0,62,0,0
37584,21,0,0,34,2,0
37585,2,0,0,1,0,0
37586,8,0,0,32,0,0
37587,11,0,0,27,0,0
37588,7,0,0,4,6,0
37589,0,0,0,6,10,0
37590,0,0,0,0,4,0
37591,0,0,0,10,1,0
37592,0,0,0,6,19,0
37593,0,0,0,3,65,0
37594,0,0,0,1,75,0
37595,0,0,0,6,373,8
37596,0,0,0,37,819,80
37597,0,0,0,136,1346,231
37598,0,0,4,114,1886,437
37599,0,0,0,82,2095,472
37600,0,0,0,18,2561,489
37601,0,0,1,27,2638,295
37602,0,0,2,11,2830,185
37603,0,0,0,0,2999,75
37604,0,0,0,0,3433,47
37605,0,0,0,1,4128,282
37606,0,0,0,36,5011,319
37607,0,0,0,48,5570,275
37608,0,0,0,9,6217,63
37609,0,0,0,9,6655,1
37610,0,0,0,0,7070,0
37611,0,0,0,2,6445,0
37612,0,0,0,1,6245,0
37613,0,0,0,406,5933,0
37614,0,0,0,869,4844,50
37615,0,0,0,1512,4044,19
37616,0,0,0,2405,3564,3
37617,0,0,0,3400,3030,0
37618,0,0,0,3573,3248,0
37619,0,0,0,3625,3278,7
37620,0,0,0,3677,3451,210
37621,0,0,0,3332,3747,266
37622,0,0,0,2914,3873,290
37623,0,0,0,2746,3810,319
37624,0,0,0,2776,3778,340
37625,0,0,0,2637,3629,539
37626,0,0,4,2526,3282,607
37627,0,0,0,2544,2786,667
37628,0,0,0,2699,2365,770
37629,0,0,0,2441,2114,898
37630,0,0,0,2283,1760,876
37631,0,0,0,2027,1647,808
37632,0,0,0,1533,1147,590
37633,0,0,3,1134,620,443
37634,0,0,6,988,220,190
37635,0,0,0,1122,66,0
37636,0,0,8,1359,115,0
37637,0,0,5,1224,40,0
37638,0,0,0,1223,77,0
37639,0,0,6,1271,80,109
37640,0,0,0,1381,123,349
37641,0,0,0,1695,308,508
37642,0,0,0,1826,492,517
37643,0,0,0,1849,631,571
37644,1,0,0,1910,767,574
37645,0,0,0,2097,836,635
37646,0,0,2,1899,891,695
37647,0,0,0,2148,791,709
37648,0,0,0,2082,910,782
37649,0,0,0,1981,805,818
37650,0,0,0,1922,682,850
37651,0,0,0,1748,662,868
37652,0,0,0,1562,560,725
37653,0,0,0,1397,422,637
37654,0,0,0,1504,285,629
37655,0,0,0,1500,291,403
37656,0,0,0,1192,38,105
37657,0,0,0,768,24,0
37658,0,0,0,444,49,0
37659,0,0,0,381,0,96
37660,0,0,0,586,5,143
37661,0,0,0,757,258,173
37662,10,0,2,918,471,295
37663,0,0,0,798,362,360
37664,1,0,0,679,195,67
37665,0,0,0,393,216,0
37666,0,0,0,346,213,0
37667,0,0,0,294,64,0
37668,0,0,0,303,141,0
37669,12,0,0,276,0,0
37670,19,0,2,203,57,8
37671,0,0,22,140,99,0
37672,0,0,0,205,103,0
37673,0,0,0,244,126,4
37674,0,0,0,234,96,0
37675,0,0,0,330,1,0
37676,0,0,0,440,0,0
37677,0,0,10,475,10,0
37678,0,0,9,564,52,0
37679,0,0,0,492,72,0
37680,0,0,2,440,50,0
37681,0,0,5,373,37,236
37682,0,0,8,308,75,414
37683,0,0,1,242,31,448
37684,0,0,10,231,106,471
37685,0,0,0,273,238,437
37686,0,0,1,221,155,471
37687,0,0,16,393,102,474
37688,0,0,2,501,170,458
37689,0,0,0,558,284,523
37690,0,0,11,600,393,574
37691,0,0,12,617,372,541
37692,0,0,10,675,301,502
37693,0,0,1,664,254,466
37694,0,0,21,847,166,342
37695,0,0,12,732,388,356
37696,0,0,1,687,441,385
37697,0,0,18,552,369,317
37698,0,0,4,498,15,222
37699,0,0,0,330,46,108
37700,1,0,3,371,9,6
37701,0,0,10,119,6,114
37702,0,0,0,45,7,25
37703,0,0,0,0,5,0
37704,0,0,12,4,8,0
37705,0,0,19,15,16,3
37706,0,0,0,143,0,38
37707,0,0,30,205,1,73
37708,0,0,12,282,0,63
37709,0,0,0,574,27,4
37710,0,0,38,833,125,312
37711,0,0,56,1002,263,421
37712,0,0,8,1025,332,534
37713,0,0,1,1228,327,523
37714,0,0,35,1236,268,295
37715,0,0,3,1164,323,346
37716,0,0,2,892,283,269
37717,0,0,33,951,160,57
37718,0,0,6,1148,182,32
37719,0,0,0,864,103,3
37720,0,0,15,1034,58,0
37721,0,0,20,1349,101,0
37722,9,0,0,1605,168,0
37723,3,0,3,1592,102,21
37724,0,0,8,1686,320,365
37725,0,0,0,1655,299,457
37726,0,0,4,1925,420,365
37727,0,0,26,1490,193,386
37728,0,0,4,1161,183,384
37729,0,0,0,1239,117,233
37730,0,0,0,1609,175,1
37731,0,0,2,1628,115,0
37732,0,0,0,551,6,0
37733,0,0,0,806,37,0
37734,0,0,0,1086,55,6
37735,0,0,0,744,104,131
37736,0,0,0,893,223,187
37737,0,0,0,1447,308,200
37738,0,0,0,1564,679,464
37739,0,0,0,1744,1010,599
37740,0,0,0,1950,1015,501
37741,0,0,0,2154,1179,625
37742,0,0,0,2050,1389,819
37743,0,0,0,2149,1316,856
37744,0,0,0,1963,1283,928
37745,0,0,0,1632,1122,850
37746,0,0,0,1446,679,680
37747,0,0,0,1362,269,491
37748,0,0,0,1318,225,446
37749,0,0,0,1068,141,423
37750,0,0,0,839,217,377
37751,0,0,0,926,308,355
37752,0,0,0,652,398,230
37753,0,0,0,551,407,117
37754,0,0,0,368,353,0
37755,0,0,0,360,218,14
37756,0,0,0,367,259,83
37757,0,0,0,315,180,138
37758,0,0,0,277,99,147
37759,0,0,0,258,0,196
37760,0,0,0,213,0,271
37761,0,0,0,250,21,213
37762,0,0,0,331,46,224
37763,0,0,0,327,50,192
37764,0,0,0,293,43,73
37765,0,0,0,169,46,0
37766,0,0,0,146,1,71
37767,0,0,0,90,0,150
37768,0,0,0,154,0,179
37769,0,0,0,223,1,138
37770,0,0,0,69,8,61
37771,0,0,0,75,78,0
37772,0,0,0,133,29,69
37773,0,0,0,107,3,128
37774,0,0,0,49,0,145
37775,0,0,0,45,0,96
37776,0,0,0,47,1,0
37777,0,0,0,6,0,0
37778,0,0,0,53,0,0
37779,0,0,0,147,0,0
37780,0,0,0,161,0,0
37781,0,0,0,256,6,0
37782,0,0,0,327,11,0
37783,0,0,0,437,201,4
37784,0,0,0,749,431,33
37785,0,0,0,1114,459,96
37786,0,0,0,1703,738,329
37787,0,0,0,2215,1142,778
37788,0,0,0,2553,1603,1161
37789,0,0,0,2986,2434,1618
37790,0,0,0,3141,3045,1906
37791,0,0,0,3306,3708,1838
37792,13,0,0,4023,3428,1983
37793,76,0,0,5250,3306,1921
37794,201,0,0,5416,3086,1036
37795,205,0,0,5292,3150,718
37796,126,0,0,5193,4458,541
37797,106,0,0,4295,7140,681
37798,123,0,0,3633,9553,762
37799,205,0,0,3914,11000,741
37800,403,0,0,4529,11780,509
37801,387,0,0,4882,10889,601
37802,278,0,0,5179,9461,550
37803,3,0,0,5192,8439,816
37804,49,0,0,4971,6837,841
37805,111,0,0,4634,5522,829
37806,53,0,0,4219,3688,836
37807,0,0,0,3322,3298,511
37808,0,0,2,2376,3298,609
37809,0,0,0,1552,2478,303
37810,13,0,25,1138,921,31
37811,46,0,18,1961,499,26
37812,10,0,4,3358,1152,37
37813,7,0,172,4124,2384,183
37814,0,0,112,4678,3185,387
37815,0,0,0,5291,3968,421
37816,0,0,67,5693,4291,445
37817,0,0,108,5999,4512,660
37818,0,0,9,6080,4451,345
37819,0,0,35,6157,4455,294
37820,0,0,148,5993,4540,360
37821,0,0,12,5734,4514,440
37822,0,0,0,5228,4690,443
37823,0,0,57,4808,4728,527
37824,0,0,16,4190,4736,526
37825,0,0,0,3386,3730,557
37826,0,0,20,2274,1791,510
37827,0,0,19,966,1061,410
37828,0,0,0,423,1474,309
37829,0,0,1,769,1872,211
37830,5,0,2,775,1730,135
37831,43,0,0,562,1284,98
37832,109,0,0,283,547,33
37833,127,0,7,118,153,2
37834,61,0,2,40,84,0
37835,0,0,0,29,155,0
37836,0,0,3,26,369,0
37837,61,0,0,6,216,0
37838,69,0,0,51,247,0
37839,27,0,0,23,116,0
37840,1,0,2,0,32,0
37841,0,0,2,49,23,0
37842,0,0,0,0,1,0
37843,13,0,0,0,2,0
37844,10,0,0,0,1,0
37845,6,0,0,0,0,0
37846,0,0,2,0,24,2
37847,0,0,0,0,45,0
37848,0,0,0,0,80,3
37849,68,0,0,0,50,19
37850,190,0,0,0,3,6
37851,283,0,0,0,0,5
37852,213,0,0,0,0,0
37853,73,0,0,0,20,0
37854,25,0,0,0,42,2
37855,58,0,0,0,37,23
37856,291,0,0,0,23,28
37857,226,0,0,0,0,1
37858,97,0,0,0,14,22
37859,32,0,0,0,29,57
37860,258,0,0,0,69,35
37861,242,0,0,0,12,4
37862,187,0,3,0,59,0
37863,16,0,0,0,73,0
37864,42,0,0,0,23,0
37865,277,0,0,0,1,0
37866,275,0,0,0,0,0
37867,191,0,0,0,0,0
37868,0,0,0,0,74,0
37869,16,0,0,0,40,0
37870,108,0,0,0,0,0
37871,81,0,0,0,0,0
37872,0,0,0,0,0,0
37873,0,0,0,0,0,0
37874,43,0,0,2,0,0
37875,49,0,0,0,0,0
37876,7,0,0,0,0,0
37877,0,0,0,0,0,0
37878,0,0,0,0,0,0
37879,0,0,0,0,8,0
37880,0,0,0,0,5,0
37881,0,0,0,0,0,0
37882,0,0,0,0,0,0
37883,0,0,0,8,0,0
37884,0,0,0,0,21,0
37885,0,0,0,0,72,0
37886,0,0,0,0,0,0
37887,0,0,0,0,0,0
37888,0,0,0,0,0,0
37889,0,0,0,0,10,0
37890,0,0,0,0,39,0
37891,0,0,0,2,110,0
37892,0,0,0,0,53,0
37893,0,0,0,0,0,0
37894,0,0,0,0,0,0
37895,0,0,0,0,0,0
37896,0,0,0,0,0,0
37897,0,0,0,0,16,0
37898,0,0,0,0,0,0
37899,0,0,0,6,0,0
37900,0,0,0,3,0,0
37901,0,0,0,0,27,0
37902,0,0,0,0,10,0
37903,0,0,0,0,0,0
37904,0,0,0,0,0,0
37905,0,0,0,0,0,0
37906,0,0,0,0,0,0
37907,0,0,0,0,9,0
37908,0,0,0,0,60,0
37909,0,0,0,0,41,0
37910,0,0,0,0,5,0
37911,0,0,0,0,0,0
37912,0,0,0,0,0,0
37913,0,0,0,0,5,0
37914,0,0,0,0,0,0
37915,0,0,0,2,0,0
37916,0,0,0,2,0,0
37917,0,0,0,0,0,0
37918,11,0,0,0,18,0
37919,19,0,0,9,0,0
37920,0,0,0,7,0,0
37921,0,0,0,0,0,0
37922,12,0,0,0,0,0
37923,28,0,0,0,0,0
37924,0,0,0,0,0,0
37925,0,0,0,0,39,0
37926,0,0,0,0,51,0
37927,0,0,0,0,28,0
37928,0,0,3,0,0,0
37929,0,0,1,0,0,0
37930,2,0,0,0,0,0
37931,0,0,0,0,0,0
37932,6,0,0,0,38,0
37933,6,0,0,0,41,0
37934,0,0,0,0,42,0
37935,0,0,0,0,58,0
37936,0,0,0,0,87,0
37937,11,0,0,0,25,0
37938,0,0,0,0,0,0
37939,2,0,0,0,1,0
37940,10,0,0,0,99,0
37941,0,0,0,0,109,0
37942,0,0,0,0,175,0
37943,0,0,0,0,265,0
37944,0,0,0,0,206,0
37945,0,0,0,0,0,0
37946,0,0,0,0,150,0
37947,0,0,0,0,70,0
37948,0,0,0,0,0,0
37949,0,0,0,0,10,0
37950,0,0,0,0,66,0
37951,0,0,0,0,145,0
37952,0,0,0,0,144,0
37953,0,0,0,0,9,0
37954,0,0,0,0,0,0
37955,0,0,0,0,81,0
37956,0,0,0,0,75,0
37957,0,0,0,2,167,0
37958,10,0,0,0,39,0
37959,0,0,0,0,0,0
37960,0,0,0,2,0,0
37961,0,0,0,0,3,0
37962,0,0,0,0,96,0
37963,0,0,0,0,126,0
37964,0,0,0,0,7,0
37965,0,0,0,0,0,0
37966,0,0,0,0,0,0
37967,0,0,0,0,2,0
37968,0,0,0,0,23,0
37969,0,0,0,0,48,0
37970,0,0,0,0,63,0
37971,0,0,0,2,0,0
37972,0,0,0,2,0,0
37973,0,0,0,0,10,0
37974,0,0,0,0,0,0
37975,0,0,0,0,0,0
37976,0,0,0,0,66,0
37977,0,0,0,0,111,0
37978,0,0,0,0,126,0
37979,9,0,0,0,20,0
37980,0,0,0,0,0,0
37981,0,0,1,0,88,0
37982,0,0,0,0,204,0
37983,0,0,0,0,287,0
37984,0,0,0,0,225,0
37985,0,0,0,0,8,0
37986,0,0,0,0,145,0
37987,0,0,0,0,189,0
37988,0,0,0,0,205,0
37989,0,0,0,0,221,0
37990,0,0,0,0,99,0
37991,0,0,0,0,28,0
37992,0,0,0,0,148,0
37993,0,0,0,2,266,0
37994,0,0,0,2,156,0
37995,0,0,0,0,139,0
37996,0,0,0,0,198,0
37997,0,0,0,1,122,0
37998,0,0,0,0,0,0
37999,0,0,0,0,0,0
38000,0,0,0,0,25,0
38001,7,0,3,2,53,0
38002,67,0,0,0,52,0
38003,85,0,0,0,34,0
38004,117,0,0,0,40,0
38005,163,0,0,0,33,0
38006,125,0,0,0,74,0
38007,54,0,0,0,133,0
38008,0,0,0,2,45,0
38009,0,0,0,0,95,0
38010,10,0,0,0,83,0
38011,14,0,1,0,52,0
38012,0,0,0,0,26,0
38013,0,0,0,0,60,0
38014,0,0,0,0,11,0
38015,0,0,0,0,13,0
38016,0,0,0,2,0,0
38017,0,0,6,0,0,0
38018,23,0,0,0,0,0
38019,34,0,0,0,0,0
38020,12,0,0,0,0,0
38021,0,0,0,0,3,0
38022,0,0,0,0,0,0
38023,7,0,0,0,0,0
38024,9,0,0,0,0,0
38025,5,0,0,0,0,0
38026,1,0,0,0,2,0
38027,0,0,0,0,0,0
38028,0,0,0,0,0,0
38029,0,0,0,0,31,0
38030,0,0,0,0,188,0
38031,0,0,0,0,1,0
38032,0,0,0,0,137,0
38033,0,0,0,0,165,0
38034,0,0,0,0,176,0
38035,0,0,0,0,121,0
38036,0,0,2,0,0,0
38037,0,0,0,0,88,0
38038,1,0,0,0,59,0
38039,9,0,0,0,43,0
38040,0,0,5,2,98,0
38041,0,0,8,0,99,0
38042,0,0,0,1,46,0
38043,11,0,10,0,0,0
38044,3,0,0,0,10,0
38045,0,0,0,0,41,0
38046,0,0,0,0,74,0
38047,3,0,0,8,134,0
38048,19,0,0,12,82,0
38049,7,0,0,0,10,0
38050,0,0,0,0,0,0
38051,0,0,0,0,0,0
38052,1,0,0,0,80,0
38053,1,0,0,0,180,0
38054,0,0,2,1,90,0
38055,0,0,0,0,0,0
38056,0,0,0,11,1,1
38057,0,0,6,2,0,0
38058,0,0,0,0,4,0
38059,0,0,0,0,20,0
38060,1,0,0,0,7,0
38061,0,0,0,0,2,0
38062,0,0,0,0,19,0
38063,0,0,0,0,53,0
38064,0,0,2,0,38,0
38065,0,0,1,0,35,0
38066,0,0,0,0,15,0
38067,0,0,0,0,10,0
38068,0,0,0,0,0,0
38069,0,0,0,0,0,0
38070,0,0,0,0,0,0
38071,0,0,0,0,2,0
38072,0,0,0,0,17,0
38073,0,0,2,0,16,0
38074,0,0,2,0,27,0
38075,0,0,0,0,0,0
38076,0,0,0,0,2,0
38077,0,0,0,0,32,0
38078,0,0,0,0,86,0
38079,0,0,0,0,59,0
38080,0,0,0,0,0,0
38081,0,0,0,0,0,0
38082,0,0,0,0,11,0
38083,0,0,3,0,21,0
38084,0,0,6,3,17,0
38085,0,0,0,0,19,0
38086,0,0,0,0,2,0
38087,0,0,2,0,22,0
38088,0,0,0,0,16,0
38089,0,0,0,0,0,0
38090,0,0,10,0,0,0
38091,0,0,0,0,0,0
38092,0,0,0,0,0,0
38093,0,0,2,0,0,0
38094,0,0,5,0,0,0
38095,0,0,5,0,0,0
38096,0,0,0,0,0,0
38097,0,0,3,0,0,0
38098,0,0,1,0,0,0
38099,0,0,0,0,0,0
38100,0,0,0,0,0,0
38101,0,0,0,0,9,0
38102,0,0,0,0,6,0
38103,0,0,0,0,29,0
38104,0,0,3,0,39,0
38105,0,0,7,0,155,0
38106,0,0,0,0,117,0
38107,0,0,4,0,31,4
38108,0,0,0,2,0,0
38109,0,0,0,0,1,0
38110,0,0,0,0,22,0
38111,0,0,0,0,60,0
38112,0,0,0,0,17,0
38113,0,0,0,0,0,0
38114,1,0,0,0,3,0
38115,0,0,0,3,0,0
38116,0,0,0,0,71,0
38117,0,0,0,0,106,0
38118,0,0,0,1,47,0
38119,0,0,0,0,17,0
38120,0,0,0,0,0,0
38121,0,0,0,0,1,0
38122,0,0,0,0,8,0
38123,0,0,0,0,14,0
38124,0,0,2,0,61,0
38125,0,0,0,0,73,0
38126,2,0,0,0,179,0
38127,0,0,0,0,106,0
38128,0,0,0,0,2,0
38129,0,0,0,0,0,0
38130,0,0,0,0,6,0
38131,0,0,0,0,55,0
38132,0,0,0,0,65,0
38133,0,0,0,0,66,0
38134,0,0,0,0,50,0
38135,0,0,0,0,5,0
38136,0,0,0,0,13,0
38137,0,0,0,0,0,0
38138,0,0,0,0,7,0
38139,0,0,0,0,3,0
38140,0,0,0,0,1,0
38141,0,0,0,0,54,0
38142,0,0,0,7,11,0
38143,0,0,0,5,4,0
38144,0,0,0,38,4,0
38145,0,0,0,33,7,0
38146,0,0,0,37,2,0
38147,0,0,0,23,0,0
38148,0,0,0,49,0,1
38149,0,0,0,12,13,0
38150,0,0,0,41,42,0
38151,0,0,0,75,184,0
38152,0,0,0,75,488,3
38153,0,0,0,56,1030,134
38154,0,0,0,146,1550,238
38155,0,0,0,223,2085,333
38156,0,0,0,198,2621,306
38157,0,0,2,193,2434,148
38158,0,0,0,176,2792,82
38159,0,0,0,220,2957,41
38160,0,0,0,101,3279,37
38161,0,0,0,156,3372,18
38162,0,0,0,231,3819,16
38163,0,0,0,121,3940,8
38164,0,0,0,83,3899,9
38165,0,0,0,59,3569,0
38166,0,0,0,1,2893,0
38167,0,0,0,0,2538,0
38168,0,0,0,0,1928,0
38169,0,0,0,0,1187,0
38170,0,0,0,5,949,0
38171,0,0,0,17,866,0
38172,0,0,0,11,577,0
38173,0,0,0,17,236,0
38174,0,0,0,31,300,0
38175,0,0,0,31,575,0
38176,0,0,0,43,900,0
38177,0,0,0,17,1399,0
38178,0,0,1,0,1484,0
38179,0,0,0,4,1535,0
38180,0,0,2,109,1515,0
38181,0,0,0,89,1361,0
38182,0,0,0,0,1173,0
38183,0,0,0,0,921,0
38184,0,0,0,37,455,0
38185,0,0,0,54,80,9
38186,0,0,0,9,272,12
38187,0,0,0,5,598,0
38188,0,0,2,101,793,0
38189,0,0,3,27,981,4
38190,0,0,0,0,640,0
38191,0,0,0,0,533,0
38192,0,0,3,53,575,0
38193,0,0,3,147,190,0
38194,0,0,0,84,99,11
38195,0,0,0,61,80,0
38196,0,0,0,33,33,0
38197,0,0,0,64,49,4
38198,0,0,0,80,44,0
38199,0,0,0,63,245,0
38200,0,0,0,0,561,0
38201,0,0,0,0,932,0
38202,0,0,0,0,1530,0
38203,0,0,0,0,2866,2
38204,0,0,0,0,3033,3
38205,0,0,0,5,3172,0
38206,0,0,0,12,2694,11
38207,0,0,0,54,1799,13
38208,0,0,0,54,1740,2
38209,0,0,0,14,2599,9
38210,0,0,0,25,3791,0
38211,0,0,0,21,4505,0
38212,0,0,0,22,4867,2
38213,0,0,0,84,4908,10
38214,0,0,0,62,4077,9
38215,0,0,0,54,3478,2
38216,0,0,0,64,2555,8
38217,0,0,0,2,1838,15
38218,0,0,0,9,1622,17
38219,0,0,0,9,1511,9
38220,0,0,0,7,1623,0
38221,0,0,0,37,1623,6
38222,0,0,0,34,1528,71
38223,0,0,0,7,1501,40
38224,0,0,0,0,1408,0
38225,0,0,0,15,1373,9
38226,0,0,0,40,1303,5
38227,0,0,0,6,1645,0
38228,0,0,0,0,2043,0
38229,0,0,0,0,1848,0
38230,0,0,0,7,687,0
38231,0,0,0,31,1228,0
38232,0,0,0,1,1892,0
38233,0,0,0,0,2313,0
38234,0,0,0,0,2940,25
38235,0,0,0,2,3789,97
38236,0,0,0,1,3786,239
38237,0,0,0,3,2333,210
38238,0,0,1,11,986,271
38239,0,0,0,0,336,124
38240,0,0,1,0,469,74
38241,0,0,4,0,431,31
38242,0,0,0,2,277,17
38243,0,0,0,1,194,0
38244,0,0,2,0,148,0
38245,0,0,0,0,175,0
38246,0,0,0,0,129,0
38247,0,0,0,0,112,0
38248,0,0,0,0,180,0
38249,0,0,0,1,116,0
38250,0,0,8,0,0,0
38251,0,0,0,24,76,0
38252,0,0,0,7,70,0
38253,0,0,0,0,15,0
38254,0,0,0,0,19,0
38255,0,0,0,0,13,0
38256,0,0,0,0,5,0
38257,0,0,0,9,0,0
38258,0,0,0,0,0,0
38259,0,0,0,0,10,0
38260,0,0,0,0,67,0
38261,0,0,0,0,51,0
38262,0,0,0,0,0,0
38263,0,0,0,0,0,0
38264,0,0,0,0,2,0
38265,0,0,0,0,0,0
38266,0,0,0,11,2,0
38267,0,0,0,0,2,0
38268,0,0,0,0,6,0
38269,0,0,0,0,4,0
38270,0,0,0,18,3,0
38271,0,0,0,0,0,0
38272,0,0,0,0,75,0
38273,0,0,0,0,154,0
38274,0,0,0,0,9,0
38275,0,0,0,0,75,0
38276,0,0,0,52,27,0
38277,0,0,0,0,0,0
38278,0,0,0,3,0,0
38279,0,0,0,0,0,0
38280,0,0,0,0,0,0
38281,0,0,0,9,41,0
38282,0,0,0,21,15,0
38283,0,0,0,6,1,0
38284,0,0,0,11,0,0
38285,0,0,0,24,6,0
38286,0,0,0,0,0,0
38287,0,0,0,0,0,0
38288,0,0,0,0,6,0
38289,0,0,0,0,10,0
38290,0,0,0,22,26,0
38291,0,0,0,35,0,0
38292,0,0,0,136,0,0
38293,0,0,0,90,0,0
38294,25,0,0,0,0,0
38295,24,0,0,35,0,0
38296,5,0,0,31,27,0
38297,0,0,0,0,15,0
38298,0,0,0,16,2,0
38299,0,0,0,26,0,0
38300,0,0,0,0,0,0
38301,4,0,0,0,9,0
38302,0,0,0,0,23,0
38303,3,0,0,0,13,0
38304,14,0,0,0,11,0
38305,1,0,0,0,0,0
38306,0,0,0,0,5,0
38307,0,0,0,0,0,0
38308,0,0,0,0,0,0
38309,0,0,1,0,0,0
38310,0,0,0,0,0,0
38311,0,0,0,0,9,0
38312,0,0,0,0,6,0
38313,0,0,0,0,25,0
38314,0,0,0,0,55,0
38315,0,0,0,0,14,0
38316,0,0,0,0,9,0
38317,0,0,0,0,144,0
38318,0,0,0,0,166,0
38319,0,0,0,0,93,0
38320,1,0,0,0,0,0
38321,0,0,2,0,82,0
38322,0,0,0,0,62,0
38323,0,0,0,0,52,0
38324,0,0,0,0,63,0
38325,0,0,0,0,107,0
38326,0,0,0,1,192,0
38327,0,0,0,0,106,0
38328,0,0,0,0,58,0
38329,0,0,0,0,125,0
38330,0,0,0,0,221,0
38331,0,0,0,0,247,0
38332,0,0,0,0,125,0
38333,0,0,0,4,99,0
38334,0,0,0,0,48,0
38335,0,0,0,0,108,0
38336,0,0,0,0,135,0
38337,0,0,0,0,139,0
38338,27,0,0,0,171,0
38339,29,0,0,0,108,0
38340,0,0,0,0,1,0
38341,0,0,0,0,25,0
38342,5,0,0,0,3,0
38343,2,0,0,0,0,0
38344,4,0,0,0,0,0
38345,0,0,0,0,0,0
38346,0,0,0,0,0,0
38347,0,0,0,0,3,0
38348,0,0,0,0,20,0
38349,0,0,0,0,2,0
38350,0,0,0,0,1,0
38351,0,0,0,0,7,0
38352,0,0,0,0,12,0
38353,0,0,0,0,0,0
38354,0,0,0,0,0,0
38355,0,0,0,0,0,1
38356,0,0,0,0,0,0
38357,0,0,0,0,0,0
38358,0,0,12,0,0,0
38359,0,0,0,0,0,0
38360,0,0,0,0,0,0
38361,0,0,0,0,0,0
38362,0,0,0,0,0,0
38363,0,0,0,0,0,0
38364,0,0,3,0,0,0
38365,58,0,5,0,0,0
38366,25,0,0,0,0,0
38367,105,0,0,0,0,0
38368,202,0,7,0,0,0
38369,235,0,0,0,0,0
38370,215,0,0,0,0,0
38371,257,0,6,0,0,0
38372,144,0,3,0,0,0
38373,6,0,0,0,0,0
38374,7,0,3,0,0,0
38375,23,0,11,0,0,0
38376,113,0,0,0,0,0
38377,82,0,0,0,0,0
38378,58,0,2,0,0,0
38379,4,0,0,0,0,0
38380,0,0,0,0,0,0
38381,0,0,0,0,0,0
38382,0,0,0,0,0,0
38383,0,0,0,6,0,0
38384,0,0,0,0,0,0
38385,8,0,2,0,2,0
38386,0,0,0,0,0,0
38387,0,0,1,1,0,0
38388,0,0,0,0,1,0
38389,13,0,0,0,0,0
38390,15,0,0,0,0,0
38391,0,0,0,0,2,0
38392,5,0,0,0,6,0
38393,1,0,0,0,7,0
38394,0,0,0,0,21,0
38395,0,0,0,0,40,0
38396,0,0,0,0,101,0
38397,0,0,0,0,158,0
38398,0,0,0,0,57,0
38399,0,0,0,0,1,0
38400,0,0,0,0,2,0
38401,0,0,0,0,18,0
38402,0,0,0,0,71,0
38403,0,0,0,11,141,0
38404,0,0,0,0,316,0
38405,0,0,0,62,625,17
38406,0,0,0,1,1197,114
38407,0,0,0,19,1803,301
38408,0,0,0,49,2168,387
38409,0,0,1,0,2634,326
38410,0,0,0,1,2994,179
38411,0,0,0,7,3447,64
38412,0,0,0,5,3704,27
38413,0,0,0,4,4033,26
38414,0,0,0,58,4306,15
38415,0,0,0,148,4428,12
38416,0,0,0,4,3956,16
38417,0,0,0,0,3937,21
38418,0,0,0,14,3725,28
38419,0,0,3,24,2909,0
38420,0,0,0,30,2826,0
38421,0,0,7,82,3610,0
38422,0,0,62,74,4432,0
38423,0,0,2,61,4697,0
38424,0,0,2,72,4849,6
38425,0,0,39,19,4585,12
38426,0,0,0,50,4692,26
38427,0,0,0,56,4229,5
38428,0,0,23,60,3086,7
38429,0,0,41,45,1258,0
38430,0,0,0,1,403,0
38431,0,0,7,9,1838,14
38432,0,0,2,0,2097,1
38433,0,0,0,41,1745,0
38434,0,0,12,7,1113,0
38435,0,0,21,4,1879,4
38436,0,0,0,0,2450,5
38437,0,0,2,0,2623,30
38438,0,0,21,0,2528,73
38439,0,0,0,27,2570,97
38440,0,0,0,76,2206,77
38441,0,0,9,12,1815,130
38442,0,0,4,0,1150,97
38443,0,0,0,0,307,34
38444,0,0,0,11,386,3
38445,0,0,4,0,1212,53
38446,0,0,0,29,2248,130
38447,0,0,1,137,3398,156
38448,0,0,22,7,4264,308
38449,0,0,21,40,4827,222
38450,0,0,0,41,5259,93
38451,0,0,2,40,5550,36
38452,0,0,9,128,5276,22
38453,0,0,0,162,4340,8
38454,0,0,1,42,2377,0
38455,0,0,22,5,3404,0
38456,0,0,8,12,4841,0
38457,0,0,0,71,5176,0
38458,0,0,7,108,4830,8
38459,0,0,0,77,4187,39
38460,0,0,0,37,3582,65
38461,0,0,19,13,2672,43
38462,0,0,4,52,2301,69
38463,0,0,0,29,2196,112
38464,0,0,0,17,2513,138
38465,0,0,2,20,1950,231
38466,0,0,0,99,932,86
38467,0,0,8,107,235,1
38468,0,0,9,112,187,0
38469,0,0,0,10,134,0
38470,0,0,0,0,32,0
38471,0,0,13,0,0,0
38472,0,0,1,20,0,0
38473,0,0,3,4,0,0
38474,0,0,15,0,7,1
38475,0,0,4,0,0,0
38476,0,0,0,50,23,0
38477,0,0,0,36,40,0
38478,0,0,21,23,91,0
38479,0,0,1,0,164,0
38480,0,0,0,21,140,0
38481,0,0,5,20,135,0
38482,0,0,9,0,141,0
38483,0,0,0,0,80,0
38484,0,0,1,12,96,0
38485,0,0,8,0,60,0
38486,0,0,0,0,4,0
38487,0,0,0,0,0,0
38488,0,0,17,0,0,0
38489,0,0,2,1,40,0
38490,0,0,0,1,18,0
38491,0,0,13,12,9,0
38492,0,0,3,28,2,0
38493,0,0,0,18,0,0
38494,0,0,8,3,0,0
38495,0,0,1,27,28,0
38496,0,0,0,0,37,0
38497,0,0,0,0,0,0
38498,0,0,24,0,10,0
38499,0,0,0,0,21,0
38500,0,0,0,0,7,0
38501,0,0,5,0,0,0
38502,0,0,1,0,0,0
38503,0,0,0,0,0,0
38504,0,0,0,1,0,0
38505,0,0,9,0,0,0
38506,0,0,0,0,0,0
38507,0,0,0,0,0,0
38508,6,0,3,0,0,0
38509,0,0,2,0,0,0
38510,0,0,0,0,0,0
38511,0,0,11,0,0,0
38512,0,0,0,0,0,0
38513,0,0,0,0,0,0
38514,0,0,9,0,0,0
38515,0,0,8,0,0,0
38516,0,0,0,0,0,0
38517,0,0,7,0,0,0
38518,0,0,3,0,0,0
38519,0,0,0,0,0,0
38520,0,0,0,0,0,0
38521,0,0,4,1,0,0
38522,0,0,0,0,23,0
38523,0,0,0,0,34,0
38524,0,0,0,0,9,0
38525,0,0,0,0,0,0
38526,0,0,0,0,0,0
38527,0,0,0,0,0,0
38528,0,0,2,0,0,0
38529,0,0,0,0,0,0
38530,0,0,0,0,0,0
38531,0,0,0,0,0,0
38532,0,0,10,0,0,0
38533,4,0,0,0,0,0
38534,37,0,0,0,0,0
38535,89,0,0,0,0,0
38536,17,0,0,0,0,0
38537,8,0,0,0,0,0
38538,15,0,0,0,0,0
38539,14,0,1,11,0,0
38540,10,0,0,0,0,0
38541,12,0,0,0,0,0
38542,0,0,0,0,0,0
38543,0,0,0,0,0,0
38544,0,0,0,0,0,0
38545,0,0,0,0,0,0
38546,0,0,0,0,0,0
38547,0,0,0,0,0,0
38548,0,0,0,0,0,0
38549,0,0,0,44,5,0
38550,0,0,0,32,0,0
38551,0,0,0,5,0,0
38552,0,0,0,0,0,0
38553,0,0,0,0,0,0
38554,0,0,0,0,0,0
38555,0,0,3,0,9,0
38556,0,0,0,0,248,0
38557,0,0,0,0,418,0
38558,0,0,0,7,763,5
38559,0,0,0,0,654,6
38560,0,0,0,0,403,0
38561,0,0,0,0,284,0
38562,0,0,0,0,301,0
38563,0,0,0,0,24,0
38564,0,0,0,0,391,0
38565,0,0,0,0,583,12
38566,0,0,0,1,1138,20
38567,0,0,0,0,1529,13
38568,0,0,0,0,2061,9
38569,1,0,0,0,2446,3
38570,0,0,0,0,2394,25
38571,0,0,0,28,2201,23
38572,0,0,0,101,2163,9
38573,0,0,0,82,1999,2
38574,0,0,0,55,1981,0
38575,0,0,0,78,2045,2
38576,0,0,0,76,2274,5
38577,1,0,10,44,2377,7
38578,0,0,0,0,2146,1
38579,0,0,0,7,1674,0
38580,0,0,0,0,755,0
38581,0,0,0,0,1278,0
38582,0,0,0,0,2100,5
38583,0,0,9,0,2989,3
38584,0,0,0,0,3534,50
38585,0,0,0,30,3816,8
38586,0,0,0,84,3918,23
38587,0,0,0,2,3741,14
38588,0,0,0,45,3214,100
38589,0,0,0,15,2687,101
38590,0,0,0,122,2058,28
38591,0,0,0,153,807,20
38592,0,0,0,0,204,47
38593,0,0,0,0,72,0
38594,0,0,0,0,171,0
38595,0,0,0,55,194,0
38596,0,0,0,83,115,6
38597,0,0,0,43,100,0
38598,0,0,0,6,10,0
38599,0,0,0,5,0,0
38600,0,0,0,0,0,0
38601,0,0,0,0,0,0
38602,0,0,0,6,0,0
38603,0,0,0,25,0,0
38604,0,0,0,36,0,0
38605,0,0,0,2,0,0
38606,0,0,0,0,95,0
38607,0,0,0,0,709,2
38608,0,0,0,0,1747,31
38609,0,0,0,47,2755,122
38610,0,0,0,10,3442,112
38611,0,0,0,29,3723,31
38612,0,0,0,8,3968,17
38613,0,0,0,9,3903,20
38614,0,0,0,8,3484,13
38615,0,0,0,10,3272,0
38616,0,0,0,0,2717,0
38617,0,0,0,0,1867,0
38618,0,0,0,0,1676,0
38619,0,0,0,0,1834,0
38620,0,0,0,0,2222,0
38621,0,0,0,0,2533,0
38622,0,0,0,0,2936,2
38623,0,0,0,6,2760,154
38624,0,0,0,39,1572,219
38625,0,0,0,23,3495,255
38626,0,0,0,8,4054,123
38627,0,0,0,0,3824,49
38628,0,0,0,7,3152,0
38629,0,0,0,59,2250,0
38630,0,0,0,31,1503,0
38631,0,0,0,10,300,10
38632,0,0,0,0,1323,0
38633,0,0,0,0,2207,0
38634,0,0,0,0,2716,0
38635,0,0,0,41,3404,0
38636,0,0,0,32,3800,0
38637,0,0,0,3,3826,54
38638,0,0,0,1,3417,165
38639,0,0,0,32,2367,259
38640,0,0,0,39,1120,159
38641,0,0,0,51,9,2
38642,0,0,0,66,327,70
38643,0,0,0,0,634,66
38644,0,0,0,0,618,56
38645,0,0,0,0,915,95
38646,0,0,0,1,1358,173
38647,0,0,0,0,2135,156
38648,0,0,0,0,2823,97
38649,0,0,0,0,3252,36
38650,0,0,0,0,3312,0
38651,0,0,0,5,3073,0
38652,0,0,2,4,2498,0
38653,0,0,0,17,1953,0
38654,0,0,23,1,1385,2
38655,0,0,0,0,876,0
38656,0,0,44,31,323,15
38657,0,0,7,58,119,0
38658,0,0,0,3,71,2
38659,0,0,11,0,395,0
38660,0,0,0,0,830,0
38661,0,0,0,0,1119,0
38662,0,0,6,0,1536,0
38663,0,0,13,24,1950,2
38664,0,0,3,3,1513,0
38665,0,0,2,2,1810,0
38666,2,0,0,51,2028,0
38667,0,0,0,0,1989,0
38668,0,0,0,21,2070,0
38669,0,0,4,10,1832,0
38670,0,0,2,13,1622,0
38671,0,0,0,1,1791,0
38672,0,0,0,3,2183,0
38673,0,0,0,1,2694,0
38674,0,0,0,0,3362,0
38675,0,0,0,0,3614,0
38676,0,0,0,16,3503,0
38677,0,0,7,53,3186,0
38678,0,0,1,11,1913,0
38679,0,0,0,1,909,0
38680,0,0,0,0,2091,0
38681,0,0,0,0,2690,0
38682,0,0,0,0,2853,0
38683,0,0,0,0,2785,0
38684,0,0,0,0,2505,0
38685,0,0,0,0,2236,0
38686,0,0,0,0,2048,0
38687,0,0,0,0,1850,0
38688,0,0,0,0,1769,0
38689,0,0,0,0,1636,0
38690,0,0,0,6,1624,0
38691,0,0,0,12,1401,0
38692,0,0,0,1,933,0
38693,0,0,0,4,387,0
38694,0,0,0,22,713,1
38695,0,0,0,10,1759,32
38696,6,0,0,0,2892,90
38697,18,0,0,0,3302,175
38698,1,0,0,0,3541,166
38699,17,0,0,0,3564,48
38700,3,0,0,0,3526,2
38701,0,0,0,2,3766,0
38702,0,0,0,2,4106,0
38703,0,0,0,0,4096,0
38704,0,0,7,10,3959,0
38705,0,0,5,87,4353,0
38706,0,0,28,6,3851,4
38707,0,0,0,7,3190,33
38708,0,0,0,34,3449,110
38709,0,0,0,14,4121,83
38710,0,0,0,0,4484,45
38711,0,0,1,27,4927,4
38712,0,0,5,10,4970,4
38713,0,0,0,19,5490,6
38714,0,0,0,4,6564,25
38715,0,0,0,59,6736,0
38716,0,0,0,25,5817,0
38717,0,0,0,46,3869,0
38718,0,0,14,45,1456,7
38719,0,0,0,59,1493,6
38720,0,0,0,75,2204,0
38721,0,0,8,61,2646,0
38722,0,0,0,31,2825,0
38723,0,0,0,29,2840,0
38724,0,0,0,47,2679,0
38725,0,0,0,14,2709,0
38726,0,0,3,12,2759,0
38727,0,0,12,0,3011,0
38728,0,0,5,0,3020,0
38729,0,0,0,9,2739,0
38730,0,0,0,15,2010,0
38731,0,0,3,29,1589,0
38732,0,0,4,1,2104,0
38733,0,0,3,1,2606,2
38734,0,0,7,10,3078,0
38735,0,0,0,59,3243,0
38736,0,0,0,126,3060,0
38737,0,0,0,43,3018,0
38738,0,0,1,60,2973,0
38739,0,0,0,5,3151,0
38740,0,0,0,1,3462,0
38741,0,0,3,13,2866,0
38742,0,0,2,19,2128,0
38743,0,0,0,190,1427,0
38744,0,0,0,428,1180,0
38745,0,0,0,550,1149,0
38746,0,0,2,473,1698,0
38747,0,0,23,113,2530,0
38748,0,0,24,32,3516,0
38749,0,0,0,7,3901,0
38750,0,0,0,67,4599,5
38751,0,0,0,9,5210,15
38752,0,0,0,48,5381,193
38753,0,0,7,21,4256,483
38754,0,0,102,7,2056,183
38755,0,0,26,2,1076,144
38756,0,0,0,0,768,105
38757,0,0,0,41,736,27
38758,0,0,0,18,978,118
38759,0,0,0,4,716,21
38760,0,0,42,6,510,12
38761,0,0,53,15,116,11
38762,0,0,3,20,72,1
38763,0,0,0,36,431,2
38764,0,0,0,72,906,7
38765,0,0,0,135,2348,418
38766,0,0,4,150,4049,419
38767,0,0,31,231,5173,262
38768,0,0,6,364,5514,131
38769,0,0,0,459,5403,285
38770,0,0,0,454,4673,405
38771,0,0,0,519,4093,401
38772,0,0,0,506,2945,338
38773,0,0,98,571,2718,181
38774,0,0,123,227,2269,18
38775,0,0,0,180,2849,7
38776,0,0,0,79,3477,0
38777,0,0,0,15,4394,0
38778,0,0,0,3,5524,0
38779,0,0,0,77,6439,109
38780,0,0,0,243,6672,401
38781,0,0,2,353,6203,571
38782,0,0,0,305,5028,514
38783,0,0,0,303,5422,519
38784,0,0,0,363,5636,489
38785,0,0,0,412,5493,385
38786,0,0,0,307,4791,175
38787,0,0,0,158,3558,19
38788,0,0,0,139,2434,0
38789,0,0,0,84,1514,26
38790,0,0,0,92,1473,13
38791,0,0,0,102,2481,32
38792,0,0,0,89,3125,1
38793,0,0,0,203,3372,0
38794,0,0,0,264,3400,0
38795,0,0,0,305,3018,8
38796,0,0,0,349,3401,80
38797,0,0,0,451,5038,222
38798,0,0,0,374,6518,346
38799,0,0,0,229,7329,359
38800,0,0,0,174,7244,253
38801,0,0,0,76,5257,158
38802,0,0,0,81,2231,91
38803,0,0,0,68,935,3
38804,0,0,0,0,434,0
38805,0,0,0,0,589,1
38806,0,0,0,9,1938,12
38807,0,0,0,0,1806,0
38808,0,0,0,0,1011,0
38809,0,0,0,19,512,14
38810,0,0,0,5,289,31
38811,0,0,0,0,33,0
38812,0,0,0,0,0,0
38813,0,0,0,0,3,0
38814,0,0,0,0,0,0
38815,0,0,0,0,0,0
38816,0,0,0,0,0,0
38817,0,0,0,0,0,0
38818,0,0,0,0,0,0
38819,0,0,0,0,0,0
38820,0,0,0,0,59,0
38821,48,0,0,0,1229,1
38822,16,0,0,6,2126,19
38823,2,0,0,21,2967,290
38824,12,0,0,54,3435,408
38825,8,0,0,135,3656,322
38826,0,0,0,77,3429,145
38827,0,0,0,64,2848,62
38828,0,0,0,306,3273,0
38829,0,0,0,222,4119,10
38830,0,0,0,145,4727,163
38831,0,0,0,131,5655,324
38832,0,0,0,135,6281,202
38833,0,0,0,104,6743,158
38834,0,0,0,95,6751,410
38835,0,0,0,142,6375,434
38836,0,0,0,122,5923,469
38837,0,0,0,119,4783,453
38838,0,0,0,87,3559,271
38839,0,0,0,62,3912,75
38840,0,0,0,35,4738,25
38841,0,0,0,34,5665,0
38842,0,0,0,45,6008,0
38843,0,0,0,108,5473,33
38844,0,0,0,169,4289,154
38845,0,0,0,12,2744,143
38846,0,0,0,50,1861,45
38847,0,0,0,128,1500,0
38848,0,0,0,113,1772,0
38849,0,0,0,133,2251,0
38850,0,0,0,167,2942,0
38851,0,0,0,164,2744,15
38852,0,0,0,127,2079,25
38853,0,0,0,130,1311,42
38854,0,0,0,96,507,0
38855,0,0,0,11,250,0
38856,0,0,0,0,264,0
38857,0,0,0,0,368,0
38858,0,0,0,0,330,0
38859,0,0,0,0,175,0
38860,0,0,0,0,40,0
38861,0,0,0,4,41,0
38862,0,0,0,0,36,0
38863,0,0,0,0,60,0
38864,0,0,0,0,25,0
38865,0,0,0,0,12,0
38866,0,0,0,1,6,0
38867,0,0,0,0,3,0
38868,0,0,0,0,0,0
38869,0,0,0,0,0,0
38870,0,0,0,0,30,0
38871,0,0,0,0,2,0
38872,0,0,0,0,11,0
38873,0,0,0,0,0,0
38874,0,0,0,1,0,0
38875,0,0,0,0,0,0
38876,0,0,0,0,0,0
38877,0,0,0,0,0,0
38878,0,0,0,4,0,0
38879,0,0,0,38,0,0
38880,0,0,0,2,0,0
38881,0,0,0,11,0,0
38882,0,0,0,0,0,0
38883,0,0,0,4,4,0
38884,0,0,0,1,7,0
38885,0,0,0,0,6,0
38886,0,0,0,0,0,0
38887,0,0,0,0,0,0
38888,0,0,0,0,8,0
38889,0,0,0,0,6,0
38890,0,0,0,0,12,0
38891,0,0,0,0,0,0
38892,0,0,0,0,30,0
38893,0,0,0,0,17,0
38894,0,0,0,0,0,0
38895,0,0,0,0,4,0
38896,0,0,0,0,10,0
38897,0,0,0,0,0,0
38898,0,0,0,0,0,0
38899,0,0,0,0,0,0
38900,0,0,0,0,0,0
38901,0,0,0,0,0,0
38902,0,0,0,0,0,0
38903,0,0,0,0,0,0
38904,0,0,0,0,8,0
38905,0,0,0,0,0,0
38906,13,0,0,0,17,0
38907,0,0,0,0,7,0
38908,0,0,0,0,4,0
38909,0,0,0,0,0,0
38910,0,0,0,0,0,0
38911,3,0,0,0,0,0
38912,21,0,0,0,3,0
38913,10,0,0,0,0,0
38914,7,0,0,0,14,0
38915,21,0,0,6,13,0
38916,3,0,0,2,0,0
38917,18,0,0,0,0,0
38918,52,0,0,0,0,0
38919,15,0,0,0,0,0
38920,16,0,0,0,0,0
38921,7,0,0,0,0,0
38922,0,0,0,0,0,0
38923,3,0,0,0,0,0
38924,2,0,0,0,0,0
38925,0,0,0,0,0,0
38926,0,0,0,0,1,0
38927,0,0,0,0,0,0
38928,0,0,0,0,0,0
38929,0,0,0,0,0,0
38930,0,0,0,0,0,0
38931,0,0,0,0,0,0
38932,0,0,0,0,0,0
38933,0,0,0,0,4,0
38934,0,0,0,0,2,0
38935,0,0,0,0,0,0
38936,6,0,0,0,0,0
38937,0,0,0,0,0,0
38938,0,0,0,0,0,0
38939,0,0,0,0,0,0
38940,0,0,0,0,0,0
38941,0,0,0,0,0,0
38942,0,0,0,0,0,0
38943,0,0,0,0,0,0
38944,0,0,0,0,0,0
38945,0,0,0,0,0,0
38946,0,0,0,0,0,0
38947,0,0,0,0,0,0
38948,12,0,0,0,0,0
38949,8,0,0,0,0,0
38950,0,0,0,0,0,0
38951,0,0,0,0,0,0
38952,4,0,0,0,0,0
38953,92,0,0,0,0,0
38954,239,0,0,0,0,0
38955,192,0,0,0,0,0
38956,136,0,0,2,0,0
38957,111,0,0,0,0,0
38958,211,0,0,8,0,0
38959,338,0,0,0,0,0
38960,387,0,0,0,7,0
38961,484,0,0,0,0,0
38962,775,0,0,0,0,0
38963,365,16,0,0,19,0
38964,599,1,0,0,5,0
38965,710,0,0,0,172,0
38966,1267,0,0,0,266,0
38967,1188,0,0,0,157,0
38968,469,0,0,0,79,0
38969,637,0,0,0,0,0
38970,879,0,0,0,40,0
38971,839,0,0,0,0,0
38972,723,0,0,0,0,0
38973,204,0,0,0,0,0
38974,368,0,0,0,0,0
38975,867,0,0,0,0,0
38976,933,0,0,0,14,0
38977,459,0,0,0,83,0
38978,510,0,0,0,72,0
38979,708,0,2,0,41,0
38980,860,0,0,0,47,0
38981,607,0,0,0,45,0
38982,469,0,2,0,16,0
38983,498,0,3,0,0,0
38984,584,0,0,0,0,0
38985,617,0,3,0,0,0
38986,409,0,0,0,3,0
38987,197,0,0,0,0,0
38988,540,0,0,0,2,0
38989,654,0,6,0,0,0
38990,253,0,0,0,22,0
38991,139,0,0,0,0,0
38992,408,0,0,0,0,0
38993,518,0,0,0,39,0
38994,241,0,0,0,6,0
38995,145,0,2,0,0,0
38996,441,0,0,0,0,0
38997,409,0,0,0,0,0
38998,18,0,0,0,0,0
38999,136,0,0,0,0,0
39000,338,0,0,0,0,0
39001,254,0,0,0,2,0
39002,0,0,3,0,0,0
39003,278,0,0,0,0,0
39004,285,0,0,0,0,0
39005,54,0,0,0,0,0
39006,12,0,0,0,0,1
39007,186,0,0,0,0,0
39008,168,0,2,0,0,0
39009,85,0,4,0,0,0
39010,282,0,6,1,0,0
39011,292,0,0,0,0,0
39012,171,0,0,0,0,0
39013,0,0,0,0,0,0
39014,32,0,0,0,0,0
39015,117,0,0,0,0,0
39016,154,0,0,0,0,0
39017,197,0,0,0,0,0
39018,391,0,0,0,0,0
39019,425,0,0,0,3,0
39020,293,0,0,0,42,0
39021,100,0,0,0,108,0
39022,109,0,0,8,0,0
39023,267,0,0,0,2,0
39024,230,0,0,0,61,0
39025,140,0,0,4,105,0
39026,0,0,0,0,280,0
39027,128,0,0,8,334,0
39028,131,0,0,0,298,0
39029,22,0,0,0,131,0
39030,7,0,0,0,33,0
39031,93,0,0,0,224,0
39032,34,0,0,0,1039,0
39033,4,0,0,0,1580,0
39034,86,0,0,0,2176,0
39035,63,0,0,0,2461,0
39036,0,0,0,0,2499,0
39037,0,0,0,0,2238,0
39038,15,0,0,3,1834,0
39039,0,0,0,0,1049,0
39040,34,0,0,3,1046,0
39041,45,0,0,0,1075,0
39042,72,0,0,0,968,0
39043,3,0,0,0,1423,0
39044,1,0,0,0,2291,0
39045,48,0,0,16,3241,13
39046,76,0,0,62,3851,92
39047,0,0,0,69,3850,181
39048,1,0,0,69,3582,165
39049,80,0,0,39,2730,153
39050,102,0,0,53,2204,123
39051,7,0,0,65,1268,35
39052,0,0,0,40,2034,0
39053,95,0,0,15,2970,0
39054,95,0,0,31,3888,0
39055,31,0,0,141,4345,1
39056,2,0,0,309,4305,14
39057,38,0,0,128,3726,19
39058,159,0,0,81,2750,6
39059,69,0,0,70,2216,0
39060,0,0,0,57,1809,0
39061,23,0,0,24,1361,0
39062,120,0,0,9,1284,0
39063,21,0,0,0,1445,0
39064,0,0,0,0,1492,0
39065,0,0,0,1,1897,0
39066,0,0,0,0,2087,0
39067,0,0,0,0,2053,0
39068,0,0,0,6,1809,4
39069,0,0,0,2,1145,0
39070,0,0,0,44,658,4
39071,0,0,0,199,389,1
39072,0,0,0,118,454,141
39073,0,0,0,206,1013,331
39074,0,0,0,191,1082,381
39075,0,0,0,101,717,335
39076,0,0,0,48,205,141
39077,0,0,0,0,17,6
39078,0,0,0,0,38,0
39079,0,0,0,0,74,16
39080,0,0,0,0,155,16
39081,0,0,0,1,204,12
39082,0,0,0,11,0,0
39083,0,0,0,4,15,0
39084,0,0,0,16,16,1
39085,0,0,0,0,64,0
39086,0,0,0,1,160,0
39087,0,0,0,4,263,0
39088,0,0,0,18,354,0
39089,0,0,0,89,357,74
39090,0,0,0,84,347,53
39091,0,0,0,97,490,22
39092,0,0,0,164,426,20
39093,0,0,0,198,474,29
39094,0,0,0,251,513,48
39095,0,0,0,225,667,96
39096,0,0,0,270,603,113
39097,0,0,0,425,1500,208
39098,0,0,0,363,651,296
39099,0,0,0,341,573,244
39100,0,0,0,164,630,99
39101,0,0,0,132,645,79
39102,0,0,0,38,618,13
39103,0,0,0,5,639,2
39104,0,0,0,2,699,6
39105,0,0,0,11,624,3
39106,0,0,0,143,381,33
39107,0,0,0,155,258,133
39108,0,0,0,134,195,37
39109,0,0,0,135,210,2
39110,0,0,0,172,415,16
39111,0,0,0,174,789,86
39112,0,0,0,185,1110,409
39113,0,0,0,211,1238,407
39114,0,0,0,155,1145,63
39115,0,0,0,128,1363,43
39116,0,0,0,99,788,36
39117,0,0,0,48,519,12
39118,0,0,0,91,1287,150
39119,0,0,0,118,2059,216
39120,0,0,0,156,2307,307
39121,0,0,0,45,1678,233
39122,0,0,0,15,984,261
39123,0,0,0,2,796,142
39124,0,0,0,20,415,37
39125,0,0,0,75,318,28
39126,0,0,0,37,375,69
39127,0,0,0,76,321,50
39128,0,0,0,129,239,2
39129,0,0,0,89,156,0
39130,0,0,0,123,99,0
39131,0,0,0,149,72,0
39132,0,0,0,124,93,0
39133,0,0,0,141,62,0
39134,0,0,0,128,151,8
39135,0,0,0,220,426,16
39136,0,0,0,227,547,12
39137,0,0,2,246,639,15
39138,0,0,0,302,692,6
39139,0,0,0,432,844,17
39140,0,0,0,393,835,12
39141,0,0,0,419,702,41
39142,0,0,0,362,561,23
39143,0,0,0,330,514,10
39144,7,2,0,238,483,13
39145,0,0,0,191,680,39
39146,11,0,0,133,741,16
39147,16,0,0,49,739,1
39148,2,0,0,25,665,23
39149,12,0,0,6,479,19
39150,22,0,0,32,623,0
39151,12,0,0,46,534,4
39152,136,2,0,21,325,5
39153,267,8,0,20,267,5
39154,365,33,0,6,217,7
39155,458,38,0,4,197,1
39156,479,40,0,0,234,0
39157,471,11,0,0,185,0
39158,331,1,0,1,80,0
39159,79,0,0,0,9,0
39160,12,0,0,46,0,0
39161,0,0,0,123,0,0
39162,0,0,0,322,2,0
39163,1,0,0,517,2,0
39164,6,0,0,689,13,0
39165,9,0,0,857,63,0
39166,15,0,0,900,55,0
39167,0,0,0,620,13,9
39168,0,0,0,366,13,11
39169,0,0,0,239,30,14
39170,0,0,0,153,60,9
39171,0,0,0,130,42,13
39172,0,0,0,160,83,17
39173,0,0,0,157,107,4
39174,0,0,0,114,49,0
39175,0,0,0,95,168,2
39176,0,0,0,86,74,0
39177,0,0,0,30,0,0
39178,0,0,0,2,0,0
39179,0,0,0,2,0,0
39180,0,0,0,10,0,0
39181,0,0,0,43,33,0
39182,0,0,0,19,128,0
39183,0,0,0,19,80,0
39184,0,0,0,15,18,0
39185,0,0,0,24,79,0
39186,0,0,0,1,91,0
39187,0,0,0,0,96,0
39188,0,0,0,0,50,0
39189,0,0,0,0,18,0
39190,0,0,0,0,24,0
39191,0,0,0,0,6,0
39192,0,0,0,19,0,0
39193,0,0,0,35,0,0
39194,0,0,0,20,0,0
39195,0,0,0,0,0,0
39196,0,0,0,1,8,0
39197,0,0,0,3,53,0
39198,0,0,0,13,1,0
39199,0,0,0,0,0,0
39200,0,0,0,33,4,0
39201,2,0,0,0,16,0
39202,0,0,0,8,17,0
39203,0,0,0,8,4,0
39204,0,0,0,0,15,0
39205,0,0,0,0,108,0
39206,0,0,0,0,79,0
39207,0,0,0,0,54,0
39208,0,0,0,24,0,0
39209,0,0,0,45,0,0
39210,0,0,0,25,1,0
39211,0,0,0,23,3,0
39212,0,0,0,0,15,0
39213,0,0,0,0,34,4
39214,0,0,0,0,21,0
39215,0,0,0,0,17,0
39216,0,0,0,0,54,8
39217,0,0,0,0,103,13
39218,0,0,5,0,50,4
39219,0,0,0,2,13,0
39220,0,0,0,2,223,0
39221,1,0,0,0,38,0
39222,0,0,4,0,2,0
39223,2,0,0,0,92,2
39224,0,0,0,0,151,10
39225,0,0,3,0,213,9
39226,0,0,5,0,272,54
39227,0,0,0,0,333,84
39228,0,0,0,3,235,11
39229,0,0,1,3,138,0
39230,0,0,0,0,101,0
39231,0,0,0,0,10,0
39232,0,0,2,0,1,0
39233,0,0,0,0,69,0
39234,0,0,0,0,167,0
39235,0,0,0,0,26,0
39236,0,0,0,0,0,0
39237,0,0,0,0,0,0
39238,0,0,0,0,0,0
39239,0,0,0,0,0,0
39240,0,0,0,0,48,0
39241,2,0,0,0,142,0
39242,41,0,0,0,120,0
39243,52,0,0,0,56,0
39244,19,0,0,0,65,0
39245,7,0,0,0,115,0
39246,0,0,0,0,6,0
39247,0,0,0,0,22,0
39248,0,0,0,0,2,0
39249,0,0,0,0,2,0
39250,21,0,0,0,0,0
39251,9,0,0,0,95,1
39252,0,0,0,0,96,0
39253,0,0,0,0,3,0
39254,0,0,0,0,106,0
39255,23,0,0,0,111,0
39256,27,0,0,1,28,0
39257,12,0,0,0,0,0
39258,9,0,0,0,0,0
39259,0,0,0,0,0,0
39260,0,0,0,0,6,0
39261,0,0,0,0,2,0
39262,0,0,0,0,0,0
39263,0,0,0,0,0,0
39264,0,0,0,0,12,0
39265,0,0,0,0,50,0
39266,0,0,0,0,40,0
39267,0,0,2,0,65,0
39268,0,0,0,0,70,0
39269,0,0,0,0,135,0
39270,0,0,0,0,60,0
39271,0,0,0,0,5,0
39272,0,0,0,2,0,0
39273,0,0,0,0,0,0
39274,0,0,0,0,0,0
39275,0,0,0,0,0,0
39276,0,0,0,0,0,0
39277,0,0,0,0,0,0
39278,0,0,0,0,4,0
39279,0,0,0,0,0,0
39280,19,0,0,0,3,0
39281,44,0,0,2,0,0
39282,18,0,0,0,0,0
39283,0,0,0,0,0,0
39284,20,0,0,0,0,0
39285,21,0,0,0,0,0
39286,21,0,0,0,0,0
39287,6,0,0,0,0,0
39288,0,0,0,0,0,0
39289,0,0,0,0,0,0
39290,0,0,0,0,0,0
39291,0,0,0,0,0,0
39292,0,0,0,0,60,0
39293,0,0,0,0,0,0
39294,4,0,0,0,0,0
39295,28,0,0,2,68,0
39296,19,0,0,0,157,0
39297,0,0,0,0,119,0
39298,0,0,0,0,8,0
39299,0,0,0,0,0,0
39300,6,0,0,0,0,0
39301,25,0,0,0,0,0
39302,12,0,0,0,0,0
39303,0,0,0,0,0,0
39304,0,0,0,0,0,0
39305,0,0,0,0,0,0
39306,0,0,0,0,0,0
39307,2,0,0,0,0,0
39308,3,0,0,0,0,0
39309,2,0,0,0,0,0
39310,0,0,0,0,0,0
39311,0,0,0,0,0,0
39312,0,0,0,0,27,0
39313,0,0,0,0,137,0
39314,0,0,0,0,152,0
39315,0,0,0,0,114,0
39316,0,0,0,0,90,1
39317,52,0,0,0,6,0
39318,165,0,0,0,2,0
39319,286,0,0,1,0,0
39320,210,0,0,1,0,0
39321,126,0,0,0,0,0
39322,0,0,0,0,27,0
39323,0,0,0,0,32,0
39324,0,0,0,0,25,0
39325,0,0,0,0,0,0
39326,0,0,0,0,0,0
39327,0,0,0,0,0,0
39328,0,0,0,0,0,0
39329,0,0,0,0,0,0
39330,0,0,0,0,0,0
39331,0,0,0,0,5,0
39332,0,0,0,0,4,0
39333,0,0,0,0,7,0
39334,0,0,0,0,185,0
39335,5,0,0,0,168,0
39336,45,0,0,0,101,0
39337,0,0,0,0,58,0
39338,0,0,0,0,193,0
39339,0,0,0,0,225,11
39340,0,0,0,0,18,0
39341,0,0,0,0,0,0
39342,13,0,0,0,5,0
39343,9,0,0,0,0,0
39344,3,0,0,0,36,0
39345,0,0,0,0,12,0
39346,0,0,0,0,0,0
39347,0,0,0,0,0,0
39348,0,0,0,0,0,0
39349,0,0,0,0,0,0
39350,0,0,1,0,14,0
39351,0,0,0,0,3,0
39352,0,0,0,0,15,0
39353,0,0,0,0,0,0
39354,0,0,3,0,1,0
39355,0,0,0,0,2,0
39356,0,0,0,0,1,0
39357,0,0,1,0,0,0
39358,0,0,0,0,0,0
39359,0,0,0,0,0,0
39360,0,0,0,0,0,0
39361,0,0,0,0,5,0
39362,0,0,0,0,0,0
39363,0,0,0,0,14,0
39364,0,0,0,0,6,0
39365,0,0,0,0,3,0
39366,0,0,0,0,17,0
39367,0,0,0,0,0,0
39368,0,0,0,0,4,0
39369,0,0,0,0,0,0
39370,0,0,0,0,0,0
39371,0,0,0,0,0,0
39372,0,0,0,0,0,0
39373,0,0,0,0,0,0
39374,0,0,0,0,1,0
39375,0,0,0,0,0,0
39376,0,0,0,0,9,0
39377,0,0,0,0,0,0
39378,0,0,0,0,0,0
39379,0,0,0,0,0,0
39380,0,0,0,0,0,0
39381,0,0,0,0,0,0
39382,0,0,0,0,0,0
39383,0,0,0,0,0,0
39384,0,0,0,0,0,0
39385,0,0,0,0,0,0
39386,0,0,0,3,0,0
39387,0,0,0,0,0,0
39388,0,0,0,0,0,0
39389,0,0,0,0,0,0
39390,0,0,0,0,11,0
39391,0,0,0,0,19,0
39392,0,0,0,0,0,0
39393,0,0,0,0,20,0
39394,0,0,0,0,28,0
39395,0,0,0,0,0,0
39396,0,0,0,0,0,0
39397,0,0,0,0,0,0
39398,0,0,0,0,0,0
39399,0,0,0,0,0,0
39400,0,0,0,0,0,0
39401,0,0,0,0,0,0
39402,0,0,0,0,0,0
39403,0,0,0,13,0,0
39404,0,0,0,0,0,0
39405,0,0,0,0,0,0
39406,0,0,0,0,0,0
39407,0,0,0,0,0,0
39408,0,0,0,0,0,0
39409,0,0,0,0,0,0
39410,0,0,0,0,0,0
39411,0,0,0,0,0,0
39412,0,0,0,0,18,0
39413,0,0,0,0,60,0
39414,0,0,0,0,69,0
39415,0,0,0,0,48,0
39416,0,0,0,0,39,0
39417,0,0,0,0,44,0
39418,8,0,0,0,13,0
39419,0,0,0,0,11,0
39420,21,0,0,0,9,0
39421,95,0,0,0,0,0
39422,154,0,0,0,0,0
39423,16,0,0,0,0,0
39424,124,7,2,0,0,1
39425,222,40,0,0,0,0
39426,72,0,0,0,0,0
39427,67,0,0,0,0,0
39428,290,8,0,0,0,0
39429,204,1,0,0,0,0
39430,102,0,0,0,0,0
39431,0,0,0,0,0,0
39432,6,0,0,0,0,0
39433,5,0,0,0,0,0
39434,33,0,0,0,0,0
39435,20,0,0,0,0,0
39436,0,0,0,0,0,0
39437,0,0,0,0,0,0
39438,0,0,0,0,0,0
39439,1,0,6,0,0,0
39440,11,0,0,0,0,0
39441,14,0,0,0,0,0
39442,0,0,0,0,0,0
39443,0,0,0,0,0,0
39444,4,0,0,1,0,0
39445,21,0,2,0,0,0
39446,5,0,0,0,0,0
39447,0,0,0,0,0,0
39448,0,0,0,0,0,0
39449,0,0,0,0,0,0
39450,4,0,0,0,8,0
39451,3,0,0,0,0,0
39452,0,0,0,0,0,0
39453,0,0,0,0,0,0
39454,9,0,0,0,0,0
39455,6,0,0,0,0,0
39456,0,0,0,0,0,0
39457,0,0,0,0,0,0
39458,0,0,0,0,0,0
39459,0,0,0,0,0,0
39460,0,0,0,0,0,0
39461,0,0,0,0,0,0
39462,2,0,0,0,0,0
39463,0,0,0,0,0,0
39464,0,0,0,0,0,0
39465,17,0,0,0,0,0
39466,31,0,0,0,0,0
39467,18,0,0,0,0,0
39468,0,0,0,0,0,0
39469,15,0,0,1,0,0
39470,15,0,0,0,0,0
39471,27,0,0,0,0,0
39472,11,0,0,0,0,0
39473,8,0,0,0,0,0
39474,0,0,0,0,0,0
39475,0,0,0,0,0,0
39476,8,0,0,0,0,0
39477,16,0,0,0,32,0
39478,0,0,0,0,158,0
39479,13,0,0,0,158,0
39480,17,0,0,0,31,0
39481,10,0,0,0,89,0
39482,3,0,0,0,120,0
39483,135,0,0,0,11,0
39484,333,0,0,0,61,0
39485,452,0,0,0,85,0
39486,420,0,0,0,79,0
39487,361,0,0,0,184,0
39488,198,0,0,0,80,0
39489,9,0,0,0,17,0
39490,61,0,0,0,44,0
39491,200,0,0,0,16,0
39492,129,0,0,0,1,0
39493,0,0,2,0,18,0
39494,4,0,0,0,2,0
39495,7,0,0,0,0,0
39496,0,0,0,0,13,0
39497,5,0,2,0,1,0
39498,0,0,0,0,0,0
39499,1,0,0,0,0,0
39500,0,0,1,0,13,0
39501,0,0,0,0,0,0
39502,0,0,2,0,2,0
39503,0,0,16,0,3,0
39504,0,0,0,0,0,0
39505,0,0,3,0,9,0
39506,0,0,28,0,0,0
39507,0,0,0,0,9,0
39508,0,0,0,0,22,0
39509,3,0,28,0,0,0
39510,21,0,8,0,0,0
39511,0,0,0,0,50,0
39512,0,0,52,0,0,0
39513,0,0,25,6,0,0
39514,16,0,0,0,0,0
39515,18,0,3,0,0,0
39516,9,0,1,0,27,0
39517,0,0,0,0,133,0
39518,4,0,8,0,161,0
39519,0,0,27,0,119,0
39520,1,0,2,0,58,0
39521,1,0,2,0,29,0
39522,0,0,14,0,0,0
39523,0,0,4,0,0,0
39524,0,0,0,0,0,0
39525,0,0,2,0,0,0
39526,0,0,2,0,0,0
39527,0,0,0,0,0,0
39528,0,0,0,0,0,0
39529,0,0,0,0,0,0
39530,0,0,0,0,0,0
39531,0,0,0,0,0,0
39532,0,0,0,0,0,0
39533,0,0,0,0,18,0
39534,0,0,0,0,2,0
39535,0,0,0,0,0,0
39536,0,0,0,0,0,0
39537,0,0,0,0,0,0
39538,0,0,0,0,0,0
39539,0,0,0,0,0,0
39540,0,0,0,0,0,0
39541,0,0,0,0,13,0
39542,0,0,0,0,31,0
39543,0,0,0,0,3,0
39544,0,0,0,0,0,0
39545,0,0,0,0,0,0
39546,0,0,0,0,0,0
39547,0,0,0,0,0,0
39548,0,0,0,0,0,0
39549,0,0,0,0,0,0
39550,0,0,0,0,0,0
39551,0,0,0,0,0,0
39552,0,0,0,0,0,0
39553,0,0,0,0,0,0
39554,3,0,0,0,0,0
39555,24,0,0,0,0,0
39556,62,0,0,0,0,0
39557,11,0,0,0,0,0
39558,0,0,0,0,0,0
39559,9,0,0,0,0,0
39560,0,0,0,0,0,0
39561,0,0,0,0,0,0
39562,1,0,0,0,0,0
39563,0,0,0,0,0,0
39564,0,0,0,0,0,0
39565,0,0,0,0,3,0
39566,0,0,0,0,0,0
39567,0,0,0,0,0,0
39568,0,0,0,0,0,0
39569,0,0,0,0,0,0
39570,0,0,0,0,0,0
39571,0,0,0,0,7,0
39572,0,0,0,0,0,0
39573,0,0,0,0,0,0
39574,0,0,0,0,0,0
39575,0,0,0,0,0,0
39576,4,0,0,0,0,0
39577,10,0,0,0,0,0
39578,21,0,0,0,0,0
39579,19,0,0,0,0,0
39580,15,0,0,0,0,0
39581,0,0,0,1,0,0
39582,0,0,0,0,0,0
39583,0,0,0,0,0,0
39584,0,0,0,0,0,0
39585,0,0,0,0,8,0
39586,3,0,0,0,13,0
39587,28,0,0,0,1,0
39588,40,0,0,0,5,0
39589,21,0,0,0,17,0
39590,10,0,0,0,0,0
39591,20,0,0,0,0,0
39592,0,0,0,0,0,0
39593,0,0,0,0,0,0
39594,11,0,0,0,0,0
39595,20,0,0,0,0,0
39596,14,0,0,0,0,0
39597,4,0,0,0,0,0
39598,0,0,0,0,0,0
39599,0,0,0,0,0,0
39600,0,0,0,0,0,0
39601,0,0,0,0,0,0
39602,0,0,0,0,0,0
39603,0,0,0,0,0,0
39604,0,0,0,0,0,0
39605,0,0,0,0,58,0
39606,0,0,0,0,131,0
39607,0,0,0,0,18,0
39608,0,0,0,0,0,0
39609,0,0,0,0,1,0
39610,0,0,0,0,33,0
39611,0,0,0,0,19,0
39612,0,0,0,0,19,0
39613,0,0,5,0,39,0
39614,0,0,2,0,16,0
39615,2,0,0,0,0,0
39616,1,0,4,0,10,0
39617,0,0,5,0,73,0
39618,0,0,0,0,0,1
39619,0,0,1,0,0,0
39620,0,0,29,0,4,3
39621,0,0,40,0,1,0
39622,0,0,0,0,0,0
39623,0,0,8,0,17,0
39624,0,0,37,3,33,0
39625,0,0,0,0,0,0
39626,0,0,1,0,0,0
39627,0,0,26,0,0,0
39628,0,0,28,0,0,0
39629,0,0,0,0,0,0
39630,0,0,0,0,0,0
39631,0,0,1,0,12,0
39632,0,0,0,0,0,0
39633,0,0,0,0,0,0
39634,0,0,0,0,16,0
39635,7,0,0,0,12,0
39636,0,0,0,0,48,0
39637,0,0,0,0,73,0
39638,0,0,0,18,37,0
39639,0,0,0,0,5,0
39640,0,0,0,3,12,0
39641,0,0,0,3,27,0
39642,0,0,0,0,42,0
39643,0,0,0,0,33,0
39644,8,0,0,0,7,0
39645,6,0,0,0,0,0
39646,0,0,0,0,0,0
39647,0,0,0,0,5,0
39648,2,0,0,0,0,0
39649,8,0,0,0,0,0
39650,0,0,0,0,0,0
39651,0,0,0,0,0,0
39652,0,0,0,0,0,0
39653,0,0,0,0,0,0
39654,0,0,0,0,0,0
39655,0,0,0,0,0,0
39656,0,0,0,0,0,0
39657,0,0,0,0,0,0
39658,0,0,0,0,0,0
39659,0,0,0,0,0,0
39660,0,0,2,0,0,0
39661,0,0,4,0,0,0
39662,0,0,0,0,0,0
39663,0,0,0,0,0,0
39664,0,0,10,0,0,0
39665,0,0,8,0,10,0
39666,0,0,0,0,0,0
39667,0,0,0,0,0,0
39668,0,0,0,0,0,0
39669,0,0,0,0,0,0
39670,0,0,0,0,82,0
39671,0,0,2,0,166,0
39672,0,0,0,0,146,0
39673,0,0,0,0,20,0
39674,18,0,0,0,0,0
39675,15,0,0,0,0,0
39676,30,0,0,0,4,0
39677,4,0,0,0,27,0
39678,0,0,0,0,0,0
39679,0,0,0,0,0,0
39680,0,0,0,0,0,0
39681,0,0,0,0,0,0
39682,33,0,6,0,1,0
39683,40,0,12,0,71,0
39684,1,0,0,0,48,0
39685,3,0,1,0,7,0
39686,29,0,10,0,77,0
39687,22,0,0,0,4,0
39688,67,0,12,0,171,0
39689,85,0,32,0,148,0
39690,100,0,0,0,48,0
39691,112,0,7,0,9,0
39692,43,0,16,0,12,0
39693,58,0,0,0,20,0
39694,29,0,0,0,0,0
39695,0,0,14,0,0,0
39696,0,0,2,0,3,0
39697,0,0,0,0,2,0
39698,0,0,1,0,0,0
39699,14,0,0,0,0,0
39700,13,0,0,0,0,0
39701,0,0,0,0,29,0
39702,22,0,0,0,29,0
39703,22,0,0,0,0,0
39704,1,0,0,0,2,0
39705,8,0,0,0,0,0
39706,1,0,0,0,0,0
39707,0,0,0,0,0,0
39708,6,0,0,0,0,0
39709,1,0,0,0,0,0
39710,0,0,0,0,0,0
39711,0,0,0,0,0,0
39712,0,0,0,0,0,0
39713,0,0,0,0,0,0
39714,0,0,0,0,21,0
39715,0,0,0,0,4,0
39716,0,0,0,0,11,0
39717,0,0,0,0,16,0
39718,0,0,0,0,1,0
39719,0,0,0,1,0,0
39720,0,0,0,0,0,0
39721,0,0,0,0,0,0
39722,0,0,0,0,0,0
39723,0,0,0,0,13,0
39724,0,0,0,0,4,0
39725,0,0,0,0,0,0
39726,0,0,0,0,0,0
39727,0,0,0,0,0,0
39728,0,0,0,0,0,0
39729,0,0,0,0,0,0
39730,0,0,0,0,2,0
39731,0,0,0,0,0,0
39732,0,0,0,0,3,0
39733,0,0,0,0,0,0
39734,0,0,0,0,0,0
