"frame","head_patient","torso_patient","legs_patient","head_therapist","torso_therapist","legs_therapist"
151,0,0,0,2964,18499,4895
152,0,0,0,3149,19151,5119
153,0,0,0,2476,19533,5021
154,0,0,0,2574,18503,7398
155,0,0,0,2711,16912,8231
156,0,0,0,2820,13540,9542
157,0,0,0,2824,9642,11715
158,0,0,0,1841,8519,15913
159,0,0,0,1503,9494,19676
160,0,2,0,1584,9971,17793
161,0,2,0,1676,9870,16176
162,0,0,811,2484,8914,14300
163,0,0,2067,3164,8496,11862
164,0,0,1989,3895,11086,15870
165,0,0,1804,5265,14870,22386
166,0,0,908,6204,17272,24196
167,0,0,0,6819,17109,23268
168,0,0,0,7224,13626,22753
169,0,0,0,7273,13180,19188
170,0,5,0,7374,13037,15763
171,0,0,0,7471,12698,13772
172,0,0,0,7592,13052,7332
173,0,0,0,6841,14852,10717
174,0,0,0,6086,18983,12591
175,0,0,0,5732,24092,14904
176,0,0,0,5496,25733,17019
177,0,0,0,5010,27043,19244
178,0,0,0,4666,27997,21817
179,0,0,0,4498,26951,20137
180,0,0,0,4085,26062,16826
181,0,0,0,3741,23784,18500
182,0,0,0,3220,22184,15941
183,0,0,0,2659,18940,12290
184,0,0,0,1959,13274,8905
185,0,0,0,1332,4651,4004
186,0,0,0,868,5648,4050
187,0,0,0,620,5563,3953
188,0,0,0,424,7830,8038
189,0,0,0,382,10586,10840
190,0,0,0,139,10906,10762
191,0,0,0,155,12922,14848
192,0,0,0,552,12337,11366
193,0,0,0,975,8140,7637
194,0,0,0,1154,5115,9890
195,0,0,0,1298,7355,8720
196,0,0,0,1507,8460,4452
197,0,0,0,1701,8115,8744
198,0,0,0,1778,6567,10615
199,0,0,0,2018,9061,8192
200,0,0,0,2194,8017,4677
201,0,0,0,2399,6706,2362
202,0,0,0,2562,6717,4658
203,0,0,0,2585,8486,5618
204,5,0,0,2733,9674,8784
205,0,0,0,2767,10332,8998
206,0,0,0,2881,11741,9025
207,0,0,0,2791,13557,8626
208,0,0,0,2629,12862,7758
209,0,0,0,2749,10879,5087
210,0,0,0,2637,9913,2736
211,0,0,0,2728,8447,5719
212,0,0,0,2727,5718,6142
213,0,0,0,2626,4352,2588
214,0,0,0,2196,4556,5879
215,0,0,0,1900,5163,8222
216,0,0,0,1421,5205,8886
217,0,0,0,1241,4166,4762
218,0,0,0,1010,2928,2382
219,0,0,0,938,4031,6756
220,0,0,0,839,4631,8843
221,0,0,0,1035,6387,8083
222,0,0,0,622,3878,2225
223,0,2,0,386,2868,7883
224,0,0,0,87,2244,8118
225,0,0,0,2,1915,7305
226,0,0,0,186,1520,3691
227,0,0,0,63,2417,4398
228,0,0,0,111,1190,6690
229,0,0,0,213,2264,7469
230,0,0,0,156,1379,3759
231,0,0,0,49,692,2995
232,0,0,0,0,820,4824
233,0,0,0,8,1100,4520
234,0,0,0,155,1128,3550
235,0,0,0,6,608,2303
236,0,1,0,96,938,3124
237,0,0,0,200,2316,4311
238,0,0,0,227,3598,5746
239,0,0,0,317,3597,4113
240,0,0,0,341,1994,872
241,0,0,0,477,2346,2734
242,0,0,0,549,1630,2840
243,0,0,0,703,1537,3518
244,0,0,0,965,2095,2631
245,0,0,0,1060,2622,1416
246,0,0,0,1432,4160,1529
247,0,0,0,1638,4663,2484
248,0,0,0,2196,5496,3603
249,0,0,0,2691,5906,4249
250,0,0,0,3130,5321,1132
251,0,0,0,3325,4633,2802
252,0,0,0,3562,5187,3510
253,0,0,0,3421,5359,3710
254,0,0,0,3418,5371,4656
255,0,0,0,3265,5019,4569
256,0,0,0,3196,4989,2940
257,0,0,0,3090,5285,4962
258,0,0,0,2900,5653,4385
259,0,0,0,2795,6547,5995
260,0,0,0,2541,5006,6993
261,0,0,0,2422,4446,6991
262,0,0,0,2115,2851,5431
263,0,0,0,2077,6944,5812
264,0,0,0,1888,9279,6876
265,0,0,0,1615,8979,5748
266,0,0,0,1078,8909,5802
267,0,0,0,810,7351,6652
268,0,0,0,791,4476,6369
269,0,0,0,902,3195,6298
270,0,0,0,992,4586,5973
271,0,0,0,1449,7006,4885
272,0,0,0,1871,8790,7462
273,0,0,0,2212,10674,9353
274,0,0,0,2499,11779,9727
275,0,0,0,2683,11956,10404
276,0,0,0,2557,10343,9822
277,0,0,0,2413,7854,8489
278,0,0,0,2172,5201,2586
279,0,0,0,2086,4594,2666
280,0,0,0,2232,3288,3918
281,0,0,0,2347,6157,3247
282,0,0,0,1895,9642,3233
283,0,0,0,1398,12909,4956
284,0,0,0,723,13014,5978
285,0,0,0,902,9215,6730
286,0,0,0,1248,7586,7074
287,0,0,0,1760,9150,7666
288,0,0,0,2256,10821,8102
289,0,0,0,2908,10415,7565
290,0,0,0,3257,9794,10333
291,0,0,0,3090,11018,11109
292,0,0,0,2547,10550,12047
293,0,0,0,1816,9734,13321
294,0,0,0,1164,7000,11090
295,0,0,0,789,5363,7796
296,0,0,0,434,3806,4381
297,0,0,0,146,5938,7883
298,0,0,0,612,8850,10456
299,0,0,0,1365,10592,10636
300,0,0,0,2027,11400,10273
301,0,0,0,2696,12335,9150
302,0,0,0,3308,14107,7842
303,0,0,0,3666,15634,7059
304,0,0,0,4094,17531,7938
305,0,0,0,4599,18948,8568
306,0,0,0,5258,19851,9670
307,0,0,0,5967,20966,9520
308,0,0,0,6209,21255,9145
309,0,0,0,6543,21764,7999
310,0,0,0,6626,20667,6123
311,0,0,0,6499,18885,3805
312,0,0,0,6202,18289,2512
313,0,0,0,5701,18481,1971
314,0,0,0,4525,17035,2346
315,0,0,0,3550,15946,2901
316,0,0,0,2639,11499,4564
317,0,0,0,2007,12150,4606
318,0,0,0,1035,11015,4549
319,0,0,0,421,11416,3410
320,0,0,0,1114,9156,1669
321,0,0,0,2462,8601,817
322,0,0,0,3529,7983,282
323,0,0,0,4072,5764,110
324,0,0,0,4381,5528,252
325,0,0,0,4170,6343,659
326,0,0,0,3996,5944,508
327,0,0,0,3823,4424,400
328,0,0,0,3505,2604,20
329,0,0,0,3038,2020,139
330,0,0,0,2517,1298,8
331,0,0,0,1900,781,54
332,0,0,0,1123,807,54
333,0,0,0,266,447,110
334,0,0,0,64,957,0
335,0,0,0,516,1380,53
336,0,0,0,865,3304,67
337,0,0,0,1342,3898,327
338,0,0,0,1713,4046,381
339,0,0,0,2001,3135,143
340,0,0,0,2027,1838,25
341,0,0,0,2120,1024,49
342,0,0,0,1873,1272,58
343,0,0,0,1734,1498,21
344,0,0,0,1387,1534,1
345,0,0,0,1260,1673,0
346,0,0,0,989,1367,6
347,0,0,0,437,829,4
348,0,0,0,51,404,0
349,0,0,0,16,137,0
350,0,0,0,10,101,0
351,0,0,0,0,131,0
352,0,0,0,51,221,0
353,0,0,0,129,620,0
354,0,0,0,135,529,4
355,0,0,0,84,221,27
356,0,0,0,71,149,12
357,0,0,0,4,5,0
358,0,0,0,18,79,5
359,0,0,0,23,404,12
360,0,0,0,5,371,12
361,0,0,0,0,408,50
362,0,0,0,10,124,11
363,0,0,0,60,103,3
364,0,0,0,75,235,0
365,0,0,0,169,526,40
366,0,0,0,321,630,85
367,0,0,0,577,552,6
368,0,0,0,654,1502,14
369,0,0,0,983,2531,90
370,0,0,0,1117,2514,180
371,0,0,0,983,1722,199
372,0,0,0,942,1178,0
373,0,0,0,896,654,0
374,0,0,0,750,801,0
375,0,0,0,493,444,0
376,0,0,0,269,263,17
377,0,0,0,96,294,0
378,0,0,0,579,1008,0
379,0,0,0,1032,1615,20
380,0,0,0,1175,1431,20
381,0,0,0,845,1519,0
382,0,0,0,305,1046,11
383,0,0,0,187,384,0
384,0,0,0,2,889,0
385,0,0,0,56,1439,2
386,0,0,0,70,1768,0
387,0,0,0,48,1227,0
388,0,0,0,0,649,0
389,0,0,0,46,677,0
390,0,0,0,184,234,0
391,0,0,0,117,44,0
392,0,0,0,40,11,0
393,0,0,0,128,106,0
394,0,0,0,73,164,0
395,0,0,0,133,244,0
396,0,0,0,33,91,0
397,0,0,0,6,1,0
398,0,0,0,3,6,0
399,0,0,0,6,0,0
400,0,0,0,0,0,0
401,0,0,0,31,29,0
402,0,0,0,311,198,0
403,0,0,0,563,264,0
404,0,0,0,633,297,0
405,0,0,0,838,438,0
406,0,0,0,875,602,0
407,0,0,0,902,422,34
408,0,0,0,896,423,32
409,0,0,0,857,373,10
410,0,0,0,946,2028,25
411,0,0,0,769,3990,0
412,0,0,0,712,4342,8
413,0,0,0,506,3906,0
414,0,0,0,278,4199,1
415,0,0,0,68,4719,5
416,0,0,0,89,5160,24
417,0,0,0,322,4790,42
418,0,0,0,485,4728,153
419,0,0,0,497,6218,141
420,0,0,0,731,6088,59
421,0,0,0,734,5667,26
422,0,0,0,678,4411,29
423,0,0,0,779,1203,27
424,0,0,0,865,3862,106
425,0,0,0,883,5575,242
426,0,0,0,774,6247,286
427,0,0,0,633,5573,218
428,0,0,0,650,5431,23
429,0,0,0,585,6004,70
430,0,0,0,219,6842,261
431,0,0,0,409,6236,295
432,0,0,0,271,4458,108
433,0,0,0,94,3552,132
434,0,0,0,161,3832,127
435,0,0,0,156,3921,127
436,0,0,0,55,1582,6
437,0,0,0,151,250,0
438,0,0,0,322,330,0
439,0,0,0,382,174,0
440,0,0,0,309,263,0
441,0,0,0,342,99,0
442,0,0,0,208,140,1
443,0,0,0,123,219,0
444,0,0,0,49,105,0
445,0,0,0,28,285,0
446,0,0,0,0,1082,0
447,0,0,0,59,1386,0
448,0,0,0,176,828,0
449,0,0,0,579,766,0
450,0,0,0,1040,609,0
451,0,0,0,1622,816,0
452,0,0,0,2081,1421,0
453,0,0,0,2505,1005,0
454,0,0,0,2749,1168,0
455,0,0,0,2723,1405,0
456,0,0,0,2584,1514,0
457,0,0,0,2404,1566,0
458,0,0,0,2321,2177,5
459,0,0,0,2108,2434,2
460,0,0,0,2173,2437,20
461,0,0,0,1843,2825,91
462,0,0,0,1801,3258,207
463,0,0,0,1784,3941,5
464,0,0,0,1657,3477,112
465,0,0,0,1850,2254,0
466,0,0,0,1802,2400,0
467,0,0,0,1582,2223,0
468,0,0,0,1422,1484,3
469,0,0,0,1315,1217,5
470,0,0,0,1207,2108,35
471,0,0,0,754,2340,22
472,0,0,0,264,1921,0
473,0,0,0,134,1161,0
474,0,0,0,138,856,0
475,0,0,0,415,1703,0
476,0,0,0,914,1362,0
477,0,0,0,1466,1708,0
478,0,0,0,1679,1086,25
479,0,0,0,1992,2234,214
480,0,0,0,2355,1993,147
481,0,0,0,2416,2725,24
482,0,0,0,2400,2838,0
483,0,0,0,2387,2121,84
484,0,0,0,2504,2105,85
485,0,0,0,2356,2856,0
486,0,0,0,2721,1222,0
487,0,0,0,2633,1209,4
488,0,0,0,2757,1429,0
489,0,0,0,2655,2343,22
490,0,0,0,2593,3094,0
491,0,0,0,2324,4011,0
492,0,0,0,2046,2499,0
493,0,0,0,1680,1282,1
494,0,0,0,1353,1255,1
495,0,0,0,1349,796,0
496,0,0,0,1046,560,9
497,0,0,0,753,342,0
498,0,0,0,466,161,4
499,0,0,0,285,632,0
500,0,0,0,91,1186,23
501,0,0,0,19,2061,5
502,0,0,0,13,1608,29
503,0,0,0,0,400,0
504,0,0,0,11,165,0
505,0,0,0,147,237,0
506,0,0,0,190,830,0
507,0,0,0,236,1962,16
508,0,0,0,240,2025,2
509,0,0,0,102,2040,0
510,0,0,0,17,2017,0
511,0,0,0,19,1731,1
512,0,0,0,21,795,4
513,0,0,0,1,947,0
514,0,0,0,0,1497,3
515,0,0,0,0,1881,0
516,0,0,0,0,2049,0
517,0,0,0,8,2044,0
518,0,0,0,4,1151,0
519,0,0,0,3,858,0
520,0,0,0,20,347,0
521,0,0,0,43,334,0
522,0,0,0,11,344,0
523,0,0,0,15,422,0
524,0,0,0,18,583,0
525,0,0,0,54,988,0
526,0,0,0,17,1557,2
527,0,0,0,36,1913,0
528,0,0,0,9,1074,0
529,0,0,0,32,432,0
530,0,0,0,58,1286,0
531,0,0,0,8,2367,1
532,0,0,0,17,2751,7
533,0,0,0,19,1788,7
534,0,0,0,50,987,0
535,0,0,0,52,1275,0
536,0,0,0,117,2263,0
537,0,0,0,55,3237,0
538,0,0,0,7,3903,0
539,0,0,0,73,4334,8
540,0,0,0,0,3199,9
541,0,0,0,5,2417,1
542,0,0,0,111,2114,0
543,0,0,0,276,1404,0
544,0,0,0,397,1056,0
545,0,0,0,525,1737,0
546,0,0,0,557,1746,0
547,0,0,0,486,1540,0
548,0,0,0,602,1068,0
549,0,0,0,528,857,0
550,0,0,0,666,914,0
551,0,0,0,698,1078,0
552,0,0,0,630,1379,0
553,0,0,0,437,1942,0
554,0,0,0,302,4001,14
555,0,0,0,255,5027,39
556,0,0,0,172,4134,27
557,0,0,0,109,2711,0
558,0,0,0,212,395,0
559,0,0,0,127,1059,5
560,0,0,0,223,949,0
561,0,0,0,85,620,9
562,0,0,0,94,655,0
563,0,0,0,99,324,0
564,0,0,0,82,82,0
565,0,0,0,77,4,0
566,0,0,0,18,32,0
567,0,0,0,0,56,0
568,0,0,0,0,26,0
569,0,0,0,8,6,0
570,0,0,0,0,29,0
571,0,0,0,0,16,4
572,4,0,0,0,0,0
573,0,0,0,0,1,0
574,0,0,0,0,0,0
575,0,0,0,6,0,0
576,0,0,0,0,0,0
577,0,0,0,0,0,0
578,0,0,0,7,0,0
579,0,0,0,0,0,0
580,0,0,0,0,0,0
581,0,0,0,10,0,0
582,0,0,0,0,0,0
583,0,0,0,0,0,0
584,0,0,0,0,0,0
585,0,0,0,3,0,0
586,0,0,0,0,7,0
587,0,0,0,0,0,0
588,0,0,0,0,0,0
589,0,0,0,0,0,0
590,0,0,0,0,0,0
591,0,0,0,0,0,0
592,0,0,0,0,4,0
593,0,0,0,30,272,0
594,0,0,0,85,1759,0
595,0,0,0,22,3187,0
596,0,0,0,67,3664,0
597,0,0,0,304,3849,0
598,0,0,0,351,3005,0
599,0,0,0,178,2126,0
600,0,0,0,291,1448,0
601,0,0,0,431,669,0
602,0,0,0,288,2210,0
603,0,0,0,151,2558,2
604,0,0,0,166,1804,6
605,0,0,0,228,3604,0
606,0,0,0,153,4407,0
607,0,0,0,69,5064,3
608,0,0,0,59,4409,48
609,0,0,0,120,3275,29
610,0,0,0,133,4057,16
611,0,0,0,223,3258,0
612,0,0,0,192,2733,10
613,0,0,0,148,2332,0
614,0,0,0,92,2230,7
615,0,0,0,1,872,0
616,0,0,0,1,663,0
617,0,0,0,19,500,0
618,0,0,0,17,1163,0
619,0,0,0,13,2286,0
620,0,0,0,12,3260,2
621,0,0,0,0,3210,0
622,0,0,0,9,3413,6
623,0,0,0,0,1974,0
624,0,0,0,0,594,59
625,0,0,0,0,1,0
626,0,0,0,2,66,0
627,0,0,0,7,588,0
628,0,0,0,2,485,0
629,0,0,0,48,273,0
630,0,0,0,107,245,2
631,0,0,0,280,369,0
632,0,0,0,327,368,0
633,0,0,0,443,368,0
634,0,0,0,383,508,0
635,0,0,0,401,356,0
636,0,0,0,400,412,0
637,0,0,0,441,312,0
638,0,0,0,414,492,0
639,0,0,0,487,300,0
640,0,0,0,519,285,0
641,0,0,0,543,214,0
642,0,0,0,552,174,0
643,0,0,0,558,90,0
644,0,0,0,516,93,0
645,0,0,0,261,127,0
646,0,0,0,90,84,0
647,0,0,0,3,11,0
648,0,0,0,8,0,0
649,0,0,0,0,10,0
650,0,0,0,3,7,0
651,0,0,0,4,23,0
652,0,0,0,53,71,0
653,0,0,0,88,146,0
654,0,0,0,121,8,0
655,0,0,0,209,13,0
656,0,0,0,174,6,0
657,0,0,0,169,3,0
658,0,0,0,166,8,0
659,0,0,0,140,8,0
660,0,0,0,153,0,0
661,0,0,0,220,7,0
662,0,0,0,108,0,0
663,0,0,0,7,0,0
664,0,0,0,12,5,0
665,0,0,0,0,8,0
666,0,0,0,0,0,0
667,0,0,0,9,11,0
668,0,0,0,0,21,0
669,0,0,0,5,43,0
670,0,0,0,0,31,0
671,0,0,0,0,25,0
672,0,0,0,0,0,0
673,0,0,0,24,0,0
674,0,0,0,91,0,0
675,0,0,0,246,5,0
676,0,0,0,250,38,0
677,0,0,0,153,110,0
678,0,0,0,59,32,0
679,0,0,0,36,26,0
680,0,0,0,22,259,0
681,0,0,0,34,1217,0
682,0,0,0,83,1883,0
683,0,0,0,134,2190,0
684,0,0,0,39,1956,0
685,0,0,0,19,1827,0
686,0,0,0,39,1701,0
687,0,0,0,0,1677,0
688,0,0,0,2,1778,0
689,0,0,0,53,1906,22
690,0,0,0,139,2829,0
691,0,0,0,345,4380,96
692,0,0,0,581,5364,540
693,0,0,0,631,7574,931
694,0,0,0,545,9555,1164
695,0,0,0,411,11284,947
696,0,0,0,226,11687,621
697,0,0,0,40,13562,394
698,0,0,0,182,14485,335
699,0,0,0,116,14468,199
700,0,0,0,54,13760,47
701,0,0,0,219,12565,0
702,0,0,0,428,13074,0
703,0,0,0,813,15423,4
704,0,0,0,995,15965,65
705,0,0,0,1341,15486,165
706,0,0,0,1711,14941,212
707,0,0,0,2187,14480,153
708,0,0,0,2374,13651,134
709,0,0,0,2100,12821,80
710,0,0,0,1611,12140,124
711,0,0,0,1064,11262,413
712,0,0,0,624,8748,328
713,0,0,0,371,9180,35
714,0,0,0,543,9299,135
715,0,0,0,788,8786,42
716,0,0,0,569,5918,9
717,0,0,0,648,4536,0
718,0,0,0,1465,1568,23
719,0,0,0,1986,1715,2
720,0,0,0,2247,504,3
721,0,0,0,2336,1246,3
722,0,0,0,2063,912,17
723,0,0,0,1735,1374,0
724,0,0,0,1453,957,0
725,0,0,0,1203,1143,0
726,0,0,0,861,331,0
727,0,0,0,540,359,0
728,0,0,0,141,125,0
729,0,0,0,0,382,0
730,0,0,0,0,989,0
731,0,0,0,21,1735,0
732,0,0,0,103,2031,3
733,0,0,0,195,1459,0
734,0,0,0,366,1458,0
735,0,0,0,394,1491,0
736,0,0,0,647,1654,1
737,0,0,0,490,1259,0
738,0,0,0,413,1027,0
739,0,0,0,239,557,0
740,0,0,0,153,345,0
741,0,0,0,67,213,0
742,0,0,0,38,219,1
743,0,0,0,0,242,0
744,0,0,0,39,166,2
745,0,0,0,61,124,0
746,0,0,0,35,204,0
747,0,0,0,59,16,0
748,0,0,0,0,9,0
749,0,0,0,10,21,0
750,0,0,0,9,407,0
751,0,0,0,47,742,0
752,0,0,0,45,659,0
753,0,0,0,24,647,0
754,0,0,0,3,534,0
755,0,0,0,52,392,0
756,0,0,0,26,252,0
757,0,0,0,55,146,0
758,0,0,0,97,603,0
759,0,0,0,44,756,0
760,0,0,0,49,1370,0
761,0,0,0,22,1974,0
762,0,0,0,6,1634,0
763,0,0,0,31,1898,0
764,0,0,0,39,1362,0
765,0,0,0,44,877,0
766,0,0,0,40,1407,2
767,0,0,0,56,2202,0
768,0,0,0,26,1926,0
769,0,0,0,91,1095,0
770,0,0,0,48,1820,0
771,0,0,0,28,2070,0
772,0,0,0,12,1502,0
773,0,0,0,81,932,0
774,0,0,0,253,189,0
775,0,0,0,319,158,0
776,0,0,0,411,252,0
777,0,0,0,492,297,0
778,0,0,0,656,231,0
779,0,0,0,584,463,0
780,0,0,0,574,439,0
781,0,0,0,503,556,0
782,0,0,0,306,774,0
783,0,0,0,108,401,0
784,0,0,0,8,541,0
785,0,0,0,7,577,0
786,0,0,0,12,508,0
787,0,0,0,66,736,0
788,0,0,0,144,614,0
789,0,0,0,266,226,0
790,0,0,0,230,345,0
791,0,0,0,313,627,0
792,0,0,0,192,411,0
793,0,0,0,0,374,0
794,0,0,0,50,315,0
795,0,0,0,246,112,0
796,0,0,0,157,94,0
797,0,0,0,83,4,0
798,0,0,0,61,20,0
799,0,0,0,207,111,0
800,0,0,0,774,234,0
801,0,0,0,1352,113,0
802,0,0,0,1673,217,0
803,0,0,0,2049,265,0
804,0,0,0,2360,153,0
805,0,0,0,2721,298,0
806,0,0,0,2794,1068,0
807,0,0,0,2716,1738,0
808,0,0,0,2396,2728,0
809,0,0,0,1842,3635,0
810,0,0,0,1299,3292,0
811,0,0,0,805,1890,0
812,0,0,0,399,686,0
813,0,0,0,70,396,0
814,0,0,0,60,706,0
815,0,0,0,448,1195,1
816,0,0,0,778,804,0
817,0,0,0,884,1062,0
818,0,0,0,923,825,0
819,0,0,0,894,500,0
820,0,0,0,803,585,0
821,0,0,0,529,381,0
822,0,0,0,174,111,0
823,0,0,0,0,0,0
824,0,0,0,4,0,0
825,0,0,0,9,0,0
826,0,0,0,49,109,0
827,0,0,0,52,125,0
828,0,0,0,22,33,0
829,0,0,0,0,0,0
830,8,0,0,3,0,0
831,0,0,0,0,0,0
832,7,0,0,5,53,0
833,0,0,0,27,41,0
834,0,0,0,6,69,0
835,0,0,0,11,28,0
836,0,0,0,0,6,0
837,0,0,0,0,0,0
838,0,0,0,10,0,0
839,0,0,0,8,0,0
840,0,0,0,31,0,0
841,0,0,0,112,1,0
842,0,0,0,64,2,0
843,0,0,0,173,24,3
844,0,0,0,415,110,0
845,0,0,0,587,201,0
846,0,0,0,712,74,0
847,0,0,0,931,9,0
848,0,0,0,893,38,47
849,0,0,0,975,70,33
850,0,0,0,1056,14,0
851,0,0,0,1111,14,0
852,0,0,0,1101,26,0
853,0,0,0,1088,342,0
854,0,0,0,813,885,0
855,0,0,0,643,1051,0
856,0,0,0,531,490,0
857,0,0,0,228,246,0
858,0,0,0,142,91,0
859,0,0,0,155,122,0
860,0,0,0,68,97,0
861,0,0,0,55,90,0
862,0,0,0,64,138,0
863,0,0,0,3,510,0
864,0,0,0,0,606,0
865,0,0,0,1,347,0
866,0,0,0,55,222,0
867,0,0,0,55,142,0
868,0,0,0,52,111,0
869,0,0,0,54,191,0
870,0,0,0,24,79,0
871,0,0,0,10,29,0
872,0,0,0,0,4,0
873,0,0,0,0,0,0
874,0,0,0,19,0,0
875,0,0,0,27,0,0
876,0,0,0,38,2,0
877,0,0,0,39,21,0
878,0,0,0,13,119,0
879,0,0,0,14,133,0
880,0,0,0,0,50,0
881,0,0,0,29,34,0
882,0,0,0,22,20,0
883,0,0,0,0,0,0
884,0,0,0,0,16,0
885,0,0,0,0,17,0
886,0,0,0,10,74,0
887,0,0,0,3,120,0
888,0,0,0,61,118,0
889,0,0,0,0,118,0
890,0,0,0,61,192,0
891,0,0,0,22,281,0
892,0,0,0,0,299,0
893,0,0,0,0,263,0
894,0,0,0,0,65,0
895,0,0,0,0,8,0
896,0,0,0,0,39,0
897,0,0,0,0,159,0
898,0,0,0,3,305,0
899,0,0,0,0,279,0
900,0,0,0,0,61,0
901,0,0,0,0,28,0
902,0,0,0,7,8,0
903,0,0,0,13,2,0
904,0,0,0,57,0,0
905,0,0,0,48,0,0
906,0,0,0,18,0,0
907,0,0,0,27,19,0
908,0,0,0,0,7,0
909,0,0,0,15,99,0
910,0,0,0,4,0,0
911,0,0,0,17,14,0
912,0,0,0,24,0,4
913,0,0,0,236,21,0
914,0,0,0,501,68,0
915,0,0,0,578,14,0
916,0,0,0,432,2,0
917,0,0,0,265,79,0
918,0,0,0,188,43,0
919,0,0,0,99,15,0
920,0,0,0,189,126,0
921,0,0,0,63,17,0
922,0,0,0,38,0,0
923,0,0,0,0,96,0
924,0,0,0,0,0,0
925,0,0,0,5,118,0
926,0,0,0,0,0,0
927,0,0,0,0,0,0
928,0,0,0,20,156,2
929,0,0,0,20,3,0
930,0,0,0,95,328,0
931,0,0,0,78,159,0
932,0,0,0,116,513,0
933,0,0,0,66,154,0
934,0,0,0,180,371,0
935,0,0,0,219,299,0
936,0,0,0,275,94,0
937,0,0,0,253,109,0
938,0,0,0,381,169,0
939,0,0,0,304,128,0
940,0,0,0,302,251,0
941,0,0,0,265,246,0
942,0,0,0,414,163,0
943,0,0,0,407,143,0
944,0,0,0,387,104,0
945,0,0,0,372,49,0
946,0,0,0,233,41,0
947,0,0,0,116,2,0
948,0,0,0,17,11,0
949,0,0,0,20,0,0
950,0,0,0,18,0,0
951,0,0,0,56,0,0
952,0,0,0,64,18,0
953,0,0,0,95,129,0
954,0,0,0,150,104,0
955,0,0,0,474,261,0
956,0,0,0,248,962,0
957,0,0,0,249,1673,0
958,0,0,0,501,2191,0
959,0,0,0,755,2531,0
960,0,0,0,935,2836,0
961,0,0,0,1240,2583,0
962,0,0,0,1330,2020,0
963,0,0,0,1237,1234,0
964,0,0,0,1153,590,0
965,0,0,0,958,875,0
966,0,0,0,837,684,0
967,0,0,0,751,881,0
968,0,0,0,581,861,0
969,0,0,0,635,758,0
970,0,0,0,482,1234,0
971,0,0,0,484,2023,0
972,0,0,0,339,1660,0
973,0,0,0,487,1059,0
974,0,0,0,418,1104,0
975,0,0,0,181,923,0
976,0,0,0,19,800,0
977,6,0,0,53,786,0
978,0,0,0,139,572,0
979,0,0,0,39,422,0
980,0,0,0,4,118,0
981,0,0,0,11,11,0
982,0,0,0,0,2,0
983,0,0,0,2,2,0
984,0,0,0,0,174,0
985,0,0,0,0,167,0
986,0,5,0,0,48,0
987,0,104,0,36,31,0
988,0,172,0,65,82,0
989,0,296,0,17,198,0
990,0,748,7,10,207,0
991,0,1791,18,26,213,0
992,0,2549,26,8,49,0
993,0,3574,74,0,64,0
994,0,5076,17,0,92,0
995,9,6834,56,18,194,0
996,0,8138,360,2,283,0
997,0,9771,171,5,113,0
998,0,11481,21,0,175,0
999,0,12711,0,29,150,0
1000,0,11885,0,1,238,0
1001,11,10578,0,9,163,0
1002,103,8436,0,84,568,0
1003,605,6565,12,42,675,0
1004,1176,5623,6,2,526,0
1005,843,4544,3,16,184,0
1006,584,3534,0,152,517,0
1007,490,2161,12,47,1057,0
1008,300,1272,0,0,884,0
1009,174,563,0,43,528,0
1010,78,424,41,31,79,0
1011,41,280,7,22,136,0
1012,20,131,0,3,446,0
1013,52,161,12,80,528,0
1014,116,98,288,245,434,0
1015,135,188,413,39,185,0
1016,100,170,489,71,94,0
1017,49,167,449,134,11,0
1018,34,128,366,240,7,0
1019,21,19,271,358,17,0
1020,19,23,235,393,147,0
1021,20,10,268,387,512,0
1022,8,13,238,429,641,0
1023,0,1,45,420,478,0
1024,11,29,40,447,206,0
1025,11,139,146,528,374,0
1026,100,339,198,663,527,0
1027,268,471,237,838,926,0
1028,436,789,264,850,1422,0
1029,508,1236,188,964,905,0
1030,613,1390,64,1010,1105,0
1031,584,1407,0,789,1256,0
1032,593,997,0,756,972,0
1033,613,416,0,553,1241,0
1034,683,45,0,121,1053,0
1035,991,62,0,38,420,0
1036,1220,1060,0,41,382,0
1037,1162,2470,0,14,294,0
1038,1008,4641,0,47,266,0
1039,849,6374,0,58,357,0
1040,918,7384,0,22,563,0
1041,810,8112,0,13,370,0
1042,780,8844,0,0,365,0
1043,944,9266,8,7,447,0
1044,1020,9532,3,20,741,0
1045,568,10189,0,0,500,0
1046,2,10855,0,3,433,0
1047,0,11173,70,8,278,0
1048,0,10852,488,13,110,0
1049,4,9754,527,81,47,0
1050,24,9250,370,16,37,0
1051,164,7943,617,71,55,0
1052,211,7343,417,45,57,0
1053,215,6660,95,5,144,0
1054,139,5777,41,23,306,0
1055,41,5108,290,46,564,0
1056,27,4778,226,171,882,0
1057,0,2679,97,402,780,0
1058,0,319,28,765,619,0
1059,0,496,0,697,338,0
1060,0,462,6,351,122,0
1061,0,630,0,380,287,0
1062,0,533,0,236,389,0
1063,0,371,0,106,666,0
1064,0,139,0,64,947,0
1065,0,54,0,7,530,0
1066,0,74,0,32,532,0
1067,0,31,0,15,452,0
1068,0,140,0,0,166,0
1069,0,281,0,9,78,0
1070,0,377,0,66,60,0
1071,0,241,0,76,183,0
1072,0,150,0,18,321,0
1073,0,82,0,39,771,0
1074,0,15,0,11,648,0
1075,0,29,0,26,379,0
1076,0,0,0,68,26,0
1077,0,0,0,42,38,0
1078,0,0,0,69,158,0
1079,0,2,0,170,542,0
1080,0,0,0,287,1172,0
1081,0,0,0,343,1895,0
1082,0,0,0,320,2790,0
1083,15,0,0,338,3348,0
1084,49,0,0,400,4075,0
1085,105,0,0,365,4308,0
1086,59,0,0,443,3836,0
1087,69,0,0,347,4297,25
1088,0,0,0,190,4670,302
1089,0,0,0,241,4718,756
1090,0,0,0,343,4724,1003
1091,0,2,0,469,4148,1613
1092,0,0,0,649,3806,2031
1093,0,0,0,1122,3838,1476
1094,0,8,0,1518,4100,1045
1095,0,0,0,1825,3990,732
1096,0,0,0,2293,4021,441
1097,8,0,0,2455,3770,110
1098,33,0,0,2632,3833,0
1099,31,0,0,2785,3985,0
1100,45,0,0,3095,4734,0
1101,22,0,0,3422,5135,9
1102,41,0,0,3434,5695,13
1103,0,0,0,3003,6295,12
1104,0,0,0,2800,6405,17
1105,0,0,0,2217,5825,7
1106,0,0,0,2303,5664,0
1107,0,0,0,1876,4595,0
1108,0,0,0,1684,4049,1
1109,0,0,0,1293,2781,30
1110,0,0,0,1275,2509,0
1111,0,0,0,1016,1747,26
1112,0,0,0,875,1708,15
1113,0,0,0,427,1070,21
1114,0,0,0,237,962,0
1115,0,0,0,11,170,5
1116,0,0,0,0,8,3
1117,0,0,0,286,356,8
1118,0,0,0,450,514,1
1119,0,0,0,777,989,0
1120,0,0,0,871,871,7
1121,0,0,0,1097,1431,0
1122,0,0,0,1136,989,0
1123,0,0,0,1039,924,0
1124,0,0,0,839,588,0
1125,0,0,0,712,661,0
1126,0,0,0,521,242,0
1127,0,0,0,380,514,0
1128,0,0,0,146,178,21
1129,0,0,0,228,52,21
1130,0,0,0,68,0,0
1131,0,0,0,9,0,1
1132,0,0,0,0,74,0
1133,0,0,0,0,17,0
1134,0,0,0,0,47,0
1135,0,0,0,1,0,0
1136,0,0,0,0,0,0
1137,0,0,0,1,0,0
1138,0,0,0,8,0,0
1139,0,0,0,142,32,0
1140,0,0,0,89,94,0
1141,0,0,0,259,321,0
1142,0,0,0,133,101,0
1143,0,0,0,143,25,0
1144,0,0,0,20,52,1
1145,0,0,0,7,5,0
1146,0,0,0,0,0,0
1147,0,0,0,0,0,0
1148,0,0,0,0,0,0
1149,0,0,0,5,0,0
1150,0,0,0,2,0,0
1151,0,0,0,35,28,0
1152,0,0,0,11,33,0
1153,0,0,0,0,0,0
1154,0,0,0,0,0,0
1155,0,0,0,0,0,0
1156,0,0,0,45,14,0
1157,0,0,0,49,7,0
1158,0,0,0,48,0,0
1159,0,0,0,110,0,0
1160,0,0,0,160,0,0
1161,0,0,0,129,0,0
1162,0,0,0,109,8,0
1163,0,0,0,238,24,0
1164,0,0,0,224,6,0
1165,0,0,0,129,24,0
1166,0,0,0,57,86,0
1167,0,0,0,10,0,0
1168,0,0,0,19,16,0
1169,0,0,0,70,123,0
1170,0,0,0,81,39,0
1171,0,0,0,199,1,0
1172,0,0,0,294,0,0
1173,0,0,0,366,0,0
1174,0,0,0,528,0,0
1175,0,0,0,546,194,0
1176,0,0,0,554,203,0
1177,0,0,0,616,173,0
1178,0,0,0,630,275,0
1179,0,0,0,540,112,0
1180,0,0,0,800,97,0
1181,0,0,0,810,449,0
1182,0,0,0,935,564,0
1183,0,0,0,939,797,0
1184,0,0,0,938,554,0
1185,0,0,0,905,328,0
1186,0,0,0,782,270,0
1187,0,0,0,563,77,0
1188,0,0,0,284,0,0
1189,0,0,0,112,0,0
1190,0,0,0,44,116,0
1191,0,0,0,4,46,0
1192,0,0,0,0,2,0
1193,0,0,0,0,30,0
1194,0,0,0,0,0,0
1195,0,0,0,4,52,0
1196,0,0,0,0,6,0
1197,0,0,0,52,67,0
1198,0,0,0,43,0,0
1199,0,0,0,50,4,0
1200,0,0,0,21,7,0
1201,0,0,0,27,59,0
1202,0,0,0,24,2,2
1203,0,0,0,21,23,0
1204,0,0,0,205,220,0
1205,0,0,0,149,436,0
1206,0,0,0,250,904,0
1207,0,0,0,231,1136,0
1208,0,0,0,325,1377,0
1209,0,0,0,288,960,0
1210,0,0,0,442,753,0
1211,0,0,0,322,255,0
1212,0,0,0,347,74,0
1213,0,0,0,219,125,0
1214,0,0,0,65,3,0
1215,0,0,0,176,282,0
1216,0,0,0,13,61,0
1217,0,0,0,178,252,0
1218,0,0,0,124,73,0
1219,0,0,0,267,182,2
1220,0,0,0,104,13,0
1221,0,0,0,237,341,0
1222,0,0,0,136,522,0
1223,0,0,0,213,846,0
1224,0,0,0,110,526,0
1225,0,0,0,199,524,0
1226,0,0,0,6,63,0
1227,0,0,0,212,190,0
1228,0,0,0,41,46,0
1229,0,0,0,305,181,0
1230,0,0,0,342,7,0
1231,0,0,0,695,114,3
1232,0,0,0,597,85,0
1233,0,0,0,490,273,0
1234,0,0,0,592,863,0
1235,0,0,0,240,853,0
1236,0,0,0,295,799,0
1237,0,0,0,6,93,0
1238,0,0,0,86,46,0
1239,0,0,0,117,162,0
1240,0,0,0,36,73,0
1241,0,0,0,220,664,0
1242,0,0,0,0,221,3
1243,0,0,0,271,66,0
1244,0,0,0,345,12,0
1245,0,0,0,303,16,0
1246,0,0,0,118,5,0
1247,0,0,0,68,79,2
1248,0,0,0,82,2,0
1249,0,0,0,192,405,0
1250,0,0,0,51,108,0
1251,0,0,0,113,701,0
1252,0,0,0,4,111,0
1253,0,0,0,11,356,0
1254,0,0,0,32,1,0
1255,0,0,0,79,174,0
1256,0,0,0,0,11,0
1257,0,0,0,129,178,13
1258,4,0,0,0,2,2
1259,23,0,0,171,148,0
1260,28,0,0,3,20,0
1261,44,0,0,215,315,4
1262,44,0,0,116,285,1
1263,63,0,0,346,602,40
1264,40,0,0,291,887,48
1265,39,0,0,620,1518,130
1266,0,0,0,728,2258,394
1267,0,0,0,1199,2658,930
1268,0,0,0,894,3412,895
1269,0,0,0,896,3117,743
1270,0,0,0,1075,2818,427
1271,0,0,0,1432,2341,294
1272,0,0,0,1994,1670,139
1273,0,0,0,2223,1584,273
1274,0,0,0,2522,2314,647
1275,0,0,0,2756,3603,812
1276,8,0,0,3157,5013,1048
1277,17,0,0,3586,6033,766
1278,26,0,0,3670,6096,639
1279,17,0,0,3787,5734,224
1280,6,0,0,3790,5624,208
1281,15,0,0,3909,5512,460
1282,11,0,0,4132,6161,1026
1283,0,0,0,4343,7327,851
1284,0,0,0,4478,9078,1136
1285,0,0,0,4627,9909,850
1286,0,0,0,4189,10301,1051
1287,0,0,0,3806,10081,1040
1288,0,0,0,3241,9878,1240
1289,0,0,0,2741,9026,522
1290,0,0,0,2205,7467,301
1291,0,0,0,1511,4940,70
1292,0,0,0,890,4171,2
1293,0,0,0,606,3279,51
1294,0,0,0,1003,2726,8
1295,0,0,0,1240,3776,39
1296,0,0,0,1496,3119,14
1297,0,0,0,1774,2348,31
1298,0,0,0,1703,1794,11
1299,0,0,0,1636,1074,2
1300,0,0,0,1489,1509,0
1301,0,0,0,1282,1699,0
1302,0,0,0,951,1933,11
1303,0,0,0,552,3166,31
1304,0,0,0,366,2675,22
1305,0,0,0,252,2172,80
1306,0,0,0,115,1095,202
1307,0,0,0,89,939,119
1308,0,0,0,81,592,8
1309,0,0,0,86,555,0
1310,0,0,0,32,868,7
1311,0,0,0,6,1663,185
1312,0,0,0,6,3032,915
1313,0,0,0,17,3063,239
1314,0,0,0,0,3268,5
1315,0,0,0,61,3476,0
1316,0,0,0,28,2759,0
1317,0,0,0,0,2137,0
1318,0,0,0,77,1589,0
1319,0,0,0,145,1815,0
1320,0,0,0,101,1331,0
1321,0,0,0,92,1458,0
1322,0,0,0,69,2436,0
1323,0,0,0,43,2408,0
1324,0,0,0,0,2119,0
1325,0,0,0,0,818,0
1326,0,0,0,0,146,0
1327,0,0,0,0,61,0
1328,0,0,0,3,76,0
1329,0,0,0,27,242,0
1330,0,0,0,118,658,0
1331,0,0,0,146,810,0
1332,0,0,0,322,634,0
1333,0,0,0,681,487,0
1334,0,0,0,975,473,0
1335,0,0,0,1288,745,0
1336,0,0,0,1606,854,0
1337,0,0,0,1681,1180,0
1338,0,0,0,1651,1734,0
1339,0,0,0,1402,2419,0
1340,0,0,0,1289,2332,0
1341,0,0,0,1323,1795,0
1342,0,0,0,1432,1503,0
1343,0,0,0,1522,1104,0
1344,0,0,0,1575,918,0
1345,0,0,0,1630,861,0
1346,0,0,0,1729,510,0
1347,0,0,0,1522,214,0
1348,0,0,0,1311,340,0
1349,0,0,0,1178,514,0
1350,0,0,0,908,512,0
1351,0,0,0,772,632,0
1352,0,0,0,747,626,0
1353,0,0,0,718,640,0
1354,0,0,0,678,661,0
1355,0,0,0,584,403,0
1356,0,0,0,452,204,0
1357,0,0,0,227,172,0
1358,0,0,0,122,151,0
1359,0,0,0,10,193,0
1360,0,0,0,8,42,0
1361,0,0,0,2,172,0
1362,0,0,0,0,378,0
1363,0,0,0,2,537,0
1364,0,0,0,0,354,0
1365,0,0,0,0,226,0
1366,0,0,0,0,175,0
1367,0,0,0,0,6,0
1368,0,0,0,0,4,0
1369,0,0,0,8,0,0
1370,0,0,0,65,50,0
1371,0,0,0,73,148,0
1372,0,0,0,160,191,0
1373,0,0,0,17,152,0
1374,0,0,0,39,213,0
1375,0,0,0,15,197,0
1376,0,0,0,13,229,0
1377,0,0,0,0,132,0
1378,0,0,0,0,151,0
1379,0,0,0,0,107,0
1380,0,0,0,18,17,0
1381,0,0,0,55,227,3
1382,0,0,0,2,458,0
1383,0,0,0,79,343,0
1384,0,0,0,2,317,0
1385,0,0,0,0,102,0
1386,0,0,0,21,18,0
1387,0,0,0,2,200,0
1388,0,0,0,1,192,0
1389,0,0,0,0,124,0
1390,0,0,0,0,67,0
1391,0,0,0,0,105,0
1392,0,0,0,0,32,0
1393,0,0,0,0,27,0
1394,0,0,0,0,15,0
1395,0,0,0,0,0,0
1396,0,0,0,70,51,0
1397,0,0,0,458,104,0
1398,0,0,0,1454,141,0
1399,0,0,0,2037,83,0
1400,0,0,0,2257,236,0
1401,0,0,0,1996,167,0
1402,0,0,0,1694,107,0
1403,0,0,0,1578,121,0
1404,0,0,0,1507,164,0
1405,0,0,0,1372,703,0
1406,0,0,0,1388,2328,0
1407,0,0,0,1363,3377,0
1408,0,0,0,1534,4325,0
1409,0,0,0,1431,4705,15
1410,0,0,0,1092,4060,8
1411,0,0,0,856,3463,0
1412,0,0,0,668,3359,0
1413,0,0,0,365,4193,198
1414,0,0,0,47,3294,79
1415,0,0,0,274,2786,0
1416,0,0,0,892,2973,0
1417,0,0,0,1735,3218,45
1418,0,0,0,1132,3718,88
1419,0,0,0,440,3303,16
1420,0,0,0,216,1959,69
1421,0,0,0,74,755,20
1422,0,0,0,66,1231,55
1423,0,0,0,63,2122,152
1424,0,0,0,55,1966,2
1425,0,0,0,63,1775,0
1426,0,0,0,13,2134,8
1427,0,0,0,1,1988,2
1428,4,0,0,3,1737,0
1429,0,0,0,98,1486,0
1430,0,0,0,112,720,21
1431,0,0,0,3,471,34
1432,0,0,0,1,618,55
1433,4,0,0,18,352,14
1434,0,0,0,6,124,0
1435,0,0,0,0,86,0
1436,0,0,0,2,34,0
1437,0,0,0,52,238,0
1438,0,0,0,131,176,0
1439,0,0,0,384,104,0
1440,0,0,0,356,126,0
1441,0,0,0,55,352,2
1442,0,0,0,321,517,5
1443,0,0,0,453,648,24
1444,0,0,0,288,1243,65
1445,0,0,0,199,1711,43
1446,0,0,0,99,1825,13
1447,0,0,0,196,1802,8
1448,0,0,0,152,1799,0
1449,0,0,0,87,2094,0
1450,0,0,0,2,2266,1
1451,0,0,0,59,2853,5
1452,0,0,0,16,2092,24
1453,0,0,0,25,1351,20
1454,0,0,0,83,1614,5
1455,0,0,0,42,909,0
1456,0,0,0,66,938,3
1457,0,0,0,65,1488,0
1458,0,0,0,75,2210,0
1459,0,0,0,74,2439,0
1460,0,0,0,137,2179,0
1461,0,0,0,139,1824,0
1462,0,0,0,151,1213,0
1463,0,0,0,81,1220,0
1464,0,0,0,39,598,0
1465,0,0,0,23,384,0
1466,0,0,0,43,596,0
1467,0,0,0,21,531,0
1468,0,0,0,12,641,0
1469,0,0,0,40,920,28
1470,0,0,0,8,1712,9
1471,0,0,0,56,3260,29
1472,0,0,0,74,4191,14
1473,0,0,0,40,5062,80
1474,0,0,0,111,5785,89
1475,0,0,0,224,7006,348
1476,0,0,0,306,6993,299
1477,0,0,0,370,6215,264
1478,0,0,0,506,6139,184
1479,0,0,0,557,6227,181
1480,0,0,0,622,6547,61
1481,0,0,0,825,7299,114
1482,0,0,0,888,10381,178
1483,0,0,0,845,13917,264
1484,0,0,0,793,16195,231
1485,0,0,0,849,18045,144
1486,0,0,0,988,19790,101
1487,0,0,0,1296,21538,35
1488,0,0,0,1430,21356,19
1489,0,0,0,1432,20145,14
1490,0,0,0,1514,19344,84
1491,0,0,0,1338,16949,14
1492,0,0,0,1358,14876,3
1493,0,0,0,1540,11252,0
1494,0,0,0,1617,7900,0
1495,0,0,0,1432,4003,183
1496,0,0,0,1235,1970,278
1497,0,0,0,1293,1673,435
1498,0,0,0,839,2143,140
1499,0,0,0,564,1948,62
1500,0,0,0,58,689,0
1501,0,0,0,35,490,22
1502,0,0,0,79,213,0
1503,0,0,0,8,108,3
1504,0,0,0,52,149,0
1505,0,0,0,13,198,0
1506,0,0,0,41,159,0
1507,0,0,0,3,215,0
1508,0,0,0,105,182,0
1509,0,0,0,9,230,0
1510,0,0,0,159,175,8
1511,0,0,0,73,436,0
1512,0,0,0,241,1281,0
1513,0,0,0,198,3786,0
1514,0,0,0,597,7448,0
1515,0,0,0,655,11603,0
1516,0,0,0,1114,15993,0
1517,0,0,0,685,20498,25
1518,0,0,0,898,23398,74
1519,0,0,0,779,25003,127
1520,0,0,0,1052,23428,257
1521,0,0,0,1032,21216,344
1522,0,0,0,1194,19767,292
1523,0,0,0,730,18994,337
1524,0,0,0,492,16380,413
1525,0,0,0,253,13209,257
1526,0,0,0,554,8263,2
1527,0,0,0,641,7876,14
1528,0,0,0,1124,12012,368
1529,0,0,0,875,11152,312
1530,0,0,0,734,8563,108
1531,0,0,0,387,5153,4
1532,0,0,0,373,6609,57
1533,0,0,0,77,9436,394
1534,0,0,0,180,9106,898
1535,0,0,0,532,10168,1006
1536,0,0,0,923,8490,1203
1537,0,0,0,1538,4078,602
1538,0,0,0,1904,5832,806
1539,0,0,0,2064,3820,112
1540,0,0,0,1883,5453,783
1541,0,0,0,1500,4882,480
1542,0,0,0,1232,2138,379
1543,0,0,0,1132,1237,22
1544,0,0,0,1080,904,22
1545,0,0,0,1062,406,7
1546,0,0,0,990,539,12
1547,0,0,0,774,57,2
1548,0,0,0,616,174,0
1549,0,0,0,503,24,0
1550,0,0,0,247,4,0
1551,0,0,0,151,0,0
1552,0,0,0,120,0,0
1553,0,0,0,87,57,10
1554,0,0,0,160,771,0
1555,0,0,0,186,2832,10
1556,0,0,0,212,3627,16
1557,0,0,0,107,2308,0
1558,0,0,0,9,1773,0
1559,0,0,0,106,686,0
1560,0,0,0,27,130,2
1561,0,0,0,181,1165,3
1562,0,0,0,122,857,0
1563,0,0,0,173,1165,0
1564,0,0,0,152,695,0
1565,0,0,0,85,356,0
1566,0,0,0,133,595,0
1567,0,0,0,1,145,0
1568,0,0,0,26,60,0
1569,0,0,0,288,8,0
1570,0,0,0,509,9,0
1571,0,0,0,507,397,0
1572,0,0,0,6,8,0
1573,0,0,0,258,65,0
1574,0,0,0,411,10,0
1575,0,0,0,371,15,0
1576,0,0,0,324,84,0
1577,0,0,0,275,7,0
1578,0,0,0,464,18,0
1579,7,0,0,963,4,0
1580,0,0,0,1294,70,0
1581,0,0,0,1316,489,0
1582,0,0,0,429,661,0
1583,0,0,0,268,1035,0
1584,0,0,0,169,80,2
1585,0,0,0,179,2,0
1586,0,0,0,284,96,0
1587,0,0,0,229,14,0
1588,0,0,0,397,107,22
1589,0,0,0,473,166,0
1590,0,0,0,614,79,0
1591,0,0,0,819,190,2
1592,0,0,0,745,60,5
1593,0,0,0,419,46,122
1594,0,0,0,244,128,0
1595,0,0,0,14,31,0
1596,0,0,0,24,12,0
1597,0,0,0,0,106,0
1598,0,0,0,0,113,2
1599,0,0,0,54,322,0
1600,0,0,0,0,2,0
1601,0,0,0,0,64,0
1602,0,0,0,0,0,0
1603,0,0,0,0,4,0
1604,0,0,0,0,2,0
1605,0,0,0,0,0,0
1606,0,0,0,11,36,0
1607,0,0,0,4,1,0
1608,0,0,0,20,11,0
1609,0,0,0,12,0,0
1610,0,0,0,18,31,0
1611,0,0,0,0,0,0
1612,0,0,0,64,56,0
1613,0,0,0,3,2,0
1614,0,0,0,0,0,0
1615,0,0,0,25,4,0
1616,0,0,0,12,0,0
1617,0,0,0,3,6,0
1618,0,0,0,0,0,0
1619,0,0,0,0,0,0
1620,0,0,0,0,0,0
1621,0,0,0,8,24,0
1622,0,0,0,1,30,0
1623,0,0,0,54,26,0
1624,0,0,0,172,20,0
1625,0,0,0,327,65,0
1626,0,0,0,382,131,0
1627,0,0,0,603,147,0
1628,0,0,0,556,345,0
1629,0,0,0,643,317,0
1630,0,0,0,671,205,0
1631,0,0,0,536,342,0
1632,0,0,0,397,90,0
1633,0,0,0,249,48,0
1634,0,0,0,185,23,0
1635,0,0,0,130,5,0
1636,0,0,0,142,106,0
1637,0,0,0,91,155,0
1638,0,0,0,46,333,0
1639,0,0,0,69,482,0
1640,0,0,0,94,570,0
1641,0,0,0,62,656,0
1642,0,0,0,49,463,0
1643,0,0,0,54,330,0
1644,0,0,0,0,324,0
1645,0,0,0,12,262,0
1646,0,0,0,10,342,0
1647,0,0,0,0,371,0
1648,0,0,0,39,171,0
1649,0,0,0,93,60,0
1650,0,0,0,40,67,0
1651,0,0,0,30,109,0
1652,0,0,0,15,82,0
1653,0,0,0,12,146,0
1654,0,0,0,71,197,0
1655,0,0,0,146,370,0
1656,0,0,0,83,157,0
1657,0,0,0,31,110,0
1658,0,0,0,47,370,0
1659,0,0,0,101,490,0
1660,0,0,0,88,337,0
1661,0,0,0,123,341,0
1662,0,0,0,62,79,0
1663,0,0,0,23,8,0
1664,0,0,0,0,491,0
1665,0,0,0,2,1220,0
1666,0,0,0,5,1420,0
1667,0,0,0,54,1066,0
1668,0,0,0,98,416,0
1669,0,0,0,25,111,0
1670,0,0,0,0,122,0
1671,0,0,0,2,8,0
1672,0,0,0,45,0,0
1673,0,0,0,103,0,0
1674,0,0,0,45,72,0
1675,0,0,0,80,751,0
1676,0,0,0,438,2835,0
1677,0,0,0,369,3917,0
1678,1,0,0,155,4602,0
1679,0,0,0,59,4893,0
1680,0,0,0,50,4204,0
1681,0,0,0,51,3641,0
1682,0,0,0,50,2770,1
1683,0,0,0,60,3916,5
1684,0,0,0,191,5134,21
1685,0,0,0,260,5009,0
1686,0,0,0,292,4545,0
1687,0,0,0,282,1753,0
1688,0,0,0,298,3135,0
1689,0,0,0,364,4199,0
1690,0,0,0,186,2868,7
1691,0,0,0,490,2678,143
1692,0,0,0,609,2554,114
1693,0,0,0,618,2871,0
1694,0,0,0,174,3256,14
1695,0,0,0,0,3902,26
1696,0,0,0,1,4435,146
1697,0,0,0,37,3509,93
1698,0,0,0,41,2587,0
1699,0,0,0,3,2570,1
1700,0,0,0,19,3055,0
1701,0,0,0,77,3428,0
1702,0,0,0,114,3335,0
1703,0,0,0,52,4102,9
1704,0,0,0,133,5235,308
1705,0,0,0,197,6010,247
1706,0,0,0,258,4451,0
1707,0,0,0,229,2307,0
1708,0,0,0,185,1904,0
1709,0,0,0,47,1207,0
1710,0,0,0,74,67,3
1711,0,0,0,73,68,0
1712,0,0,0,75,26,0
1713,0,0,0,67,17,0
1714,0,0,0,26,0,0
1715,0,0,0,7,0,0
1716,0,0,0,5,18,0
1717,0,0,0,10,190,0
1718,0,0,0,6,244,0
1719,0,0,0,25,385,0
1720,0,0,0,20,736,0
1721,0,0,0,75,965,0
1722,0,0,0,28,506,0
1723,0,0,0,12,82,0
1724,0,0,0,30,8,0
1725,0,0,0,8,32,0
1726,0,0,0,26,114,0
1727,0,0,0,37,62,11
1728,0,0,0,41,10,0
1729,0,0,0,12,23,0
1730,0,0,0,52,219,0
1731,0,0,0,0,280,0
1732,0,0,0,0,194,0
1733,0,0,0,28,97,0
1734,0,0,0,58,82,0
1735,0,0,0,19,51,0
1736,0,0,0,18,0,0
1737,0,0,0,9,26,0
1738,0,0,0,16,37,0
1739,0,0,0,138,97,0
1740,0,0,0,123,90,0
1741,0,0,0,171,48,0
1742,0,0,0,74,7,0
1743,0,0,0,41,0,0
1744,0,0,0,56,0,0
1745,0,0,0,43,0,0
1746,0,0,0,0,0,0
1747,0,0,0,0,0,0
1748,0,0,0,0,0,0
1749,0,0,0,0,0,0
1750,0,0,0,15,0,0
1751,0,0,0,51,27,0
1752,0,0,0,32,85,0
1753,0,0,0,19,91,0
1754,0,0,0,4,52,0
1755,0,0,0,14,377,0
1756,0,0,0,15,433,0
1757,0,0,0,21,431,0
1758,0,0,0,0,554,0
1759,0,0,0,18,443,0
1760,0,0,0,6,153,0
1761,0,0,0,114,211,0
1762,0,0,0,252,315,0
1763,0,0,0,473,295,0
1764,0,0,0,624,208,0
1765,0,0,0,621,43,0
1766,0,0,0,373,54,0
1767,0,0,0,322,120,0
1768,0,0,0,451,248,0
1769,0,0,0,273,311,0
1770,0,0,0,107,150,0
1771,0,0,0,8,122,0
1772,0,0,0,25,24,0
1773,0,0,0,91,8,0
1774,0,0,0,238,17,0
1775,0,0,0,539,75,0
1776,0,0,0,477,259,0
1777,0,0,0,626,173,0
1778,0,0,0,741,310,0
1779,0,0,0,577,82,0
1780,0,0,0,515,69,0
1781,0,0,0,305,56,0
1782,0,0,0,147,21,0
1783,0,0,0,45,31,0
1784,0,0,0,58,91,0
1785,0,0,0,126,366,0
1786,0,0,0,182,480,0
1787,0,0,0,194,357,0
1788,0,0,0,90,55,0
1789,0,0,0,41,178,0
1790,0,0,0,0,433,0
1791,0,0,0,0,53,0
1792,0,0,0,0,171,0
1793,18,0,0,5,388,0
1794,0,0,0,16,742,0
1795,0,0,0,24,1112,0
1796,0,0,0,116,1099,0
1797,0,0,0,148,1445,0
1798,0,0,0,103,1948,0
1799,0,0,0,58,1927,0
1800,0,0,0,43,1924,0
1801,0,0,0,36,1867,0
1802,0,0,0,89,1607,0
1803,0,0,0,75,807,0
1804,0,0,0,15,321,0
1805,0,0,0,0,739,0
1806,0,0,0,0,987,0
1807,0,0,0,26,1330,0
1808,0,0,0,150,2013,0
1809,0,0,0,250,1999,0
1810,0,0,0,274,1623,0
1811,0,0,0,452,1160,0
1812,0,0,0,552,922,0
1813,0,0,0,521,1611,0
1814,0,0,0,293,2675,0
1815,0,0,0,71,3262,0
1816,0,0,0,353,3248,0
1817,0,0,0,370,1913,0
1818,0,0,0,379,501,0
1819,0,0,0,363,714,0
1820,0,0,0,576,711,0
1821,0,0,0,982,380,0
1822,0,0,0,1618,899,0
1823,0,0,0,2204,3506,0
1824,0,0,0,2947,4412,0
1825,0,0,0,2935,3842,0
1826,0,0,0,2475,3461,0
1827,0,0,0,1708,2267,0
1828,0,0,0,1214,2515,0
1829,0,0,0,897,2991,0
1830,0,0,0,485,1848,0
1831,0,0,0,423,1082,0
1832,0,0,0,266,124,0
1833,0,0,0,49,504,0
1834,0,0,0,269,554,0
1835,0,0,0,460,442,0
1836,0,0,0,734,413,0
1837,0,0,0,773,328,0
1838,0,0,0,666,273,0
1839,0,0,0,598,159,0
1840,0,0,0,585,140,0
1841,0,0,0,563,90,0
1842,0,0,0,522,209,0
1843,0,0,0,611,61,0
1844,0,0,0,617,0,0
1845,0,0,0,800,1,0
1846,0,0,0,953,13,0
1847,0,0,0,884,0,0
1848,0,0,0,782,0,0
1849,0,0,0,707,0,0
1850,0,0,0,650,73,0
1851,0,0,0,729,321,0
1852,0,0,0,665,424,0
1853,0,0,0,627,253,0
1854,0,0,0,586,76,0
1855,0,0,0,458,26,0
1856,0,0,0,463,223,0
1857,0,0,0,289,16,0
1858,0,0,0,168,10,0
1859,0,0,0,237,2,0
1860,0,0,0,128,0,0
1861,0,0,0,62,0,0
1862,0,0,0,44,0,0
1863,0,0,0,36,0,0
1864,0,0,0,6,0,0
1865,0,0,0,19,163,0
1866,0,0,0,2,110,0
1867,0,0,0,0,2,0
1868,0,0,0,63,0,0
1869,0,0,0,15,0,0
1870,0,0,0,0,59,0
1871,0,0,0,43,189,0
1872,0,0,0,0,198,0
1873,0,0,0,0,70,0
1874,0,0,0,3,31,0
1875,0,0,0,1,2,0
1876,0,0,0,4,13,0
1877,0,0,0,0,0,0
1878,0,0,0,16,0,0
1879,0,0,0,82,0,0
1880,0,0,0,81,7,0
1881,0,0,0,0,3,0
1882,0,0,0,42,8,0
1883,0,0,0,141,27,0
1884,0,0,0,177,4,0
1885,0,0,0,50,0,0
1886,0,0,0,43,0,0
1887,0,0,0,56,0,0
1888,0,0,0,4,0,0
1889,0,0,0,42,0,0
1890,0,0,0,16,0,0
1891,0,0,0,29,0,0
1892,0,0,0,14,0,0
1893,0,0,0,33,0,0
1894,0,0,0,94,1,0
1895,0,0,0,235,0,0
1896,0,0,0,69,0,0
1897,0,0,0,0,1,0
1898,0,0,0,77,0,0
1899,0,0,0,126,7,0
1900,0,0,0,133,30,0
1901,0,0,0,123,57,0
1902,0,0,0,0,0,0
1903,0,0,0,11,0,0
1904,0,0,0,0,0,0
1905,0,0,0,39,0,0
1906,0,0,0,196,0,0
1907,0,0,0,255,0,0
1908,0,0,0,121,0,0
1909,0,0,0,12,0,0
1910,0,0,0,14,0,0
1911,0,0,0,14,0,0
1912,0,0,0,94,0,0
1913,0,0,0,41,0,0
1914,0,0,0,47,0,0
1915,0,0,0,350,172,0
1916,0,0,0,797,1348,0
1917,0,0,0,814,2393,0
1918,0,0,0,617,2821,0
1919,0,0,0,895,1835,0
1920,0,0,0,1014,2511,0
1921,0,0,0,864,2169,0
1922,0,0,0,721,2249,0
1923,0,0,0,508,1941,0
1924,0,0,0,296,1400,0
1925,0,0,0,97,731,0
1926,0,0,0,64,205,0
1927,0,0,0,32,51,0
1928,0,0,0,26,96,0
1929,0,0,0,59,7,0
1930,0,0,0,0,4,0
1931,0,0,0,51,25,0
1932,0,0,0,64,198,0
1933,0,0,0,117,489,0
1934,0,0,0,88,658,0
1935,0,0,0,2,630,0
1936,0,0,0,0,561,0
1937,0,0,0,0,184,0
1938,0,0,0,62,11,0
1939,0,0,0,72,112,0
1940,0,0,0,94,143,0
1941,0,0,0,48,44,0
1942,0,0,0,0,164,26
1943,0,0,0,0,137,10
1944,0,0,0,0,95,0
1945,0,0,0,57,106,0
1946,0,0,0,89,84,0
1947,0,0,0,86,49,0
1948,0,0,0,121,93,0
1949,0,0,0,130,112,0
1950,0,0,0,36,211,0
1951,0,0,0,42,99,0
1952,0,0,0,88,51,0
1953,0,0,0,178,0,0
1954,0,0,0,228,0,0
1955,0,0,0,275,35,0
1956,0,0,0,118,286,0
1957,0,0,0,90,224,0
1958,0,0,0,66,261,0
1959,0,0,0,50,198,0
1960,0,0,0,28,61,0
1961,0,0,0,34,203,0
1962,0,0,0,25,114,0
1963,0,0,0,18,0,0
1964,0,0,0,9,0,0
1965,0,0,0,0,0,0
1966,0,0,0,5,11,0
1967,0,0,0,1,6,0
1968,0,0,0,3,21,0
1969,0,0,0,0,50,0
1970,0,0,0,0,30,0
1971,0,0,0,0,0,0
1972,0,0,0,0,0,0
1973,0,0,0,21,92,0
1974,0,0,0,26,113,0
1975,0,0,0,89,143,0
1976,0,0,0,441,140,0
1977,0,0,0,691,217,0
1978,0,0,0,297,242,0
1979,0,0,0,83,150,0
1980,0,0,0,1,249,0
1981,0,0,0,28,387,0
1982,0,0,0,88,609,0
1983,0,0,0,61,583,0
1984,0,0,0,70,398,0
1985,0,0,0,35,262,0
1986,0,0,0,0,152,0
1987,0,0,0,2,119,0
1988,0,0,0,0,269,2
1989,0,0,0,6,352,0
1990,0,0,0,1,632,0
1991,0,0,0,29,1031,0
1992,0,0,0,18,935,0
1993,0,0,0,96,687,0
1994,0,0,0,128,372,0
1995,0,0,0,265,188,0
1996,0,0,0,192,246,0
1997,0,0,0,159,284,0
1998,0,0,0,78,266,0
1999,0,0,0,37,261,0
2000,0,0,0,5,485,0
2001,0,0,0,3,247,0
2002,0,0,0,64,24,0
2003,0,0,0,69,47,0
2004,0,0,0,16,100,0
2005,0,0,0,56,256,0
2006,0,0,0,184,508,0
2007,0,0,0,257,616,0
2008,0,0,0,433,760,0
2009,0,0,0,485,593,0
2010,0,0,0,427,329,0
2011,0,0,0,413,277,0
2012,0,0,0,448,280,0
2013,0,0,0,482,137,0
2014,0,0,0,297,134,0
2015,0,0,0,425,56,0
2016,0,0,0,210,1,0
2017,0,0,0,109,47,0
2018,0,0,0,210,34,0
2019,0,0,0,34,0,0
2020,0,0,0,63,0,0
2021,0,0,0,139,12,0
2022,0,0,0,109,0,0
2023,0,0,0,79,0,0
2024,0,0,0,85,0,0
2025,0,0,0,33,0,0
2026,0,0,0,36,18,0
2027,0,0,0,13,0,0
2028,0,0,0,0,0,0
2029,0,0,0,5,0,0
2030,0,0,0,2,24,0
2031,0,0,0,38,0,0
2032,0,0,0,41,3,0
2033,0,0,0,25,0,0
2034,0,0,0,0,33,0
2035,0,0,0,0,0,0
2036,0,0,0,3,0,0
2037,0,0,0,6,0,0
2038,0,0,0,0,0,0
2039,0,0,0,0,0,0
2040,0,0,0,0,0,0
2041,0,0,0,0,26,0
2042,0,0,0,0,5,0
2043,0,0,0,0,11,0
2044,0,0,0,0,35,0
2045,0,0,0,100,132,0
2046,0,0,0,78,147,0
2047,0,0,0,111,154,0
2048,0,0,0,131,100,0
2049,0,0,0,108,2,0
2050,0,0,0,56,75,0
2051,0,0,0,77,253,0
2052,0,0,0,0,530,0
2053,0,0,0,0,1539,0
2054,0,0,0,42,3309,22
2055,0,0,0,124,4757,11
2056,0,0,0,319,4741,41
2057,0,0,0,542,5087,147
2058,0,0,0,502,4319,12
2059,0,0,0,370,3092,3
2060,0,0,0,373,2252,0
2061,0,0,0,292,1717,0
2062,0,0,0,122,2112,7
2063,0,0,0,56,1811,0
2064,0,0,0,2,1609,4
2065,0,0,0,3,1775,2
2066,0,0,0,13,2037,68
2067,0,0,0,42,1807,13
2068,0,0,0,69,1523,0
2069,0,0,0,188,1420,22
2070,0,0,0,100,1250,53
2071,0,0,0,165,614,33
2072,0,0,0,154,163,0
2073,0,0,0,87,64,0
2074,0,0,0,102,34,3
2075,0,0,0,28,47,165
2076,0,0,0,35,94,209
2077,0,0,0,23,233,42
2078,0,0,0,51,426,0
2079,0,0,0,2,681,0
2080,0,0,0,0,1229,0
2081,0,0,0,47,1576,35
2082,0,0,0,56,1565,8
2083,0,0,0,48,1619,0
2084,0,0,0,0,1398,0
2085,0,0,0,0,1153,0
2086,0,0,0,77,1710,0
2087,0,0,0,107,2591,3
2088,0,0,0,89,3625,1
2089,0,0,0,24,4309,3
2090,0,0,0,0,4413,25
2091,0,0,0,33,5953,34
2092,0,0,0,266,6981,57
2093,0,0,0,740,6108,254
2094,0,0,0,1191,5757,346
2095,0,0,0,1309,5824,542
2096,0,0,0,1183,6064,551
2097,0,0,0,924,3426,208
2098,0,0,0,549,415,0
2099,0,0,0,286,755,0
2100,0,0,0,119,45,0
2101,0,0,0,77,30,0
2102,0,0,0,65,23,0
2103,0,0,0,37,25,0
2104,0,0,0,9,0,0
2105,0,0,0,11,10,0
2106,0,0,0,0,7,0
2107,0,0,0,53,15,0
2108,0,0,0,55,11,0
2109,0,0,0,48,11,0
2110,0,0,0,4,2,0
2111,0,0,0,0,0,0
2112,0,0,0,0,0,0
2113,0,0,0,0,0,0
2114,0,0,0,0,40,0
2115,0,0,0,0,0,0
2116,0,0,0,1,41,0
2117,0,0,0,0,0,0
2118,0,0,0,0,0,0
2119,0,0,0,0,0,0
2120,0,0,0,0,0,0
2121,0,0,0,0,0,0
2122,0,0,0,0,69,0
2123,0,0,0,5,185,0
2124,0,0,0,2,136,0
2125,0,0,0,3,122,0
2126,0,0,0,30,210,0
2127,0,0,0,64,487,0
2128,0,0,0,328,830,0
2129,0,0,0,430,1109,0
2130,0,0,0,586,1193,0
2131,0,0,0,477,1163,0
2132,0,0,0,375,1043,0
2133,0,0,0,245,857,0
2134,0,0,0,210,320,0
2135,0,0,0,263,323,0
2136,0,0,0,319,351,0
2137,0,0,0,343,169,0
2138,0,0,0,361,257,0
2139,0,0,0,416,319,0
2140,0,0,0,424,293,0
2141,0,0,0,492,445,0
2142,0,0,0,529,328,0
2143,0,0,0,667,491,0
2144,0,0,0,552,317,0
2145,0,0,0,539,148,0
2146,0,0,0,405,126,0
2147,0,0,0,309,36,0
2148,0,0,0,130,7,0
2149,0,0,0,68,21,0
2150,0,0,0,3,39,0
2151,0,0,0,0,71,0
2152,0,0,0,0,110,0
2153,0,0,0,0,108,0
2154,0,0,0,0,172,0
2155,0,0,0,0,192,0
2156,0,0,0,0,300,0
2157,0,0,0,0,561,0
2158,0,0,0,0,1006,0
2159,0,0,0,9,1334,0
2160,0,0,0,1,1723,0
2161,0,0,0,0,2280,0
2162,0,0,0,0,2300,0
2163,0,0,0,0,2173,0
2164,0,0,0,0,1605,0
2165,0,0,0,0,1234,0
2166,0,0,0,0,1049,0
2167,0,0,0,0,634,0
2168,0,0,0,0,768,0
2169,0,0,0,0,791,0
2170,0,0,0,0,644,0
2171,0,0,0,0,551,0
2172,0,0,0,0,732,0
2173,0,0,0,23,1479,0
2174,0,0,0,35,2169,0
2175,0,0,0,1,2621,0
2176,0,0,0,0,2413,0
2177,0,0,0,0,1803,0
2178,0,0,0,0,1538,0
2179,0,0,0,0,1316,0
2180,0,0,0,0,1274,0
2181,0,0,0,0,919,0
2182,0,0,0,29,782,0
2183,0,0,0,89,818,0
2184,0,0,0,57,588,0
2185,0,0,0,29,645,0
2186,0,0,0,6,1079,0
2187,0,0,0,10,1555,0
2188,0,0,0,17,2429,1
2189,0,0,0,91,3706,6
2190,0,0,0,57,4765,58
2191,0,0,0,61,5761,133
2192,0,0,0,2,6114,131
2193,0,0,0,1,6207,75
2194,0,0,0,4,5958,32
2195,0,0,0,24,5478,0
2196,0,0,0,4,5302,9
2197,0,0,0,0,5275,11
2198,0,0,0,0,5001,0
2199,0,0,0,0,4860,0
2200,0,0,0,0,4291,0
2201,0,0,0,0,3549,0
2202,0,0,0,0,2584,0
2203,0,0,0,14,1707,0
2204,0,0,0,78,1580,0
2205,0,0,0,245,2430,0
2206,0,0,0,459,2970,0
2207,0,0,0,681,3704,0
2208,0,0,0,835,4499,0
2209,0,0,0,864,5038,0
2210,0,0,0,663,4794,0
2211,0,0,0,648,4928,0
2212,0,0,0,426,5393,0
2213,0,0,0,361,6045,19
2214,0,0,0,302,6275,7
2215,0,0,0,179,6134,94
2216,0,0,0,85,6521,79
2217,0,0,0,101,5962,159
2218,0,0,0,322,5450,227
2219,0,0,0,264,5299,57
2220,0,0,0,127,3430,0
2221,0,0,0,267,1200,6
2222,0,0,0,496,1388,0
2223,0,0,0,457,1468,0
2224,0,0,0,314,2095,1
2225,0,0,0,370,1040,0
2226,0,0,0,285,566,0
2227,0,0,0,146,94,0
2228,0,0,0,180,55,2
2229,0,0,0,184,169,0
2230,0,0,0,55,209,3
2231,0,0,0,15,34,27
2232,0,0,0,7,8,2
2233,0,0,0,19,31,0
2234,0,0,0,77,193,0
2235,0,0,0,241,81,0
2236,0,0,0,419,35,0
2237,0,0,0,247,23,0
2238,0,0,0,136,10,0
2239,0,0,0,129,0,0
2240,0,0,0,70,0,0
2241,0,0,0,30,0,0
2242,0,0,0,4,0,0
2243,0,0,0,107,0,0
2244,0,0,0,31,0,0
2245,0,0,0,4,0,0
2246,0,0,0,120,0,0
2247,0,0,0,211,0,0
2248,0,0,0,182,4,0
2249,0,0,0,108,52,0
2250,0,0,0,1,50,0
2251,0,0,0,10,42,2
2252,0,0,0,68,27,0
2253,0,0,0,31,19,0
2254,0,0,0,65,2,0
2255,0,0,0,47,0,0
2256,0,0,0,0,0,0
2257,2,0,0,16,0,0
2258,0,0,0,14,2,0
2259,0,0,0,0,15,0
2260,0,0,0,15,0,0
2261,0,0,0,82,5,0
2262,0,0,0,118,81,0
2263,0,0,0,95,257,0
2264,0,0,0,133,162,0
2265,0,0,0,37,49,0
2266,0,0,0,8,48,0
2267,0,0,0,32,16,0
2268,0,0,0,65,0,0
2269,0,0,0,102,0,0
2270,0,0,0,132,27,0
2271,0,0,0,107,385,0
2272,0,0,0,131,622,0
2273,0,0,0,73,684,0
2274,0,0,0,5,386,0
2275,0,0,0,134,82,0
2276,0,0,0,289,0,0
2277,0,0,0,207,0,0
2278,0,0,0,125,0,0
2279,0,0,0,86,0,0
2280,0,0,0,112,8,0
2281,0,0,0,104,24,0
2282,0,0,0,110,10,0
2283,0,0,0,67,21,0
2284,0,0,0,56,34,0
2285,0,0,0,4,24,0
2286,0,0,0,7,3,0
2287,0,0,0,57,0,0
2288,0,0,0,47,0,0
2289,0,0,0,27,13,0
2290,0,0,0,0,7,0
2291,0,0,0,0,23,0
2292,0,0,0,3,3,0
2293,0,0,0,0,12,0
2294,0,0,0,2,25,0
2295,0,0,0,8,0,0
2296,0,0,0,2,4,0
2297,0,0,0,8,34,0
2298,0,0,0,0,65,0
2299,0,0,0,0,308,0
2300,0,0,0,35,679,0
2301,0,0,0,5,1075,0
2302,0,0,0,37,1420,0
2303,0,0,0,203,1612,0
2304,0,0,0,427,2546,0
2305,0,0,0,634,3591,0
2306,0,0,0,797,5816,1
2307,0,0,0,762,7210,243
2308,0,0,0,546,6444,312
2309,0,0,0,427,6751,294
2310,0,0,0,408,7838,15
2311,0,0,0,407,8687,48
2312,0,0,0,455,7489,10
2313,0,0,0,270,6703,60
2314,0,0,0,158,4536,68
2315,0,0,0,121,3624,4
2316,0,0,0,68,3259,0
2317,0,0,0,18,3729,12
2318,0,0,0,27,3241,0
2319,0,0,0,3,2882,33
2320,0,0,0,23,2276,71
2321,0,0,0,31,1478,61
2322,0,0,0,129,1320,28
2323,0,0,0,211,2187,1
2324,0,0,0,182,4142,13
2325,0,0,0,265,6419,49
2326,0,0,0,443,7413,51
2327,0,0,0,318,7703,71
2328,0,0,0,128,7087,176
2329,0,0,0,80,5844,460
2330,0,0,0,162,5105,423
2331,0,0,0,218,3074,34
2332,0,0,0,79,881,81
2333,0,0,0,149,879,379
2334,0,0,0,153,644,358
2335,0,0,0,630,1221,456
2336,0,0,0,829,2241,627
2337,0,0,0,587,2385,749
2338,0,0,0,204,2696,622
2339,0,0,0,56,2210,403
2340,0,0,0,17,2301,509
2341,0,0,0,0,2593,345
2342,0,0,0,77,2942,82
2343,0,0,0,138,3286,53
2344,0,0,0,268,3478,146
2345,0,0,0,260,5098,194
2346,0,0,0,246,5366,33
2347,0,0,0,117,4726,70
2348,0,0,0,173,3336,72
2349,0,0,0,215,1904,117
2350,0,0,0,355,2207,65
2351,0,0,0,516,3279,112
2352,0,0,0,747,3857,110
2353,0,0,0,866,3501,182
2354,0,0,0,1140,2890,382
2355,0,0,0,1208,2494,603
2356,0,0,0,1167,2450,354
2357,0,0,0,1037,1554,8
2358,0,0,0,823,815,9
2359,0,0,0,683,804,6
2360,0,0,0,282,645,509
2361,0,0,0,111,573,79
2362,0,0,0,57,801,77
2363,0,0,0,153,1486,123
2364,0,0,0,203,876,33
2365,0,0,0,198,279,3
2366,0,0,0,167,252,8
2367,0,0,0,131,63,0
2368,0,0,0,196,56,0
2369,0,0,0,63,57,0
2370,0,0,0,87,47,0
2371,0,0,0,116,256,41
2372,0,0,0,66,231,23
2373,0,0,0,18,152,0
2374,0,0,0,0,138,0
2375,0,0,0,6,97,0
2376,0,0,0,2,6,0
2377,0,0,0,0,9,15
2378,0,0,0,16,17,9
2379,0,0,0,67,0,0
2380,0,0,0,137,0,0
2381,0,0,0,86,59,0
2382,0,0,0,216,70,0
2383,0,0,0,385,81,0
2384,0,0,0,682,166,0
2385,0,0,0,885,9,0
2386,0,0,0,1103,103,0
2387,0,0,0,1159,435,0
2388,0,0,0,1110,585,0
2389,0,0,0,952,736,0
2390,0,0,0,1193,598,0
2391,0,0,0,990,473,0
2392,0,0,0,540,291,0
2393,0,0,0,286,235,0
2394,0,0,0,134,66,0
2395,0,0,0,15,29,0
2396,0,0,0,7,0,0
2397,0,0,0,0,0,0
2398,0,0,0,0,3,0
2399,0,0,0,9,10,0
2400,0,0,0,0,13,0
2401,0,0,0,5,28,0
2402,0,0,0,10,25,0
2403,0,0,0,0,0,0
2404,0,0,0,1,0,0
2405,0,0,0,18,3,0
2406,0,0,0,0,1,0
2407,0,0,0,5,0,0
2408,0,0,0,94,0,0
2409,0,0,0,124,0,0
2410,0,0,0,44,3,0
2411,0,0,0,0,14,0
2412,0,0,0,0,0,0
2413,0,0,0,12,0,0
2414,0,0,0,19,18,0
2415,0,0,0,24,9,0
2416,0,0,0,31,0,1
2417,0,0,0,36,0,0
2418,0,0,0,7,36,0
2419,0,0,0,0,114,0
2420,0,0,0,0,147,0
2421,0,0,0,0,0,0
2422,0,0,0,0,0,0
2423,0,0,0,0,0,0
2424,0,0,0,0,1,0
2425,0,0,0,0,0,0
2426,0,0,0,0,0,0
2427,0,0,0,0,8,0
2428,0,0,0,10,0,0
2429,0,0,0,69,99,0
2430,0,0,0,29,44,0
2431,0,0,0,22,61,0
2432,0,0,0,26,69,0
2433,0,0,0,10,9,0
2434,0,0,0,12,8,0
2435,0,0,0,2,7,0
2436,0,0,0,0,0,0
2437,0,0,0,0,4,0
2438,0,0,0,0,0,0
2439,0,0,0,0,0,0
2440,0,0,0,22,0,0
2441,0,0,0,3,20,0
2442,0,0,0,14,0,0
2443,0,0,0,62,0,0
2444,0,0,0,62,14,0
2445,0,0,0,56,3,0
2446,0,0,0,48,14,0
2447,0,0,0,65,7,0
2448,0,0,0,57,0,0
2449,0,0,0,139,0,0
2450,0,0,0,203,10,0
2451,0,0,0,257,14,0
2452,0,0,0,203,40,0
2453,0,0,0,180,106,1
2454,0,0,0,110,57,0
2455,0,0,0,14,108,3
2456,0,0,0,28,169,0
2457,0,0,0,21,255,7
2458,0,0,0,19,235,40
2459,0,0,0,27,313,13
2460,0,0,0,18,499,0
2461,0,0,0,8,239,10
2462,0,0,0,2,0,0
2463,0,0,0,0,0,0
2464,0,0,0,0,9,0
2465,0,0,0,21,215,0
2466,0,0,0,29,42,0
2467,0,0,0,35,61,0
2468,0,0,0,31,28,0
2469,0,0,0,34,4,0
2470,0,0,0,28,0,0
2471,0,0,0,138,0,0
2472,0,0,0,221,0,0
2473,0,0,0,161,0,0
2474,0,0,0,55,10,0
2475,0,0,0,52,0,0
2476,0,0,0,59,0,4
2477,0,0,0,137,0,0
2478,0,0,0,132,0,0
2479,0,0,0,110,0,0
2480,0,0,0,43,1,0
2481,0,0,0,46,0,0
2482,0,0,0,132,10,0
2483,0,0,0,184,338,237
2484,0,0,0,20,949,1479
2485,0,0,0,63,982,758
2486,0,0,0,34,605,246
2487,0,0,0,30,855,97
2488,0,0,0,53,74,44
2489,0,0,0,10,458,48
2490,0,0,0,26,562,101
2491,0,0,0,57,79,52
2492,0,0,0,43,233,0
2493,0,0,0,13,10,0
2494,0,0,0,1,77,11
2495,0,0,0,18,44,61
2496,0,0,0,3,3,11
2497,0,0,0,0,0,0
2498,0,0,0,0,0,0
2499,0,0,0,0,0,0
2500,0,0,0,4,0,0
2501,0,0,0,0,0,0
2502,0,0,0,0,0,0
2503,0,0,0,0,15,0
2504,0,0,0,0,44,0
2505,0,0,0,0,10,0
2506,0,0,0,0,9,0
2507,0,0,0,5,5,0
2508,0,0,0,6,9,0
2509,0,0,0,3,0,0
2510,0,0,0,44,77,0
2511,0,0,0,13,192,0
2512,0,0,0,34,148,1
2513,0,0,0,46,141,0
2514,0,0,0,30,342,0
2515,0,0,0,19,314,0
2516,0,0,0,73,344,0
2517,0,0,0,159,136,0
2518,0,0,0,165,58,0
2519,0,0,0,288,184,0
2520,0,0,0,170,94,0
2521,0,0,0,142,75,0
2522,0,0,0,64,0,0
2523,0,0,0,29,0,0
2524,0,0,0,68,0,0
2525,0,0,0,128,1,0
2526,0,0,0,221,49,0
2527,0,0,0,418,134,0
2528,0,0,0,443,183,0
2529,0,0,0,368,9,0
2530,0,0,0,422,10,0
2531,0,0,0,178,70,0
2532,0,0,0,62,5,0
2533,0,0,0,99,30,3
2534,0,0,0,39,22,166
2535,0,0,0,0,6,11
2536,0,0,0,20,155,0
2537,0,0,0,101,188,0
2538,0,0,0,23,6,0
2539,0,0,0,17,0,13
2540,0,0,0,63,15,136
2541,0,0,0,78,128,47
2542,0,0,0,0,68,0
2543,0,0,0,0,18,0
2544,0,0,0,0,2,11
2545,0,0,0,0,31,0
2546,0,0,0,0,68,0
2547,0,0,0,0,0,0
2548,0,0,0,0,0,0
2549,0,0,0,0,8,0
2550,0,0,0,55,3,0
2551,0,0,0,1,11,0
2552,0,0,0,0,0,0
2553,0,0,0,2,0,0
2554,0,0,0,8,2,0
2555,0,0,0,2,33,0
2556,0,0,0,0,0,0
2557,0,0,0,0,0,0
2558,0,0,0,7,0,0
2559,0,0,0,12,0,0
2560,0,0,0,12,1,0
2561,0,0,0,74,80,0
2562,0,0,0,114,113,0
2563,0,0,0,345,156,0
2564,0,0,0,450,58,0
2565,0,0,0,427,17,0
2566,0,0,0,281,193,0
2567,0,0,0,127,402,0
2568,0,0,0,91,115,0
2569,0,0,0,227,295,0
2570,0,0,0,203,329,0
2571,0,0,0,139,284,0
2572,0,0,0,191,193,0
2573,0,0,0,74,74,0
2574,0,0,0,127,62,0
2575,0,0,0,139,125,0
2576,0,0,0,98,142,0
2577,0,0,0,160,34,0
2578,0,0,0,288,166,0
2579,0,0,0,250,245,0
2580,0,0,0,136,215,0
2581,0,0,0,43,133,0
2582,0,0,0,43,273,0
2583,0,0,0,5,218,0
2584,0,0,0,33,74,2
2585,0,0,0,41,11,121
2586,0,0,0,13,0,12
2587,0,0,0,2,48,0
2588,0,0,0,76,1,0
2589,0,0,0,40,0,0
2590,0,0,0,51,0,0
2591,0,0,0,10,1,0
2592,0,0,0,2,0,0
2593,0,0,0,1,0,0
2594,0,0,0,0,0,0
2595,0,0,0,17,0,0
2596,0,0,0,2,66,0
2597,0,0,0,31,4,0
2598,0,0,0,160,0,0
2599,0,0,0,292,0,0
2600,0,0,0,284,0,0
2601,0,0,0,277,8,0
2602,0,0,0,207,46,0
2603,0,0,0,172,169,0
2604,0,0,0,120,81,0
2605,0,0,0,55,33,0
2606,0,0,0,38,1,0
2607,0,0,0,4,24,0
2608,0,0,0,6,32,0
2609,0,0,0,0,47,0
2610,0,0,0,0,0,0
2611,0,0,0,0,2,0
2612,0,0,0,20,0,0
2613,0,0,0,42,0,0
2614,0,0,0,41,3,0
2615,0,0,0,28,0,0
2616,0,0,0,7,1,0
2617,0,0,0,44,12,0
2618,0,0,0,139,75,0
2619,0,0,0,46,39,0
2620,0,0,0,8,0,0
2621,0,0,0,0,0,0
2622,0,0,0,0,0,0
2623,0,0,0,0,36,0
2624,0,0,0,13,33,0
2625,0,0,0,0,0,0
2626,0,0,0,0,8,0
2627,0,0,0,0,2,0
2628,0,0,0,0,0,0
2629,0,0,0,0,1,0
2630,0,0,0,0,0,0
2631,0,0,0,0,0,0
2632,0,0,0,0,0,0
2633,0,0,0,0,0,0
2634,0,0,0,0,0,0
2635,0,0,0,0,0,0
2636,0,0,0,0,0,0
2637,0,0,0,0,0,0
2638,0,0,0,0,0,0
2639,0,0,0,0,0,0
2640,0,0,0,0,0,0
2641,5,0,0,0,2,0
2642,0,0,0,0,0,0
2643,0,0,0,0,0,0
2644,0,0,0,4,0,0
2645,0,0,0,37,0,0
2646,0,0,0,86,1,0
2647,0,0,0,224,0,0
2648,0,0,0,233,15,0
2649,0,0,0,204,0,0
2650,0,0,0,179,42,0
2651,0,0,0,193,62,0
2652,0,0,0,84,41,0
2653,0,0,0,59,8,0
2654,0,0,0,4,0,0
2655,0,0,0,9,0,0
2656,0,0,0,2,3,0
2657,0,0,0,4,1,0
2658,0,0,0,0,2,0
2659,0,0,0,0,1,0
2660,0,0,0,0,0,0
2661,0,41,0,65,0,0
2662,0,76,0,0,0,0
2663,0,32,0,0,0,0
2664,0,23,9,3,0,0
2665,0,50,19,0,0,0
2666,0,138,121,0,0,0
2667,0,285,72,0,0,0
2668,0,367,66,0,0,0
2669,0,225,28,0,0,0
2670,0,199,10,0,0,0
2671,0,400,0,0,5,0
2672,0,520,0,0,0,0
2673,0,195,0,0,0,0
2674,0,21,0,0,0,0
2675,0,3,2,0,0,0
2676,0,0,0,0,0,0
2677,0,6,0,0,3,0
2678,0,6,7,0,4,0
2679,0,34,0,0,18,0
2680,0,109,0,2,47,0
2681,0,43,0,2,59,0
2682,0,8,0,0,7,0
2683,0,66,0,0,0,0
2684,0,86,0,0,0,0
2685,0,64,0,0,0,0
2686,0,61,0,0,9,1
2687,0,53,0,0,0,0
2688,0,24,0,0,0,0
2689,0,5,0,0,0,0
2690,0,2,0,3,0,0
2691,0,38,0,0,0,0
2692,0,77,0,0,0,0
2693,0,191,0,7,0,0
2694,0,119,0,2,0,0
2695,0,40,0,0,0,0
2696,0,82,0,4,0,0
2697,0,42,0,0,2,0
2698,0,34,0,12,0,0
2699,0,17,0,21,0,0
2700,0,77,0,6,0,0
2701,0,75,0,2,10,0
2702,0,34,0,0,0,0
2703,0,12,0,0,12,0
2704,0,0,0,8,6,0
2705,0,0,0,0,39,0
2706,0,2,0,0,7,0
2707,0,11,0,0,0,0
2708,0,7,0,0,0,0
2709,0,13,0,0,0,0
2710,0,11,0,0,0,0
2711,0,0,0,27,0,0
2712,0,0,0,31,0,0
2713,0,0,0,0,0,0
2714,0,0,0,0,0,0
2715,0,0,0,7,0,0
2716,0,5,0,0,0,0
2717,0,0,0,0,0,0
2718,0,0,0,0,0,0
2719,0,0,0,0,0,0
2720,0,0,0,0,0,0
2721,0,0,0,0,0,0
2722,0,0,0,0,0,0
2723,0,0,0,0,0,0
2724,0,2,0,0,0,0
2725,0,88,0,0,0,0
2726,0,102,0,0,0,0
2727,0,22,0,0,0,0
2728,0,38,0,0,12,0
2729,0,42,0,0,8,0
2730,0,4,0,0,0,0
2731,0,1,0,0,9,0
2732,0,40,0,0,0,0
2733,0,90,0,0,0,0
2734,0,75,0,0,0,0
2735,0,0,0,0,1,0
2736,0,0,0,0,0,0
2737,0,0,0,0,0,0
2738,0,1,0,0,0,0
2739,0,27,0,0,0,0
2740,0,75,0,0,0,0
2741,0,62,0,0,0,0
2742,0,25,0,0,0,0
2743,0,0,0,0,0,0
2744,0,36,0,0,0,0
2745,0,29,0,0,3,0
2746,0,0,0,1,46,0
2747,0,0,0,3,0,0
2748,0,7,0,9,12,0
2749,0,9,0,1,0,0
2750,0,19,0,19,0,0
2751,0,15,0,0,0,0
2752,0,5,0,0,0,0
2753,0,10,0,0,0,0
2754,0,0,0,0,0,0
2755,0,0,0,0,0,0
2756,0,0,0,0,0,0
2757,0,0,0,0,0,0
2758,0,16,0,0,0,0
2759,0,3,0,0,0,0
2760,0,0,0,0,0,0
2761,0,0,0,3,1,0
2762,0,0,0,1,2,0
2763,0,0,0,19,0,0
2764,0,0,0,28,0,0
2765,0,0,0,0,0,0
2766,0,0,0,0,0,0
2767,0,0,0,5,4,0
2768,0,0,0,0,27,0
2769,0,0,0,0,11,0
2770,0,0,0,0,12,0
2771,0,0,0,5,12,0
2772,0,0,0,21,9,0
2773,0,0,0,6,9,0
2774,0,0,0,0,15,0
2775,0,3,0,1,47,0
2776,0,2,0,1,59,0
2777,0,6,0,23,101,0
2778,0,7,0,2,131,2
2779,0,12,0,81,184,0
2780,0,6,0,93,352,0
2781,0,10,0,178,283,0
2782,0,0,0,210,237,0
2783,0,0,0,255,509,0
2784,0,0,0,284,307,0
2785,0,0,0,386,361,0
2786,0,3,0,265,464,0
2787,0,0,0,299,492,0
2788,0,0,0,254,586,1
2789,0,0,0,240,906,7
2790,0,0,0,213,1142,33
2791,0,76,0,315,1814,36
2792,0,97,0,359,1653,65
2793,0,3,0,540,1964,61
2794,0,0,0,636,1925,43
2795,0,0,0,731,1984,68
2796,0,0,0,468,1704,41
2797,0,0,0,388,1865,21
2798,0,0,0,253,1908,15
2799,0,0,0,177,2107,5
2800,0,0,0,54,2317,0
2801,0,4,0,215,2142,0
2802,0,0,0,235,1554,0
2803,0,0,0,73,826,0
2804,0,0,0,27,750,0
2805,0,0,0,11,830,0
2806,0,0,0,23,1310,0
2807,0,0,0,18,1068,0
2808,0,0,0,0,945,0
2809,0,0,0,0,794,0
2810,0,0,0,27,748,0
2811,0,0,0,6,626,0
2812,0,0,0,67,756,0
2813,0,0,0,183,884,0
2814,0,0,0,304,995,0
2815,0,0,0,429,1250,0
2816,0,0,0,564,1307,0
2817,0,0,0,497,1092,0
2818,0,12,0,217,821,0
2819,0,0,0,49,154,0
2820,0,0,0,0,0,0
2821,0,0,0,0,124,0
2822,0,0,0,7,401,0
2823,0,0,0,23,486,0
2824,0,0,0,24,520,0
2825,0,0,0,52,323,0
2826,0,0,0,13,142,0
2827,0,0,0,0,3,0
2828,0,0,0,0,10,0
2829,0,0,0,0,39,0
2830,0,0,0,0,40,0
2831,0,0,0,15,91,0
2832,0,0,0,27,67,0
2833,0,0,0,159,103,0
2834,0,0,0,118,164,0
2835,0,0,0,211,263,0
2836,0,0,0,140,368,0
2837,0,0,0,153,381,0
2838,0,0,0,64,217,0
2839,0,0,0,42,197,0
2840,0,0,0,0,252,0
2841,0,0,0,0,141,0
2842,0,0,0,0,128,0
2843,0,0,0,0,417,3
2844,0,10,0,0,37,0
2845,0,3,0,0,208,0
2846,0,0,0,0,0,0
2847,0,0,0,0,106,0
2848,0,0,0,0,0,0
2849,0,0,0,0,117,0
2850,0,0,0,0,0,0
2851,0,0,0,0,60,0
2852,0,0,0,0,4,0
2853,0,0,0,0,46,0
2854,0,0,0,0,78,0
2855,0,0,0,1,14,0
2856,0,0,0,4,135,5
2857,0,0,0,0,23,0
2858,0,0,0,1,0,0
2859,0,0,0,0,2,0
2860,0,0,0,0,6,0
2861,0,0,0,0,0,0
2862,0,0,0,0,5,0
2863,0,0,0,6,15,0
2864,0,0,0,0,9,0
2865,0,0,0,0,8,0
2866,0,0,0,0,63,0
2867,0,0,0,0,0,0
2868,0,0,0,0,14,0
2869,0,0,0,0,2,0
2870,0,0,0,0,0,0
2871,0,0,0,1,0,0
2872,0,0,0,5,272,0
2873,0,0,0,71,55,0
2874,0,0,0,117,483,0
2875,0,0,0,198,394,1
2876,0,2,0,187,503,0
2877,0,0,0,118,118,0
2878,0,0,0,50,140,2
2879,0,0,0,61,6,0
2880,0,0,0,47,5,0
2881,0,0,0,55,45,0
2882,0,0,0,33,40,0
2883,0,0,0,44,30,0
2884,0,0,0,69,0,0
2885,0,0,0,106,1,0
2886,0,0,0,182,8,0
2887,0,0,0,145,33,0
2888,0,0,0,108,0,0
2889,0,0,0,80,206,0
2890,0,0,0,15,0,0
2891,0,0,0,7,314,0
2892,0,0,0,0,0,0
2893,0,0,0,0,232,0
2894,0,0,0,6,4,2
2895,0,0,0,0,25,0
2896,0,0,0,0,10,0
2897,0,0,0,4,6,0
2898,0,0,0,0,0,0
2899,0,0,0,1,5,0
2900,0,0,0,0,21,0
2901,0,0,0,0,10,0
2902,0,0,0,0,2,0
2903,0,0,0,0,1,0
2904,0,0,0,0,0,0
2905,0,0,0,0,0,0
2906,0,0,0,0,0,0
2907,0,0,0,0,0,0
2908,0,0,0,0,0,0
2909,0,0,0,0,0,0
2910,0,0,0,0,0,0
2911,0,0,0,0,1,0
2912,0,0,0,0,0,0
2913,0,0,0,0,0,0
2914,0,0,0,0,0,0
2915,0,0,0,0,0,0
2916,0,0,0,0,1,0
2917,0,0,0,0,0,0
2918,0,0,0,0,0,0
2919,0,0,0,0,0,0
2920,0,0,0,0,0,0
2921,0,0,0,0,0,0
2922,0,0,0,0,0,0
2923,0,0,0,0,0,0
2924,0,0,0,0,0,0
2925,0,0,0,0,0,0
2926,0,0,0,0,0,0
2927,0,0,0,0,0,0
2928,0,21,0,0,0,0
2929,0,14,0,0,0,0
2930,0,4,0,0,0,0
2931,0,0,0,0,0,0
2932,0,0,0,0,0,0
2933,0,0,0,0,0,0
2934,0,0,0,0,0,0
2935,0,0,0,0,0,0
2936,0,0,0,0,0,0
2937,0,0,0,0,0,0
2938,0,0,0,0,0,0
2939,0,0,0,0,0,0
2940,0,0,0,0,0,0
2941,0,0,0,0,44,0
2942,0,0,0,2,46,0
2943,0,0,0,0,20,0
2944,0,0,0,0,28,0
2945,0,0,0,20,130,0
2946,0,0,0,0,10,0
2947,0,0,0,0,43,0
2948,0,0,0,12,19,0
2949,0,0,0,58,7,0
2950,0,0,0,11,3,0
2951,0,0,0,15,32,0
2952,0,0,0,30,0,0
2953,0,0,0,39,0,0
2954,0,0,0,4,0,0
2955,0,0,0,12,0,0
2956,0,0,0,23,0,0
2957,0,0,0,1,9,0
2958,0,0,0,0,2,0
2959,0,0,0,0,6,0
2960,0,0,0,0,8,0
2961,0,0,0,0,0,0
2962,0,0,0,0,12,0
2963,0,0,0,0,2,0
2964,0,0,0,0,18,0
2965,0,0,0,0,51,0
2966,0,0,0,0,74,0
2967,0,0,0,0,72,0
2968,0,0,0,0,3,0
2969,0,0,0,0,0,0
2970,0,0,0,0,0,0
2971,0,0,0,0,9,0
2972,0,0,0,0,0,0
2973,0,0,0,0,0,0
2974,0,0,0,0,0,0
2975,0,0,0,0,0,0
2976,0,0,0,0,0,0
2977,0,0,0,0,0,0
2978,0,0,0,0,0,0
2979,0,0,0,0,0,0
2980,0,0,0,0,0,0
2981,0,0,0,0,0,0
2982,0,0,0,0,0,0
2983,0,0,0,0,0,0
2984,0,0,0,0,1,0
2985,0,0,0,0,0,0
2986,0,6,0,0,0,0
2987,0,6,0,0,0,0
2988,0,0,0,0,0,0
2989,0,0,0,0,0,0
2990,0,0,0,0,0,0
2991,0,0,0,0,0,0
2992,0,0,0,0,0,0
2993,0,0,0,1,0,0
2994,0,0,0,12,0,0
2995,0,0,0,0,8,0
2996,0,0,0,0,14,0
2997,0,0,0,0,0,0
2998,0,0,0,0,0,0
2999,0,0,0,0,0,0
3000,0,0,0,0,0,0
3001,0,0,0,0,0,0
3002,0,0,0,0,0,0
3003,0,0,0,0,0,0
3004,0,0,0,0,0,0
3005,0,0,0,0,0,0
3006,0,0,0,0,0,0
3007,0,0,0,0,0,0
3008,0,0,0,0,0,0
3009,0,0,0,0,0,0
3010,0,0,0,0,0,0
3011,0,0,0,0,0,0
3012,0,0,0,0,0,0
3013,0,0,0,0,0,0
3014,0,0,0,0,0,0
3015,0,0,0,0,0,0
3016,0,0,0,0,0,0
3017,0,0,0,0,0,0
3018,0,0,0,0,2,0
3019,0,0,0,0,0,0
3020,0,0,0,0,0,0
3021,0,0,0,0,0,0
3022,0,0,0,0,0,0
3023,0,0,0,0,0,0
3024,0,0,0,0,0,0
3025,0,0,0,0,0,0
3026,0,0,0,0,0,0
3027,0,0,0,13,0,0
3028,0,0,0,49,0,0
3029,0,0,0,0,0,0
3030,0,0,0,0,0,0
3031,0,0,0,0,0,0
3032,0,0,0,0,0,0
3033,0,0,0,0,0,0
3034,0,0,0,0,0,0
3035,0,0,0,0,0,0
3036,0,0,0,0,0,0
3037,0,0,0,0,0,0
3038,0,0,0,0,0,0
3039,0,0,0,1,0,0
3040,0,0,0,0,0,0
3041,0,0,0,0,0,0
3042,0,0,0,0,0,0
3043,0,0,0,0,6,0
3044,0,0,0,0,4,0
3045,0,0,0,0,7,0
3046,0,0,0,0,23,0
3047,0,0,0,0,1,0
3048,0,0,0,0,0,0
3049,0,0,0,0,0,0
3050,0,0,0,0,89,0
3051,0,0,0,0,189,0
3052,0,0,0,0,254,0
3053,0,0,0,0,330,0
3054,0,0,0,0,170,0
3055,0,0,0,0,200,0
3056,0,0,0,0,425,0
3057,0,0,0,0,203,0
3058,0,0,0,0,64,0
3059,0,0,0,0,10,0
3060,0,0,0,0,0,0
3061,0,0,0,0,8,0
3062,0,0,0,0,0,0
3063,0,0,0,0,0,0
3064,0,0,0,0,0,0
3065,0,0,0,0,0,0
3066,0,0,0,0,3,0
3067,0,0,0,0,2,0
3068,0,0,0,0,0,0
3069,0,0,0,0,3,0
3070,0,0,0,0,0,0
3071,0,0,0,0,0,0
3072,0,0,0,0,0,0
3073,0,0,0,0,0,0
3074,0,0,0,0,0,0
3075,0,0,0,0,0,0
3076,0,0,0,27,0,0
3077,0,0,0,0,0,0
3078,0,0,0,0,4,0
3079,0,0,0,0,1,0
3080,0,0,0,0,0,0
3081,0,0,0,0,0,0
3082,0,0,0,0,0,0
3083,0,0,0,0,0,0
3084,0,0,0,0,0,0
3085,0,0,0,0,0,0
3086,0,0,0,0,0,0
3087,0,0,0,0,0,0
3088,0,0,0,0,36,0
3089,0,0,0,0,111,0
3090,0,0,0,0,59,0
3091,0,0,0,0,37,0
3092,0,0,0,0,39,0
3093,0,0,0,0,0,0
3094,0,0,0,0,0,0
3095,0,0,0,0,74,0
3096,0,0,0,0,235,0
3097,0,0,0,0,127,0
3098,0,0,0,0,13,0
3099,0,0,0,0,19,0
3100,0,0,0,31,44,0
3101,0,0,0,21,29,0
3102,0,0,0,0,13,0
3103,0,0,0,0,0,0
3104,0,0,0,0,0,0
3105,0,0,0,0,0,0
3106,0,0,0,10,1,0
3107,0,0,0,0,0,0
3108,0,0,0,0,0,0
3109,0,0,0,0,0,0
3110,0,0,0,0,0,0
3111,0,0,0,89,0,0
3112,0,0,0,131,0,0
3113,0,0,0,68,0,0
3114,0,0,0,6,0,0
3115,0,0,0,0,3,0
3116,0,0,0,0,0,0
3117,0,0,0,0,0,0
3118,0,0,0,0,0,0
3119,0,0,0,0,0,0
3120,0,0,0,0,0,0
3121,0,0,0,0,0,0
3122,0,0,0,0,0,0
3123,0,0,0,0,0,0
3124,0,0,0,0,0,0
3125,0,0,0,0,0,0
3126,0,0,0,0,0,0
3127,0,0,0,0,0,0
3128,0,0,0,0,0,0
3129,0,0,0,0,0,0
3130,0,0,0,0,0,0
3131,0,0,0,0,0,0
3132,0,0,0,0,0,0
3133,0,0,0,0,0,0
3134,0,0,0,0,0,0
3135,0,0,0,0,0,0
3136,0,0,0,1,0,0
3137,0,0,0,9,0,0
3138,0,0,0,2,0,0
3139,0,0,0,5,0,0
3140,0,0,0,0,0,0
3141,0,0,0,0,0,0
3142,0,0,0,0,0,0
3143,0,0,0,0,0,0
3144,0,0,0,0,0,0
3145,0,0,0,0,0,0
3146,0,0,0,0,0,0
3147,0,0,0,0,0,0
3148,0,0,0,0,0,0
3149,0,0,0,0,0,0
3150,0,0,0,0,0,0
3151,0,0,0,0,0,0
3152,0,0,0,0,0,0
3153,0,0,0,0,0,0
3154,0,0,0,0,0,0
3155,0,0,0,0,6,0
3156,0,0,0,0,9,0
3157,0,0,0,0,25,0
3158,0,0,0,0,0,0
3159,15,0,0,0,0,0
3160,0,0,0,0,1,0
3161,0,0,0,0,0,0
3162,0,0,0,0,5,0
3163,0,0,0,0,8,0
3164,0,0,0,0,4,0
3165,0,0,0,0,2,0
3166,0,0,0,0,6,0
3167,0,0,0,0,0,0
3168,0,0,0,0,0,0
3169,0,0,0,0,0,0
3170,0,0,0,0,0,0
3171,0,0,0,0,3,0
3172,0,0,0,0,18,0
3173,0,0,0,0,128,0
3174,0,0,0,0,71,0
3175,0,0,0,0,34,0
3176,0,0,0,0,7,0
3177,0,0,0,0,0,0
3178,0,0,0,0,0,0
3179,0,0,0,0,0,0
3180,0,0,0,0,12,0
3181,0,0,0,2,69,0
3182,0,0,0,4,61,0
3183,0,0,0,0,28,0
3184,0,0,0,0,0,0
3185,0,0,0,0,0,0
3186,0,0,0,0,0,0
3187,0,0,0,0,23,0
3188,0,0,0,0,11,0
3189,0,0,0,0,1,0
3190,0,0,0,0,4,0
3191,0,0,0,0,0,0
3192,0,0,0,0,0,0
3193,0,0,0,0,0,0
3194,0,0,0,0,0,0
3195,0,0,0,0,33,0
3196,0,0,0,0,69,0
3197,0,0,0,0,82,0
3198,0,0,0,0,69,0
3199,0,0,0,0,38,0
3200,0,0,0,0,23,0
3201,0,0,0,0,0,0
3202,0,0,0,0,0,0
3203,0,0,0,0,3,0
3204,0,0,0,0,9,0
3205,0,0,0,0,1,0
3206,0,0,0,0,0,0
3207,0,0,0,0,0,0
3208,0,0,0,0,0,0
3209,0,0,0,0,0,0
3210,0,0,0,0,0,0
3211,0,0,0,0,6,0
3212,0,0,0,0,0,0
3213,0,0,0,0,24,0
3214,0,0,0,0,61,0
3215,0,0,0,0,71,0
3216,0,0,0,0,18,0
3217,0,0,0,0,0,0
3218,0,0,0,0,0,0
3219,0,0,0,0,0,0
3220,0,0,0,0,17,0
3221,0,0,0,0,50,0
3222,0,0,0,0,14,0
3223,0,0,0,0,31,0
3224,0,0,0,0,80,0
3225,0,0,0,0,140,0
3226,0,0,0,0,134,0
3227,0,0,0,0,14,0
3228,0,0,0,0,0,0
3229,0,0,0,0,8,0
3230,0,0,0,0,23,0
3231,0,0,0,0,0,0
3232,0,0,0,2,0,0
3233,0,0,0,0,0,0
3234,0,0,0,0,0,0
3235,0,0,0,0,0,0
3236,0,0,0,0,0,0
3237,0,0,0,0,0,0
3238,0,0,0,0,0,0
3239,0,0,0,0,3,0
3240,0,0,0,0,178,0
3241,0,0,0,0,233,0
3242,0,0,0,0,148,0
3243,0,0,0,0,27,0
3244,0,0,0,0,1,0
3245,0,0,0,0,17,0
3246,0,0,0,0,4,0
3247,0,0,0,0,0,0
3248,0,0,0,0,33,0
3249,0,0,0,0,55,0
3250,0,0,0,0,90,0
3251,0,0,0,0,115,0
3252,0,0,0,0,212,0
3253,0,0,0,0,66,0
3254,0,0,0,0,0,0
3255,0,0,0,0,0,0
3256,0,0,0,0,25,0
3257,0,0,0,0,141,0
3258,0,0,0,0,129,0
3259,0,0,0,0,39,0
3260,0,0,0,0,0,0
3261,0,0,0,0,0,0
3262,0,0,0,0,8,0
3263,0,0,0,0,0,0
3264,0,0,0,0,0,0
3265,0,0,0,0,0,0
3266,0,0,0,0,0,0
3267,0,0,0,0,0,0
3268,0,0,0,17,0,0
3269,0,0,0,11,0,0
3270,0,0,0,0,0,0
3271,0,0,0,0,8,0
3272,0,0,0,0,9,0
3273,0,0,0,0,30,0
3274,0,0,0,0,49,0
3275,0,0,0,0,19,0
3276,0,0,0,0,0,0
3277,0,0,0,0,0,0
3278,0,0,0,0,0,0
3279,0,0,0,0,0,0
3280,0,0,0,0,0,0
3281,0,0,0,0,0,0
3282,0,0,0,0,0,0
3283,0,0,0,0,0,0
3284,0,0,0,0,0,0
3285,0,0,0,0,0,0
3286,0,0,0,0,0,0
3287,0,0,0,0,0,0
3288,1,0,0,0,0,0
3289,0,4,0,0,0,0
3290,0,0,0,0,0,0
3291,0,0,0,0,0,0
3292,0,0,0,0,1,0
3293,0,0,0,0,0,0
3294,0,0,0,0,0,0
3295,0,0,0,0,0,0
3296,0,0,0,0,0,0
3297,0,0,0,0,0,0
3298,0,0,0,0,0,0
3299,0,0,0,0,32,0
3300,0,0,0,0,0,0
3301,0,0,0,53,12,0
3302,0,0,0,0,5,0
3303,0,0,0,0,3,0
3304,0,0,0,2,0,0
3305,0,0,0,38,60,0
3306,0,0,0,77,8,0
3307,0,0,0,43,0,0
3308,0,0,0,46,0,0
3309,0,0,0,6,0,0
3310,0,0,0,0,0,0
3311,0,0,0,0,0,0
3312,0,0,0,16,2,0
3313,0,0,0,35,30,0
3314,0,0,0,11,10,0
3315,0,0,0,2,0,0
3316,0,0,0,0,3,0
3317,0,0,0,0,42,0
3318,0,0,0,0,12,0
3319,0,0,0,0,35,0
3320,0,0,0,0,11,0
3321,0,0,0,0,25,0
3322,0,0,0,0,138,0
3323,0,0,0,0,130,0
3324,0,0,0,2,37,0
3325,0,0,0,0,1,0
3326,0,0,0,9,4,0
3327,0,0,0,0,24,0
3328,0,0,0,0,83,0
3329,0,0,0,0,60,0
3330,0,0,0,0,13,0
3331,0,0,0,0,36,0
3332,0,0,0,0,0,2
3333,0,0,0,0,0,0
3334,0,0,0,0,0,0
3335,0,0,0,0,0,0
3336,0,0,0,0,0,0
3337,0,0,0,0,0,0
3338,0,0,0,0,0,0
3339,0,0,0,0,0,0
3340,0,0,0,0,0,0
3341,0,0,0,0,0,0
3342,0,0,0,0,0,0
3343,0,0,0,0,0,0
3344,0,0,0,0,0,0
3345,0,0,0,0,0,0
3346,0,0,0,0,0,0
3347,0,0,0,0,0,0
3348,0,0,0,0,0,0
3349,0,0,0,0,0,0
3350,0,0,0,0,0,0
3351,0,0,0,0,0,0
3352,0,0,0,0,0,0
3353,0,0,0,0,0,0
3354,0,0,0,0,0,0
3355,0,0,0,0,0,0
3356,0,0,0,0,0,0
3357,0,0,0,0,4,0
3358,0,0,0,0,0,0
3359,0,0,0,0,0,0
3360,0,0,0,0,0,0
3361,0,0,0,0,50,0
3362,0,0,0,0,5,0
3363,0,0,0,0,0,0
3364,0,0,0,0,0,0
3365,0,0,0,0,41,0
3366,0,0,0,0,0,0
3367,0,0,0,0,0,0
3368,0,0,0,0,0,0
3369,0,0,0,0,0,0
3370,0,0,0,0,0,0
3371,0,0,0,1,6,0
3372,0,0,0,0,0,0
3373,0,0,0,0,0,0
3374,0,0,0,0,0,0
3375,0,0,0,0,0,0
3376,0,0,0,0,0,0
3377,0,0,0,0,4,0
3378,0,0,0,0,0,0
3379,0,0,0,0,0,0
3380,0,0,0,0,0,0
3381,0,0,0,0,0,0
3382,0,0,0,0,0,0
3383,0,0,0,0,0,0
3384,0,0,0,0,0,0
3385,0,0,0,0,0,0
3386,0,0,0,0,6,0
3387,0,0,0,0,0,0
3388,0,0,0,0,14,0
3389,0,0,0,0,19,0
3390,0,0,0,0,0,0
3391,0,0,0,37,26,0
3392,0,0,0,0,11,0
3393,0,0,0,0,0,0
3394,0,0,0,0,0,0
3395,0,0,0,0,0,0
3396,0,0,0,0,0,0
3397,0,0,0,0,0,0
3398,0,0,0,0,0,0
3399,0,0,0,0,0,0
3400,0,0,0,0,0,0
3401,0,0,0,0,0,0
3402,0,0,0,0,0,0
3403,0,0,0,0,0,0
3404,0,0,0,0,0,0
3405,0,0,0,0,0,0
3406,0,0,0,0,0,0
3407,0,0,0,0,0,0
3408,0,0,0,0,0,0
3409,0,0,0,0,0,0
3410,0,0,0,0,0,0
3411,3,0,0,0,0,0
3412,13,0,0,0,0,0
3413,0,0,0,0,0,0
3414,0,0,0,0,0,0
3415,0,0,0,0,2,0
3416,0,0,0,0,0,0
3417,0,0,0,0,0,0
3418,0,0,0,0,0,0
3419,0,0,0,0,0,0
3420,0,0,0,0,0,0
3421,0,0,0,0,1,0
3422,0,0,0,0,0,0
3423,0,0,0,0,0,0
3424,0,0,0,0,0,0
3425,0,0,0,0,0,0
3426,0,0,0,0,3,0
3427,0,0,0,0,0,0
3428,4,0,0,9,0,0
3429,6,0,0,14,0,0
3430,6,0,0,0,8,0
3431,0,0,0,0,0,0
3432,0,0,0,0,14,0
3433,0,0,0,0,0,0
3434,0,0,0,0,0,0
3435,0,0,0,0,0,0
3436,0,0,0,0,4,0
3437,0,0,0,0,4,0
3438,0,0,0,0,1,0
3439,0,0,0,0,0,0
3440,0,0,0,0,0,0
3441,0,0,0,0,0,0
3442,0,0,0,0,0,0
3443,0,0,0,0,0,0
3444,0,0,0,0,0,0
3445,0,0,0,0,0,0
3446,0,0,0,0,0,0
3447,0,0,0,0,0,0
3448,0,0,0,0,0,0
3449,0,0,0,0,0,0
3450,0,0,0,0,0,0
3451,0,0,0,0,3,0
3452,0,0,0,0,3,0
3453,7,0,0,0,0,0
3454,0,0,0,0,0,0
3455,0,0,0,0,27,0
3456,0,0,0,0,3,0
3457,0,0,0,0,0,0
3458,0,0,0,4,27,0
3459,0,0,0,0,5,0
3460,0,0,0,0,0,0
3461,0,2,0,0,32,0
3462,0,0,0,0,2,0
3463,0,0,0,0,0,0
3464,0,10,0,0,2,0
3465,0,4,0,0,2,0
3466,0,2,0,0,11,0
3467,0,0,0,0,2,0
3468,0,0,0,0,0,0
3469,0,0,0,0,39,0
3470,0,0,0,0,56,0
3471,0,0,0,0,146,0
3472,0,0,0,0,125,0
3473,0,0,0,0,112,0
3474,0,0,0,0,122,0
3475,0,0,0,0,75,0
3476,0,0,0,0,12,0
3477,0,0,0,0,0,0
3478,0,0,0,0,12,0
3479,0,0,0,0,90,0
3480,0,0,0,2,44,0
3481,0,0,0,0,74,0
3482,0,0,0,8,25,0
3483,0,0,0,13,3,0
3484,0,0,0,14,10,0
3485,0,0,0,2,3,0
3486,0,0,0,0,8,0
3487,0,0,0,0,0,0
3488,0,4,0,0,0,0
3489,0,0,0,0,0,0
3490,0,0,0,0,0,0
3491,0,0,0,0,0,0
3492,0,0,0,0,0,0
3493,0,0,0,1,0,0
3494,0,0,0,0,18,0
3495,0,0,0,0,0,0
3496,0,0,0,1,29,0
3497,0,0,0,0,22,0
3498,0,0,0,0,66,0
3499,0,0,0,0,27,0
3500,0,22,0,0,69,0
3501,0,20,0,0,0,0
3502,0,4,0,0,11,0
3503,0,0,0,0,17,0
3504,0,0,0,0,10,0
3505,0,0,0,0,1,0
3506,0,0,0,0,0,0
3507,0,0,0,0,0,0
3508,0,0,0,0,0,0
3509,0,0,0,0,0,0
3510,0,0,0,1,0,0
3511,0,0,0,0,0,0
3512,0,0,0,0,0,0
3513,0,0,0,0,0,0
3514,0,0,0,0,0,0
3515,0,0,0,1,0,0
3516,0,0,0,0,0,0
3517,0,0,0,14,0,0
3518,0,0,0,3,0,0
3519,0,0,0,0,0,0
3520,0,0,0,0,0,0
3521,2,0,0,1,18,0
3522,6,0,0,0,0,0
3523,15,5,0,0,18,0
3524,102,29,0,0,0,0
3525,158,38,0,0,3,0
3526,214,53,0,0,4,0
3527,280,47,0,0,8,0
3528,411,7,0,0,3,0
3529,529,1,0,0,0,0
3530,716,1,0,0,0,0
3531,771,0,0,0,0,0
3532,724,125,0,0,0,0
3533,589,274,0,0,0,0
3534,455,379,0,0,0,0
3535,483,310,0,0,0,0
3536,508,170,0,0,0,0
3537,368,131,0,0,0,0
3538,178,48,0,0,0,0
3539,158,0,0,4,0,0
3540,39,0,0,0,0,0
3541,0,0,0,0,1,0
3542,0,0,0,0,1,0
3543,0,0,0,0,36,0
3544,0,6,0,0,33,0
3545,74,74,0,0,102,0
3546,158,56,0,0,6,0
3547,270,57,0,0,1,0
3548,420,171,0,0,10,0
3549,595,306,0,4,0,0
3550,751,444,0,25,0,0
3551,814,546,0,98,0,0
3552,938,670,0,155,3,0
3553,820,734,0,162,11,0
3554,778,729,0,234,147,0
3555,771,787,0,280,53,0
3556,586,782,0,292,194,0
3557,566,926,0,134,134,0
3558,526,770,0,40,147,0
3559,467,490,0,2,12,0
3560,348,327,0,0,3,0
3561,226,71,0,2,0,0
3562,140,79,0,5,2,0
3563,65,118,0,219,41,0
3564,3,50,0,269,8,0
3565,0,1,0,454,79,0
3566,0,11,0,468,131,0
3567,0,44,0,546,27,0
3568,6,153,0,485,21,0
3569,53,99,0,386,85,0
3570,98,22,0,224,21,0
3571,114,62,0,120,38,0
3572,127,88,0,8,3,0
3573,158,41,0,0,0,0
3574,158,121,0,0,0,0
3575,156,144,0,0,0,0
3576,169,118,0,0,3,0
3577,186,41,0,6,3,0
3578,195,31,0,0,0,0
3579,208,65,0,0,1,0
3580,219,13,0,0,0,0
3581,150,78,0,0,0,0
3582,95,33,0,0,0,0
3583,39,54,0,0,0,0
3584,8,27,0,7,0,0
3585,0,0,0,0,1,0
3586,0,0,0,0,3,0
3587,0,0,0,5,0,0
3588,0,0,0,1,0,0
3589,0,6,0,0,0,0
3590,0,43,0,0,0,0
3591,0,116,0,0,0,0
3592,0,72,0,0,0,0
3593,0,67,0,0,0,0
3594,0,20,0,0,0,0
3595,0,0,0,2,0,0
3596,0,19,0,4,0,0
3597,13,27,0,0,0,0
3598,16,22,0,0,0,0
3599,0,0,0,0,0,0
3600,0,0,0,0,0,0
3601,0,15,0,1,28,0
3602,0,49,0,0,7,0
3603,61,64,0,0,0,0
3604,164,11,0,0,1,0
3605,351,4,0,0,8,0
3606,562,39,0,0,12,0
3607,647,243,0,0,7,0
3608,674,333,0,0,25,0
3609,487,238,8,0,0,0
3610,353,128,9,0,10,0
3611,150,54,3,0,19,0
3612,125,296,8,0,2,0
3613,141,540,3,3,23,0
3614,153,746,0,3,28,0
3615,158,521,0,0,4,0
3616,115,237,0,0,2,0
3617,49,116,0,1,2,0
3618,12,168,0,0,0,0
3619,0,161,0,0,0,0
3620,0,146,0,0,0,0
3621,0,120,0,1,1,0
3622,0,112,0,0,0,0
3623,0,220,0,0,0,0
3624,0,22,0,0,0,0
3625,0,11,0,0,0,0
3626,0,24,0,0,0,0
3627,0,88,0,0,0,0
3628,0,1,0,0,0,0
3629,0,0,0,0,0,0
3630,0,14,0,0,0,0
3631,0,51,0,0,1,4
3632,0,104,0,0,13,0
3633,0,91,0,1,1,0
3634,0,87,0,17,4,0
3635,0,191,0,0,9,0
3636,0,194,5,1,0,0
3637,0,62,4,0,1,0
3638,0,7,0,0,62,0
3639,0,0,0,0,3,0
3640,0,5,0,0,0,0
3641,0,71,41,0,16,0
3642,0,52,54,0,6,0
3643,0,8,30,0,2,0
3644,0,27,67,0,0,0
3645,0,2,39,0,2,0
3646,0,0,0,0,2,0
3647,0,0,0,0,0,0
3648,0,0,0,0,0,0
3649,0,0,7,0,0,0
3650,0,17,60,0,0,0
3651,0,0,0,0,0,0
3652,0,0,0,0,0,0
3653,0,0,0,0,0,0
3654,0,5,0,0,0,0
3655,0,0,0,0,0,0
3656,0,3,0,0,0,0
3657,0,17,0,0,0,0
3658,0,20,29,0,0,0
3659,0,58,71,0,0,0
3660,0,15,37,0,0,0
3661,0,0,0,0,0,0
3662,0,0,0,0,0,0
3663,0,0,0,0,0,0
3664,0,0,0,0,0,0
3665,0,0,0,0,0,0
3666,0,0,0,0,0,0
3667,1,0,0,34,0,0
3668,0,0,0,0,0,0
3669,0,0,0,0,0,0
3670,0,0,0,0,0,0
3671,0,0,0,0,0,0
3672,0,0,0,0,0,0
3673,0,0,0,0,0,0
3674,0,0,0,0,1,0
3675,0,0,0,0,0,0
3676,0,5,19,0,53,0
3677,0,1,11,0,5,0
3678,0,0,0,0,4,0
3679,0,0,0,0,0,0
3680,0,0,0,0,49,0
3681,14,0,0,0,0,0
3682,0,0,0,0,7,0
3683,0,0,0,0,0,0
3684,0,0,0,0,0,0
3685,0,0,14,0,0,0
3686,0,0,19,0,0,0
3687,0,0,0,0,3,0
3688,0,0,0,0,0,0
3689,0,0,0,0,0,0
3690,0,0,0,0,0,0
3691,0,0,0,0,0,0
3692,0,0,0,0,0,0
3693,0,0,0,0,0,0
3694,0,0,0,0,0,0
3695,0,0,0,0,0,0
3696,0,0,0,0,0,0
3697,0,0,0,0,0,0
3698,0,0,0,0,0,0
3699,0,0,0,0,0,0
3700,0,0,0,0,0,0
3701,0,0,0,0,11,0
3702,0,0,0,0,2,0
3703,0,0,0,0,5,0
3704,0,0,0,0,0,0
3705,0,0,0,0,0,0
3706,0,0,0,0,10,0
3707,0,0,0,0,1,0
3708,0,0,0,0,8,0
3709,0,0,0,0,2,0
3710,0,2,4,0,9,0
3711,0,0,0,0,0,0
3712,0,0,0,0,7,0
3713,0,0,0,0,2,0
3714,0,0,0,0,0,0
3715,0,0,0,0,0,0
3716,0,5,10,0,0,0
3717,0,0,0,0,0,0
3718,0,0,0,0,0,0
3719,0,0,0,0,0,0
3720,0,0,0,21,0,0
3721,0,0,0,0,2,0
3722,0,0,0,0,0,0
3723,0,0,0,0,0,0
3724,0,0,0,0,0,0
3725,0,0,0,0,0,0
3726,0,0,0,0,0,0
3727,0,0,0,0,0,0
3728,0,0,0,0,0,0
3729,0,0,0,0,0,0
3730,0,0,0,0,0,0
3731,0,0,0,2,0,0
3732,0,0,0,3,0,0
3733,0,0,0,0,0,0
3734,0,0,0,0,0,0
3735,0,29,2,0,0,0
3736,0,26,0,0,0,0
3737,0,12,0,0,0,0
3738,0,0,0,0,1,0
3739,0,0,0,0,10,0
3740,0,0,0,0,3,0
3741,0,0,0,0,8,0
3742,0,0,0,0,0,0
3743,0,0,0,0,5,0
3744,0,0,0,0,6,0
3745,0,0,0,0,15,0
3746,0,0,0,0,2,0
3747,0,0,0,0,35,0
3748,0,0,0,42,0,0
3749,0,0,0,33,10,0
3750,0,0,0,0,6,0
3751,0,7,0,0,9,0
3752,0,0,0,0,1,0
3753,0,0,0,0,0,0
3754,0,0,0,0,0,0
3755,0,0,0,0,0,0
3756,0,4,0,0,0,0
3757,0,1,0,0,0,0
3758,0,0,0,0,0,0
3759,0,0,0,0,0,0
3760,0,6,0,0,0,0
3761,0,0,0,0,0,0
3762,0,0,0,0,0,0
3763,0,0,0,0,0,0
3764,0,0,0,0,0,0
3765,0,0,0,0,0,0
3766,0,9,0,0,2,0
3767,0,0,0,0,13,0
3768,0,0,0,0,0,0
3769,0,0,0,1,5,0
3770,0,0,0,0,17,0
3771,0,0,0,0,12,0
3772,0,0,0,0,6,0
3773,0,0,0,0,6,0
3774,0,0,0,0,0,0
3775,0,0,0,0,3,0
3776,0,0,0,0,0,0
3777,0,0,0,0,0,0
3778,0,0,0,0,0,0
3779,0,0,0,0,0,0
3780,0,0,0,0,0,0
3781,0,0,0,0,4,0
3782,0,0,0,0,0,0
3783,0,0,0,0,0,0
3784,0,0,0,0,0,0
3785,0,0,0,0,0,0
3786,0,0,0,0,0,0
3787,0,0,0,0,0,0
3788,26,0,0,0,0,0
3789,83,0,0,0,0,0
3790,140,0,0,0,0,0
3791,153,0,0,0,0,0
3792,136,2,0,0,0,0
3793,115,26,0,0,0,0
3794,46,8,0,0,0,0
3795,94,38,0,0,0,0
3796,227,91,0,0,0,0
3797,397,20,0,0,0,0
3798,590,2,0,0,0,0
3799,656,0,0,0,0,0
3800,493,0,0,0,0,0
3801,272,1,0,9,7,0
3802,25,0,0,9,0,0
3803,0,8,0,0,9,2
3804,0,1,0,0,80,0
3805,0,59,0,0,193,0
3806,0,92,0,0,382,0
3807,0,9,0,1,320,0
3808,0,0,0,0,252,0
3809,6,29,0,0,275,0
3810,13,25,0,0,46,0
3811,84,30,0,0,156,0
3812,137,0,0,0,284,0
3813,147,0,0,0,295,0
3814,205,0,0,3,265,0
3815,251,20,0,40,363,0
3816,276,0,0,0,166,0
3817,247,0,0,0,138,0
3818,232,0,0,0,83,0
3819,169,5,7,0,23,0
3820,169,1,0,0,12,0
3821,103,11,0,0,4,0
3822,82,15,2,0,27,0
3823,24,0,0,0,55,0
3824,6,0,0,0,40,0
3825,0,0,0,0,28,0
3826,0,0,0,45,19,0
3827,0,0,0,8,3,0
3828,0,0,0,0,0,0
3829,0,0,0,0,0,0
3830,0,0,0,0,0,0
3831,0,0,0,0,0,0
3832,0,0,0,0,0,0
3833,0,0,0,0,0,0
3834,0,0,0,0,0,0
3835,0,0,0,0,8,0
3836,0,0,0,0,5,0
3837,0,0,0,0,0,0
3838,0,0,0,0,0,0
3839,0,0,0,0,36,0
3840,0,0,0,0,11,0
3841,0,0,0,0,47,0
3842,0,0,0,0,40,0
3843,0,0,0,0,49,0
3844,0,0,0,0,27,0
3845,0,0,0,0,6,0
3846,0,2,0,0,0,0
3847,0,0,0,0,0,0
3848,0,0,0,0,0,0
3849,0,0,0,0,0,0
3850,0,0,0,0,0,0
3851,0,0,0,0,0,0
3852,0,0,0,0,0,0
3853,0,0,0,0,0,0
3854,0,0,0,0,0,0
3855,0,0,0,0,45,0
3856,0,17,0,7,197,0
3857,0,30,14,44,155,0
3858,0,0,0,45,82,0
3859,0,0,0,0,40,0
3860,0,15,9,1,1,0
3861,0,17,8,14,0,0
3862,0,0,0,0,0,0
3863,0,0,0,9,0,0
3864,0,0,0,0,14,0
3865,0,0,0,0,0,0
3866,0,0,0,0,0,0
3867,0,0,0,0,0,0
3868,0,0,0,0,0,0
3869,0,0,0,0,0,0
3870,0,0,0,0,0,0
3871,0,0,0,0,2,0
3872,0,0,0,0,0,0
3873,0,0,0,0,0,0
3874,0,0,0,0,0,0
3875,0,0,0,0,0,0
3876,0,0,0,38,0,0
3877,0,0,0,13,0,0
3878,0,0,0,10,3,0
3879,0,0,0,0,1,0
3880,0,0,0,18,12,0
3881,0,0,0,41,47,0
3882,0,0,0,79,0,0
3883,0,0,0,32,24,0
3884,0,0,0,6,87,0
3885,0,0,0,0,31,0
3886,0,0,0,0,31,0
3887,0,0,0,28,13,0
3888,0,0,0,40,8,0
3889,0,0,0,33,0,0
3890,0,0,0,2,2,0
3891,0,0,0,5,0,0
3892,0,0,0,7,2,0
3893,0,0,0,59,0,0
3894,0,0,0,16,10,0
3895,0,0,0,16,0,0
3896,0,3,0,6,0,0
3897,0,13,0,20,0,0
3898,0,0,0,36,0,0
3899,0,0,0,6,0,0
3900,0,0,0,4,0,2
3901,0,0,0,27,3,0
3902,0,0,0,31,5,0
3903,0,0,0,10,0,0
3904,0,0,0,0,0,0
3905,0,0,0,39,2,0
3906,0,0,0,8,0,0
3907,0,0,0,0,0,0
3908,0,0,0,0,6,0
3909,0,0,0,10,0,0
3910,0,3,0,36,0,0
3911,0,31,0,24,0,0
3912,0,28,0,0,0,0
3913,0,55,0,10,0,0
3914,0,14,0,7,7,0
3915,0,0,0,0,0,0
3916,0,0,0,0,16,0
3917,0,12,0,0,2,0
3918,0,24,0,0,14,0
3919,0,10,0,0,0,0
3920,0,0,0,0,0,0
3921,0,0,0,0,0,0
3922,0,0,0,0,0,0
3923,0,6,0,0,0,0
3924,0,4,0,0,0,0
3925,0,25,0,0,0,0
3926,0,85,0,0,0,0
3927,25,215,0,0,0,0
3928,217,266,0,0,0,0
3929,553,395,0,0,0,0
3930,555,426,0,0,0,0
3931,406,401,4,0,1,0
3932,170,264,5,0,0,0
3933,12,84,8,0,0,0
3934,281,75,0,0,0,0
3935,711,341,18,0,0,0
3936,699,681,27,0,0,0
3937,334,700,16,0,0,0
3938,157,326,13,0,0,0
3939,99,219,16,0,0,0
3940,0,131,10,0,0,0
3941,0,199,0,0,0,0
3942,1,226,0,0,0,0
3943,38,262,0,0,1,0
3944,21,300,0,0,0,0
3945,7,246,0,0,0,0
3946,0,17,0,0,4,0
3947,0,0,0,0,6,0
3948,0,0,0,0,12,0
3949,0,0,0,0,0,0
3950,0,0,0,0,27,0
3951,0,8,0,0,0,0
3952,0,36,0,0,24,0
3953,0,63,0,0,16,0
3954,0,33,0,0,6,0
3955,0,4,0,0,0,0
3956,0,0,0,6,25,0
3957,0,39,0,7,39,0
3958,0,18,0,11,104,0
3959,0,0,0,26,122,0
3960,0,0,0,26,9,0
3961,0,0,0,16,22,0
3962,0,37,0,0,11,0
3963,0,61,0,0,145,0
3964,0,92,0,28,83,0
3965,0,38,0,124,37,0
3966,0,0,0,97,3,0
3967,0,0,0,16,0,0
3968,0,0,0,0,0,0
3969,0,0,0,12,0,0
3970,0,0,0,67,38,0
3971,0,0,0,169,324,0
3972,0,0,0,229,218,0
3973,0,4,0,233,69,0
3974,0,0,0,182,94,0
3975,0,0,0,216,0,0
3976,0,0,0,416,4,0
3977,0,3,0,515,6,0
3978,0,14,0,695,8,0
3979,0,55,0,682,56,0
3980,0,51,0,541,426,0
3981,0,30,0,199,501,0
3982,0,20,0,79,844,0
3983,0,0,0,145,765,0
3984,0,0,0,325,552,0
3985,0,0,0,444,152,0
3986,0,0,0,147,249,0
3987,0,0,0,47,447,0
3988,0,0,0,354,1124,0
3989,0,0,0,723,2375,21
3990,0,0,0,1082,2494,7
3991,0,0,0,1176,2629,26
3992,0,0,0,1036,2868,10
3993,0,0,0,636,2575,0
3994,0,0,0,789,2718,11
3995,0,0,0,745,2547,96
3996,0,0,0,412,2569,218
3997,0,0,0,29,2802,156
3998,0,0,0,54,1985,31
3999,0,0,0,223,2021,58
4000,0,0,0,596,2130,49
4001,0,2,0,941,2665,124
4002,0,6,0,710,3867,209
4003,0,16,0,481,4359,14
4004,0,14,0,124,3200,0
4005,0,9,0,18,2497,1
4006,0,19,12,157,3305,13
4007,0,4,4,323,3407,77
4008,0,0,0,347,3433,71
4009,0,13,0,211,1347,0
4010,0,5,0,95,1171,1
4011,0,16,0,52,1712,160
4012,0,166,0,53,1489,79
4013,0,0,0,49,1974,38
4014,0,0,0,122,2475,43
4015,0,0,0,256,1801,1
4016,0,0,0,532,1750,4
4017,0,13,0,931,3442,166
4018,0,10,0,848,4101,213
4019,0,0,0,438,4152,411
4020,0,1,0,296,3407,581
4021,0,0,0,106,2077,46
4022,0,0,0,0,1043,0
4023,0,0,0,19,557,0
4024,0,0,0,47,442,0
4025,0,0,0,121,485,0
4026,0,0,0,89,188,0
4027,0,0,0,144,513,73
4028,0,0,0,117,659,315
4029,0,0,0,134,547,318
4030,0,0,0,161,564,477
4031,0,0,0,203,277,369
4032,0,0,0,152,175,231
4033,0,0,0,42,25,50
4034,0,0,0,0,87,0
4035,0,0,0,9,63,27
4036,0,0,0,87,309,381
4037,0,0,0,14,254,711
4038,0,0,0,7,47,557
4039,0,0,0,69,81,103
4040,0,0,0,91,74,0
4041,0,0,0,81,88,7
4042,0,0,0,88,95,252
4043,0,0,0,101,89,492
4044,0,0,0,122,72,235
4045,0,0,0,68,117,3
4046,0,0,0,12,162,0
4047,0,0,0,48,293,0
4048,0,0,0,32,319,6
4049,0,0,0,26,331,12
4050,0,0,0,8,47,0
4051,0,0,0,11,66,0
4052,0,0,0,2,0,0
4053,0,0,0,11,22,0
4054,0,0,0,58,152,0
4055,0,0,0,66,336,0
4056,0,0,0,41,102,0
4057,0,0,0,12,45,0
4058,0,0,0,22,0,0
4059,0,0,0,4,0,0
4060,0,0,0,0,2,0
4061,0,0,0,0,1,0
4062,0,0,0,0,0,0
4063,0,0,0,0,0,0
4064,0,0,0,0,0,0
4065,0,0,0,0,0,0
4066,0,0,0,11,1,0
4067,0,0,0,3,0,0
4068,0,0,0,0,0,0
4069,0,0,0,0,0,0
4070,0,0,0,0,3,0
4071,0,0,0,0,14,0
4072,0,0,0,0,0,0
4073,0,0,0,0,5,0
4074,0,0,0,0,0,0
4075,0,0,0,0,6,0
4076,0,0,0,0,17,0
4077,0,0,0,0,0,0
4078,0,0,0,0,0,0
4079,0,0,0,0,4,0
4080,0,0,0,0,0,0
4081,0,0,0,0,0,0
4082,0,0,0,0,7,0
4083,0,0,0,0,0,0
4084,0,0,0,0,0,0
4085,0,0,0,0,14,0
4086,0,0,0,0,0,0
4087,0,0,0,0,10,0
4088,0,0,0,0,5,0
4089,0,0,0,0,0,0
4090,0,0,0,0,0,0
4091,0,0,0,0,0,0
4092,0,0,0,0,0,0
4093,0,0,0,0,0,0
4094,0,0,0,0,0,0
4095,0,0,0,0,6,0
4096,0,0,0,0,27,0
4097,0,0,0,0,18,0
4098,0,0,0,0,0,0
4099,0,0,0,0,9,0
4100,0,0,0,0,0,0
4101,0,0,0,0,0,0
4102,0,0,0,0,0,0
4103,0,0,0,0,0,0
4104,0,0,0,0,0,0
4105,0,0,0,0,16,0
4106,0,0,0,1,49,0
4107,0,0,0,0,1,0
4108,0,0,0,3,1,0
4109,0,0,0,25,1,0
4110,0,0,0,30,5,0
4111,0,0,0,24,8,0
4112,0,0,0,0,0,0
4113,0,0,0,0,0,0
4114,0,0,0,0,0,0
4115,0,0,0,0,0,0
4116,0,0,0,0,0,0
4117,0,0,0,0,1,0
4118,0,0,0,0,0,0
4119,0,0,0,0,0,0
4120,0,0,0,0,0,0
4121,0,0,0,0,0,0
4122,0,0,0,0,0,0
4123,0,0,0,0,4,0
4124,0,0,0,0,9,0
4125,0,0,0,0,3,0
4126,0,0,0,0,3,0
4127,0,0,0,0,0,0
4128,0,0,0,0,0,0
4129,0,0,0,0,0,0
4130,0,0,0,0,0,0
4131,0,0,0,0,0,0
4132,0,0,0,0,0,0
4133,0,0,0,0,0,0
4134,0,0,0,0,0,0
4135,0,0,0,0,0,0
4136,0,0,0,0,0,0
4137,0,0,0,0,2,0
4138,0,0,0,0,2,0
4139,0,0,0,0,6,0
4140,0,0,0,0,0,0
4141,0,0,0,0,9,0
4142,0,0,0,0,0,0
4143,0,0,0,0,6,0
4144,0,0,0,0,0,0
4145,0,0,0,0,0,0
4146,0,0,0,0,0,0
4147,0,0,0,0,0,0
4148,0,0,0,0,0,0
4149,0,0,0,0,2,0
4150,0,0,0,0,0,0
4151,0,0,0,0,0,0
4152,0,0,0,0,0,0
4153,0,0,0,0,0,0
4154,0,0,0,0,0,0
4155,0,0,0,0,0,0
4156,0,0,0,0,0,0
4157,0,0,0,0,0,0
4158,0,0,0,0,0,0
4159,0,0,0,0,0,0
4160,0,0,0,0,0,0
4161,0,0,0,0,0,0
4162,0,0,0,0,0,0
4163,0,0,0,0,0,0
4164,0,0,0,0,0,0
4165,0,0,0,0,0,0
4166,0,0,0,0,0,0
4167,0,0,0,0,0,0
4168,0,0,0,0,0,0
4169,0,0,0,0,0,0
4170,0,0,0,0,0,0
4171,0,0,0,0,0,0
4172,0,0,0,0,0,0
4173,0,0,0,0,0,0
4174,0,0,0,0,0,0
4175,0,0,0,0,0,0
4176,0,0,0,0,0,0
4177,0,0,0,0,0,0
4178,0,0,0,0,0,0
4179,0,0,0,0,0,0
4180,0,0,0,0,0,0
4181,25,0,0,0,0,0
4182,13,0,0,8,0,0
4183,0,0,0,38,1,0
4184,0,0,0,15,27,0
4185,0,0,0,0,13,0
4186,0,0,0,0,16,0
4187,0,0,0,0,2,0
4188,5,0,0,0,1,0
4189,3,0,0,0,0,0
4190,0,0,0,4,6,0
4191,0,0,0,11,0,0
4192,0,0,0,0,0,0
4193,0,0,0,0,0,0
4194,0,0,0,0,0,0
4195,0,0,0,0,0,0
4196,0,0,0,0,0,0
4197,0,0,0,0,15,0
4198,0,0,0,0,46,0
4199,0,0,0,0,77,0
4200,0,0,0,0,0,0
4201,0,0,0,0,3,0
4202,0,0,0,0,41,0
4203,0,0,0,0,93,0
4204,0,0,0,0,22,0
4205,0,0,0,0,4,0
4206,0,0,0,0,0,0
4207,0,0,0,0,14,0
4208,0,0,0,0,4,0
4209,0,0,0,0,2,0
4210,0,0,0,0,0,0
4211,0,0,0,0,0,0
4212,0,0,0,0,0,0
4213,0,0,0,0,0,0
4214,0,0,0,0,0,0
4215,0,0,0,0,0,0
4216,0,0,0,0,0,0
4217,0,0,0,0,0,0
4218,0,0,0,0,0,0
4219,0,0,0,0,0,0
4220,0,0,0,0,0,0
4221,0,0,0,0,0,0
4222,0,0,0,0,0,0
4223,0,0,0,0,0,0
4224,0,0,0,0,0,0
4225,0,0,0,0,0,0
4226,0,0,0,0,0,0
4227,0,0,0,0,0,0
4228,0,0,0,0,0,0
4229,0,0,0,0,0,0
4230,0,0,0,0,0,0
4231,0,0,0,0,0,0
4232,0,0,0,0,0,0
4233,0,0,0,0,0,0
4234,0,0,0,0,0,0
4235,0,0,0,0,0,0
4236,0,0,0,0,0,0
4237,0,0,0,0,0,0
4238,0,0,0,0,0,0
4239,0,0,0,0,0,0
4240,0,0,0,0,0,0
4241,0,0,0,0,0,0
4242,0,0,0,0,0,0
4243,0,0,0,0,2,0
4244,0,0,0,0,16,0
4245,0,0,0,0,2,0
4246,0,0,0,0,34,0
4247,0,0,0,0,43,0
4248,0,0,0,0,22,0
4249,0,0,0,0,5,0
4250,0,0,0,0,33,0
4251,0,0,0,0,0,0
4252,0,0,0,0,40,0
4253,0,0,0,0,7,0
4254,0,0,0,0,2,0
4255,0,0,0,0,1,0
4256,0,0,0,0,0,0
4257,0,0,0,0,2,0
4258,0,0,0,0,7,0
4259,0,0,0,0,72,0
4260,0,0,0,0,0,0
4261,0,0,0,0,13,0
4262,0,0,0,0,5,0
4263,0,0,0,0,0,0
4264,0,0,0,0,0,0
4265,0,0,0,0,0,0
4266,0,0,0,0,0,0
4267,0,0,0,0,0,0
4268,0,0,0,0,0,0
4269,0,0,0,0,0,0
4270,0,0,0,0,0,0
4271,0,0,0,0,0,0
4272,0,0,0,0,0,0
4273,0,0,0,0,2,0
4274,0,0,0,0,17,0
4275,0,0,0,0,30,0
4276,0,0,0,0,19,0
4277,0,0,0,32,0,0
4278,0,0,0,3,4,0
4279,0,0,0,0,20,0
4280,0,0,0,0,36,0
4281,0,0,0,0,7,0
4282,0,0,0,0,12,0
4283,0,0,0,0,11,0
4284,0,0,0,0,9,0
4285,0,0,0,0,9,0
4286,0,0,0,0,48,0
4287,0,0,0,0,1,0
4288,0,0,0,0,0,0
4289,0,0,0,0,0,0
4290,0,0,0,0,0,0
4291,0,0,0,0,0,0
4292,0,0,0,0,0,0
4293,0,0,0,0,0,0
4294,0,0,0,0,0,0
4295,0,0,0,0,0,0
4296,0,0,0,0,0,0
4297,0,0,0,0,0,0
4298,0,0,0,0,0,0
4299,0,0,0,0,0,0
4300,0,0,0,0,0,0
4301,0,0,0,0,0,0
4302,0,0,0,0,0,0
4303,0,0,0,0,0,0
4304,0,0,0,0,0,0
4305,0,0,0,0,0,0
4306,0,0,0,0,10,0
4307,0,0,0,0,0,0
4308,0,0,0,0,0,0
4309,0,0,0,0,4,0
4310,0,0,0,0,42,0
4311,0,0,0,0,6,0
4312,0,0,0,0,8,0
4313,0,0,0,0,46,0
4314,0,0,0,2,42,0
4315,0,0,0,0,7,0
4316,0,0,0,0,14,0
4317,37,3,0,0,3,0
4318,71,0,0,0,0,0
4319,54,0,0,0,0,0
4320,17,0,0,0,0,0
4321,4,0,0,0,2,0
4322,0,0,0,0,0,0
4323,0,0,0,0,0,0
4324,0,0,0,0,0,0
4325,0,0,0,0,0,0
4326,0,0,0,0,0,0
4327,0,0,0,0,0,0
4328,0,0,0,0,0,0
4329,0,0,0,0,0,0
4330,0,0,0,0,0,0
4331,0,0,0,0,0,0
4332,0,0,0,0,0,0
4333,0,4,0,0,0,0
4334,0,0,0,0,0,0
4335,0,0,0,0,2,0
4336,0,0,0,0,22,0
4337,0,0,0,0,8,0
4338,0,36,0,0,18,0
4339,0,56,0,0,21,0
4340,0,28,0,0,49,0
4341,0,0,0,0,40,0
4342,0,0,0,0,49,0
4343,0,0,0,0,1,0
4344,0,0,0,0,2,0
4345,0,0,0,0,6,0
4346,0,0,0,0,4,0
4347,0,0,0,0,0,0
4348,0,0,0,0,0,0
4349,0,0,0,0,0,0
4350,0,0,0,0,0,0
4351,0,0,0,0,0,0
4352,0,0,0,0,0,0
4353,0,0,0,0,0,0
4354,0,0,0,0,0,0
4355,0,0,0,0,0,0
4356,0,0,0,0,0,0
4357,0,0,0,0,0,0
4358,0,0,0,0,0,0
4359,0,0,0,0,0,0
4360,0,0,0,0,0,0
4361,0,0,0,0,0,0
4362,0,0,0,0,0,0
4363,0,0,0,0,0,0
4364,0,0,0,0,0,0
4365,0,0,0,0,0,0
4366,0,0,0,0,0,0
4367,0,0,0,0,0,0
4368,0,0,0,0,0,0
4369,0,0,0,0,0,0
4370,0,0,0,0,0,0
4371,0,0,0,0,0,0
4372,0,14,0,0,0,0
4373,0,14,0,0,0,0
4374,2,34,0,0,0,0
4375,6,52,0,0,0,0
4376,0,66,0,0,0,0
4377,0,7,0,0,0,0
4378,0,0,0,0,0,0
4379,0,0,0,0,0,0
4380,0,0,0,0,0,0
4381,0,4,0,0,1,0
4382,0,16,0,0,0,0
4383,0,15,0,0,0,0
4384,0,32,0,0,0,0
4385,0,90,0,0,0,0
4386,0,162,0,0,0,0
4387,0,79,0,22,2,0
4388,0,15,0,14,51,0
4389,0,0,0,0,0,0
4390,0,0,0,0,35,0
4391,0,0,0,0,33,0
4392,0,0,0,0,1,0
4393,0,0,0,0,0,0
4394,0,0,0,0,77,0
4395,0,0,0,0,3,0
4396,0,0,0,0,4,0
4397,0,0,0,7,6,0
4398,0,0,0,43,0,0
4399,0,0,0,73,1,0
4400,0,0,0,63,7,0
4401,0,0,0,71,2,0
4402,0,0,0,42,0,0
4403,0,0,0,24,0,0
4404,0,0,0,8,0,0
4405,0,0,0,9,0,0
4406,0,0,0,9,0,0
4407,0,0,0,0,0,0
4408,0,0,0,0,4,0
4409,0,0,0,0,54,0
4410,0,0,0,0,9,0
4411,11,0,0,0,25,0
4412,0,0,0,0,15,0
4413,0,0,0,0,8,0
4414,0,35,0,0,21,0
4415,0,33,0,0,13,0
4416,0,11,0,0,2,0
4417,0,0,0,0,0,0
4418,0,0,0,2,5,0
4419,0,0,0,0,0,0
4420,0,3,0,0,0,0
4421,0,0,0,0,0,0
4422,0,0,0,0,0,0
4423,0,0,0,0,0,0
4424,0,0,0,0,0,0
4425,0,0,0,0,0,0
4426,0,0,0,0,1,0
4427,0,0,0,0,2,0
4428,0,0,0,0,79,0
4429,0,0,0,0,0,0
4430,0,0,0,0,0,0
4431,0,0,0,0,0,0
4432,0,0,0,0,0,0
4433,0,0,0,0,0,0
4434,0,0,0,0,0,0
4435,0,0,0,0,0,0
4436,0,0,0,0,0,0
4437,0,0,0,0,0,0
4438,0,0,0,0,0,0
4439,0,0,0,0,0,0
4440,0,0,0,0,0,0
4441,0,0,0,0,17,0
4442,0,0,0,0,2,0
4443,0,0,0,0,7,0
4444,0,0,0,0,59,0
4445,0,0,0,0,92,0
4446,0,0,0,0,145,0
4447,0,0,0,0,129,0
4448,0,0,0,0,147,0
4449,0,0,0,0,139,0
4450,6,0,0,0,223,0
4451,0,0,0,2,283,0
4452,0,0,0,0,313,0
4453,0,0,0,0,288,0
4454,0,0,0,0,101,0
4455,0,0,0,31,245,0
4456,0,0,0,0,307,0
4457,0,0,0,0,197,0
4458,0,0,0,0,0,0
4459,0,0,0,0,0,0
4460,0,0,0,0,0,0
4461,0,0,0,0,0,0
4462,0,0,0,0,0,0
4463,0,0,0,0,1,0
4464,0,0,0,0,12,0
4465,0,0,0,0,14,0
4466,0,0,0,0,29,0
4467,0,0,0,0,37,0
4468,0,0,0,0,11,0
4469,0,0,0,0,59,0
4470,0,0,0,0,0,0
4471,0,0,0,0,60,0
4472,0,0,0,0,18,0
4473,0,0,0,0,0,0
4474,0,0,0,0,2,0
4475,0,0,0,0,2,0
4476,0,0,0,0,0,0
4477,0,0,0,0,0,0
4478,0,0,0,0,0,0
4479,0,0,0,0,11,0
4480,0,0,0,0,4,0
4481,0,0,0,0,7,0
4482,0,0,0,0,0,0
4483,0,0,0,0,0,0
4484,0,0,0,0,11,0
4485,0,0,0,0,17,0
4486,0,0,0,0,7,0
4487,0,0,0,0,0,0
4488,0,0,0,0,0,0
4489,0,0,0,0,0,0
4490,0,0,0,0,0,0
4491,0,0,0,0,0,0
4492,0,0,0,0,0,0
4493,0,0,0,0,0,0
4494,0,0,0,0,0,0
4495,0,0,0,0,0,0
4496,0,0,0,0,0,0
4497,0,0,0,0,0,0
4498,0,0,0,0,0,0
4499,0,0,0,12,31,0
4500,0,0,0,8,23,0
4501,0,0,0,8,7,0
4502,0,0,0,10,3,0
4503,0,0,0,0,23,0
4504,0,0,0,2,0,0
4505,0,0,0,9,15,0
4506,0,0,0,0,15,0
4507,0,0,0,0,13,0
4508,0,0,0,0,33,0
4509,0,0,0,0,51,0
4510,0,0,0,0,38,0
4511,0,0,0,0,12,0
4512,0,0,0,0,9,0
4513,0,0,0,0,9,0
4514,0,0,0,0,36,0
4515,0,0,0,0,90,0
4516,0,0,0,0,81,0
4517,0,0,0,0,106,0
4518,0,0,0,0,33,0
4519,0,0,0,0,0,0
4520,0,0,0,0,18,0
4521,0,0,0,0,86,0
4522,0,0,0,0,106,0
4523,0,0,0,24,21,0
4524,0,0,0,20,0,0
4525,0,0,0,0,5,0
4526,0,0,0,0,20,0
4527,0,0,0,0,11,0
4528,0,0,0,21,6,0
4529,0,0,0,18,0,0
4530,0,0,0,43,3,0
4531,0,0,0,17,2,0
4532,0,0,0,43,33,0
4533,0,0,0,1,1,0
4534,0,0,0,0,4,0
4535,0,0,0,0,24,0
4536,0,0,0,0,9,0
4537,0,0,0,0,45,0
4538,0,0,0,12,44,0
4539,0,0,0,0,17,0
4540,0,0,0,0,11,0
4541,0,0,0,0,7,0
4542,0,0,0,0,0,0
4543,0,0,0,0,0,0
4544,0,0,0,0,12,0
4545,0,0,0,0,35,0
4546,0,0,0,1,39,0
4547,0,0,0,0,2,0
4548,0,0,0,0,2,0
4549,0,0,0,0,0,0
4550,0,0,0,0,0,0
4551,0,0,0,0,0,0
4552,0,0,0,0,0,0
4553,0,0,0,0,0,0
4554,0,0,0,0,0,0
4555,0,0,0,0,0,0
4556,0,0,0,0,0,0
4557,0,0,0,0,0,0
4558,0,0,0,0,1,0
4559,0,35,0,0,0,0
4560,0,0,0,0,12,0
4561,0,0,0,0,25,0
4562,0,0,0,2,7,0
4563,0,0,0,0,5,0
4564,0,10,0,0,0,0
4565,0,18,0,0,0,0
4566,0,0,0,0,4,0
4567,0,0,0,0,0,0
4568,0,0,0,0,0,0
4569,0,0,0,0,0,0
4570,0,0,0,0,0,0
4571,0,0,0,0,0,0
4572,0,0,0,0,0,0
4573,0,0,0,3,0,0
4574,0,0,0,51,0,0
4575,0,0,0,0,0,0
4576,0,0,0,3,0,0
4577,0,0,0,0,0,0
4578,0,0,0,0,0,0
4579,0,0,0,0,0,0
4580,0,0,0,0,0,0
4581,0,0,0,0,0,0
4582,0,0,0,0,2,0
4583,0,0,0,0,0,0
4584,0,0,0,0,5,0
4585,0,12,0,0,0,0
4586,0,18,0,0,0,0
4587,0,2,0,0,0,0
4588,0,0,0,0,0,0
4589,0,0,0,0,33,0
4590,0,0,0,0,3,0
4591,0,0,0,0,2,0
4592,0,0,0,0,6,0
4593,0,0,0,0,1,0
4594,0,0,0,0,0,0
4595,0,0,0,0,0,0
4596,0,0,0,5,0,0
4597,0,0,0,0,4,0
4598,0,0,0,15,0,0
4599,0,0,0,0,0,0
4600,0,0,0,0,0,0
4601,0,0,0,2,0,0
4602,0,0,0,37,6,0
4603,0,0,0,0,0,0
4604,0,0,0,11,0,0
4605,0,0,0,0,0,0
4606,0,0,0,0,0,0
4607,0,0,0,2,0,0
4608,0,0,0,0,0,0
4609,0,0,0,0,0,0
4610,0,0,0,0,24,0
4611,0,0,0,0,13,0
4612,0,0,0,0,7,0
4613,0,0,0,0,52,0
4614,0,0,0,0,0,0
4615,0,0,0,0,21,0
4616,0,0,0,0,0,0
4617,0,0,0,0,3,0
4618,0,0,0,0,0,0
4619,0,0,0,0,0,0
4620,0,0,0,0,1,0
4621,0,0,0,0,6,0
4622,0,0,0,4,1,0
4623,0,0,0,5,0,0
4624,0,0,0,0,0,0
4625,0,0,0,6,0,0
4626,0,0,0,0,0,0
4627,0,0,0,0,0,0
4628,0,0,0,0,0,0
4629,0,0,0,0,0,0
4630,0,0,0,0,0,0
4631,0,0,0,0,0,0
4632,0,0,0,0,0,0
4633,0,0,0,0,0,0
4634,0,0,0,0,0,0
4635,0,0,0,0,0,0
4636,0,0,0,0,0,0
4637,0,0,0,0,0,0
4638,0,0,0,0,0,0
4639,0,0,0,0,0,0
4640,0,0,0,0,0,0
4641,0,0,0,0,0,0
4642,0,0,0,0,0,0
4643,0,0,0,0,0,0
4644,0,0,0,0,0,0
4645,0,0,0,0,0,0
4646,0,0,0,0,0,0
4647,0,0,0,0,0,0
4648,0,0,0,0,0,0
4649,0,0,0,0,0,0
4650,0,0,0,0,0,0
4651,0,0,0,0,4,0
4652,0,0,0,0,7,0
4653,0,0,0,0,22,0
4654,0,0,0,4,47,0
4655,0,0,0,42,78,0
4656,0,0,0,0,29,0
4657,0,0,0,0,16,0
4658,0,0,0,11,24,0
4659,0,0,0,24,21,0
4660,0,0,0,54,44,0
4661,0,0,0,62,25,0
4662,0,0,0,84,18,0
4663,0,0,0,56,21,0
4664,0,0,0,8,62,0
4665,0,0,0,2,30,0
4666,0,0,0,0,38,0
4667,0,0,0,0,20,0
4668,0,0,0,0,8,0
4669,0,0,0,0,1,0
4670,0,0,0,0,0,0
4671,0,0,0,0,0,0
4672,0,0,0,0,0,0
4673,0,0,0,0,0,0
4674,0,0,0,63,0,0
4675,0,0,0,7,0,0
4676,0,0,0,0,0,0
4677,0,0,0,0,0,0
4678,0,0,0,0,0,0
4679,0,0,0,0,7,0
4680,0,0,0,7,28,0
4681,0,0,0,0,128,0
4682,0,0,0,0,37,0
4683,0,0,0,0,16,0
4684,0,0,0,0,121,0
4685,0,0,0,9,88,0
4686,0,0,0,0,155,0
4687,0,0,0,0,106,0
4688,0,0,0,0,119,0
4689,0,0,0,0,34,0
4690,0,0,0,0,38,0
4691,0,0,0,0,15,0
4692,0,0,0,0,18,0
4693,0,0,0,0,0,0
4694,0,0,0,0,0,0
4695,0,0,0,0,23,0
4696,0,0,0,10,138,0
4697,0,0,0,0,113,0
4698,0,0,0,0,93,0
4699,0,0,0,3,102,0
4700,0,0,0,15,82,0
4701,0,0,0,7,44,0
4702,0,0,0,0,19,0
4703,0,0,0,0,0,0
4704,0,0,0,0,0,0
4705,0,0,0,0,0,0
4706,0,0,0,0,0,0
4707,0,0,0,0,0,0
4708,0,0,0,0,0,0
4709,0,0,0,0,0,0
4710,0,0,0,0,0,0
4711,0,0,0,0,61,0
4712,0,0,0,0,46,0
4713,0,0,0,0,35,0
4714,0,0,0,0,6,0
4715,0,0,0,0,2,0
4716,0,0,0,3,58,0
4717,0,0,0,0,129,0
4718,0,0,0,4,103,0
4719,0,0,0,30,113,0
4720,0,0,0,0,19,0
4721,0,0,0,0,7,0
4722,0,0,0,0,0,0
4723,0,0,0,0,5,0
4724,0,0,0,0,0,0
4725,0,0,0,0,0,0
4726,0,0,0,0,0,0
4727,0,0,0,0,2,1
4728,0,0,0,0,7,0
4729,0,0,0,0,0,0
4730,0,0,0,0,3,0
4731,0,0,0,0,0,0
4732,0,0,0,0,10,0
4733,0,0,0,0,0,0
4734,0,0,0,3,109,0
4735,0,0,0,0,0,0
4736,0,0,0,0,57,1
4737,0,0,0,0,0,0
4738,0,0,0,0,43,0
4739,0,0,0,0,0,0
4740,0,0,0,0,21,0
4741,0,0,0,1,17,0
4742,0,0,0,0,15,1
4743,0,0,0,0,1,0
4744,0,0,0,0,7,0
4745,0,0,0,0,0,0
4746,0,0,0,0,0,0
4747,0,0,0,0,0,0
4748,0,0,0,0,0,0
4749,0,0,0,0,0,0
4750,0,0,0,0,0,0
4751,0,0,0,0,0,0
4752,0,0,0,0,0,0
4753,0,0,0,0,0,0
4754,0,0,0,0,0,0
4755,0,0,0,0,0,0
4756,0,0,0,0,12,0
4757,0,0,0,0,3,0
4758,0,0,0,0,0,0
4759,0,0,0,0,6,0
4760,0,0,0,0,7,0
4761,0,0,0,0,0,0
4762,0,0,0,0,0,0
4763,0,0,0,0,0,0
4764,0,0,0,0,4,0
4765,0,0,0,0,17,0
4766,0,0,0,0,6,0
4767,0,0,0,0,0,0
4768,0,0,0,0,0,0
4769,0,0,0,0,0,0
4770,0,0,0,0,0,0
4771,0,0,0,0,2,0
4772,0,0,0,0,1,0
4773,0,0,0,0,0,0
4774,0,0,0,0,0,0
4775,0,0,0,0,0,0
4776,2,0,0,0,0,0
4777,10,0,0,0,0,0
4778,5,0,0,0,0,0
4779,2,0,0,0,0,0
4780,0,0,0,0,0,0
4781,0,0,0,0,0,0
4782,0,0,0,0,0,0
4783,4,0,0,0,0,0
4784,0,0,0,0,0,0
4785,0,0,0,0,0,0
4786,0,0,0,0,2,0
4787,0,0,0,0,0,0
4788,0,0,0,0,0,0
4789,0,0,0,0,0,0
4790,0,0,0,0,0,0
4791,0,0,0,0,0,0
4792,0,0,0,0,0,0
4793,0,0,0,0,0,0
4794,0,0,0,0,0,0
4795,0,0,0,0,14,0
4796,0,0,0,0,59,0
4797,0,2,0,0,2,0
4798,0,0,0,2,0,0
4799,21,0,0,12,46,0
4800,0,0,0,2,0,0
4801,0,0,0,13,26,0
4802,0,0,0,19,50,0
4803,0,0,0,21,34,0
4804,0,0,0,48,43,0
4805,0,0,0,46,61,0
4806,0,0,0,16,21,0
4807,0,0,0,47,12,0
4808,0,0,0,22,37,0
4809,0,0,0,8,0,0
4810,0,0,0,0,6,0
4811,0,0,0,3,84,0
4812,0,0,0,0,27,0
4813,0,0,0,0,19,0
4814,0,0,0,0,3,0
4815,0,0,0,0,0,0
4816,0,0,0,0,24,0
4817,0,0,0,8,71,0
4818,0,0,0,20,176,0
4819,0,0,0,0,278,0
4820,0,0,0,0,354,0
4821,0,0,0,0,240,0
4822,0,0,0,0,108,0
4823,0,0,0,0,49,0
4824,0,0,0,1,160,0
4825,0,0,0,0,179,0
4826,0,0,0,0,178,0
4827,0,0,0,0,65,0
4828,0,0,0,0,14,0
4829,0,0,0,0,6,0
4830,0,0,0,0,0,0
4831,0,0,0,0,34,0
4832,0,0,0,0,0,0
4833,0,0,0,0,0,0
4834,0,0,0,0,0,0
4835,0,0,0,0,3,0
4836,0,0,0,2,21,0
4837,0,0,0,0,13,0
4838,0,0,0,0,20,0
4839,0,0,0,0,0,0
4840,0,0,0,0,0,0
4841,0,0,0,0,37,0
4842,0,0,0,0,25,0
4843,0,0,0,0,21,0
4844,0,0,0,2,4,0
4845,0,0,0,1,0,0
4846,0,0,0,4,1,0
4847,0,0,0,0,25,0
4848,0,0,0,0,85,0
4849,0,0,0,0,19,0
4850,0,0,0,0,3,0
4851,0,0,0,0,0,0
4852,0,0,0,0,0,0
4853,0,0,0,0,0,0
4854,0,0,0,0,8,0
4855,0,0,0,0,8,0
4856,0,0,0,0,41,0
4857,0,0,0,0,2,0
4858,0,0,0,0,9,0
4859,0,0,0,0,29,0
4860,0,0,0,0,0,0
4861,0,0,0,0,12,0
4862,0,0,0,0,4,0
4863,0,0,0,0,0,0
4864,0,0,0,0,0,0
4865,0,0,0,0,8,0
4866,0,0,0,0,28,0
4867,0,0,0,0,31,0
4868,0,0,0,0,87,0
4869,0,0,0,0,141,0
4870,0,0,0,0,85,0
4871,0,0,0,0,2,0
4872,0,0,0,0,0,0
4873,0,0,0,0,0,0
4874,0,0,0,0,37,0
4875,0,0,0,0,77,0
4876,0,0,0,0,76,0
4877,0,0,0,0,26,0
4878,0,0,0,0,6,0
4879,0,0,0,0,1,0
4880,0,0,0,0,45,0
4881,0,0,0,0,0,0
4882,0,0,0,16,0,0
4883,0,0,0,0,33,0
4884,0,0,0,0,0,0
4885,0,0,0,0,3,0
4886,0,0,0,0,0,0
4887,0,0,0,0,3,0
4888,0,0,0,0,2,0
4889,0,0,0,0,3,0
4890,0,0,0,0,0,0
4891,0,0,0,0,0,0
4892,0,0,0,0,0,0
4893,0,0,0,0,0,0
4894,0,0,0,0,0,0
4895,0,0,0,0,0,0
4896,0,0,0,0,0,0
4897,0,0,0,0,0,0
4898,0,0,0,0,0,0
4899,0,0,0,0,0,0
4900,0,0,0,0,0,0
4901,0,0,0,4,0,0
4902,0,0,0,0,0,0
4903,0,0,0,0,0,0
4904,0,0,0,0,0,0
4905,0,0,0,0,0,0
4906,0,0,0,0,0,0
4907,0,0,0,0,0,0
4908,0,0,0,0,0,0
4909,0,2,0,0,0,0
4910,0,0,0,0,0,0
4911,0,0,0,0,0,0
4912,0,0,0,0,0,0
4913,0,0,0,0,0,0
4914,0,0,0,0,0,0
4915,0,0,0,0,0,0
4916,0,0,0,0,0,0
4917,0,0,0,0,0,0
4918,0,0,0,0,0,0
4919,0,0,0,0,19,0
4920,0,0,0,0,8,0
4921,0,0,0,0,1,0
4922,0,0,0,0,0,0
4923,0,0,0,0,0,0
4924,0,0,0,0,0,0
4925,0,0,0,0,0,0
4926,0,0,0,0,3,0
4927,0,0,0,0,0,0
4928,0,0,0,6,1,0
4929,0,0,0,35,2,0
4930,0,0,0,0,22,0
4931,0,0,0,0,55,0
4932,0,0,0,0,22,0
4933,0,0,0,0,9,0
4934,0,0,0,7,45,0
4935,0,0,0,0,4,0
4936,0,0,0,0,62,0
4937,0,0,0,0,3,0
4938,0,0,0,0,0,0
4939,0,0,0,0,0,0
4940,0,0,0,0,19,0
4941,0,0,0,0,0,0
4942,0,0,0,0,0,0
4943,0,0,0,0,0,0
4944,0,0,0,0,0,0
4945,0,0,0,0,0,0
4946,0,0,0,0,39,0
4947,0,0,0,0,41,0
4948,0,0,0,0,39,0
4949,0,0,0,0,33,0
4950,0,0,0,0,2,0
4951,0,0,0,0,12,0
4952,0,0,0,0,0,0
4953,0,0,0,0,1,0
4954,0,0,0,0,7,0
4955,0,0,0,0,45,0
4956,0,0,0,0,5,0
4957,0,0,0,0,2,0
4958,0,0,0,0,33,0
4959,0,0,0,0,0,0
4960,0,0,0,0,3,0
4961,0,0,0,0,28,0
4962,0,0,0,0,6,0
4963,0,0,0,0,28,0
4964,0,0,0,0,1,0
4965,0,0,0,0,0,0
4966,0,0,0,0,1,0
4967,0,0,0,0,0,0
4968,0,0,0,0,0,0
4969,0,0,0,0,0,0
4970,0,0,0,0,0,0
4971,0,0,0,0,0,0
4972,0,0,0,0,0,0
4973,0,0,0,0,0,0
4974,0,0,0,7,10,0
4975,0,0,0,40,0,0
4976,0,0,0,0,0,0
4977,0,0,0,0,6,0
4978,0,0,0,0,0,0
4979,0,0,0,0,0,0
4980,3,0,0,0,0,0
4981,0,0,0,1,13,0
4982,0,0,0,0,0,0
4983,0,0,0,0,0,0
4984,2,0,0,0,0,0
4985,0,0,0,0,0,0
4986,0,0,0,0,0,0
4987,0,0,0,0,0,0
4988,0,0,0,0,0,0
4989,0,0,0,0,0,0
4990,0,0,0,0,0,0
4991,0,0,0,0,0,0
4992,0,0,0,0,16,0
4993,0,0,0,0,1,0
4994,0,0,0,0,0,0
4995,0,0,0,0,0,0
4996,0,0,0,0,18,0
4997,0,0,0,0,2,0
4998,0,0,0,0,0,0
4999,0,0,0,0,5,0
5000,0,0,0,0,76,0
5001,0,0,0,0,0,0
5002,0,0,0,0,5,0
5003,0,0,0,0,31,0
5004,0,0,0,0,6,0
5005,0,0,0,0,0,0
5006,0,0,0,0,19,0
5007,0,0,0,0,1,0
5008,0,0,0,0,0,0
5009,0,0,0,0,5,0
5010,0,0,0,0,0,0
5011,0,0,0,0,0,0
5012,0,0,0,0,0,0
5013,0,0,0,0,0,0
5014,0,0,0,0,0,0
5015,0,0,0,0,0,0
5016,0,0,0,0,0,0
5017,0,0,0,0,3,0
5018,0,0,0,0,0,0
5019,0,0,0,0,1,0
5020,0,0,0,0,0,0
5021,0,0,0,0,39,0
5022,0,0,0,0,0,0
5023,0,0,0,0,0,0
5024,0,0,0,0,23,0
5025,0,0,0,0,0,0
5026,0,0,0,0,20,0
5027,0,0,0,0,25,0
5028,0,0,0,0,0,0
5029,0,0,0,0,4,0
5030,0,0,0,0,0,0
5031,0,0,0,0,0,0
5032,0,0,0,0,0,0
5033,0,0,0,0,0,0
5034,0,0,0,0,0,0
5035,0,0,0,0,0,0
5036,0,0,0,0,0,0
5037,0,0,0,0,0,0
5038,0,0,0,0,0,0
5039,0,0,0,0,0,0
5040,0,0,0,0,0,0
5041,0,0,0,0,9,0
5042,0,0,0,0,0,0
5043,0,0,0,0,0,0
5044,0,0,0,0,0,0
5045,0,0,0,0,0,0
5046,0,0,0,0,0,0
5047,0,0,0,0,0,0
5048,0,0,0,0,0,0
5049,0,0,0,0,0,0
5050,0,0,0,0,0,0
5051,0,0,0,0,0,0
5052,0,0,0,0,0,0
5053,0,0,0,0,3,0
5054,0,0,0,0,0,0
5055,0,0,0,0,0,0
5056,0,0,0,0,6,0
5057,0,0,0,0,0,0
5058,0,0,0,0,0,0
5059,0,0,0,0,0,0
5060,0,0,0,0,1,0
5061,0,0,0,0,0,0
5062,0,0,0,0,0,0
5063,0,0,0,0,13,0
5064,0,0,0,0,8,0
5065,0,0,0,0,2,0
5066,0,0,0,0,0,0
5067,0,0,0,0,0,0
5068,0,0,0,0,0,0
5069,0,0,0,0,7,0
5070,0,0,0,0,0,0
5071,0,0,0,0,7,0
5072,0,0,0,0,1,0
5073,0,0,0,0,0,0
5074,0,0,0,0,0,0
5075,0,0,0,0,0,0
5076,0,0,0,11,0,0
5077,0,0,0,54,0,0
5078,0,0,0,5,14,0
5079,0,0,0,1,0,0
5080,0,0,0,0,0,0
5081,0,0,0,2,2,0
5082,0,0,0,0,25,0
5083,0,0,0,0,2,0
5084,0,0,0,1,27,0
5085,0,0,0,0,0,0
5086,0,0,0,0,9,0
5087,0,0,0,0,0,0
5088,0,0,0,10,0,0
5089,0,0,0,53,0,0
5090,0,0,0,0,0,0
5091,0,0,0,0,0,0
5092,0,0,0,0,0,0
5093,0,0,0,0,0,0
5094,0,0,0,1,0,0
5095,0,0,0,0,0,0
5096,0,0,0,0,0,0
5097,0,0,0,0,0,0
5098,0,0,0,0,0,0
5099,0,0,0,0,0,0
5100,0,0,0,0,0,0
5101,0,0,0,0,0,0
5102,0,0,0,0,0,0
5103,0,0,0,0,0,0
5104,0,0,0,0,0,0
5105,0,0,0,0,0,0
5106,0,0,0,0,0,0
5107,0,0,0,0,0,0
5108,0,0,0,0,0,0
5109,0,0,0,0,0,0
5110,0,0,0,0,0,0
5111,0,0,0,0,0,0
5112,0,0,0,0,0,0
5113,0,0,0,0,0,0
5114,0,0,0,0,0,0
5115,0,0,0,0,0,0
5116,0,0,0,0,1,0
5117,0,0,0,0,4,0
5118,0,0,0,0,0,0
5119,0,0,0,0,0,0
5120,0,0,0,0,12,0
5121,0,0,0,0,13,0
5122,0,0,0,0,11,0
5123,0,0,0,0,23,0
5124,0,0,0,0,28,0
5125,0,0,0,0,7,0
5126,0,0,0,0,15,0
5127,0,0,0,0,7,0
5128,0,0,0,0,0,0
5129,0,0,0,0,38,0
5130,0,0,0,0,0,0
5131,0,0,0,0,33,0
5132,0,0,0,0,1,0
5133,0,0,0,0,0,0
5134,0,0,0,0,0,0
5135,0,0,0,0,0,0
5136,0,0,0,0,0,0
5137,0,0,0,0,0,0
5138,0,0,0,0,0,0
5139,0,0,0,0,0,0
5140,0,0,0,0,0,0
5141,0,0,0,0,0,0
5142,0,0,0,0,2,0
5143,0,0,0,0,0,0
5144,0,0,0,0,5,0
5145,0,0,0,0,5,0
5146,0,0,0,0,32,0
5147,0,0,0,0,23,0
5148,0,0,0,0,25,0
5149,0,0,0,0,9,0
5150,0,0,0,0,12,0
5151,0,0,0,0,0,0
5152,0,0,0,0,1,0
5153,0,0,0,0,0,0
5154,0,0,0,0,0,0
5155,0,0,0,0,0,0
5156,0,0,0,0,0,0
5157,0,0,0,0,0,0
5158,0,0,0,0,0,0
5159,0,0,0,0,0,0
5160,0,0,0,0,0,0
5161,0,0,0,2,9,0
5162,0,0,0,0,0,0
5163,0,0,0,1,0,0
5164,0,0,0,0,0,0
5165,0,0,0,1,0,0
5166,0,0,0,0,0,0
5167,0,0,0,0,0,0
5168,0,0,0,0,0,0
5169,0,0,0,0,0,0
5170,0,0,0,0,0,0
5171,0,3,0,0,0,0
5172,0,0,0,0,0,0
5173,0,0,0,0,0,0
5174,0,0,0,0,0,0
5175,0,0,0,0,0,0
5176,0,1,0,0,4,0
5177,0,4,0,0,0,0
5178,0,2,0,0,0,0
5179,4,0,0,0,0,0
5180,0,0,0,0,1,0
5181,0,0,0,0,0,0
5182,0,0,0,0,2,0
5183,0,9,0,0,0,0
5184,0,48,0,0,0,0
5185,0,38,0,0,0,0
5186,0,0,0,0,0,0
5187,0,0,0,0,0,0
5188,0,33,0,0,0,0
5189,0,1,0,0,0,0
5190,0,0,0,0,0,0
5191,0,0,0,0,0,0
5192,0,0,0,0,0,0
5193,0,0,0,0,0,0
5194,0,0,0,0,0,0
5195,0,0,0,0,0,0
5196,0,0,0,0,0,0
5197,0,0,0,0,0,0
5198,0,0,0,0,0,0
5199,0,0,0,0,1,0
5200,0,0,0,0,0,0
5201,0,0,0,0,2,0
5202,0,0,0,0,9,0
5203,0,0,0,0,1,0
5204,0,0,0,0,1,0
5205,0,0,0,0,0,0
5206,0,0,0,0,2,0
5207,0,0,0,0,0,0
5208,0,0,0,0,0,0
5209,0,0,0,0,0,0
5210,0,0,0,0,0,0
5211,0,0,0,0,0,0
5212,0,0,0,0,0,0
5213,0,0,0,0,0,0
5214,0,0,0,0,0,0
5215,0,0,0,0,0,0
5216,0,0,0,0,0,0
5217,3,0,0,0,0,0
5218,0,0,0,39,0,0
5219,0,0,0,3,0,0
5220,0,0,0,0,0,0
5221,0,0,0,0,0,0
5222,0,0,0,0,2,0
5223,0,0,0,4,0,0
5224,0,0,0,0,0,0
5225,0,0,0,0,0,0
5226,0,0,0,0,0,0
5227,0,0,0,0,5,0
5228,0,0,0,0,0,0
5229,0,0,0,0,0,0
5230,0,0,0,0,0,0
5231,0,0,0,0,0,0
5232,0,0,0,0,0,0
5233,0,0,0,0,0,0
5234,0,0,0,0,0,0
5235,0,0,0,0,0,0
5236,0,0,0,0,12,0
5237,0,0,0,0,3,0
5238,0,0,0,0,1,0
5239,0,0,0,0,0,0
5240,0,0,0,0,25,0
5241,0,0,0,0,0,0
5242,0,0,0,0,0,0
5243,0,0,0,0,37,0
5244,0,0,0,0,4,0
5245,0,0,0,0,21,0
5246,0,0,0,0,45,0
5247,0,0,0,0,6,0
5248,0,0,0,0,27,0
5249,0,0,0,0,70,0
5250,0,0,0,0,2,0
5251,0,0,0,0,4,0
5252,0,0,0,0,5,0
5253,0,0,0,0,12,0
5254,0,0,0,0,22,0
5255,0,0,0,0,14,0
5256,0,0,0,0,2,0
5257,0,0,0,0,0,0
5258,0,2,0,0,30,0
5259,0,0,0,0,5,0
5260,0,0,0,0,5,0
5261,0,9,0,0,13,0
5262,0,0,0,0,2,0
5263,23,0,0,0,3,0
5264,24,0,0,0,28,0
5265,3,0,0,0,8,0
5266,0,4,0,2,14,0
5267,2,0,0,0,0,0
5268,0,0,0,0,1,0
5269,0,0,0,0,2,0
5270,0,0,0,55,0,0
5271,0,0,0,0,0,0
5272,0,0,0,0,0,0
5273,0,0,0,0,0,0
5274,0,0,0,0,0,0
5275,0,0,0,0,0,0
5276,0,0,0,0,0,0
5277,0,0,0,0,0,0
5278,0,0,0,0,0,0
5279,0,0,0,0,0,0
5280,0,0,0,0,0,0
5281,6,0,0,0,0,0
5282,2,0,0,0,0,0
5283,2,0,0,0,0,0
5284,2,0,0,0,0,0
5285,0,0,0,0,0,0
5286,0,0,0,0,0,0
5287,0,0,0,0,0,0
5288,0,0,0,0,0,0
5289,0,0,0,0,0,0
5290,0,0,0,0,0,0
5291,0,0,0,0,0,0
5292,4,0,0,0,0,0
5293,0,0,0,0,0,0
5294,0,0,0,0,0,0
5295,0,0,0,0,0,0
5296,0,0,0,0,0,0
5297,0,0,0,0,0,0
5298,0,0,0,0,0,0
5299,0,0,0,0,0,0
5300,0,0,0,0,0,0
5301,0,0,0,0,0,0
5302,0,0,0,0,0,0
5303,0,0,0,0,0,0
5304,0,0,0,0,0,0
5305,0,0,0,0,0,0
5306,0,0,0,0,0,0
5307,0,0,0,0,0,0
5308,0,0,0,0,0,0
5309,0,0,0,0,0,0
5310,0,0,0,0,0,0
5311,0,0,0,0,7,0
5312,0,0,0,0,0,0
5313,0,0,0,0,1,0
5314,0,0,0,0,6,0
5315,0,0,0,0,17,0
5316,0,0,0,0,0,0
5317,0,0,0,0,8,0
5318,0,0,0,0,29,0
5319,0,0,0,0,20,0
5320,0,0,0,0,5,0
5321,0,0,0,0,56,0
5322,0,0,0,0,0,0
5323,0,0,0,0,9,0
5324,0,0,0,0,20,0
5325,0,0,0,6,6,0
5326,0,0,0,74,15,0
5327,0,0,0,12,2,0
5328,0,0,0,8,0,0
5329,0,0,0,4,0,0
5330,0,0,0,4,0,0
5331,0,0,0,0,0,0
5332,0,0,0,1,0,0
5333,0,0,0,0,0,0
5334,0,0,0,0,0,0
5335,0,0,0,0,3,0
5336,0,0,0,0,45,0
5337,0,0,0,0,12,0
5338,0,0,0,0,31,0
5339,0,0,0,0,65,0
5340,0,0,0,0,43,0
5341,0,0,0,0,39,0
5342,0,0,0,0,27,0
5343,0,0,0,0,1,0
5344,0,0,0,0,8,0
5345,0,23,0,0,2,0
5346,0,6,0,0,10,0
5347,0,0,0,0,19,0
5348,0,0,0,0,29,0
5349,8,0,0,0,0,0
5350,13,0,0,0,0,0
5351,2,0,0,0,0,0
5352,2,0,0,0,0,0
5353,0,0,0,0,0,0
5354,0,0,0,0,29,0
5355,0,0,0,0,28,0
5356,0,0,0,0,24,0
5357,0,0,0,0,4,0
5358,0,0,0,0,0,0
5359,0,0,0,0,0,0
5360,0,0,0,3,0,0
5361,0,0,0,23,0,0
5362,0,0,0,26,15,0
5363,0,0,0,1,31,0
5364,0,0,0,0,21,0
5365,0,0,0,0,12,0
5366,0,0,0,0,2,0
5367,0,0,0,0,0,0
5368,0,0,0,0,0,0
5369,0,0,0,0,0,0
5370,0,0,0,46,0,0
5371,0,0,0,35,0,0
5372,0,0,0,0,0,0
5373,0,0,0,0,0,0
5374,0,0,0,0,0,0
5375,0,0,0,0,0,0
5376,0,0,0,0,0,0
5377,0,0,0,0,0,0
5378,0,0,0,0,0,0
5379,0,0,0,0,0,0
5380,0,0,0,0,1,0
5381,0,0,0,0,1,0
5382,0,0,0,0,1,0
5383,0,0,0,0,2,0
5384,0,2,0,0,55,0
5385,0,0,0,0,0,0
5386,0,0,0,0,12,0
5387,0,0,0,0,0,0
5388,0,0,0,0,0,0
5389,0,0,0,0,0,0
5390,0,0,0,0,20,0
5391,0,0,0,0,0,0
5392,0,0,0,0,0,0
5393,0,0,0,0,0,0
5394,0,0,0,0,0,0
5395,0,0,0,0,0,0
5396,0,0,0,0,0,0
5397,0,0,0,0,0,0
5398,0,0,0,0,0,0
5399,0,0,0,0,0,0
5400,0,0,0,0,0,0
5401,0,0,0,0,7,0
5402,0,0,0,0,27,0
5403,0,0,0,0,27,0
5404,0,0,0,0,36,0
5405,0,0,0,0,34,0
5406,0,0,0,0,7,0
5407,0,0,0,0,1,0
5408,0,0,0,0,53,0
5409,0,0,0,0,20,0
5410,0,0,0,0,15,0
5411,0,0,0,0,40,0
5412,0,0,0,0,5,0
5413,0,0,0,0,0,0
5414,0,0,0,0,2,0
5415,0,0,0,0,8,0
5416,0,0,0,0,54,0
5417,0,0,0,0,21,0
5418,0,0,0,0,36,0
5419,0,0,0,0,36,0
5420,0,0,0,0,26,0
5421,0,0,0,0,5,0
5422,0,0,0,0,20,0
5423,6,4,0,0,118,0
5424,2,4,0,0,109,0
5425,2,4,0,0,9,0
5426,0,22,0,0,0,0
5427,8,0,0,0,14,0
5428,6,0,0,0,14,0
5429,0,0,0,0,14,0
5430,0,0,0,0,6,0
5431,11,7,0,1,9,0
5432,0,18,0,28,11,0
5433,0,0,0,0,0,0
5434,0,0,0,0,11,0
5435,2,0,0,0,0,0
5436,0,0,0,0,0,0
5437,0,0,0,0,0,0
5438,0,0,0,0,0,0
5439,0,0,0,0,0,0
5440,0,0,0,0,0,0
5441,0,0,0,0,6,0
5442,0,0,0,0,0,0
5443,0,0,0,0,15,0
5444,0,0,0,0,3,0
5445,0,0,0,0,24,0
5446,0,0,0,0,46,0
5447,0,0,0,0,18,0
5448,0,0,0,0,15,0
5449,0,0,0,0,25,0
5450,0,0,0,1,55,0
5451,0,0,0,0,2,0
5452,0,0,0,0,37,0
5453,0,0,0,8,86,0
5454,0,0,0,0,34,0
5455,0,0,0,0,8,0
5456,0,0,0,0,61,0
5457,0,0,0,14,62,0
5458,0,0,0,4,122,0
5459,0,0,0,45,187,0
5460,0,0,0,7,81,0
5461,0,0,0,4,16,0
5462,0,0,0,0,6,0
5463,0,0,0,0,0,0
5464,0,0,0,0,6,0
5465,0,0,0,0,12,0
5466,0,0,0,0,5,0
5467,0,0,0,0,18,0
5468,0,0,0,0,3,0
5469,0,0,0,27,9,0
5470,0,0,0,24,3,0
5471,0,0,0,16,0,0
5472,21,0,0,9,0,0
5473,0,0,0,29,3,0
5474,0,0,0,40,69,0
5475,0,0,0,33,32,0
5476,0,57,0,26,60,0
5477,14,0,0,24,23,0
5478,41,0,0,2,21,0
5479,52,0,0,0,12,0
5480,39,6,0,3,59,0
5481,40,5,0,3,1,0
5482,0,0,0,1,102,0
5483,2,0,0,0,237,0
5484,0,0,0,0,260,0
5485,0,20,0,0,42,0
5486,0,0,0,0,44,0
5487,16,0,0,0,213,0
5488,4,0,0,0,271,0
5489,0,0,0,0,203,0
5490,0,0,0,0,213,0
5491,0,0,0,0,207,0
5492,0,0,0,0,31,0
5493,0,0,0,0,9,0
5494,0,0,0,0,0,0
5495,0,0,0,2,81,0
5496,0,0,0,2,10,0
5497,0,0,0,0,34,0
5498,0,0,0,4,34,0
5499,0,0,0,0,22,0
5500,0,0,0,0,11,0
5501,0,0,0,0,13,0
5502,0,0,0,0,7,0
5503,0,0,0,0,7,0
5504,0,0,0,0,50,0
5505,0,0,0,0,19,0
5506,0,0,0,0,20,0
5507,0,0,0,0,40,0
5508,0,0,0,4,45,0
5509,0,0,0,17,4,0
5510,0,0,0,1,9,0
5511,0,0,0,1,16,0
5512,0,0,0,0,27,0
5513,0,0,0,0,28,0
5514,0,0,0,0,17,0
5515,0,0,0,0,30,0
5516,0,0,0,8,79,0
5517,0,0,0,5,43,0
5518,0,0,0,0,44,0
5519,0,0,0,9,86,0
5520,0,0,0,0,22,0
5521,0,0,0,16,105,0
5522,0,0,0,2,198,0
5523,0,0,0,4,192,0
5524,0,0,0,6,161,0
5525,0,0,0,7,13,0
5526,0,0,0,2,239,0
5527,0,0,0,0,175,0
5528,0,0,0,0,156,0
5529,0,0,0,0,61,0
5530,0,0,0,9,34,0
5531,0,0,0,26,24,0
5532,0,0,0,37,1,0
5533,0,0,0,27,1,0
5534,0,0,0,40,1,0
5535,0,0,0,93,40,0
5536,0,23,0,104,45,1
5537,0,0,0,1,27,0
5538,0,0,0,61,10,0
5539,0,0,0,208,42,0
5540,0,0,0,359,350,3
5541,0,0,0,228,313,0
5542,0,0,0,202,215,2
5543,0,0,0,127,131,0
5544,0,0,0,116,18,0
5545,0,0,0,132,0,0
5546,0,0,0,135,0,0
5547,0,0,0,167,0,12
5548,0,0,0,82,15,2
5549,0,0,0,59,140,0
5550,0,0,0,85,29,22
5551,0,0,0,97,60,18
5552,0,0,0,114,4,56
5553,0,0,0,189,10,50
5554,0,0,0,316,36,42
5555,0,0,0,173,142,0
5556,0,0,0,160,466,0
5557,0,0,0,197,934,1
5558,0,0,0,114,2476,553
5559,0,0,0,58,4406,1059
5560,0,0,0,24,5465,978
5561,0,0,0,99,6685,1006
5562,0,0,0,59,7033,752
5563,0,0,0,114,6656,539
5564,0,0,0,128,5765,411
5565,0,0,0,287,5903,262
5566,0,0,0,391,7244,238
5567,0,0,0,418,7486,76
5568,0,0,0,482,7118,12
5569,0,0,0,661,7236,16
5570,0,0,0,840,6439,10
5571,0,0,0,812,5610,0
5572,0,0,0,680,4569,0
5573,0,0,0,561,3783,0
5574,0,0,0,350,2717,0
5575,0,0,0,168,2752,0
5576,0,0,0,91,3394,0
5577,0,0,0,105,3850,0
5578,0,0,0,21,4150,0
5579,0,0,0,48,4469,2
5580,0,0,0,75,4130,0
5581,0,0,0,156,4895,10
5582,0,0,0,239,5598,9
5583,0,0,0,155,6224,35
5584,0,0,0,86,6446,26
5585,0,3,0,144,7020,56
5586,0,7,0,143,7073,115
5587,0,0,0,213,7707,260
5588,0,0,0,376,6404,293
5589,0,0,0,300,5203,264
5590,0,0,0,440,3761,270
5591,0,0,0,355,2156,199
5592,0,0,0,269,1169,143
5593,0,0,0,162,1669,9
5594,0,0,0,99,1480,17
5595,0,0,0,111,3125,115
5596,0,0,0,64,3631,374
5597,0,0,0,112,4950,720
5598,0,0,0,90,6126,1028
5599,0,0,0,72,3890,892
5600,0,0,0,20,1008,28
5601,0,0,0,52,1172,93
5602,0,0,0,61,1774,138
5603,0,0,0,171,478,6
5604,0,0,0,85,1441,0
5605,0,0,0,406,2025,1
5606,0,0,0,484,3173,339
5607,0,0,0,982,4120,501
5608,0,0,0,661,4018,641
5609,0,0,0,619,2538,158
5610,0,0,0,158,965,14
5611,0,0,0,139,1935,313
5612,0,0,0,306,2127,361
5613,0,0,0,671,3254,701
5614,0,0,0,1210,2644,140
5615,0,0,0,1484,2435,78
5616,0,0,0,1565,1920,104
5617,0,0,0,1564,1326,124
5618,0,0,0,1403,1133,114
5619,0,0,0,1017,1398,188
5620,0,0,0,719,1592,65
5621,0,0,0,391,686,6
5622,0,0,0,74,946,17
5623,0,0,0,26,41,0
5624,0,0,0,367,189,0
5625,0,0,0,399,1114,0
5626,0,0,0,453,506,3
5627,0,0,0,719,740,2
5628,0,0,0,781,89,2
5629,0,0,0,814,301,5
5630,0,0,0,933,30,5
5631,0,0,0,803,39,0
5632,0,0,0,793,1,0
5633,0,0,0,870,21,0
5634,0,0,0,714,0,0
5635,0,0,0,704,29,0
5636,0,0,0,471,86,0
5637,0,0,0,347,92,0
5638,0,0,0,284,131,0
5639,0,0,0,156,260,0
5640,0,0,0,160,161,0
5641,0,0,0,83,127,0
5642,0,0,0,8,156,39
5643,0,0,0,1,110,18
5644,0,0,0,0,42,0
5645,0,0,0,2,49,5
5646,0,0,0,1,76,2
5647,0,0,0,0,386,81
5648,0,0,0,13,476,92
5649,0,0,0,35,278,0
5650,0,0,0,46,118,0
5651,0,0,0,30,54,0
5652,0,0,0,108,23,0
5653,0,0,0,180,0,0
5654,0,0,0,237,0,0
5655,0,0,0,138,0,0
5656,0,0,0,30,58,0
5657,0,0,0,74,54,0
5658,0,0,0,303,21,0
5659,0,0,0,343,42,2
5660,0,0,0,384,14,24
5661,0,0,0,350,9,0
5662,0,0,0,143,12,0
5663,0,0,0,6,20,0
5664,0,0,0,3,17,52
5665,0,0,0,0,2,0
5666,0,0,0,0,0,0
5667,0,0,0,3,1,0
5668,0,0,0,46,3,23
5669,0,0,0,94,25,4
5670,0,0,0,54,22,0
5671,0,0,0,0,15,0
5672,0,0,0,0,0,0
5673,0,0,0,0,16,0
5674,0,0,0,7,128,0
5675,0,0,0,8,300,0
5676,0,0,0,9,401,0
5677,0,0,0,28,370,0
5678,0,0,0,71,762,0
5679,0,0,0,39,1500,224
5680,0,0,0,62,2597,299
5681,0,0,0,34,3188,382
5682,0,0,0,26,3366,606
5683,0,0,0,78,3542,527
5684,0,0,0,133,3388,234
5685,0,0,0,56,2959,41
5686,0,0,0,30,2388,0
5687,0,0,0,31,1085,0
5688,0,0,0,21,1777,0
5689,0,0,0,43,2468,2
5690,0,0,0,149,3228,0
5691,0,0,0,203,3013,0
5692,0,0,0,241,1761,0
5693,0,0,0,677,582,0
5694,0,0,0,466,1106,0
5695,0,0,0,268,2022,59
5696,0,0,0,275,2817,159
5697,0,0,0,304,2001,401
5698,0,0,0,166,1285,271
5699,0,0,0,94,3257,182
5700,0,0,0,84,4170,25
5701,0,0,0,171,4570,170
5702,0,0,0,82,4407,195
5703,0,0,0,8,3536,25
5704,0,0,0,45,932,0
5705,0,0,0,0,722,0
5706,0,0,0,13,221,0
5707,0,0,0,59,563,21
5708,0,0,0,153,620,115
5709,0,0,0,628,152,60
5710,0,0,0,964,40,126
5711,0,0,0,259,313,37
5712,0,0,0,472,0,15
5713,0,0,0,543,109,0
5714,0,0,0,473,199,0
5715,0,0,0,180,7,0
5716,0,0,0,200,4,25
5717,0,0,0,191,50,2
5718,0,0,0,89,97,0
5719,0,0,0,172,161,0
5720,0,0,0,270,44,7
5721,0,0,0,333,0,0
5722,0,0,0,399,6,0
5723,0,0,0,312,119,60
5724,0,0,0,179,1,3
5725,0,0,0,45,3,0
5726,0,0,0,9,83,0
5727,0,0,0,0,23,0
5728,0,0,0,0,0,0
5729,0,0,0,6,0,0
5730,0,0,0,27,0,0
5731,0,0,0,20,1,0
5732,0,0,0,1,2,0
5733,0,0,0,0,5,0
5734,0,0,0,0,57,0
5735,0,0,0,37,87,0
5736,0,0,0,21,66,0
5737,0,0,0,0,56,0
5738,0,0,0,10,2,0
5739,0,0,0,0,41,0
5740,0,0,0,23,18,0
5741,0,0,0,1,55,0
5742,0,0,0,11,28,0
5743,0,0,0,2,54,0
5744,0,0,0,9,11,0
5745,0,0,0,0,201,0
5746,0,0,0,0,76,0
5747,2,0,0,0,237,0
5748,0,0,0,0,8,0
5749,0,0,0,0,68,0
5750,0,0,0,2,7,0
5751,0,0,0,0,45,0
5752,0,0,0,0,0,0
5753,0,0,0,0,92,0
5754,0,0,0,0,0,0
5755,0,0,0,0,14,0
5756,0,0,0,0,0,0
5757,0,0,0,0,1,0
5758,0,0,0,0,4,0
5759,0,0,0,0,0,0
5760,0,0,0,0,2,0
5761,0,0,0,0,1,4
5762,0,0,0,0,73,0
5763,0,1,0,0,0,0
5764,0,17,0,0,96,0
5765,0,42,0,0,0,0
5766,0,76,0,0,28,0
5767,0,39,3,0,0,0
5768,0,56,19,0,18,0
5769,0,55,2,2,42,0
5770,2,0,0,0,38,0
5771,0,0,0,0,0,0
5772,0,0,0,0,0,0
5773,2,0,0,0,0,0
5774,0,0,0,0,0,0
5775,0,0,0,0,0,0
5776,0,5,21,0,13,0
5777,0,13,5,0,6,0
5778,0,0,0,0,20,1
5779,0,0,0,0,51,0
5780,0,0,0,0,92,0
5781,0,0,0,0,170,0
5782,0,0,0,0,9,0
5783,0,0,0,0,0,0
5784,0,0,0,0,0,0
5785,0,0,1,0,48,0
5786,0,0,3,0,0,0
5787,0,0,106,0,66,0
5788,0,0,24,0,0,0
5789,0,0,22,0,38,0
5790,0,0,0,0,1,0
5791,0,0,0,12,66,4
5792,0,0,0,11,0,0
5793,0,0,0,0,13,0
5794,0,0,0,0,0,0
5795,94,0,0,0,13,0
5796,197,14,0,0,0,0
5797,244,131,0,0,0,0
5798,136,131,10,0,0,0
5799,47,244,0,0,0,0
5800,36,229,1,0,0,0
5801,11,231,41,0,0,0
5802,0,323,43,0,0,0
5803,23,188,9,0,0,0
5804,6,32,8,0,0,0
5805,24,37,0,0,0,0
5806,4,37,0,0,0,0
5807,0,70,0,0,0,0
5808,0,62,0,0,0,0
5809,25,43,0,0,0,0
5810,49,7,0,0,0,0
5811,41,6,0,0,0,0
5812,24,6,0,0,0,0
5813,15,135,0,0,0,0
5814,5,88,0,0,1,0
5815,0,8,0,0,0,0
5816,0,0,0,0,0,0
5817,0,48,0,0,0,0
5818,0,84,0,0,0,0
5819,0,70,0,0,0,0
5820,0,13,0,0,0,0
5821,20,0,0,0,3,0
5822,0,131,0,0,0,0
5823,0,288,0,0,0,0
5824,0,224,0,0,0,0
5825,0,0,0,0,0,0
5826,0,1,0,0,0,0
5827,0,62,3,0,0,0
5828,0,133,10,0,0,0
5829,0,131,15,0,0,0
5830,0,27,7,0,0,0
5831,0,43,30,0,0,0
5832,0,257,0,0,2,0
5833,0,304,0,0,0,0
5834,2,224,27,0,0,0
5835,7,49,17,0,0,0
5836,12,163,4,0,0,0
5837,2,150,0,0,0,0
5838,0,35,0,0,0,0
5839,0,1,0,0,0,0
5840,0,82,10,0,0,0
5841,0,286,1,0,0,0
5842,0,373,0,2,0,0
5843,0,129,0,35,0,0
5844,0,0,0,8,0,0
5845,0,2,0,0,0,0
5846,0,76,0,0,0,0
5847,0,88,0,0,0,0
5848,0,100,0,3,0,0
5849,0,0,0,2,0,0
5850,0,0,0,0,0,0
5851,0,92,0,77,0,0
5852,0,116,0,16,0,0
5853,0,16,0,0,0,0
5854,0,0,0,0,0,0
5855,0,0,0,1,0,0
5856,0,31,0,0,13,0
5857,0,15,0,0,67,0
5858,0,0,0,2,46,0
5859,0,0,0,0,14,0
5860,0,0,0,0,0,0
5861,0,12,0,0,0,0
5862,0,0,0,0,0,0
5863,0,0,0,6,0,0
5864,0,0,0,4,0,0
5865,0,0,0,19,1,0
5866,0,4,0,13,3,0
5867,0,0,0,0,3,0
5868,0,0,0,2,0,0
5869,0,0,0,0,3,0
5870,0,0,0,0,8,0
5871,0,0,0,0,6,0
5872,0,0,0,0,8,0
5873,0,0,0,0,87,0
5874,0,0,0,0,13,0
5875,0,0,0,0,14,0
5876,0,0,0,0,39,0
5877,0,0,0,0,0,0
5878,0,0,0,0,25,0
5879,0,0,0,0,8,0
5880,0,0,0,0,16,0
5881,0,0,0,0,22,0
5882,0,0,0,0,51,0
5883,0,0,0,0,57,0
5884,0,0,0,0,32,0
5885,0,0,0,0,28,0
5886,0,0,0,0,0,0
5887,0,0,0,1,0,0
5888,0,18,7,78,9,0
5889,0,21,28,0,15,0
5890,0,77,77,0,1,0
5891,1,34,83,0,0,0
5892,1,4,3,6,0,0
5893,0,0,0,0,3,0
5894,0,0,0,1,15,0
5895,0,5,0,0,8,0
5896,0,12,4,0,10,0
5897,0,0,0,0,15,0
5898,0,0,0,0,1,0
5899,0,0,0,0,0,0
5900,0,0,0,0,4,0
5901,0,0,0,0,0,0
5902,0,0,0,0,20,0
5903,0,0,0,0,234,0
5904,0,1,8,0,457,0
5905,0,7,40,0,782,0
5906,0,3,81,0,726,0
5907,0,0,5,0,282,0
5908,0,0,3,0,168,0
5909,0,0,21,0,240,0
5910,0,0,0,0,349,0
5911,0,0,16,0,338,0
5912,0,0,9,0,67,0
5913,0,0,0,0,18,0
5914,0,0,0,0,14,0
5915,0,0,0,0,7,0
5916,0,0,5,0,8,0
5917,0,0,0,0,2,0
5918,0,0,0,0,0,0
5919,0,0,0,0,8,0
5920,0,0,0,0,0,0
5921,0,0,0,0,0,0
5922,0,0,0,0,0,0
5923,0,0,0,0,0,0
5924,0,0,0,0,0,0
5925,0,0,0,0,20,0
5926,0,0,0,0,3,0
5927,0,0,0,0,2,0
5928,0,0,0,0,5,0
5929,0,0,0,0,0,0
5930,0,0,0,0,0,0
5931,3,0,0,0,0,0
5932,0,0,0,0,0,0
5933,0,0,0,0,0,0
5934,0,0,0,0,0,0
5935,0,0,0,0,0,0
5936,0,0,0,0,0,0
5937,0,0,0,0,0,0
5938,0,0,0,0,0,0
5939,0,0,0,0,0,0
5940,0,0,0,0,0,0
5941,0,0,0,0,0,0
5942,0,0,0,0,0,0
5943,0,0,0,0,0,0
5944,0,0,0,0,0,0
5945,0,0,0,0,0,0
5946,0,0,0,0,0,0
5947,0,0,0,0,0,0
5948,0,0,0,0,0,0
5949,0,0,0,0,0,0
5950,0,0,0,0,0,0
5951,0,0,0,0,0,0
5952,0,0,0,0,0,0
5953,0,0,0,0,0,0
5954,0,0,0,0,0,0
5955,0,2,4,0,9,0
5956,2,0,0,0,15,0
5957,0,0,0,0,15,0
5958,0,0,0,2,9,0
5959,0,0,0,0,49,0
5960,0,0,0,0,64,0
5961,0,0,0,0,16,0
5962,0,0,0,0,25,0
5963,0,0,0,2,35,0
5964,0,0,0,0,15,0
5965,0,0,0,1,12,0
5966,0,0,0,1,6,0
5967,0,0,0,0,0,0
5968,0,0,0,0,0,0
5969,0,0,0,0,0,0
5970,0,0,0,0,0,0
5971,0,0,0,0,39,0
5972,0,0,0,0,15,0
5973,0,0,0,0,13,0
5974,0,0,0,0,0,0
5975,0,0,0,4,17,0
5976,0,0,0,0,3,0
5977,0,0,0,0,19,0
5978,0,0,0,1,29,0
5979,0,0,0,3,0,0
5980,0,0,0,0,0,0
5981,0,0,0,6,0,0
5982,0,0,0,27,0,0
5983,0,0,0,0,1,0
5984,0,0,0,0,0,0
5985,0,0,0,0,0,0
5986,0,0,0,0,0,0
5987,0,0,0,0,0,0
5988,0,0,0,0,0,0
5989,0,0,0,0,0,2
5990,0,0,0,0,23,0
5991,0,0,0,0,0,0
5992,0,0,0,0,2,0
5993,0,0,0,0,2,0
5994,0,0,0,0,0,0
5995,0,0,0,0,0,0
5996,0,0,0,0,0,0
5997,0,0,0,0,0,0
5998,0,0,0,0,0,0
5999,0,0,0,0,0,0
6000,0,0,0,0,0,0
6001,0,0,0,0,0,0
6002,0,0,0,0,0,0
6003,0,0,0,0,0,0
6004,0,0,0,0,0,0
6005,0,0,0,0,0,0
6006,0,0,0,0,1,0
6007,0,0,0,0,0,0
6008,0,0,0,0,0,0
6009,0,0,0,0,0,0
6010,0,0,0,0,7,0
6011,0,0,0,0,0,0
6012,0,0,0,0,9,0
6013,0,0,0,0,0,0
6014,0,0,0,0,0,0
6015,0,0,0,0,0,0
6016,0,0,0,0,5,0
6017,0,0,0,0,0,0
6018,0,0,0,36,0,0
6019,0,0,0,3,0,0
6020,0,0,0,0,0,0
6021,0,0,0,0,0,0
6022,0,0,0,0,0,0
6023,0,0,0,0,0,0
6024,0,0,0,0,0,0
6025,0,0,0,0,0,0
6026,0,0,0,0,0,0
6027,0,0,0,0,0,0
6028,0,0,0,20,0,0
6029,0,0,0,51,0,0
6030,0,0,0,0,0,0
6031,0,0,0,0,0,0
6032,0,0,0,0,0,0
6033,0,0,0,0,0,0
6034,0,0,0,0,0,0
6035,0,0,0,7,0,0
6036,0,0,0,0,0,0
6037,0,0,0,0,0,0
6038,0,0,0,0,0,0
6039,0,0,0,0,0,0
6040,0,0,0,0,0,0
6041,0,0,0,0,0,0
6042,0,0,0,0,0,0
6043,0,0,0,0,0,0
6044,0,0,0,0,0,0
6045,0,0,0,0,0,0
6046,0,0,0,0,0,0
6047,0,0,0,0,0,0
6048,0,0,0,0,0,0
6049,0,0,0,0,0,0
6050,0,0,0,0,0,0
6051,0,0,0,0,0,0
6052,0,0,0,0,0,0
6053,0,0,0,0,0,0
6054,0,0,0,0,0,0
6055,0,0,0,0,0,0
6056,0,0,0,0,0,0
6057,0,0,0,0,0,0
6058,0,0,0,0,0,0
6059,0,0,0,0,0,0
6060,0,0,0,0,0,0
6061,0,0,0,0,0,0
6062,0,0,0,0,0,0
6063,0,0,0,0,0,0
6064,0,0,0,0,0,0
6065,0,0,0,0,0,0
6066,0,0,0,0,0,0
6067,0,0,0,0,0,0
6068,0,0,0,0,0,0
6069,0,0,0,0,0,0
6070,0,0,0,0,0,0
6071,0,0,0,0,0,0
6072,0,0,0,0,0,0
6073,0,0,0,0,0,0
6074,0,0,0,0,0,0
6075,2,0,0,0,0,0
6076,0,0,0,0,0,0
6077,0,0,0,0,0,0
6078,0,0,0,0,0,0
6079,0,0,0,0,0,0
6080,0,0,0,0,0,0
6081,0,0,0,0,0,0
6082,0,0,0,0,0,0
6083,0,0,0,0,0,0
6084,0,0,0,0,0,0
6085,0,0,0,0,0,0
6086,0,0,0,0,0,0
6087,0,0,0,0,0,0
6088,0,0,0,0,0,0
6089,0,0,0,0,0,0
6090,0,0,0,0,0,0
6091,0,0,0,0,3,0
6092,0,0,0,0,0,0
6093,0,0,0,0,0,0
6094,0,0,0,0,0,0
6095,0,0,0,0,0,0
6096,0,0,0,0,0,0
6097,0,0,0,0,0,0
6098,0,0,0,0,0,0
6099,0,0,0,0,0,0
6100,0,0,0,0,0,0
6101,0,0,0,0,0,0
6102,0,0,0,0,0,0
6103,0,0,0,0,0,0
6104,0,0,0,0,0,0
6105,0,0,0,0,0,0
6106,0,0,0,0,4,0
6107,0,0,0,0,6,0
6108,0,0,0,0,3,0
6109,0,0,0,0,0,0
6110,0,0,0,0,0,0
6111,0,0,0,0,0,0
6112,0,0,0,0,4,0
6113,0,0,0,0,29,0
6114,0,0,0,0,2,0
6115,0,0,0,0,2,0
6116,0,0,0,15,0,0
6117,0,0,0,18,0,0
6118,0,0,0,0,10,0
6119,0,0,0,0,6,0
6120,0,0,0,0,0,0
6121,0,0,0,0,0,0
6122,0,0,0,0,2,0
6123,0,0,0,0,0,0
6124,0,0,0,0,0,0
6125,0,0,0,0,0,0
6126,0,0,0,0,1,0
6127,0,0,0,0,8,0
6128,0,0,0,0,14,0
6129,0,0,0,0,3,0
6130,0,0,0,0,2,0
6131,0,0,0,0,0,0
6132,0,0,0,0,0,0
6133,0,0,0,0,0,0
6134,0,0,0,0,0,0
6135,0,0,0,0,0,0
6136,0,0,0,0,1,0
6137,0,0,0,0,2,0
6138,0,0,0,0,15,0
6139,0,0,0,0,19,0
6140,0,0,0,0,12,0
6141,0,0,0,0,2,0
6142,0,0,0,0,0,0
6143,0,0,0,0,12,0
6144,0,0,0,0,15,0
6145,0,0,0,0,0,0
6146,0,0,0,0,0,0
6147,0,0,0,0,0,0
6148,0,0,0,0,0,0
6149,0,0,0,0,0,0
6150,0,0,0,0,0,0
6151,0,0,0,0,0,0
6152,0,0,0,0,0,0
6153,0,0,0,0,0,0
6154,0,0,0,0,0,0
6155,0,0,0,0,0,0
6156,0,0,0,0,0,0
6157,0,0,0,0,0,0
6158,0,0,0,0,0,0
6159,0,0,0,0,0,0
6160,0,0,0,0,0,0
6161,0,0,0,0,0,0
6162,0,0,0,0,0,0
6163,0,0,0,0,0,0
6164,0,0,0,0,0,0
6165,0,0,0,0,0,0
6166,0,0,0,0,0,0
6167,0,0,0,0,0,0
6168,0,0,0,0,0,0
6169,0,0,0,0,0,0
6170,0,0,0,0,0,0
6171,0,0,0,0,10,0
6172,0,0,0,0,40,0
6173,0,0,0,0,30,0
6174,0,0,0,0,11,0
6175,0,0,0,0,6,0
6176,0,0,0,0,5,0
6177,0,0,0,0,0,0
6178,0,0,0,0,0,0
6179,0,0,0,0,0,0
6180,0,0,0,0,0,0
6181,0,0,0,0,6,0
6182,0,0,0,0,2,0
6183,0,0,0,0,4,0
6184,0,0,0,0,0,0
6185,0,0,0,40,0,0
6186,0,0,0,0,0,0
6187,0,0,0,0,6,0
6188,0,0,0,0,0,0
6189,0,0,0,0,0,0
6190,0,0,0,4,0,0
6191,0,0,0,0,14,0
6192,0,0,0,0,8,0
6193,0,0,0,0,4,0
6194,0,0,0,0,0,0
6195,0,0,0,0,2,0
6196,0,0,0,0,51,0
6197,0,0,0,0,68,0
6198,0,0,0,0,0,0
6199,0,0,0,0,0,0
6200,0,0,0,0,0,0
6201,0,0,0,0,0,0
6202,0,0,0,0,33,0
6203,0,0,0,0,47,0
6204,0,0,0,0,24,0
6205,0,0,0,0,0,0
6206,0,0,0,0,5,0
6207,0,0,0,0,0,0
6208,0,0,0,0,6,0
6209,0,0,0,0,58,0
6210,0,0,0,0,43,0
6211,0,0,0,0,2,0
6212,0,0,0,0,0,0
6213,0,0,0,2,0,0
6214,0,0,0,44,0,0
6215,0,0,0,0,12,0
6216,0,0,0,0,12,0
6217,0,0,0,0,15,0
6218,0,0,0,2,21,0
6219,0,0,0,0,23,0
6220,0,0,0,0,0,0
6221,0,0,0,0,15,0
6222,0,0,0,0,4,0
6223,0,0,0,0,12,0
6224,0,0,0,0,8,0
6225,0,0,0,0,0,0
6226,0,0,0,0,3,0
6227,0,0,0,0,0,0
6228,0,0,0,0,0,0
6229,0,0,0,0,0,0
6230,0,0,0,0,15,0
6231,0,0,0,0,15,0
6232,0,0,0,0,0,0
6233,0,0,0,0,0,0
6234,0,0,0,0,0,0
6235,0,0,0,0,0,0
6236,1,0,0,0,0,0
6237,0,0,0,0,0,0
6238,0,0,0,0,0,0
6239,0,0,0,0,0,0
6240,0,0,0,0,0,0
6241,0,0,0,0,0,0
6242,0,0,0,0,0,0
6243,0,0,0,0,0,0
6244,0,0,0,0,6,0
6245,0,0,0,0,2,0
6246,0,0,0,0,17,0
6247,0,0,0,0,0,0
6248,0,0,0,0,0,0
6249,0,0,0,0,0,0
6250,0,0,0,0,0,0
6251,0,0,0,0,0,0
6252,0,0,0,0,0,0
6253,0,0,0,0,0,0
6254,0,0,0,0,0,0
6255,0,0,0,0,0,0
6256,0,0,0,0,1,0
6257,0,0,0,0,0,0
6258,0,0,0,0,5,0
6259,0,0,0,0,5,0
6260,0,0,0,0,11,0
6261,0,0,0,0,2,0
6262,0,0,0,0,0,0
6263,0,0,0,0,0,0
6264,0,0,0,0,3,0
6265,0,0,0,0,0,0
6266,0,0,0,0,0,0
6267,0,0,0,0,1,0
6268,0,0,0,0,2,0
6269,0,0,0,0,0,0
6270,0,0,0,0,0,0
6271,0,0,0,0,0,0
6272,0,0,0,0,2,0
6273,0,0,0,0,4,0
6274,0,0,0,0,0,0
6275,0,0,0,0,0,0
6276,0,0,0,0,2,0
6277,0,0,0,0,3,0
6278,0,0,0,0,0,0
6279,0,0,0,0,0,0
6280,0,0,0,0,0,0
6281,0,0,0,0,30,0
6282,0,0,0,0,0,0
6283,0,0,0,0,9,0
6284,0,0,0,0,4,0
6285,0,0,0,0,9,0
6286,0,0,0,0,21,0
6287,0,0,0,0,0,0
6288,0,0,0,0,0,0
6289,0,0,0,0,0,0
6290,0,0,0,0,0,0
6291,0,0,0,0,0,0
6292,0,0,0,0,0,0
6293,0,0,0,0,0,0
6294,0,0,0,0,0,0
6295,0,0,0,0,0,0
6296,0,0,0,0,1,0
6297,0,0,0,0,0,0
6298,0,0,0,0,5,0
6299,0,0,0,0,42,0
6300,0,0,0,0,2,0
6301,0,0,0,0,19,0
6302,0,0,0,0,5,0
6303,0,0,0,0,4,0
6304,0,0,0,0,0,0
6305,0,0,0,0,2,0
6306,0,0,0,0,0,0
6307,0,0,0,0,26,0
6308,0,0,0,0,3,0
6309,0,0,0,0,16,0
6310,0,0,0,0,2,0
6311,0,0,0,0,5,0
6312,0,0,0,0,1,0
6313,0,0,0,0,0,0
6314,0,0,0,0,0,0
6315,0,0,0,0,0,0
6316,0,0,0,39,2,0
6317,0,0,0,0,0,0
6318,0,0,0,0,0,0
6319,0,0,0,0,0,0
6320,0,0,0,5,0,0
6321,0,0,0,0,0,0
6322,0,0,0,0,0,0
6323,0,0,0,0,0,0
6324,0,0,0,0,0,0
6325,0,0,0,0,0,0
6326,0,0,0,0,0,0
6327,0,0,0,34,0,0
6328,0,0,0,51,0,0
6329,0,0,0,0,0,0
6330,0,0,0,0,0,0
6331,0,0,0,0,0,0
6332,0,0,0,0,0,0
6333,0,0,0,0,1,0
6334,0,0,0,0,0,0
6335,0,0,0,1,4,0
6336,0,0,0,0,0,0
6337,0,0,0,0,0,0
6338,0,0,0,0,0,0
6339,0,0,0,0,0,0
6340,0,0,0,0,0,0
6341,0,0,0,0,0,0
6342,0,0,0,0,0,0
6343,0,0,0,0,0,0
6344,0,0,0,0,0,0
6345,0,0,0,0,0,0
6346,0,0,0,0,8,0
6347,0,0,0,0,0,0
6348,0,0,0,0,0,0
6349,0,0,0,0,0,0
6350,0,0,0,0,0,0
6351,0,0,0,0,2,0
6352,0,0,0,0,12,0
6353,0,0,0,0,42,0
6354,0,0,0,0,24,0
6355,0,0,0,0,35,0
6356,0,0,0,0,33,0
6357,0,0,0,0,5,0
6358,0,0,0,0,0,0
6359,0,0,0,0,15,0
6360,0,0,0,0,0,0
6361,0,0,0,0,14,0
6362,0,0,0,0,21,0
6363,0,0,0,0,0,0
6364,0,0,0,0,0,0
6365,0,0,0,0,1,0
6366,0,0,0,64,0,0
6367,0,0,0,0,0,0
6368,0,0,0,0,0,0
6369,0,0,0,0,0,0
6370,0,0,0,0,2,0
6371,0,0,0,0,3,0
6372,0,0,0,0,0,0
6373,0,0,0,0,0,0
6374,0,0,0,0,0,0
6375,0,0,0,0,0,0
6376,2,17,0,12,11,0
6377,0,177,1,65,0,0
6378,0,409,8,38,0,0
6379,4,702,16,17,9,0
6380,49,929,20,15,39,0
6381,220,1525,12,0,15,0
6382,458,1792,0,0,2,0
6383,504,1874,0,6,0,0
6384,509,1518,0,0,0,0
6385,405,1087,0,0,0,0
6386,405,673,0,0,0,0
6387,400,862,0,0,0,0
6388,436,1100,0,0,0,0
6389,457,1200,0,0,4,0
6390,461,1283,0,0,0,0
6391,485,1086,0,0,9,0
6392,407,852,0,0,0,0
6393,247,832,0,0,0,0
6394,41,262,0,0,0,0
6395,15,5,0,0,0,0
6396,7,0,0,0,0,0
6397,0,4,0,0,0,0
6398,0,24,0,0,0,0
6399,0,0,0,0,0,0
6400,0,0,0,0,0,0
6401,0,3,0,0,0,0
6402,93,0,0,0,0,0
6403,196,0,0,0,0,0
6404,325,0,0,0,0,0
6405,367,1,0,0,0,0
6406,461,26,0,0,0,0
6407,425,22,0,0,0,0
6408,384,16,0,0,0,0
6409,314,0,0,0,0,0
6410,273,0,0,0,0,0
6411,225,0,0,0,0,0
6412,172,0,0,0,0,0
6413,124,0,0,0,0,0
6414,33,0,0,0,0,0
6415,0,36,0,0,1,0
6416,0,9,0,0,3,0
6417,0,0,0,0,0,0
6418,0,0,0,0,2,0
6419,0,0,0,0,0,0
6420,0,0,0,0,2,0
6421,0,4,0,0,16,0
6422,0,0,0,0,3,0
6423,0,0,0,0,0,0
6424,0,0,0,0,0,0
6425,0,0,0,0,31,0
6426,0,0,0,0,4,0
6427,0,0,0,0,2,0
6428,0,0,0,0,2,0
6429,1,0,0,0,5,0
6430,0,0,0,0,7,0
6431,0,0,0,0,2,0
6432,0,0,0,0,1,0
6433,0,0,0,0,6,0
6434,0,0,0,4,12,0
6435,0,0,0,3,0,0
6436,0,0,0,15,6,0
6437,0,10,0,21,5,0
6438,0,9,0,1,0,0
6439,0,0,0,2,22,0
6440,0,0,0,2,0,0
6441,1,0,0,0,0,0
6442,0,23,0,0,0,0
6443,6,42,0,0,27,0
6444,49,42,0,0,42,0
6445,101,38,0,0,51,0
6446,121,0,0,0,18,0
6447,71,0,0,0,0,0
6448,60,0,0,0,12,0
6449,8,0,0,0,13,0
6450,0,0,0,0,7,0
6451,0,0,0,0,45,0
6452,0,0,0,0,60,0
6453,0,0,0,0,50,0
6454,0,0,0,0,21,0
6455,0,0,0,0,49,0
6456,0,0,0,0,11,0
6457,13,7,0,0,0,0
6458,31,0,0,0,2,0
6459,79,0,0,0,0,0
6460,117,0,0,0,0,0
6461,117,0,0,0,0,0
6462,128,0,0,9,0,0
6463,97,0,0,0,0,0
6464,127,0,0,0,0,0
6465,80,1,0,0,0,0
6466,51,3,0,13,24,0
6467,26,2,0,18,3,0
6468,22,0,0,0,0,0
6469,4,13,0,0,0,0
6470,0,23,0,0,0,0
6471,0,0,0,0,10,0
6472,0,0,0,0,0,0
6473,0,0,0,0,0,0
6474,0,0,0,0,0,0
6475,0,12,0,0,0,0
6476,0,0,0,0,0,0
6477,0,0,0,0,0,0
6478,0,0,0,0,11,0
6479,0,0,0,0,11,0
6480,0,0,0,0,3,0
6481,0,0,0,0,13,0
6482,0,0,0,0,39,0
6483,0,0,0,38,4,0
6484,0,0,0,0,22,0
6485,0,0,0,7,37,0
6486,0,0,0,0,10,0
6487,0,0,0,0,7,0
6488,0,0,0,8,23,0
6489,0,0,0,0,1,0
6490,0,0,0,0,15,0
6491,0,0,0,2,0,0
6492,0,0,0,0,0,0
6493,0,0,0,0,0,0
6494,0,0,0,0,0,0
6495,0,0,0,0,0,0
6496,0,0,0,0,6,0
6497,0,0,0,0,0,0
6498,0,0,0,0,2,0
6499,0,0,0,0,0,0
6500,0,0,0,0,0,0
6501,6,0,0,0,0,0
6502,10,0,0,0,0,0
6503,5,0,0,0,0,0
6504,17,0,0,0,0,0
6505,2,8,0,0,0,0
6506,0,0,0,0,0,0
6507,0,0,0,0,0,0
6508,0,0,0,0,3,0
6509,0,0,0,0,0,0
6510,0,0,0,0,2,0
6511,0,0,0,0,2,0
6512,0,0,0,1,20,0
6513,0,2,9,0,0,0
6514,0,0,4,0,8,0
6515,0,2,0,0,59,0
6516,32,0,0,0,23,0
6517,90,0,0,0,4,0
6518,95,0,0,0,3,0
6519,123,0,0,0,2,0
6520,100,0,0,0,0,0
6521,93,0,0,0,0,0
6522,72,0,0,0,0,0
6523,39,0,0,0,12,0
6524,22,0,0,0,21,0
6525,19,7,0,0,17,0
6526,16,10,0,0,26,0
6527,0,0,0,0,8,0
6528,0,0,0,0,0,0
6529,0,0,0,0,0,0
6530,0,0,0,0,0,0
6531,0,0,0,0,0,0
6532,0,0,0,0,5,0
6533,0,0,0,0,10,0
6534,0,0,0,0,1,0
6535,0,0,0,0,2,0
6536,0,0,0,0,0,0
6537,0,0,0,0,0,0
6538,0,0,0,0,0,0
6539,0,0,0,0,0,0
6540,0,0,0,0,2,0
6541,0,0,0,0,0,0
6542,0,0,0,0,0,0
6543,0,0,0,0,0,0
6544,0,0,0,0,0,0
6545,0,0,0,0,0,0
6546,0,0,0,0,0,0
6547,0,0,0,0,0,0
6548,0,0,0,0,0,0
6549,0,0,0,0,0,0
6550,0,0,0,0,0,0
6551,0,0,0,0,0,0
6552,0,0,0,0,0,0
6553,0,0,0,0,0,0
6554,0,0,0,0,0,0
6555,0,0,0,49,0,0
6556,0,0,0,20,4,0
6557,0,0,0,0,0,0
6558,0,0,0,0,0,0
6559,0,0,0,0,1,0
6560,0,0,0,0,17,0
6561,0,0,0,0,4,0
6562,0,0,0,0,2,0
6563,0,0,0,0,0,0
6564,0,0,0,0,5,0
6565,0,0,0,0,0,0
6566,0,2,0,4,4,0
6567,0,0,0,0,0,0
6568,0,0,0,0,3,0
6569,0,0,0,0,6,0
6570,0,0,0,0,3,0
6571,0,0,0,0,6,0
6572,0,0,0,0,0,0
6573,0,0,0,0,0,0
6574,0,0,0,0,0,0
6575,0,0,0,0,0,0
6576,0,0,0,0,0,0
6577,0,0,0,0,1,0
6578,0,0,0,0,0,0
6579,0,0,0,0,0,0
6580,0,23,0,0,0,0
6581,0,73,0,0,31,0
6582,0,47,0,0,0,0
6583,0,12,0,0,12,0
6584,0,0,0,0,23,0
6585,0,12,0,0,3,0
6586,0,4,0,0,21,0
6587,0,0,0,0,0,0
6588,0,0,0,0,0,0
6589,0,0,0,0,0,0
6590,0,0,0,8,13,0
6591,0,0,0,127,0,0
6592,0,0,0,232,0,0
6593,0,0,0,341,113,0
6594,0,0,0,281,46,0
6595,0,0,0,291,9,0
6596,0,0,0,129,113,0
6597,0,0,0,87,3,0
6598,0,0,0,49,0,0
6599,0,0,0,11,2,0
6600,0,0,0,26,0,0
6601,0,0,0,24,0,0
6602,0,0,0,27,0,0
6603,0,0,0,28,17,0
6604,0,0,0,68,20,0
6605,0,0,0,56,62,0
6606,0,0,0,32,97,0
6607,0,0,0,49,14,0
6608,0,0,0,12,6,0
6609,0,0,0,8,0,0
6610,0,0,0,0,3,0
6611,0,0,0,0,0,0
6612,0,0,0,0,5,0
6613,0,0,0,0,62,0
6614,0,0,0,0,104,0
6615,0,0,0,0,92,0
6616,0,0,0,0,60,0
6617,0,0,0,0,0,0
6618,0,0,0,0,0,0
6619,0,0,0,0,0,0
6620,0,0,0,0,7,0
6621,0,0,0,0,26,0
6622,0,0,0,0,18,0
6623,0,0,0,0,0,0
6624,0,0,0,0,0,0
6625,0,0,0,0,0,0
6626,0,0,0,0,0,0
6627,0,0,0,0,0,0
6628,0,0,0,0,0,0
6629,0,0,0,2,34,0
6630,0,0,0,0,46,0
6631,0,0,0,0,3,0
6632,0,0,0,0,0,0
6633,0,0,0,0,0,0
6634,0,0,0,0,0,0
6635,0,1,0,0,0,0
6636,0,0,0,0,0,0
6637,0,0,0,0,0,0
6638,0,0,0,40,30,0
6639,0,0,0,8,87,0
6640,0,0,0,0,48,0
6641,0,0,0,0,90,0
6642,0,0,0,0,9,0
6643,0,0,0,0,11,0
6644,0,0,0,0,23,0
6645,0,0,0,0,22,0
6646,0,0,0,0,46,0
6647,0,0,0,0,43,0
6648,0,0,0,0,48,0
6649,4,1,0,0,17,0
6650,0,17,0,0,4,0
6651,0,0,0,0,0,0
6652,0,0,0,0,0,0
6653,0,0,0,0,0,0
6654,0,0,0,0,0,0
6655,0,0,0,0,0,0
6656,0,0,0,0,0,0
6657,0,0,0,0,3,0
6658,0,0,0,0,2,0
6659,0,0,0,0,14,0
6660,0,0,0,0,0,0
6661,0,0,0,0,7,0
6662,0,6,0,0,0,0
6663,0,9,0,0,5,0
6664,0,9,0,0,0,0
6665,0,0,0,0,0,0
6666,0,0,0,0,0,0
6667,0,0,0,0,12,0
6668,0,0,0,4,2,0
6669,0,0,0,0,7,0
6670,0,0,0,4,13,0
6671,0,0,0,13,62,0
6672,0,0,0,0,14,0
6673,0,0,0,0,2,0
6674,0,0,0,6,4,0
6675,0,0,0,0,0,0
6676,0,0,0,1,10,0
6677,0,0,0,0,0,0
6678,0,0,0,0,1,0
6679,0,0,0,0,0,0
6680,0,0,0,2,0,0
6681,0,0,0,0,0,0
6682,0,0,0,0,2,0
6683,0,0,0,1,0,0
6684,0,0,0,0,3,0
6685,0,0,0,0,0,0
6686,0,0,0,0,0,0
6687,0,0,0,0,0,0
6688,0,0,0,0,1,0
6689,0,0,0,0,0,0
6690,0,0,0,0,0,0
6691,0,0,0,0,4,0
6692,0,0,0,0,6,0
6693,0,0,0,0,0,2
6694,0,0,0,0,0,0
6695,1,0,0,0,0,0
6696,0,0,0,0,14,0
6697,0,0,0,0,2,0
6698,0,0,0,0,0,0
6699,0,0,0,0,0,0
6700,0,0,0,0,0,0
6701,18,0,0,0,2,0
6702,0,0,0,0,0,0
6703,1,0,0,0,0,0
6704,0,0,0,0,0,0
6705,0,0,0,0,0,0
6706,0,0,0,0,1,0
6707,3,0,0,0,0,0
6708,0,0,0,0,0,0
6709,0,16,0,0,0,0
6710,0,10,0,0,0,0
6711,0,15,0,0,0,0
6712,0,48,0,0,0,0
6713,0,27,0,0,0,0
6714,0,0,0,0,0,0
6715,0,0,0,0,2,0
6716,0,10,0,0,3,0
6717,0,20,0,0,8,0
6718,7,32,0,0,6,0
6719,0,8,0,0,3,0
6720,0,0,0,0,10,0
6721,0,0,0,0,18,0
6722,0,0,0,0,0,0
6723,7,0,0,0,0,0
6724,0,0,0,0,0,0
6725,0,0,0,0,0,0
6726,0,0,0,0,0,0
6727,0,0,0,0,0,0
6728,0,0,0,0,0,0
6729,0,0,0,0,0,0
6730,0,0,0,0,0,0
6731,0,0,0,0,0,0
6732,0,0,0,0,0,0
6733,0,0,0,0,0,0
6734,0,0,0,0,0,0
6735,0,0,0,0,0,0
6736,5,0,0,0,0,0
6737,3,0,0,0,0,0
6738,0,0,0,0,0,0
6739,0,0,0,0,0,0
6740,0,0,0,0,0,0
6741,0,0,0,0,0,0
6742,0,0,0,0,0,0
6743,1,0,0,0,0,0
6744,0,0,0,0,0,0
6745,0,0,0,0,0,0
6746,0,0,0,0,3,0
6747,0,0,0,0,5,0
6748,0,0,0,0,0,0
6749,0,0,0,0,0,0
6750,0,0,0,0,0,0
6751,0,0,0,0,1,0
6752,0,0,0,0,0,0
6753,0,0,0,0,0,0
6754,0,0,0,0,8,0
6755,0,0,0,0,6,0
6756,0,0,0,0,0,0
6757,0,0,0,0,0,0
6758,0,0,0,0,0,0
6759,0,0,0,0,0,0
6760,0,0,0,0,0,0
6761,0,0,0,0,0,0
6762,0,0,0,0,0,0
6763,0,0,0,0,0,0
6764,0,0,0,0,1,0
6765,0,0,0,0,2,0
6766,0,0,0,0,11,0
6767,0,0,0,0,1,0
6768,0,0,0,0,2,0
6769,0,0,0,0,3,0
6770,0,0,0,0,11,0
6771,0,0,0,0,0,0
6772,0,0,0,0,2,0
6773,0,0,0,0,0,0
6774,0,0,0,0,1,0
6775,0,0,0,0,0,0
6776,0,0,0,0,0,0
6777,0,0,0,0,0,0
6778,6,0,0,0,0,0
6779,0,0,0,0,0,0
6780,11,0,0,0,0,0
6781,15,0,0,0,0,0
6782,0,0,0,0,0,0
6783,0,0,0,0,2,0
6784,0,0,0,0,0,0
6785,0,0,0,0,0,0
6786,0,0,0,0,0,0
6787,0,0,0,0,1,0
6788,0,0,0,0,0,0
6789,0,0,0,0,1,0
6790,0,0,0,0,0,0
6791,0,0,0,0,0,0
6792,0,0,0,0,0,0
6793,0,0,0,0,0,0
6794,0,0,0,0,0,0
6795,0,0,0,0,5,0
6796,0,0,0,0,13,0
6797,0,0,0,0,0,0
6798,0,0,0,0,0,0
6799,0,0,0,0,0,0
6800,0,0,0,0,0,0
6801,0,0,0,0,0,0
6802,0,0,0,50,0,0
6803,0,0,0,2,0,0
6804,0,0,0,0,0,0
6805,0,0,0,0,0,0
6806,0,0,0,0,11,0
6807,0,0,0,0,0,0
6808,0,0,0,0,0,0
6809,0,0,0,0,0,0
6810,0,0,0,0,0,0
6811,0,0,0,0,0,0
6812,4,0,0,0,0,0
6813,0,0,0,0,0,0
6814,0,0,0,0,0,0
6815,0,0,0,0,0,0
6816,0,0,0,0,0,0
6817,0,0,0,0,0,0
6818,0,0,0,0,0,0
6819,0,0,0,0,0,0
6820,0,0,0,0,0,0
6821,0,0,0,0,0,0
6822,0,0,0,0,0,0
6823,0,0,0,0,0,0
6824,0,0,0,0,0,0
6825,0,0,0,0,0,0
6826,0,0,0,0,0,0
6827,0,0,0,0,0,0
6828,0,0,0,0,0,0
6829,0,0,0,0,0,0
6830,0,0,0,0,0,0
6831,0,0,0,0,0,0
6832,0,0,0,0,0,0
6833,0,0,0,0,0,0
6834,0,0,0,0,0,0
6835,0,0,0,0,0,0
6836,0,0,0,0,0,0
6837,0,0,0,0,0,0
6838,0,0,0,0,0,0
6839,0,0,0,0,0,0
6840,0,0,0,0,0,0
6841,3,0,0,0,0,0
6842,0,0,0,0,0,0
6843,0,0,0,0,0,0
6844,0,0,0,0,0,0
6845,0,0,0,0,0,0
6846,0,0,0,0,0,0
6847,0,0,0,0,0,0
6848,0,0,0,0,0,0
6849,0,0,0,0,0,0
6850,0,0,0,0,8,0
6851,0,0,0,0,0,0
6852,0,0,0,0,7,0
6853,0,0,0,0,0,0
6854,0,0,0,0,0,0
6855,0,0,0,0,3,0
6856,0,0,0,0,2,0
6857,0,0,0,0,0,0
6858,0,0,0,0,0,0
6859,0,0,0,0,0,0
6860,0,0,0,0,1,0
6861,0,0,0,0,0,0
6862,0,0,0,0,1,0
6863,0,0,0,0,0,0
6864,0,0,0,0,0,0
6865,0,0,0,0,0,0
6866,0,0,0,0,0,0
6867,0,0,0,0,0,0
6868,0,0,0,0,4,0
6869,0,0,0,0,0,0
6870,0,0,0,0,3,0
6871,0,0,0,0,0,0
6872,0,0,0,0,0,0
6873,0,0,0,0,0,0
6874,0,0,0,0,0,0
6875,0,0,0,0,0,0
6876,0,0,0,0,0,0
6877,0,0,0,0,0,0
6878,0,0,0,0,0,0
6879,0,0,0,0,0,0
6880,0,0,0,0,16,0
6881,0,0,0,0,19,0
6882,0,0,0,0,22,0
6883,0,0,0,0,13,0
6884,0,0,0,2,43,0
6885,0,0,0,0,13,0
6886,0,0,0,2,72,0
6887,0,0,0,0,64,0
6888,0,0,0,0,15,0
6889,0,0,0,0,1,0
6890,0,0,0,0,45,0
6891,0,0,0,0,2,0
6892,0,0,0,0,60,0
6893,0,0,0,0,71,0
6894,0,0,0,0,150,0
6895,0,0,0,0,152,0
6896,0,0,0,0,172,0
6897,0,0,0,0,62,0
6898,0,0,0,0,82,0
6899,0,0,0,11,84,0
6900,0,0,0,0,28,0
6901,0,0,0,2,29,0
6902,0,0,0,0,0,0
6903,0,0,0,0,0,0
6904,0,20,0,0,0,0
6905,7,0,0,0,0,0
6906,12,0,0,0,0,0
6907,0,0,0,21,12,0
6908,64,0,0,9,33,0
6909,67,0,0,0,4,0
6910,0,22,0,0,13,0
6911,155,62,0,1,21,0
6912,559,68,0,0,3,0
6913,844,57,0,0,6,0
6914,610,203,0,0,54,0
6915,252,500,0,0,11,0
6916,53,706,0,12,66,0
6917,104,696,0,0,78,0
6918,161,651,0,16,12,0
6919,370,563,0,29,19,0
6920,494,626,0,35,7,0
6921,271,408,0,0,17,0
6922,49,76,0,0,55,0
6923,22,427,0,0,156,0
6924,43,594,0,0,101,0
6925,80,273,0,0,43,0
6926,0,110,0,0,2,0
6927,0,530,0,0,0,0
6928,0,1314,0,0,4,0
6929,0,1475,0,0,0,0
6930,0,1516,0,0,6,0
6931,5,805,0,0,65,0
6932,50,59,0,0,83,0
6933,50,465,0,0,43,0
6934,16,904,0,0,0,0
6935,0,547,0,0,0,0
6936,5,290,0,0,0,0
6937,66,422,0,0,14,0
6938,184,942,0,0,24,0
6939,120,1388,0,0,20,0
6940,79,1409,0,0,0,0
6941,1,625,1,0,0,0
6942,0,101,0,0,0,0
6943,0,66,0,0,11,0
6944,41,188,0,0,55,0
6945,71,97,0,0,16,0
6946,45,190,0,0,7,0
6947,25,56,0,0,34,0
6948,0,1,0,0,1,0
6949,0,0,0,0,7,0
6950,0,0,0,0,18,0
6951,20,0,0,0,0,0
6952,11,0,0,0,4,0
6953,12,0,0,0,30,0
6954,2,0,0,0,6,0
6955,4,20,0,0,7,0
6956,0,34,0,0,37,0
6957,24,25,0,0,12,0
6958,0,4,0,0,2,0
6959,0,0,0,0,8,0
6960,2,67,0,0,4,0
6961,27,88,0,15,38,0
6962,35,8,0,50,14,0
6963,6,0,0,10,47,0
6964,0,138,0,0,62,0
6965,0,64,0,5,82,0
6966,0,36,0,0,2,0
6967,0,0,0,0,37,0
6968,0,6,0,0,57,0
6969,0,166,0,0,10,0
6970,0,47,0,21,0,0
6971,0,0,0,102,3,0
6972,0,0,0,233,55,0
6973,0,3,0,209,140,0
6974,0,11,0,218,93,0
6975,0,11,0,167,0,0
6976,0,0,0,214,9,0
6977,0,0,0,260,101,0
6978,0,19,0,234,9,0
6979,0,37,0,101,2,0
6980,0,0,0,47,0,0
6981,0,0,0,3,0,0
6982,0,0,0,33,43,0
6983,0,0,0,35,153,0
6984,0,0,0,26,105,0
6985,0,0,0,79,18,0
6986,0,0,0,78,0,0
6987,0,0,0,41,0,0
6988,0,0,0,53,23,0
6989,0,0,0,134,91,6
6990,0,0,0,83,33,6
6991,0,0,0,46,43,0
6992,0,0,0,34,46,0
6993,0,0,0,5,3,0
6994,0,0,0,0,0,0
6995,0,0,0,5,4,0
6996,0,0,0,123,2,0
6997,0,0,0,261,171,0
6998,0,0,0,377,224,0
6999,11,0,0,456,420,0
7000,0,0,0,278,250,0
7001,0,0,0,109,377,0
7002,0,0,0,0,6,0
7003,0,0,0,16,0,0
7004,0,0,0,8,3,0
7005,0,1,0,0,1,0
7006,2,0,0,20,62,0
7007,0,0,0,19,84,0
7008,0,0,0,36,19,0
7009,0,0,0,17,29,0
7010,0,0,0,31,8,0
7011,0,0,0,35,11,0
7012,0,0,0,46,2,0
7013,0,3,0,24,0,0
7014,0,7,0,6,0,0
7015,0,0,0,10,0,0
7016,4,3,0,26,0,0
7017,0,5,0,50,0,0
7018,0,7,0,1,3,0
7019,21,0,0,0,0,0
7020,9,0,0,0,0,0
7021,5,16,0,0,0,0
7022,15,144,0,0,0,0
7023,0,179,0,0,0,0
7024,0,62,0,0,4,0
7025,0,17,0,0,3,0
7026,0,0,0,0,5,0
7027,10,9,0,0,0,0
7028,0,41,0,0,0,0
7029,0,44,0,0,0,0
7030,0,0,0,0,0,0
7031,0,0,0,0,2,0
7032,2,13,0,0,0,0
7033,1,4,0,0,0,0
7034,19,0,0,0,17,0
7035,8,0,0,0,7,0
7036,20,0,0,0,9,0
7037,9,4,0,0,1,0
7038,22,0,0,0,0,0
7039,0,0,0,0,1,0
7040,2,0,0,0,0,0
7041,0,0,0,0,4,0
7042,0,0,0,0,0,0
7043,0,0,0,3,1,0
7044,0,0,0,2,0,0
7045,0,0,0,4,13,0
7046,0,0,0,9,5,0
7047,0,0,0,0,18,0
7048,0,0,0,0,0,0
7049,0,0,0,0,0,0
7050,0,0,0,0,0,0
7051,0,0,0,0,28,0
7052,0,0,0,0,0,0
7053,0,0,0,0,0,0
7054,0,0,0,0,0,0
7055,0,0,0,0,0,0
7056,0,0,0,0,0,0
7057,0,0,0,0,0,0
7058,0,0,0,0,0,0
7059,0,0,0,0,0,0
7060,0,0,0,0,1,0
7061,0,0,0,0,0,0
7062,0,0,0,0,3,0
7063,0,0,0,0,10,0
7064,0,0,0,0,32,0
7065,0,0,0,0,10,0
7066,0,0,0,0,23,0
7067,0,3,0,7,24,0
7068,0,12,0,0,3,0
7069,0,0,0,0,7,0
7070,0,3,0,5,10,0
7071,0,0,0,0,0,0
7072,0,2,0,1,0,0
7073,0,0,0,0,2,0
7074,0,0,0,0,0,0
7075,0,0,0,0,0,0
7076,0,0,0,0,34,0
7077,0,0,0,0,109,0
7078,0,0,0,0,106,0
7079,0,0,0,0,9,0
7080,0,8,0,0,0,0
7081,0,0,0,54,2,0
7082,0,0,0,19,0,0
7083,0,0,0,4,0,0
7084,0,0,0,6,20,0
7085,0,0,0,0,30,0
7086,0,0,0,16,39,0
7087,0,0,0,2,7,0
7088,0,0,0,3,0,0
7089,0,0,0,11,0,0
7090,0,0,0,1,5,0
7091,0,0,0,1,3,0
7092,0,0,0,0,0,0
7093,0,0,0,0,0,0
7094,0,0,0,2,4,0
7095,0,0,0,0,0,0
7096,0,0,0,2,15,0
7097,0,0,0,5,0,0
7098,0,0,0,53,1,0
7099,0,0,0,3,86,0
7100,0,0,0,2,68,0
7101,0,0,0,0,11,0
7102,0,0,0,8,37,0
7103,0,0,0,2,58,0
7104,0,0,0,6,48,0
7105,0,0,0,1,86,0
7106,0,0,0,11,202,46
7107,0,0,0,9,73,128
7108,0,0,0,35,98,99
7109,0,0,0,49,403,96
7110,0,0,0,43,168,58
7111,0,0,0,58,237,1
7112,0,0,0,18,153,4
7113,1,0,0,8,16,5
7114,0,0,0,5,54,13
7115,0,0,0,9,522,50
7116,0,0,0,38,605,74
7117,0,0,0,6,733,219
7118,0,0,0,0,661,322
7119,0,0,0,0,217,454
7120,0,0,0,0,101,26
7121,0,0,0,47,105,19
7122,0,0,0,44,99,12
7123,0,0,0,13,33,75
7124,0,0,0,34,152,112
7125,0,0,0,122,120,33
7126,0,0,0,300,598,183
7127,1,0,0,466,878,587
7128,0,0,0,479,549,189
7129,0,0,0,544,568,45
7130,0,0,0,496,353,33
7131,0,0,0,409,96,0
7132,0,0,0,137,102,0
7133,0,0,0,8,36,0
7134,0,0,0,0,94,0
7135,0,0,0,68,223,0
7136,0,0,0,205,430,0
7137,0,0,0,243,463,0
7138,0,0,0,266,630,0
7139,0,0,0,310,593,0
7140,0,0,0,149,403,0
7141,0,0,0,126,201,0
7142,0,0,0,61,28,0
7143,0,0,0,71,0,0
7144,0,0,0,67,0,0
7145,0,0,0,59,0,0
7146,0,0,0,10,1,0
7147,0,0,0,0,0,0
7148,0,0,0,4,0,0
7149,0,0,0,0,0,0
7150,0,0,0,0,0,0
7151,0,0,0,0,0,0
7152,0,0,0,0,0,0
7153,0,0,0,0,0,0
7154,0,0,0,0,0,0
7155,0,0,0,0,0,0
7156,0,0,0,0,5,0
7157,0,0,0,0,0,0
7158,0,0,0,0,0,0
7159,0,0,0,0,0,0
7160,0,0,0,0,0,0
7161,0,0,0,6,0,0
7162,0,0,0,8,0,0
7163,0,0,0,8,0,0
7164,0,0,0,4,0,0
7165,0,0,0,0,0,0
7166,0,0,0,4,0,0
7167,0,0,0,2,0,0
7168,0,0,0,6,0,0
7169,0,0,0,22,32,0
7170,0,0,0,17,0,0
7171,0,0,0,21,0,0
7172,0,0,0,2,0,0
7173,0,0,0,0,0,0
7174,0,0,0,0,3,0
7175,0,0,0,0,11,0
7176,0,0,0,10,9,0
7177,0,0,0,0,13,0
7178,0,0,0,0,0,0
7179,0,0,0,0,0,0
7180,0,0,0,0,0,0
7181,0,0,0,44,0,0
7182,0,0,0,55,0,0
7183,0,0,0,53,0,0
7184,0,0,0,48,0,0
7185,0,0,0,14,0,0
7186,0,0,0,9,0,0
7187,0,0,0,0,0,0
7188,0,0,0,0,0,0
7189,0,0,0,0,0,0
7190,0,0,0,0,2,0
7191,0,0,0,11,15,0
7192,0,0,0,45,24,0
7193,0,0,0,84,2,0
7194,0,0,0,25,0,0
7195,0,0,0,0,12,0
7196,0,0,0,0,39,0
7197,0,0,0,0,0,0
7198,0,0,0,0,0,0
7199,0,0,0,0,0,0
7200,0,0,0,0,0,0
7201,0,0,0,2,1,0
7202,0,0,0,0,0,0
7203,0,0,0,0,0,0
7204,0,0,0,0,0,0
7205,0,0,0,0,0,2
7206,0,0,0,0,0,0
7207,0,0,0,0,0,0
7208,2,0,0,11,0,0
7209,4,0,0,0,0,0
7210,2,0,0,0,0,0
7211,0,0,0,0,0,0
7212,17,0,0,0,0,0
7213,0,0,0,0,0,0
7214,4,0,0,0,0,0
7215,0,0,0,0,0,0
7216,0,0,0,0,4,0
7217,0,0,0,0,0,0
7218,0,0,0,0,0,0
7219,0,0,0,0,0,0
7220,0,0,0,0,0,0
7221,0,0,0,0,0,0
7222,0,0,0,0,0,0
7223,0,0,0,0,0,0
7224,0,0,0,0,0,0
7225,0,0,0,0,0,0
7226,0,0,0,0,0,0
7227,0,0,0,0,0,0
7228,0,0,0,0,4,0
7229,0,0,0,0,37,0
7230,0,0,0,0,29,0
7231,0,0,0,0,1,0
7232,0,0,0,0,12,0
7233,0,0,0,0,4,0
7234,0,0,0,0,0,0
7235,0,0,0,45,12,0
7236,0,0,0,18,28,0
7237,0,0,0,0,6,0
7238,0,0,0,0,17,0
7239,0,0,0,0,23,0
7240,0,0,0,9,0,0
7241,0,0,0,24,13,0
7242,0,0,0,41,2,0
7243,0,0,0,39,6,0
7244,0,0,0,84,9,0
7245,0,0,0,36,14,0
7246,0,0,0,32,15,0
7247,0,0,0,45,0,0
7248,0,0,0,3,0,0
7249,0,0,0,7,8,0
7250,0,0,0,4,0,0
7251,0,0,0,0,6,0
7252,0,0,0,0,0,0
7253,0,0,0,0,0,0
7254,0,0,0,0,0,0
7255,0,0,0,0,3,0
7256,0,0,0,0,0,0
7257,0,0,0,0,5,0
7258,0,0,0,1,0,0
7259,0,0,0,52,27,0
7260,0,0,0,0,21,0
7261,0,0,0,0,43,0
7262,0,0,0,0,16,0
7263,0,0,0,0,15,0
7264,0,0,0,0,0,0
7265,0,0,0,2,0,0
7266,0,0,0,0,0,0
7267,0,0,0,0,0,0
7268,0,9,0,0,0,0
7269,0,0,0,0,0,0
7270,0,0,0,0,16,0
7271,0,0,0,0,29,0
7272,0,0,0,0,13,0
7273,0,0,0,0,0,0
7274,0,0,0,0,0,0
7275,0,0,0,0,0,0
7276,0,0,0,0,0,0
7277,0,0,0,0,0,0
7278,0,0,0,0,0,0
7279,0,0,0,0,0,0
7280,0,0,0,0,0,0
7281,0,0,0,0,0,0
7282,0,0,0,0,0,0
7283,0,0,0,0,0,0
7284,0,0,0,0,0,0
7285,0,0,0,0,0,0
7286,0,0,0,0,0,0
7287,0,0,0,0,25,0
7288,0,0,0,0,49,0
7289,0,0,0,0,52,0
7290,0,0,0,0,9,0
7291,0,0,0,0,0,0
7292,0,0,0,0,4,0
7293,0,0,0,0,0,0
7294,0,0,0,0,1,0
7295,0,0,0,0,0,0
7296,0,0,0,0,0,0
7297,0,0,0,0,4,0
7298,0,0,0,0,0,0
7299,0,0,0,0,0,0
7300,0,0,0,0,1,0
7301,0,0,0,0,6,0
7302,0,0,0,0,0,0
7303,0,0,0,0,9,0
7304,0,0,0,0,24,0
7305,0,0,0,0,38,0
7306,0,0,0,0,42,0
7307,0,0,0,0,7,0
7308,0,0,0,0,0,0
7309,0,0,0,0,0,0
7310,0,0,0,0,0,0
7311,0,0,0,0,0,0
7312,0,0,0,0,0,0
7313,0,0,0,0,0,0
7314,0,0,0,0,0,0
7315,0,0,0,0,0,0
7316,0,0,0,0,0,0
7317,0,0,0,0,47,0
7318,0,0,0,71,0,0
7319,0,0,0,1,0,0
7320,0,0,0,0,0,0
7321,0,0,0,0,16,0
7322,0,0,0,0,0,0
7323,0,0,0,0,2,0
7324,0,0,0,0,0,0
7325,0,0,0,0,0,0
7326,0,0,0,0,0,0
7327,0,0,0,0,0,0
7328,0,0,0,0,1,0
7329,0,0,0,0,0,0
7330,0,0,0,0,0,0
7331,0,0,0,0,0,0
7332,0,0,0,0,0,0
7333,0,0,0,0,0,0
7334,0,0,0,0,0,0
7335,0,0,0,0,0,0
7336,0,0,0,0,0,0
7337,0,0,0,0,0,0
7338,0,3,0,0,0,0
7339,0,0,0,0,0,0
7340,0,0,0,0,0,0
7341,0,0,0,0,0,0
7342,0,0,0,0,12,0
7343,0,0,0,0,2,0
7344,0,0,0,0,0,0
7345,0,0,0,0,0,0
7346,0,0,0,0,6,0
7347,0,0,0,0,0,0
7348,0,0,0,0,0,0
7349,0,0,0,0,0,0
7350,0,0,0,0,1,0
7351,0,0,0,0,7,0
7352,0,0,0,0,0,0
7353,0,0,0,0,2,0
7354,0,0,0,0,0,0
7355,0,0,0,0,0,0
7356,0,0,0,0,0,0
7357,0,0,0,0,0,0
7358,0,0,0,0,0,0
7359,0,0,0,0,1,0
7360,0,0,0,0,0,0
7361,0,0,0,0,0,0
7362,0,0,0,0,0,0
7363,0,0,0,0,0,0
7364,0,0,0,0,0,0
7365,0,0,0,0,0,0
7366,0,0,0,0,1,0
7367,0,0,0,0,0,0
7368,0,0,0,0,0,0
7369,0,0,0,0,0,0
7370,0,0,0,0,0,0
7371,0,0,0,0,0,0
7372,0,0,0,0,0,0
7373,0,0,0,0,0,0
7374,0,0,0,0,0,0
7375,0,0,0,0,0,0
7376,0,0,0,0,0,0
7377,0,0,0,0,0,0
7378,0,0,0,0,0,0
7379,0,0,0,0,0,0
7380,0,0,0,0,0,0
7381,0,0,0,0,0,0
7382,0,0,0,0,0,0
7383,0,0,0,0,0,0
7384,0,0,0,0,0,0
7385,0,0,0,0,0,0
7386,0,0,0,0,0,0
7387,0,0,0,0,0,0
7388,0,0,0,0,0,0
7389,0,0,0,0,0,0
7390,0,0,0,0,0,0
7391,0,0,0,0,0,0
7392,0,0,0,0,0,0
7393,0,0,0,0,0,0
7394,0,0,0,0,0,0
7395,0,0,0,0,0,0
7396,0,3,0,0,0,0
7397,0,0,0,0,0,0
7398,11,0,0,0,0,0
7399,15,0,0,0,0,0
7400,12,0,0,0,0,0
7401,7,0,0,0,0,0
7402,0,0,0,0,0,0
7403,0,0,0,0,0,0
7404,0,0,0,0,0,0
7405,0,7,2,0,0,0
7406,0,0,0,0,0,0
7407,0,0,0,0,0,0
7408,0,0,0,0,0,0
7409,0,0,0,0,0,0
7410,0,0,0,0,0,0
7411,0,0,0,0,0,0
7412,0,0,0,0,3,0
7413,0,0,0,0,2,0
7414,0,0,0,0,0,0
7415,0,0,0,0,0,0
7416,0,0,0,0,2,0
7417,0,0,0,50,4,0
7418,0,0,0,2,4,0
7419,0,0,0,0,5,0
7420,0,0,0,0,14,0
7421,0,0,0,0,28,0
7422,0,0,0,0,31,0
7423,0,0,0,0,12,0
7424,0,0,0,0,29,0
7425,0,0,0,0,3,0
7426,0,0,0,0,42,0
7427,0,0,0,0,0,0
7428,0,0,0,0,0,0
7429,0,0,0,0,4,0
7430,0,0,0,0,0,0
7431,0,0,0,0,6,0
7432,0,0,0,0,0,0
7433,0,0,0,0,0,0
7434,1,0,0,0,0,0
7435,0,0,0,0,5,0
7436,0,0,0,0,0,0
7437,0,0,0,0,4,0
7438,0,0,0,0,0,0
7439,0,0,0,0,29,0
7440,3,0,0,0,1,0
7441,0,0,0,0,8,0
7442,0,0,0,0,10,0
7443,0,15,6,0,0,0
7444,0,16,0,0,0,0
7445,15,24,0,0,0,0
7446,2,0,0,0,0,0
7447,0,0,0,0,0,0
7448,0,0,0,0,0,0
7449,0,56,0,0,0,0
7450,0,160,8,0,0,0
7451,0,19,5,0,0,0
7452,0,0,0,0,0,0
7453,0,0,0,0,0,0
7454,0,0,0,0,0,0
7455,0,0,0,0,0,0
7456,0,9,1,0,0,0
7457,0,1,1,0,0,0
7458,0,3,0,0,0,0
7459,0,1,0,0,0,0
7460,0,12,0,0,0,0
7461,0,3,0,0,0,0
7462,0,4,0,0,0,0
7463,6,7,0,0,0,0
7464,0,0,0,0,0,0
7465,0,0,0,0,0,0
7466,0,0,0,0,0,0
7467,0,226,0,0,0,0
7468,0,518,1,0,0,0
7469,0,324,7,0,0,0
7470,0,10,0,0,0,0
7471,0,0,0,0,0,0
7472,0,0,0,0,0,0
7473,0,0,0,0,0,0
7474,0,0,0,0,0,0
7475,0,0,0,0,0,0
7476,0,0,0,0,0,0
7477,0,0,0,0,0,0
7478,0,0,0,0,0,0
7479,0,0,0,0,0,0
7480,0,0,0,0,0,0
7481,0,0,0,0,0,0
7482,0,0,0,0,0,0
7483,0,0,0,0,2,0
7484,0,0,0,0,0,0
7485,0,0,0,61,0,0
7486,0,0,0,0,2,0
7487,0,0,0,0,0,0
7488,0,0,0,0,3,0
7489,0,0,0,0,2,0
7490,0,0,0,0,1,0
7491,0,0,0,0,1,0
7492,0,0,0,0,2,0
7493,0,0,0,0,0,0
7494,0,0,0,0,2,0
7495,0,0,0,7,9,0
7496,0,0,0,61,23,0
7497,0,0,0,2,49,0
7498,0,0,0,0,11,0
7499,0,0,0,9,43,0
7500,0,0,0,0,0,0
7501,0,0,0,4,4,0
7502,0,0,0,0,2,0
7503,0,0,0,0,2,0
7504,0,0,0,0,7,0
7505,0,0,0,0,0,0
7506,0,0,0,0,0,0
7507,0,0,0,0,0,0
7508,0,0,0,0,0,0
7509,0,0,0,0,0,0
7510,0,0,0,0,1,0
7511,0,0,0,0,0,0
7512,0,0,0,0,2,0
7513,0,0,0,0,0,0
7514,0,0,0,0,29,0
7515,0,0,0,0,0,0
7516,0,0,0,0,6,0
7517,0,0,0,0,6,0
7518,0,0,0,0,0,0
7519,0,0,0,0,0,0
7520,0,0,0,0,0,0
7521,0,0,0,0,0,0
7522,0,0,0,0,0,0
7523,0,0,0,0,0,0
7524,0,0,0,0,0,0
7525,0,0,0,0,0,0
7526,0,0,0,0,0,0
7527,0,0,0,0,0,0
7528,0,0,0,0,0,0
7529,0,0,0,0,0,0
7530,0,0,0,0,0,0
7531,0,0,0,0,2,0
7532,0,0,0,0,0,0
7533,0,0,0,0,0,0
7534,0,0,0,0,0,0
7535,0,0,0,0,0,0
7536,0,0,0,0,0,0
7537,0,0,0,0,0,0
7538,0,0,0,0,0,0
7539,0,0,0,0,0,0
7540,0,0,0,0,0,0
7541,0,0,0,0,0,0
7542,0,0,0,0,0,0
7543,0,0,0,0,0,0
7544,0,0,0,0,0,0
7545,0,0,0,0,0,0
7546,0,0,0,0,0,0
7547,0,0,0,0,0,0
7548,0,0,0,0,0,0
7549,0,0,0,0,0,0
7550,0,0,0,0,0,0
7551,0,0,0,0,0,0
7552,0,0,0,0,0,0
7553,0,0,0,0,0,0
7554,0,0,0,0,0,0
7555,0,0,0,0,0,0
7556,0,0,0,0,0,0
7557,0,0,0,0,0,0
7558,0,0,0,0,0,0
7559,0,0,0,0,0,0
7560,0,0,0,0,0,0
7561,0,0,0,0,0,0
7562,0,0,0,0,0,0
7563,0,0,0,0,0,0
7564,0,0,0,0,0,0
7565,0,0,0,0,1,0
7566,0,0,0,0,0,0
7567,0,0,0,0,0,0
7568,0,0,0,0,0,0
7569,0,0,0,0,0,0
7570,0,0,0,0,13,0
7571,0,0,0,0,40,0
7572,0,0,0,0,28,0
7573,0,0,0,0,12,0
7574,0,0,0,0,31,0
7575,0,0,0,0,4,0
7576,0,0,0,0,21,0
7577,0,0,0,0,13,0
7578,0,0,0,0,0,0
7579,0,0,0,0,1,0
7580,0,0,0,2,0,0
7581,0,0,0,0,0,0
7582,0,0,0,0,0,0
7583,0,0,0,0,0,0
7584,0,0,0,0,0,0
7585,0,0,0,0,0,0
7586,0,0,0,0,0,0
7587,0,0,0,21,0,0
7588,0,0,0,0,7,0
7589,0,0,0,0,38,0
7590,0,0,0,0,0,0
7591,0,0,0,0,15,0
7592,0,0,0,0,6,0
7593,0,0,0,0,0,0
7594,0,0,0,0,0,0
7595,0,0,0,0,7,0
7596,0,0,0,0,0,0
7597,0,0,0,0,3,0
7598,0,0,0,0,0,0
7599,0,0,0,0,0,0
7600,0,0,0,0,0,0
7601,0,0,0,0,0,0
7602,0,0,0,0,0,0
7603,0,0,0,0,0,0
7604,0,0,0,0,0,0
7605,0,0,0,0,0,0
7606,0,0,0,0,2,0
7607,0,0,0,0,0,0
7608,0,0,0,0,0,0
7609,0,0,0,0,0,0
7610,0,0,0,0,0,0
7611,0,0,0,0,0,0
7612,0,0,0,0,0,0
7613,0,0,0,0,0,0
7614,0,0,0,0,0,0
7615,0,0,0,0,0,0
7616,0,0,0,0,0,0
7617,0,0,0,0,0,0
7618,0,0,0,0,0,0
7619,0,0,0,0,0,0
7620,0,0,0,0,0,0
7621,0,0,0,0,0,0
7622,0,0,0,0,0,0
7623,9,0,0,0,0,0
7624,0,0,0,0,0,0
7625,0,0,0,0,0,0
7626,0,0,0,0,0,0
7627,1,0,0,0,0,0
7628,3,0,0,0,0,0
7629,0,0,0,0,0,0
7630,0,0,0,0,0,0
7631,0,0,0,0,0,0
7632,0,0,0,0,0,0
7633,0,0,0,0,0,0
7634,0,0,0,0,0,0
7635,0,0,0,0,0,0
7636,0,0,0,0,0,0
7637,0,0,0,0,0,0
7638,0,0,0,0,0,0
7639,0,2,0,0,0,0
7640,0,0,0,0,0,0
7641,0,0,0,0,0,0
7642,0,0,0,0,0,0
7643,0,0,0,0,0,0
7644,1,0,0,0,0,0
7645,2,0,0,0,0,0
7646,2,0,0,0,0,0
7647,0,0,0,0,0,0
7648,0,0,0,0,1,0
7649,0,0,0,0,0,0
7650,0,0,0,0,1,0
7651,6,0,0,0,12,0
7652,0,0,0,0,0,0
7653,0,0,0,0,0,0
7654,0,0,0,0,0,0
7655,0,0,0,0,0,0
7656,0,0,0,0,0,0
7657,0,0,0,0,0,0
7658,0,0,0,0,0,0
7659,0,0,0,0,0,0
7660,0,0,0,0,0,0
7661,0,0,0,23,6,0
7662,0,0,0,8,0,0
7663,0,0,0,0,0,0
7664,0,0,0,0,0,0
7665,0,0,0,0,0,0
7666,0,0,0,0,0,0
7667,0,0,0,0,0,0
7668,0,0,0,0,0,0
7669,0,0,0,0,0,0
7670,0,0,0,0,0,0
7671,0,0,0,0,0,0
7672,0,0,0,0,0,0
7673,0,0,0,0,0,0
7674,0,0,0,0,0,0
7675,0,0,0,0,6,0
7676,0,0,0,0,0,0
7677,0,0,0,0,0,0
7678,0,0,0,0,0,0
7679,0,0,0,0,0,0
7680,0,0,0,0,0,0
7681,0,0,0,0,6,0
7682,0,0,0,0,0,0
7683,0,0,0,0,0,0
7684,0,0,0,0,0,0
7685,0,0,0,47,0,0
7686,0,0,0,170,0,0
7687,0,0,0,341,0,0
7688,0,0,0,205,0,0
7689,0,0,0,369,0,0
7690,0,0,0,387,0,0
7691,0,0,0,275,0,0
7692,0,0,0,213,0,0
7693,0,0,0,146,0,0
7694,0,1,0,157,0,0
7695,0,92,0,193,0,0
7696,0,177,0,298,18,0
7697,0,176,0,189,1,0
7698,0,211,0,225,0,0
7699,0,164,0,177,0,0
7700,0,272,0,223,0,0
7701,0,462,0,160,0,0
7702,0,645,0,152,22,0
7703,0,921,0,137,39,0
7704,0,1239,0,90,15,0
7705,0,1458,1,66,15,0
7706,0,1771,0,36,14,0
7707,0,2011,5,19,25,0
7708,0,2389,0,51,78,0
7709,0,2676,45,33,53,0
7710,0,2704,0,32,28,0
7711,2,2611,0,22,10,0
7712,0,2214,0,16,1,0
7713,0,2973,1,2,4,0
7714,0,3637,18,6,0,0
7715,0,5160,52,2,0,0
7716,0,5585,289,0,0,0
7717,0,4861,0,0,0,0
7718,0,3868,0,0,0,0
7719,11,2850,0,0,4,0
7720,42,1297,0,0,2,0
7721,44,1469,0,0,0,0
7722,36,1616,1,0,17,0
7723,97,2093,0,0,13,0
7724,205,2672,2,0,4,0
7725,256,2838,3,0,0,0
7726,193,2993,0,1,18,0
7727,94,3470,0,0,2,0
7728,11,3679,0,0,0,0
7729,0,3522,1,0,1,0
7730,0,3393,0,0,9,0
7731,0,3169,0,0,7,0
7732,0,2773,5,0,0,0
7733,0,2242,0,0,9,0
7734,0,1758,0,0,0,0
7735,0,336,1,0,3,0
7736,0,302,0,0,0,0
7737,0,824,0,0,0,0
7738,0,627,0,0,0,0
7739,0,195,0,0,3,0
7740,12,30,0,0,6,0
7741,20,185,0,3,7,0
7742,4,450,0,26,1,0
7743,0,486,0,0,1,0
7744,0,418,0,0,0,0
7745,0,493,0,0,6,0
7746,0,483,0,0,0,0
7747,0,349,0,0,0,0
7748,0,210,0,0,0,0
7749,0,109,0,1,0,0
7750,0,95,3,27,0,0
7751,0,32,0,31,0,0
7752,0,59,0,79,0,0
7753,0,70,0,76,0,0
7754,0,57,0,203,48,0
7755,0,16,0,317,31,0
7756,0,0,0,406,70,0
7757,0,7,0,418,66,0
7758,0,0,0,431,59,0
7759,0,0,0,415,113,0
7760,0,8,0,392,105,0
7761,0,19,0,396,50,0
7762,0,35,0,430,5,0
7763,0,3,0,506,79,0
7764,0,0,0,433,24,0
7765,0,34,0,367,19,0
7766,0,51,0,253,72,0
7767,0,0,0,215,65,0
7768,0,0,0,207,55,0
7769,0,2,0,300,146,0
7770,0,0,0,386,169,0
7771,0,0,0,472,252,0
7772,0,0,0,438,225,0
7773,0,14,0,501,209,0
7774,2,0,0,433,177,0
7775,0,0,0,189,519,0
7776,0,0,0,61,370,0
7777,0,28,0,6,151,0
7778,0,24,0,0,37,0
7779,0,5,0,20,2,0
7780,0,9,0,0,1,0
7781,0,0,0,0,68,0
7782,0,0,0,10,8,0
7783,0,1,0,54,0,0
7784,0,22,0,84,0,0
7785,0,22,0,29,0,0
7786,0,36,0,0,0,0
7787,0,44,0,27,22,0
7788,0,33,3,18,0,0
7789,0,9,0,24,6,0
7790,0,0,0,8,0,0
7791,0,0,0,9,126,0
7792,0,0,0,32,114,0
7793,0,0,0,121,0,0
7794,0,0,0,158,2,0
7795,0,0,0,80,15,0
7796,0,0,0,482,6,0
7797,0,0,0,375,0,0
7798,0,0,0,138,0,0
7799,0,0,0,221,16,0
7800,0,0,0,90,167,0
7801,0,0,0,49,227,0
7802,26,0,0,35,159,0
7803,139,9,0,20,13,0
7804,261,23,0,11,0,0
7805,292,35,0,19,18,0
7806,76,3,0,11,11,0
7807,0,0,0,1,16,0
7808,11,0,0,29,4,0
7809,26,0,0,11,9,0
7810,2,13,0,16,0,0
7811,0,0,0,22,67,0
7812,0,0,0,0,14,0
7813,0,0,0,0,6,0
7814,0,4,0,0,61,0
7815,0,121,0,0,13,0
7816,5,69,0,13,135,0
7817,0,0,0,10,1062,0
7818,2,0,0,10,2530,0
7819,0,56,0,7,3746,9
7820,0,46,0,20,4692,19
7821,0,0,0,118,4276,0
7822,0,0,0,187,5185,105
7823,0,27,0,191,6024,178
7824,0,24,0,108,5598,147
7825,0,28,0,43,5192,47
7826,0,46,0,245,4560,25
7827,0,10,0,702,4525,6
7828,0,2,0,813,4422,20
7829,0,0,0,213,4418,0
7830,0,2,0,122,3512,9
7831,0,0,4,73,2053,0
7832,0,0,0,5,2924,1
7833,0,3,4,11,4277,0
7834,0,0,0,48,4814,0
7835,0,0,0,67,4610,0
7836,0,0,0,45,4511,0
7837,0,0,0,22,4197,0
7838,0,0,0,2,4286,0
7839,0,0,0,4,3294,0
7840,0,0,0,76,2747,0
7841,0,0,0,400,2544,0
7842,0,0,0,434,2854,0
7843,0,0,0,268,3903,3
7844,0,0,0,42,4510,2
7845,0,0,0,131,5225,46
7846,0,0,0,399,5258,65
7847,0,0,0,437,6247,67
7848,0,0,0,173,5939,20
7849,0,0,0,89,5014,19
7850,0,0,0,150,2102,0
7851,0,0,0,497,1882,0
7852,0,0,0,671,1155,0
7853,0,0,0,823,939,0
7854,0,0,0,800,461,0
7855,0,0,0,862,544,0
7856,0,0,0,803,452,2
7857,0,0,0,813,526,0
7858,0,0,0,731,275,0
7859,0,0,0,588,377,0
7860,0,0,0,342,43,0
7861,0,1,0,222,26,0
7862,0,0,0,99,4,0
7863,0,0,0,4,0,0
7864,0,0,0,17,23,0
7865,0,0,14,2,145,0
7866,0,0,0,2,196,0
7867,0,0,13,0,128,0
7868,0,0,4,50,108,0
7869,0,0,0,13,159,0
7870,0,0,0,80,739,0
7871,0,0,0,134,886,0
7872,0,0,0,202,938,0
7873,0,0,0,139,364,0
7874,0,0,0,187,369,0
7875,0,0,0,94,99,0
7876,0,0,0,108,512,1
7877,0,0,0,26,384,0
7878,0,0,0,45,694,0
7879,0,0,0,18,579,0
7880,0,0,0,3,446,0
7881,0,0,0,10,172,0
7882,0,0,0,7,129,0
7883,0,0,0,16,31,0
7884,0,0,0,3,150,0
7885,0,0,0,14,8,0
7886,0,0,0,4,253,0
7887,0,0,0,0,54,0
7888,0,0,0,2,167,0
7889,0,0,0,0,11,0
7890,0,0,0,0,57,0
7891,0,0,0,0,21,0
7892,0,0,0,0,75,0
7893,0,0,0,0,28,0
7894,0,0,0,0,4,0
7895,0,0,0,0,10,0
7896,0,0,0,0,0,0
7897,0,0,0,0,0,0
7898,0,0,0,0,0,0
7899,0,0,0,0,0,0
7900,0,0,0,0,8,0
7901,0,4,0,0,45,0
7902,3,52,6,0,20,0
7903,0,90,35,0,9,0
7904,0,90,4,0,11,0
7905,1,48,3,0,0,0
7906,0,142,15,0,9,0
7907,0,61,28,0,39,0
7908,0,48,56,0,501,0
7909,9,119,9,22,701,0
7910,7,225,21,0,654,0
7911,26,109,20,0,634,0
7912,65,49,12,0,333,0
7913,120,27,0,0,175,0
7914,138,6,0,0,35,0
7915,155,0,0,0,160,0
7916,125,12,0,0,419,0
7917,159,0,0,0,662,0
7918,115,6,0,0,605,0
7919,206,0,0,0,327,0
7920,135,0,0,0,154,0
7921,82,3,0,0,216,0
7922,18,0,0,0,471,0
7923,0,0,0,0,470,0
7924,0,0,0,0,432,0
7925,0,0,0,0,812,0
7926,0,0,0,0,992,0
7927,0,0,0,0,953,0
7928,0,0,0,0,621,0
7929,0,0,0,0,227,0
7930,0,0,0,0,126,0
7931,0,0,0,0,82,0
7932,0,0,0,0,0,0
7933,0,0,0,0,8,0
7934,0,0,0,0,157,0
7935,0,0,0,0,162,0
7936,0,0,0,0,291,0
7937,0,0,0,0,360,0
7938,0,0,0,0,150,0
7939,0,0,0,0,77,0
7940,0,0,0,0,14,0
7941,0,0,0,0,26,0
7942,0,0,0,0,151,0
7943,0,0,0,20,243,0
7944,0,0,0,17,334,0
7945,0,0,0,51,484,0
7946,0,0,0,40,461,0
7947,0,0,0,2,186,0
7948,0,0,0,0,62,0
7949,0,0,0,3,84,0
7950,2,0,0,8,5,0
7951,0,0,0,104,46,0
7952,0,0,0,16,49,0
7953,4,0,0,16,85,0
7954,0,0,0,8,56,0
7955,0,0,0,33,19,0
7956,2,2,0,9,11,0
7957,0,0,0,65,36,0
7958,0,0,0,180,120,0
7959,0,0,0,244,71,0
7960,0,0,0,259,118,0
7961,0,0,0,230,217,0
7962,0,0,0,280,336,0
7963,0,0,0,204,396,0
7964,0,0,0,149,350,0
7965,0,0,0,58,196,0
7966,0,0,0,0,47,0
7967,0,0,0,1,9,0
7968,0,0,0,27,129,0
7969,0,0,0,174,199,0
7970,0,0,0,290,282,0
7971,0,0,0,427,269,0
7972,0,0,0,269,101,0
7973,0,10,0,34,132,0
7974,8,9,0,2,12,0
7975,27,10,0,121,12,0
7976,6,15,0,256,339,0
7977,0,32,0,142,154,0
7978,0,7,0,81,108,0
7979,0,0,0,13,37,0
7980,0,0,0,32,36,0
7981,0,0,0,25,71,0
7982,0,0,0,10,53,0
7983,0,2,0,0,59,0
7984,14,22,0,0,33,0
7985,0,7,0,0,70,0
7986,0,0,0,1,3,0
7987,0,0,0,0,1,0
7988,0,0,0,0,103,0
7989,0,86,0,0,0,0
7990,0,200,0,0,0,0
7991,0,209,0,0,0,0
7992,0,174,0,0,0,0
7993,4,64,0,0,0,0
7994,0,197,0,0,0,0
7995,1,450,0,0,0,0
7996,3,821,0,0,4,0
7997,16,900,0,0,0,0
7998,5,1152,0,0,0,0
7999,0,1023,0,0,0,0
8000,0,567,0,0,10,0
8001,0,98,0,0,0,0
8002,0,17,0,0,6,0
8003,0,12,0,0,13,0
8004,13,0,0,0,8,0
8005,0,0,0,0,0,0
8006,0,0,0,0,8,0
8007,0,0,0,0,12,0
8008,0,0,0,0,11,0
8009,0,0,0,0,1,0
8010,0,0,0,0,2,0
8011,0,0,0,0,7,0
8012,0,0,0,0,0,0
8013,1,0,0,0,0,0
8014,0,0,0,0,0,0
8015,0,0,0,0,0,0
8016,0,0,0,0,0,0
8017,0,0,0,0,0,0
8018,0,42,0,0,0,0
8019,0,192,0,0,0,0
8020,0,383,0,0,0,0
8021,0,432,0,0,0,0
8022,0,393,0,0,0,0
8023,0,402,0,0,0,0
8024,0,226,0,0,0,0
8025,0,77,0,0,0,0
8026,0,80,0,0,0,0
8027,0,165,0,0,0,0
8028,0,58,0,0,0,0
8029,0,0,0,0,0,0
8030,0,8,0,0,0,0
8031,0,11,0,0,0,0
8032,0,1,0,0,0,0
8033,0,1,0,0,0,0
8034,0,57,0,0,0,0
8035,0,25,9,0,0,0
8036,0,40,6,0,0,0
8037,0,22,0,0,0,0
8038,0,197,0,0,0,0
8039,0,154,0,0,0,0
8040,0,63,0,0,18,0
8041,0,60,0,0,137,0
8042,0,89,0,0,125,0
8043,0,39,0,27,32,0
8044,0,0,0,13,0,0
8045,0,0,0,0,0,0
8046,0,0,0,0,0,0
8047,0,0,0,0,3,0
8048,0,0,0,0,37,0
8049,0,0,0,0,44,0
8050,0,0,0,0,25,0
8051,0,0,0,0,20,0
8052,0,0,0,0,7,0
8053,0,48,0,0,0,0
8054,0,50,0,0,0,0
8055,0,12,0,0,0,0
8056,0,5,0,0,3,0
8057,0,2,0,0,0,0
8058,0,5,0,0,0,0
8059,0,12,0,0,0,0
8060,0,31,0,0,0,0
8061,0,17,0,0,0,0
8062,0,14,0,0,0,0
8063,0,24,0,0,0,0
8064,0,70,0,0,0,0
8065,0,281,0,0,0,0
8066,1,146,0,0,0,0
8067,0,9,0,0,0,0
8068,3,0,0,0,0,0
8069,0,21,0,0,0,0
8070,0,60,0,0,1,0
8071,2,335,0,0,6,0
8072,10,334,0,0,10,0
8073,11,107,0,0,54,0
8074,4,40,0,0,77,0
8075,0,3,0,0,43,0
8076,0,22,0,0,1,0
8077,1,25,0,0,0,0
8078,4,29,0,0,0,0
8079,0,14,0,0,0,0
8080,0,47,0,0,0,0
8081,0,127,0,0,0,0
8082,0,22,0,0,13,0
8083,0,3,0,0,58,0
8084,11,0,0,0,56,0
8085,9,0,0,0,0,0
8086,0,0,0,0,0,0
8087,0,0,0,0,0,0
8088,0,0,0,0,43,0
8089,0,0,0,0,66,0
8090,0,0,0,0,59,0
8091,0,0,0,0,8,0
8092,0,0,0,0,7,0
8093,0,0,0,0,10,0
8094,0,0,0,0,11,0
8095,0,0,0,0,106,0
8096,0,0,0,0,114,0
8097,0,0,0,0,25,0
8098,0,0,0,0,0,0
8099,0,0,0,0,0,0
8100,0,0,0,0,0,0
8101,0,0,0,0,8,0
8102,0,0,0,0,60,0
8103,0,0,0,0,83,0
8104,0,0,0,0,51,0
8105,0,0,0,0,0,0
8106,0,0,0,0,0,0
8107,4,0,0,0,0,0
8108,0,0,0,0,0,0
8109,0,0,0,0,0,0
8110,0,0,0,0,0,0
8111,0,0,0,0,0,0
8112,0,0,0,0,0,0
8113,0,0,0,0,2,0
8114,0,0,0,0,0,0
8115,0,0,0,0,0,0
8116,0,16,0,0,6,0
8117,0,4,0,0,4,0
8118,0,0,0,0,0,0
8119,0,0,0,0,0,0
8120,0,3,0,0,48,0
8121,0,16,0,0,53,0
8122,0,31,0,0,39,0
8123,0,11,0,0,50,0
8124,0,8,0,0,5,0
8125,0,16,0,0,0,0
8126,0,2,0,0,0,0
8127,0,4,0,0,0,0
8128,0,0,0,0,0,0
8129,0,0,0,0,0,0
8130,0,0,0,0,0,0
8131,0,0,0,0,9,0
8132,0,31,0,0,4,0
8133,0,15,0,0,6,0
8134,0,0,0,0,55,0
8135,0,2,0,0,45,0
8136,0,2,0,0,51,0
8137,0,0,0,0,40,0
8138,0,0,0,0,70,0
8139,0,0,0,0,204,0
8140,0,0,0,0,90,0
8141,0,0,0,0,49,0
8142,0,0,0,0,62,0
8143,0,0,0,0,95,0
8144,0,0,0,0,4,0
8145,0,0,0,0,5,0
8146,0,0,0,0,22,0
8147,0,0,0,0,0,0
8148,0,0,0,14,0,0
8149,0,0,0,0,0,0
8150,0,0,0,0,0,0
8151,0,0,0,0,0,0
8152,0,0,0,1,0,0
8153,0,0,0,0,0,0
8154,0,0,0,0,0,0
8155,0,0,0,0,0,0
8156,0,0,0,0,0,0
8157,0,0,0,0,0,0
8158,0,0,0,0,0,0
8159,0,0,0,0,0,0
8160,0,0,0,0,0,0
8161,0,0,0,0,1,0
8162,0,5,0,0,0,0
8163,0,12,0,0,0,0
8164,0,10,0,0,0,0
8165,0,70,0,0,0,0
8166,0,34,0,0,0,0
8167,0,77,0,0,0,0
8168,0,101,0,0,0,0
8169,0,5,0,0,0,0
8170,0,2,0,0,0,0
8171,0,19,0,0,0,0
8172,0,29,0,0,0,0
8173,0,23,0,0,0,0
8174,0,11,0,0,0,0
8175,0,0,0,0,0,0
8176,0,0,0,0,3,0
8177,0,0,0,0,17,0
8178,0,0,0,0,0,0
8179,0,0,0,0,0,0
8180,0,6,0,0,0,0
8181,0,18,0,0,0,0
8182,0,0,0,0,47,0
8183,0,0,0,0,76,0
8184,0,4,0,0,39,0
8185,0,0,0,0,3,0
8186,10,0,0,0,0,0
8187,0,0,0,0,0,0
8188,0,0,0,0,0,0
8189,0,0,0,0,0,0
8190,0,0,0,0,0,0
8191,0,0,0,0,1,0
8192,0,0,0,0,0,0
8193,0,0,0,0,0,0
8194,0,0,0,0,8,0
8195,0,0,0,0,4,0
8196,0,0,0,0,4,0
8197,0,4,0,0,15,0
8198,0,0,0,0,4,0
8199,0,0,0,0,3,0
8200,0,0,0,0,0,0
8201,0,0,0,0,23,0
8202,0,0,0,0,48,0
8203,0,0,0,0,44,0
8204,0,0,0,0,11,0
8205,0,2,0,0,8,0
8206,0,7,0,0,0,0
8207,0,0,0,0,0,0
8208,0,0,0,0,3,0
8209,0,0,0,0,73,0
8210,0,0,0,0,187,0
8211,0,0,0,0,207,0
8212,0,0,0,0,65,0
8213,0,0,0,0,8,0
8214,0,0,0,0,1,0
8215,0,0,0,0,40,0
8216,0,0,0,0,104,0
8217,0,0,0,0,109,0
8218,0,0,0,0,78,0
8219,0,0,0,0,35,0
8220,0,0,0,0,0,0
8221,0,0,0,0,25,0
8222,0,0,0,0,0,0
8223,0,0,0,0,0,0
8224,0,0,0,0,13,0
8225,0,0,0,0,42,0
8226,0,0,0,0,62,0
8227,0,0,0,0,68,0
8228,0,0,0,0,80,0
8229,0,0,0,0,71,0
8230,0,0,0,0,37,0
8231,0,0,0,0,24,0
8232,0,0,0,0,21,0
8233,0,0,0,0,10,0
8234,0,0,0,0,32,0
8235,0,0,0,0,0,0
8236,0,0,0,0,1,0
8237,0,0,0,0,33,0
8238,0,0,0,0,186,0
8239,0,0,0,0,286,0
8240,0,0,0,0,114,0
8241,0,0,0,0,5,0
8242,0,0,0,0,0,0
8243,0,0,0,0,0,0
8244,0,0,0,28,0,0
8245,0,0,0,13,6,0
8246,0,0,0,0,1,0
8247,0,0,0,0,7,0
8248,0,0,0,0,5,0
8249,0,0,0,0,35,0
8250,0,0,0,4,2,0
8251,0,0,0,0,25,0
8252,0,0,0,0,1,0
8253,0,0,0,0,2,0
8254,0,0,0,0,3,0
8255,0,0,0,0,0,0
8256,0,0,0,0,0,0
8257,0,0,0,0,1,0
8258,0,0,0,0,0,0
8259,0,0,0,0,0,0
8260,0,0,0,0,0,0
8261,0,0,0,0,0,0
8262,0,0,0,0,0,0
8263,0,0,0,4,0,0
8264,0,0,0,0,0,0
8265,0,0,0,0,0,0
8266,0,0,0,0,12,0
8267,0,0,0,0,0,0
8268,0,0,0,0,0,0
8269,0,0,0,0,0,0
8270,0,0,0,0,0,0
8271,0,0,0,0,0,0
8272,0,0,0,0,0,0
8273,0,0,0,0,0,0
8274,0,0,0,0,0,0
8275,0,0,0,0,0,0
8276,0,0,0,0,0,0
8277,0,0,0,0,0,0
8278,0,0,0,0,0,0
8279,0,0,0,0,0,0
8280,0,0,0,0,0,0
8281,0,0,0,0,0,0
8282,0,0,0,0,0,0
8283,7,0,0,0,0,0
8284,26,0,0,0,0,0
8285,23,0,0,0,0,0
8286,0,0,0,0,0,0
8287,0,0,0,0,0,0
8288,0,0,0,0,0,0
8289,0,0,0,39,0,0
8290,0,0,0,0,0,0
8291,0,0,0,0,0,0
8292,0,0,0,0,0,0
8293,0,0,0,0,0,0
8294,0,0,0,0,0,0
8295,0,0,0,0,0,0
8296,0,0,0,0,0,0
8297,0,0,0,0,0,0
8298,0,17,0,50,0,0
8299,0,1,0,0,0,0
8300,0,0,0,0,0,0
8301,0,0,0,0,0,0
8302,0,0,0,0,0,0
8303,0,0,0,0,0,0
8304,0,0,0,0,0,0
8305,0,0,0,0,0,0
8306,0,0,0,0,0,0
8307,0,0,0,0,0,0
8308,0,0,0,8,0,0
8309,0,0,0,47,0,0
8310,0,0,0,0,0,0
8311,0,0,0,0,4,0
8312,0,0,0,0,0,0
8313,0,0,0,0,0,0
8314,0,0,0,0,0,0
8315,0,0,0,0,0,0
8316,0,0,0,0,0,0
8317,0,0,0,0,0,0
8318,0,0,0,0,20,0
8319,0,0,0,0,45,0
8320,0,0,0,0,64,0
8321,0,0,0,0,30,0
8322,0,0,0,0,0,0
8323,0,0,0,0,32,0
8324,0,0,0,0,74,0
8325,0,0,0,0,19,0
8326,0,0,0,0,43,0
8327,0,0,0,0,2,0
8328,7,0,0,0,7,0
8329,0,0,0,0,0,0
8330,0,0,0,0,0,0
8331,0,3,0,0,0,0
8332,0,4,0,0,1,0
8333,1,8,0,0,0,0
8334,0,20,0,0,0,0
8335,0,0,0,0,0,0
8336,0,0,0,0,0,0
8337,0,0,0,0,0,0
8338,0,0,0,0,0,0
8339,0,5,0,0,0,0
8340,0,19,0,0,0,0
8341,0,3,0,0,0,0
8342,0,0,0,0,0,0
8343,0,62,0,0,2,0
8344,0,61,0,0,0,0
8345,0,0,0,0,0,0
8346,0,0,0,0,3,0
8347,0,0,0,0,0,0
8348,0,0,0,0,11,0
8349,0,0,0,0,0,0
8350,0,0,0,0,6,0
8351,0,0,0,0,1,0
8352,0,0,0,0,13,0
8353,0,0,0,0,0,0
8354,0,0,0,0,0,0
8355,0,0,0,0,0,0
8356,0,1,0,0,12,0
8357,0,0,0,0,0,0
8358,0,0,0,0,0,0
8359,0,0,0,0,0,0
8360,0,0,0,0,0,0
8361,0,0,0,0,0,0
8362,0,0,0,0,0,0
8363,0,0,0,0,0,0
8364,0,0,0,0,0,0
8365,0,0,0,0,0,0
8366,0,0,0,0,0,0
8367,12,0,0,0,0,0
8368,0,0,0,0,0,0
8369,0,0,0,0,0,0
8370,0,0,0,0,0,0
8371,0,0,0,0,0,0
8372,0,0,0,0,2,0
8373,0,0,0,0,0,0
8374,0,0,0,0,0,0
8375,0,0,0,0,0,0
8376,0,0,0,0,0,0
8377,0,0,0,0,0,0
8378,0,0,0,0,13,0
8379,0,0,0,0,6,0
8380,0,0,0,0,24,0
8381,0,12,0,0,18,0
8382,0,25,0,0,0,0
8383,0,16,0,0,7,0
8384,0,5,0,0,2,0
8385,0,0,0,0,0,0
8386,0,0,0,0,20,0
8387,0,0,0,0,2,0
8388,0,0,0,0,3,0
8389,0,0,0,4,8,0
8390,0,0,0,6,93,0
8391,0,0,0,0,15,0
8392,0,2,0,0,19,0
8393,0,0,0,0,34,0
8394,0,0,0,0,17,0
8395,0,0,0,0,27,0
8396,0,0,0,0,90,0
8397,0,0,0,0,83,0
8398,0,0,0,2,193,0
8399,0,0,0,0,105,0
8400,0,0,0,0,125,0
8401,0,0,0,41,101,0
8402,0,0,0,36,154,0
8403,0,0,0,0,105,0
8404,0,0,0,2,33,0
8405,0,0,0,3,16,0
8406,0,0,0,10,0,0
8407,0,0,0,4,1,0
8408,0,0,0,3,5,0
8409,0,0,0,0,0,0
8410,0,0,0,6,0,0
8411,0,0,0,16,0,0
8412,0,0,0,18,1,0
8413,0,0,0,37,26,0
8414,0,0,0,15,31,0
8415,0,0,0,0,4,0
8416,0,0,0,0,7,0
8417,0,0,0,0,22,0
8418,0,0,0,0,6,0
8419,0,0,0,0,12,0
8420,0,0,0,0,85,0
8421,0,0,0,48,57,0
8422,0,0,0,68,12,0
8423,0,0,0,35,1,0
8424,0,0,0,10,0,0
8425,0,0,0,0,0,0
8426,0,0,0,1,1,0
8427,0,0,0,1,1,0
8428,0,0,0,0,1,0
8429,0,0,0,10,8,0
8430,0,0,0,4,0,0
8431,0,0,0,13,5,0
8432,0,0,0,5,35,0
8433,0,0,0,18,7,0
8434,0,0,0,0,36,0
8435,0,0,0,19,53,0
8436,0,0,0,8,21,0
8437,0,0,0,2,2,0
8438,0,0,0,26,61,0
8439,0,0,0,2,12,0
8440,0,0,0,2,9,0
8441,0,0,0,2,2,0
8442,0,0,0,0,0,0
8443,0,0,0,0,0,0
8444,0,0,0,0,0,0
8445,0,0,0,0,0,0
8446,0,0,0,0,0,0
8447,0,0,0,0,0,0
8448,0,0,0,0,0,0
8449,0,0,0,0,0,0
8450,0,0,0,0,0,0
8451,0,0,0,0,0,0
8452,0,0,0,0,0,0
8453,0,0,0,0,0,0
8454,0,0,0,0,0,0
8455,0,0,0,2,0,0
8456,0,0,0,0,0,0
8457,0,0,0,0,0,0
8458,0,0,0,0,0,0
8459,0,0,0,0,0,0
8460,0,0,0,0,8,0
8461,0,0,0,0,41,0
8462,0,0,0,0,60,0
8463,0,0,0,0,51,0
8464,0,0,0,0,31,0
8465,0,0,0,6,7,0
8466,0,0,0,0,0,0
8467,0,0,0,0,0,0
8468,0,0,0,2,0,0
8469,0,0,0,0,13,0
8470,0,0,0,0,53,0
8471,0,0,0,0,86,0
8472,0,0,0,0,18,0
8473,0,0,0,0,0,0
8474,0,0,0,0,0,0
8475,0,0,0,0,0,0
8476,0,0,0,47,0,0
8477,0,0,0,0,0,0
8478,0,0,0,0,0,0
8479,0,0,0,0,0,0
8480,0,0,0,0,0,0
8481,0,5,0,0,6,0
8482,0,5,0,0,11,0
8483,0,19,0,0,22,0
8484,0,95,0,0,38,0
8485,0,0,0,0,45,0
8486,19,0,0,0,6,0
8487,0,0,0,0,4,0
8488,0,33,0,0,1,0
8489,2,76,0,13,24,0
8490,0,20,0,5,1,0
8491,0,0,0,0,55,0
8492,0,0,0,0,86,0
8493,0,0,0,0,45,0
8494,0,0,0,0,0,0
8495,0,0,0,0,1,0
8496,0,47,0,61,1,0
8497,0,164,0,2,0,0
8498,0,298,0,0,0,0
8499,0,525,0,0,0,0
8500,2,626,0,0,1,0
8501,5,924,0,0,0,0
8502,0,1427,0,1,0,0
8503,0,1696,0,0,0,0
8504,0,1714,0,0,0,0
8505,0,1766,0,0,0,0
8506,0,1424,0,0,1,0
8507,0,786,0,0,0,0
8508,0,491,0,0,0,0
8509,0,559,0,0,0,0
8510,0,604,0,0,0,0
8511,0,1064,0,0,0,0
8512,0,1262,0,0,0,0
8513,0,1175,0,6,3,0
8514,0,691,0,1,3,0
8515,0,377,0,3,1,0
8516,0,242,0,2,11,0
8517,0,183,0,0,0,0
8518,0,204,0,0,0,0
8519,0,110,0,0,0,0
8520,0,85,0,0,0,0
8521,0,117,0,0,14,0
8522,0,152,0,0,0,0
8523,0,159,0,0,0,0
8524,0,184,0,0,3,0
8525,0,273,0,0,0,0
8526,0,311,0,0,0,0
8527,0,297,0,0,0,0
8528,0,245,0,0,0,0
8529,0,163,0,0,0,0
8530,0,169,0,0,0,0
8531,0,209,0,0,0,0
8532,0,275,0,0,0,0
8533,0,511,0,0,1,0
8534,0,611,0,1,0,0
8535,0,712,0,0,0,0
8536,0,618,0,0,1,0
8537,0,584,0,0,0,0
8538,0,331,0,0,0,0
8539,0,111,0,0,0,0
8540,0,68,0,0,0,0
8541,0,40,0,0,0,0
8542,0,20,0,0,0,0
8543,0,66,0,0,0,0
8544,0,333,0,0,0,0
8545,0,1256,0,0,0,0
8546,0,2288,0,0,0,0
8547,0,3281,0,0,0,0
8548,0,3785,0,0,0,0
8549,0,4524,0,0,0,0
8550,0,5061,0,0,0,0
8551,0,5575,0,0,0,0
8552,0,5753,0,0,0,0
8553,0,5900,0,0,0,0
8554,4,6099,0,0,1,0
8555,0,6181,0,0,0,0
8556,0,6263,0,0,0,0
8557,0,6084,0,0,0,0
8558,0,5963,0,0,0,0
8559,0,5715,0,39,0,0
8560,0,5576,0,0,0,0
8561,2,5594,0,0,0,0
8562,0,5461,0,0,0,0
8563,0,5259,0,0,0,0
8564,0,5001,0,0,0,0
8565,0,4723,0,0,0,0
8566,0,4330,0,0,9,0
8567,0,4088,0,0,0,0
8568,0,3905,0,0,0,0
8569,0,3592,0,0,0,0
8570,2,3573,0,0,0,0
8571,0,3519,0,0,0,0
8572,0,3154,0,0,0,0
8573,0,2550,0,0,4,0
8574,0,1205,0,0,9,0
8575,0,299,0,0,4,0
8576,0,632,0,0,6,0
8577,0,1211,0,0,0,0
8578,0,2314,0,0,0,0
8579,0,2629,0,0,0,0
8580,0,2294,0,0,0,0
8581,0,1774,0,0,16,0
8582,0,1295,0,0,0,0
8583,0,876,0,0,0,0
8584,0,667,0,0,0,0
8585,0,578,0,0,0,0
8586,0,644,0,0,0,0
8587,0,1403,0,0,0,0
8588,1,2513,0,0,0,0
8589,8,3689,0,0,0,0
8590,0,5218,0,0,0,0
8591,0,6705,40,0,0,0
8592,0,8097,22,0,0,0
8593,3,8208,0,0,0,0
8594,22,7068,0,0,0,0
8595,18,4150,0,0,0,0
8596,18,5114,0,0,0,0
8597,0,6970,0,0,0,0
8598,0,8011,0,0,0,0
8599,0,8513,7,0,0,0
8600,0,9160,214,0,0,0
8601,0,9042,232,0,0,0
8602,0,8510,173,0,0,0
8603,0,8039,178,0,0,0
8604,1,9136,231,0,0,0
8605,20,9265,253,0,0,0
8606,378,6249,65,0,0,0
8607,480,3186,0,0,0,0
8608,33,595,0,0,0,0
8609,449,4032,0,0,0,0
8610,434,7190,2,0,0,0
8611,93,11385,214,0,0,0
8612,15,14455,673,0,0,0
8613,6,12707,930,0,0,0
8614,13,9190,94,0,0,0
8615,0,7346,0,0,0,0
8616,0,6717,0,0,0,0
8617,0,6676,0,0,0,0
8618,0,7252,0,0,0,0
8619,0,6939,1,0,0,0
8620,0,7261,6,0,0,0
8621,4,7176,3,0,0,0
8622,0,7157,0,0,0,0
8623,17,7915,0,0,0,0
8624,10,8399,1,0,0,0
8625,0,7805,118,0,12,0
8626,0,6814,65,0,95,0
8627,0,5792,4,0,49,0
8628,0,5272,1,0,33,0
8629,0,4439,0,41,0,0
8630,0,4172,0,0,0,0
8631,0,3558,0,0,0,0
8632,0,3068,0,0,0,0
8633,0,2584,0,0,0,0
8634,0,1356,0,0,0,0
8635,0,57,0,0,22,0
8636,0,184,0,0,58,0
8637,0,20,0,0,62,0
8638,0,25,0,0,1,0
8639,0,112,0,0,0,0
8640,0,69,0,0,0,0
8641,0,45,0,0,5,0
8642,0,8,0,0,0,0
8643,0,0,0,0,6,0
8644,0,0,0,0,2,0
8645,0,0,0,0,1,0
8646,0,0,0,0,0,0
8647,0,0,0,0,0,0
8648,0,0,0,0,0,0
8649,0,0,0,0,4,0
8650,0,0,0,0,27,0
8651,0,0,0,0,15,0
8652,0,1,0,0,0,0
8653,0,0,0,0,0,0
8654,0,3,0,0,0,0
8655,0,0,0,0,0,0
8656,0,57,0,0,9,0
8657,0,95,0,0,44,0
8658,0,115,0,0,19,0
8659,0,41,0,0,12,0
8660,0,115,0,0,0,0
8661,0,132,0,0,2,0
8662,0,57,0,0,0,0
8663,0,52,0,0,0,0
8664,0,57,0,0,0,0
8665,0,77,0,0,0,0
8666,0,29,0,0,0,0
8667,0,22,0,0,3,0
8668,0,0,0,0,0,0
8669,0,0,0,0,0,0
8670,0,8,0,0,0,0
8671,0,191,0,0,0,0
8672,0,100,0,0,0,0
8673,0,1,0,0,0,0
8674,0,0,0,0,7,0
8675,0,0,0,0,32,0
8676,0,0,0,0,9,0
8677,0,0,0,0,0,0
8678,0,0,0,0,0,0
8679,0,0,0,0,0,0
8680,0,0,0,11,0,0
8681,0,0,0,40,0,0
8682,0,0,0,0,0,0
8683,0,4,0,0,0,0
8684,0,0,0,0,0,0
8685,0,0,0,0,0,0
8686,0,0,0,6,0,0
8687,0,0,0,0,0,0
8688,0,0,0,0,0,0
8689,0,0,0,0,0,0
8690,0,0,0,0,0,0
8691,0,0,0,0,0,0
8692,0,0,0,0,0,0
8693,0,0,0,7,0,0
8694,0,0,0,0,2,0
8695,0,0,0,0,10,0
8696,0,0,0,9,0,0
8697,0,0,0,0,8,0
8698,0,0,0,0,0,0
8699,0,0,0,6,0,0
8700,0,0,0,2,0,0
8701,0,0,0,50,27,0
8702,0,0,0,28,2,0
8703,0,0,0,11,0,0
8704,0,0,0,0,2,0
8705,0,0,0,2,0,0
8706,0,0,0,1,2,0
8707,0,0,0,0,0,0
8708,0,0,0,13,0,0
8709,0,0,0,0,0,0
8710,0,0,0,0,0,0
8711,0,0,0,0,0,0
8712,0,0,0,0,0,0
8713,0,0,0,0,0,0
8714,0,0,0,0,0,0
8715,0,0,0,0,0,0
8716,0,0,0,2,21,0
8717,0,0,0,6,2,0
8718,0,0,0,2,3,0
8719,0,0,0,0,1,0
8720,0,0,0,2,26,0
8721,0,0,0,0,0,0
8722,0,0,0,2,44,0
8723,0,0,0,13,28,0
8724,0,0,0,0,2,0
8725,0,0,0,0,0,0
8726,0,0,0,0,0,0
8727,0,0,0,0,6,0
8728,0,0,0,0,1,0
8729,0,0,0,0,0,0
8730,0,0,0,0,0,0
8731,0,0,0,0,4,0
8732,0,0,0,0,0,0
8733,0,0,0,0,0,0
8734,0,0,0,45,0,0
8735,0,0,0,22,10,0
8736,0,0,0,0,50,0
8737,0,0,0,0,43,0
8738,0,0,0,0,23,0
8739,0,0,0,0,21,0
8740,0,0,0,0,2,0
8741,0,0,0,0,4,0
8742,0,0,0,0,16,0
8743,0,0,0,0,52,0
8744,0,0,0,0,83,0
8745,0,10,0,0,68,0
8746,44,168,0,0,68,3
8747,107,176,0,0,24,0
8748,173,152,0,0,16,0
8749,195,352,0,0,2,0
8750,218,398,0,0,0,0
8751,239,268,0,0,0,0
8752,285,208,0,0,0,0
8753,332,164,0,0,0,0
8754,349,37,0,0,0,0
8755,463,0,0,0,0,0
8756,457,6,0,0,14,0
8757,509,58,0,0,0,0
8758,420,18,0,0,29,0
8759,231,0,0,0,41,0
8760,11,0,0,0,47,0
8761,3,75,0,0,73,0
8762,77,168,0,0,86,0
8763,137,115,0,0,95,0
8764,148,10,0,0,101,0
8765,36,31,0,0,52,0
8766,0,118,0,0,25,0
8767,0,339,0,0,91,0
8768,20,815,0,0,131,0
8769,42,835,0,0,134,0
8770,0,624,0,0,183,0
8771,4,544,0,0,176,0
8772,83,435,0,0,173,0
8773,296,57,0,0,241,0
8774,227,13,0,0,183,0
8775,180,54,0,0,299,0
8776,34,92,0,0,209,0
8777,28,114,0,0,16,0
8778,20,86,0,0,0,0
8779,8,26,0,0,8,0
8780,0,20,0,0,36,0
8781,0,235,0,0,63,0
8782,8,218,0,0,89,0
8783,9,32,0,0,74,0
8784,0,21,0,0,40,0
8785,0,65,0,0,39,0
8786,0,57,0,0,8,0
8787,10,50,0,0,3,0
8788,2,50,0,0,2,0
8789,0,96,0,0,2,0
8790,8,289,0,0,0,0
8791,5,161,0,0,6,0
8792,2,0,0,0,0,0
8793,0,122,0,0,2,0
8794,0,147,0,0,0,0
8795,0,85,0,0,0,0
8796,0,13,0,0,0,0
8797,0,0,0,0,0,0
8798,0,102,0,0,0,0
8799,0,193,0,0,0,0
8800,0,134,0,0,14,0
8801,0,0,0,0,2,0
8802,0,33,0,0,13,0
8803,0,68,0,0,3,0
8804,0,55,0,0,0,0
8805,0,0,0,0,0,0
8806,0,1,0,1,4,0
8807,0,40,0,0,0,0
8808,0,20,0,0,1,0
8809,0,0,0,0,0,0
8810,0,0,0,0,2,0
8811,0,0,0,0,29,0
8812,0,0,0,0,42,0
8813,0,0,0,0,120,0
8814,0,0,0,0,33,0
8815,0,0,0,0,0,0
8816,0,0,0,0,0,0
8817,0,0,0,0,0,0
8818,0,0,0,0,0,0
8819,0,1,0,0,0,0
8820,0,0,0,0,0,0
8821,0,0,0,0,1,0
8822,0,0,0,0,0,0
8823,0,0,0,0,30,0
8824,0,0,0,0,60,0
8825,0,0,0,0,62,0
8826,0,0,0,0,20,0
8827,0,0,0,0,1,0
8828,0,0,0,0,25,0
8829,0,0,0,0,116,0
8830,0,0,0,0,155,0
8831,0,11,0,0,98,0
8832,0,313,0,0,4,0
8833,0,685,0,0,0,0
8834,0,709,0,0,15,0
8835,0,411,0,0,5,0
8836,0,10,0,0,4,0
8837,0,18,0,0,0,0
8838,0,252,0,0,14,0
8839,4,251,1,0,25,0
8840,16,32,0,0,0,0
8841,0,286,0,0,34,0
8842,0,917,1,0,49,0
8843,12,939,3,0,26,0
8844,0,421,0,0,26,0
8845,0,63,0,0,31,0
8846,0,461,0,0,12,0
8847,0,945,0,0,0,0
8848,9,1232,0,28,0,0
8849,70,1518,0,29,0,0
8850,73,1454,0,0,0,0
8851,0,637,0,0,25,0
8852,0,101,0,0,108,0
8853,9,237,0,1,315,0
8854,17,136,0,0,249,0
8855,4,49,0,0,146,0
8856,0,142,0,0,50,0
8857,0,124,0,0,0,0
8858,0,383,6,0,0,0
8859,5,555,10,0,0,0
8860,7,660,14,0,24,0
8861,0,509,11,0,25,0
8862,0,278,0,0,31,0
8863,0,2,0,0,43,0
8864,9,44,0,0,37,0
8865,16,35,0,0,53,0
8866,0,50,0,1,68,0
8867,0,0,0,0,12,0
8868,0,0,0,0,6,0
8869,0,35,0,0,1,0
8870,0,20,0,0,0,0
8871,0,5,0,0,0,0
8872,12,0,0,0,0,0
8873,0,0,0,0,7,0
8874,0,0,0,0,37,0
8875,4,0,0,0,67,0
8876,0,0,0,0,127,0
8877,0,0,0,0,150,0
8878,0,0,0,0,158,0
8879,0,0,0,0,82,0
8880,0,0,0,0,42,0
8881,0,0,0,0,9,0
8882,0,0,0,0,7,0
8883,0,0,0,0,0,0
8884,0,0,0,0,3,0
8885,0,0,0,0,0,0
8886,0,0,0,0,0,0
8887,0,0,0,0,0,0
8888,4,0,0,0,16,0
8889,0,0,0,0,97,0
8890,0,0,0,0,165,0
8891,0,0,0,0,165,0
8892,0,0,0,0,102,0
8893,0,0,0,0,68,0
8894,0,0,0,0,67,0
8895,0,0,0,0,133,0
8896,0,0,0,0,112,0
8897,0,0,0,0,121,0
8898,0,0,0,0,131,0
8899,0,0,0,0,20,0
8900,0,0,0,0,12,0
8901,0,0,0,0,4,0
8902,0,0,0,0,34,0
8903,0,0,0,0,40,0
8904,0,0,0,0,53,0
8905,0,0,0,0,20,0
8906,0,0,0,0,147,0
8907,0,0,0,0,203,0
8908,0,0,0,0,167,0
8909,0,0,0,0,227,0
8910,0,0,0,0,159,0
8911,0,5,0,13,97,0
8912,0,0,0,7,26,0
8913,0,0,0,2,0,0
8914,0,0,0,40,20,0
8915,0,0,0,0,7,0
8916,0,0,0,0,1,0
8917,0,0,0,0,0,0
8918,0,0,0,4,5,0
8919,0,3,0,1,8,0
8920,0,344,0,5,13,0
8921,6,600,0,15,89,0
8922,0,639,0,93,42,0
8923,0,407,0,175,26,0
8924,0,81,0,267,5,0
8925,0,25,0,159,0,0
8926,0,192,0,108,2,0
8927,0,122,0,58,0,0
8928,0,448,0,14,0,0
8929,0,1030,0,12,0,0
8930,0,937,0,0,28,0
8931,0,486,0,0,46,0
8932,0,196,0,0,46,0
8933,0,474,0,0,16,0
8934,5,600,0,0,8,0
8935,0,95,0,0,12,0
8936,0,8,0,0,12,0
8937,0,192,0,0,11,0
8938,0,156,0,0,13,0
8939,0,128,0,0,20,0
8940,0,142,0,0,8,0
8941,0,92,0,0,10,0
8942,0,151,0,0,1,0
8943,0,85,0,0,0,0
8944,0,40,0,0,0,0
8945,0,146,0,1,0,0
8946,0,34,0,1,2,0
8947,0,0,0,15,0,0
8948,0,0,0,5,0,0
8949,0,0,0,0,0,0
8950,0,80,0,0,0,0
8951,0,237,0,0,0,0
8952,0,297,0,0,2,0
8953,0,176,0,0,3,0
8954,0,55,0,0,40,0
8955,0,10,0,0,42,0
8956,6,9,0,13,27,0
8957,0,2,0,47,0,0
8958,0,0,0,0,0,0
8959,0,0,0,0,0,0
8960,0,0,0,0,0,0
8961,0,0,0,0,2,0
8962,0,0,0,0,4,0
8963,0,0,0,0,8,0
8964,0,0,0,0,3,0
8965,0,0,0,0,0,0
8966,0,0,0,0,5,0
8967,0,0,0,0,3,0
8968,0,0,0,0,10,0
8969,0,0,0,0,0,0
8970,0,2,0,0,2,0
8971,0,81,0,0,89,0
8972,0,259,0,0,99,0
8973,0,515,0,0,99,0
8974,0,685,0,1,275,0
8975,0,851,0,0,365,0
8976,0,985,0,0,427,0
8977,6,883,0,0,353,0
8978,0,469,0,43,158,0
8979,0,69,0,4,52,0
8980,0,0,0,2,52,0
8981,0,15,0,19,64,0
8982,0,40,0,3,38,0
8983,16,31,0,2,156,0
8984,0,1,0,1,148,0
8985,0,0,0,0,156,0
8986,0,37,0,0,255,0
8987,0,78,0,0,250,0
8988,0,20,0,0,166,0
8989,0,0,0,0,226,0
8990,0,8,0,0,95,0
8991,0,13,0,0,11,0
8992,0,0,0,0,59,0
8993,0,0,0,0,102,0
8994,0,0,0,0,95,0
8995,0,20,0,0,117,0
8996,0,0,0,0,32,0
8997,0,0,0,0,24,0
8998,0,0,0,0,27,0
8999,0,7,0,0,5,0
9000,0,0,0,0,18,0
9001,6,0,0,0,0,0
9002,0,0,0,0,0,0
9003,0,0,0,0,3,0
9004,0,0,0,0,24,0
9005,0,0,0,0,20,0
9006,0,0,0,0,8,0
9007,0,0,0,0,12,0
9008,0,3,0,0,75,0
9009,0,20,0,0,82,0
9010,0,51,0,0,15,0
9011,0,87,0,0,0,0
9012,0,49,0,0,10,0
9013,0,7,0,0,0,0
9014,0,0,0,4,1,0
9015,0,0,0,0,9,0
9016,0,0,0,0,54,0
9017,0,0,0,0,84,0
9018,0,0,0,0,122,0
9019,0,0,0,0,204,0
9020,0,0,0,0,166,0
9021,0,0,0,0,97,0
9022,0,0,0,0,112,0
9023,1,1,0,0,2,0
9024,1,0,0,0,2,0
9025,0,10,0,0,22,0
9026,0,1,0,0,7,0
9027,0,1,0,0,0,0
9028,0,13,0,0,27,0
9029,0,0,0,0,18,0
9030,0,0,0,0,171,0
9031,0,0,0,0,383,0
9032,0,0,0,0,375,0
9033,0,0,0,0,285,0
9034,0,0,0,0,122,0
9035,0,29,0,0,76,0
9036,0,24,0,0,44,0
9037,0,56,0,0,4,0
9038,0,188,0,0,0,0
9039,0,167,0,0,1,0
9040,0,132,0,0,0,0
9041,0,63,0,0,0,0
9042,0,30,0,0,0,0
9043,0,1,0,0,0,0
9044,0,37,0,0,4,0
9045,0,82,0,0,21,0
9046,0,172,0,0,0,0
9047,0,188,0,0,0,0
9048,0,46,0,0,0,0
9049,0,7,0,0,0,0
9050,0,1,0,0,0,0
9051,0,0,0,0,0,0
9052,0,0,0,0,0,0
9053,0,0,0,0,0,0
9054,0,0,0,0,0,0
9055,0,0,0,0,0,0
9056,0,0,0,0,64,0
9057,0,0,0,0,143,0
9058,0,0,0,0,137,0
9059,0,0,0,0,10,0
9060,0,0,0,0,0,0
9061,0,0,0,0,1,0
9062,0,0,0,0,0,0
9063,0,0,0,0,0,0
9064,0,0,0,0,0,0
9065,0,0,0,0,0,0
9066,0,0,0,0,0,0
9067,0,0,0,0,0,0
9068,6,3,0,0,2,0
9069,27,36,0,0,0,0
9070,23,180,0,0,1,0
9071,2,242,0,0,0,0
9072,0,371,0,0,65,0
9073,0,307,0,0,49,0
9074,0,250,0,0,0,0
9075,0,499,0,0,0,0
9076,0,560,0,0,6,0
9077,0,644,0,0,0,0
9078,0,443,0,0,0,0
9079,0,193,0,0,0,0
9080,0,78,0,0,0,0
9081,0,29,0,0,0,0
9082,0,5,0,0,0,0
9083,0,7,0,0,2,0
9084,0,0,0,0,27,0
9085,0,0,0,0,0,0
9086,2,0,0,0,0,0
9087,0,0,0,0,0,0
9088,0,0,0,0,0,0
9089,0,5,0,0,0,0
9090,0,0,0,0,0,0
9091,0,0,0,0,0,0
9092,0,0,0,0,0,0
9093,0,0,0,0,0,0
9094,0,0,0,0,0,0
9095,0,0,0,41,0,0
9096,0,0,0,14,0,0
9097,0,1,0,0,5,0
9098,0,0,0,0,11,0
9099,0,0,0,0,8,0
9100,0,0,0,0,0,0
9101,0,0,0,0,0,0
9102,0,0,0,0,12,0
9103,0,0,0,0,16,0
9104,0,1,0,0,28,0
9105,0,0,0,0,3,0
9106,0,69,0,0,1,0
9107,0,347,0,0,3,0
9108,0,381,0,0,12,0
9109,0,288,0,0,21,0
9110,0,147,0,0,36,0
9111,0,0,0,0,172,0
9112,0,0,0,0,227,0
9113,0,73,0,0,105,0
9114,0,239,0,0,17,0
9115,0,274,0,0,22,0
9116,0,159,0,0,0,0
9117,0,62,0,0,0,0
9118,0,24,0,0,10,0
9119,0,9,0,0,34,0
9120,0,3,0,0,58,0
9121,0,2,0,0,65,0
9122,0,0,0,0,30,0
9123,0,0,0,0,2,0
9124,0,5,0,0,25,0
9125,0,0,0,0,35,0
9126,0,0,0,0,2,0
9127,0,0,0,0,1,0
9128,0,0,0,0,11,0
9129,0,0,0,0,18,0
9130,0,3,0,0,17,0
9131,0,0,0,3,39,0
9132,0,0,0,1,23,0
9133,0,0,0,0,4,0
9134,0,0,0,0,1,0
9135,0,0,0,0,1,0
9136,0,0,0,0,0,0
9137,0,0,0,0,0,0
9138,0,0,0,0,0,0
9139,0,0,0,0,0,0
9140,0,0,0,0,0,0
9141,0,0,0,0,1,0
9142,0,0,0,0,0,0
9143,0,0,0,0,0,0
9144,0,0,0,0,2,0
9145,0,0,0,0,0,0
9146,0,0,0,0,0,0
9147,0,0,0,0,0,0
9148,0,0,0,0,0,0
9149,0,0,0,0,0,0
9150,0,0,0,0,0,0
9151,0,0,0,0,11,0
9152,0,0,0,0,47,0
9153,0,0,0,0,80,0
9154,0,0,0,0,86,0
9155,0,0,0,0,45,0
9156,0,0,0,0,50,0
9157,0,0,0,0,0,0
9158,0,0,0,0,0,0
9159,0,0,0,0,0,0
9160,0,0,0,0,1,0
9161,0,0,0,0,0,0
9162,0,0,0,0,0,0
9163,0,0,0,0,0,0
9164,0,0,0,0,0,0
9165,0,0,0,0,0,0
9166,0,0,0,0,0,0
9167,0,0,0,0,0,0
9168,0,0,0,0,0,0
9169,0,0,0,0,0,0
9170,0,0,0,0,0,0
9171,0,0,0,0,0,0
9172,0,0,0,0,0,0
9173,0,0,0,0,0,0
9174,0,0,0,0,1,0
9175,0,0,0,0,0,0
9176,0,0,0,0,2,0
9177,0,0,0,0,7,0
9178,0,0,0,0,53,0
9179,0,0,0,0,37,0
9180,0,0,0,0,2,0
9181,0,0,0,0,3,0
9182,0,0,0,0,0,0
9183,0,0,0,0,0,0
9184,0,0,0,0,0,0
9185,0,0,0,0,0,0
9186,0,0,0,0,0,0
9187,0,0,0,0,0,0
9188,0,0,0,0,0,0
9189,0,0,0,0,0,0
9190,0,0,0,0,0,0
9191,0,0,0,26,0,0
9192,0,0,0,29,0,0
9193,0,0,0,0,0,0
9194,0,0,0,0,0,0
9195,0,0,0,0,6,0
9196,0,0,0,4,25,0
9197,0,0,0,0,10,0
9198,0,0,0,0,0,0
9199,0,0,0,0,0,0
9200,0,0,0,0,0,0
9201,0,0,0,0,0,0
9202,0,0,0,0,0,0
9203,0,0,0,0,71,0
9204,0,0,0,0,31,0
9205,0,0,0,0,2,0
9206,0,0,0,0,0,0
9207,0,0,0,0,0,0
9208,0,0,0,0,0,0
9209,0,0,0,0,0,0
9210,0,0,0,0,0,0
9211,0,0,0,0,45,0
9212,0,0,0,0,0,0
9213,0,0,0,0,4,0
9214,0,0,0,0,0,0
9215,0,0,0,0,0,0
9216,0,0,0,0,5,0
9217,0,0,0,2,8,0
9218,0,0,0,3,18,0
9219,0,0,0,0,6,0
9220,0,0,0,1,0,0
9221,0,0,0,6,0,0
9222,0,0,0,0,0,0
9223,0,0,0,0,3,0
9224,4,0,0,0,21,0
9225,0,0,0,0,78,0
9226,0,0,0,0,71,0
9227,0,0,0,0,51,0
9228,0,0,0,0,44,0
9229,0,0,0,0,40,0
9230,0,0,0,0,62,0
9231,0,0,0,0,29,0
9232,0,0,0,0,28,0
9233,0,0,0,0,9,0
9234,0,0,0,0,13,0
9235,0,0,0,0,24,0
9236,0,0,0,0,41,0
9237,0,0,0,0,81,0
9238,0,0,0,0,358,0
9239,0,0,0,0,186,0
9240,0,0,0,0,9,0
9241,0,0,0,0,10,0
9242,0,0,0,0,0,0
9243,0,0,0,0,0,0
9244,0,0,0,0,0,0
9245,0,0,0,31,0,0
9246,0,0,0,28,0,0
9247,0,0,0,0,0,0
9248,0,0,0,0,0,0
9249,0,0,0,0,0,0
9250,0,0,0,0,0,0
9251,0,0,0,0,0,0
9252,0,0,0,0,0,0
9253,0,0,0,0,0,0
9254,4,0,0,0,0,0
9255,0,0,0,0,0,0
9256,0,0,0,0,0,0
9257,0,0,0,0,0,0
9258,0,0,0,0,0,0
9259,0,0,0,0,0,0
9260,0,3,0,0,0,0
9261,0,52,0,0,0,0
9262,0,207,0,0,9,0
9263,0,477,0,0,3,0
9264,7,670,0,0,2,0
9265,2,782,0,0,0,0
9266,25,863,0,0,0,0
9267,9,840,0,0,0,0
9268,15,970,0,0,7,0
9269,14,1103,0,0,26,0
9270,22,1208,0,0,23,0
9271,26,1338,0,0,11,0
9272,8,1453,0,0,5,0
9273,50,1211,0,0,0,0
9274,42,894,0,0,35,0
9275,39,786,0,0,73,0
9276,37,764,0,0,33,0
9277,26,703,0,0,15,0
9278,4,717,0,0,32,0
9279,0,1030,0,0,0,0
9280,0,1531,0,0,0,0
9281,0,1749,0,0,0,0
9282,0,1859,0,0,0,0
9283,0,1731,0,0,0,0
9284,0,1425,0,0,0,0
9285,0,1033,0,0,0,0
9286,0,416,0,0,0,0
9287,0,9,0,0,0,0
9288,0,736,0,0,11,0
9289,0,1293,0,0,3,0
9290,0,1598,0,0,0,0
9291,0,1752,0,0,9,0
9292,3,1579,0,0,0,0
9293,0,1351,0,0,2,0
9294,0,982,0,0,3,0
9295,0,468,0,0,0,0
9296,0,315,0,0,0,0
9297,0,120,0,0,0,0
9298,0,237,0,0,0,0
9299,0,528,0,0,0,0
9300,0,989,0,0,1,0
9301,0,1882,0,0,2,0
9302,3,2703,0,0,0,0
9303,4,3412,0,0,0,0
9304,0,4041,0,0,0,0
9305,0,4633,0,0,0,0
9306,0,4939,0,0,0,0
9307,0,5020,0,0,0,0
9308,0,4784,0,0,0,0
9309,0,4088,0,0,0,0
9310,0,2806,0,0,0,0
9311,0,1054,0,0,0,0
9312,0,1694,0,0,0,0
9313,0,2590,0,0,0,0
9314,4,2387,0,0,0,0
9315,0,2178,0,0,0,0
9316,0,1842,0,0,11,0
9317,0,1743,0,0,0,0
9318,0,1465,0,0,0,0
9319,0,1129,0,0,0,0
9320,0,821,0,0,0,0
9321,0,532,0,0,0,0
9322,0,175,0,0,0,0
9323,0,25,0,0,0,0
9324,0,0,0,0,0,0
9325,0,0,0,0,0,0
9326,0,0,0,0,0,0
9327,0,0,0,0,0,0
9328,0,3,0,0,0,0
9329,0,0,0,0,0,0
9330,0,4,0,0,0,0
9331,0,64,0,0,0,0
9332,0,176,0,0,0,0
9333,0,388,0,0,0,0
9334,0,825,0,0,0,0
9335,0,1810,0,0,0,0
9336,0,2751,0,0,0,0
9337,0,3814,0,0,0,0
9338,7,4673,0,0,0,0
9339,21,5308,0,0,0,0
9340,22,5285,0,0,0,0
9341,5,4872,0,0,0,0
9342,0,3804,0,0,0,0
9343,3,2637,0,0,7,0
9344,0,1825,0,0,0,0
9345,2,734,0,0,0,0
9346,0,297,0,0,1,0
9347,0,1039,0,0,0,0
9348,0,1832,0,0,0,0
9349,0,2189,0,0,0,0
9350,0,2349,0,0,5,0
9351,0,3021,0,0,4,0
9352,0,4138,0,4,10,0
9353,0,5808,0,5,1,0
9354,0,6757,0,0,1,0
9355,0,7088,0,0,0,0
9356,0,7482,0,0,3,0
9357,0,7929,0,0,0,0
9358,0,8696,0,0,2,0
9359,0,9069,0,4,0,0
9360,0,9687,0,0,0,0
9361,0,8702,0,0,3,0
9362,0,11067,0,4,15,0
9363,0,12498,0,0,0,0
9364,0,14027,116,0,0,0
9365,0,12619,185,0,0,0
9366,0,11420,96,0,0,0
9367,0,11228,23,0,0,0
9368,27,11135,0,0,18,3
9369,243,9478,0,0,0,0
9370,789,6857,0,0,4,0
9371,781,5268,0,0,0,0
9372,711,3944,0,0,0,0
9373,488,2674,0,0,0,0
9374,174,1602,0,0,1,0
9375,64,720,0,0,0,2
9376,25,259,0,0,29,20
9377,8,57,0,0,0,0
9378,0,118,0,0,0,0
9379,0,292,0,0,0,0
9380,0,380,0,0,0,0
9381,0,507,0,0,9,0
9382,85,357,0,0,11,0
9383,139,712,0,0,4,0
9384,195,1391,0,34,6,0
9385,506,2509,0,0,0,0
9386,698,3907,0,2,57,0
9387,787,6088,0,0,5,0
9388,666,7300,0,2,2,0
9389,79,8035,0,0,33,0
9390,3,8404,0,0,2,0
9391,0,8284,0,0,3,0
9392,0,8704,0,0,11,0
9393,0,8636,0,0,2,0
9394,0,8382,0,0,0,0
9395,0,6383,0,0,0,0
9396,0,6167,0,0,0,0
9397,0,6202,0,0,0,0
9398,0,5628,0,0,0,3
9399,0,5379,0,0,0,0
9400,0,5240,0,0,0,0
9401,0,4820,0,0,0,0
9402,0,4295,0,0,54,0
9403,0,5284,0,0,0,0
9404,3,6920,0,0,0,0
9405,79,8245,0,0,0,0
9406,342,9455,424,0,1,0
9407,585,10841,63,0,0,0
9408,766,10460,0,0,0,0
9409,733,9665,0,0,0,0
9410,368,8890,0,0,0,0
9411,39,8140,0,0,0,0
9412,0,7292,25,0,14,0
9413,0,6478,44,0,51,0
9414,2,5832,137,0,23,0
9415,25,5092,228,0,104,0
9416,0,3926,291,0,45,0
9417,0,2852,290,0,7,0
9418,29,2387,268,0,0,0
9419,22,2441,187,0,0,0
9420,13,2536,154,0,0,0
9421,16,2505,112,0,2,0
9422,5,2361,63,0,0,0
9423,29,2511,80,0,0,0
9424,31,2946,95,0,2,0
9425,180,3558,123,0,10,0
9426,290,4799,169,0,5,0
9427,343,6666,147,0,0,0
9428,341,7127,67,0,39,0
9429,286,7324,4,0,15,0
9430,15,7121,0,0,186,0
9431,0,6867,0,31,10,0
9432,0,6035,0,3,241,0
9433,8,5172,10,0,16,0
9434,22,4329,0,0,47,3
9435,1,3140,0,0,0,0
9436,7,1876,0,0,83,0
9437,0,2312,0,3,26,0
9438,0,2039,0,0,16,0
9439,0,1738,0,0,32,6
9440,0,3099,0,0,4,0
9441,0,3674,38,0,18,0
9442,0,4358,34,0,10,0
9443,19,5042,35,0,4,0
9444,6,5565,8,0,2,0
9445,0,5598,55,0,0,0
9446,0,4850,85,0,0,0
9447,0,4921,4,0,12,0
9448,5,4321,31,0,1,0
9449,3,3861,22,0,2,0
9450,0,1783,23,0,0,0
9451,0,389,19,0,54,3
9452,0,1167,123,0,2,0
9453,2,745,123,0,63,2
9454,0,71,31,0,3,0
9455,0,408,24,0,18,0
9456,0,29,51,0,0,0
9457,0,87,57,0,2,0
9458,0,147,9,0,0,0
9459,6,3,0,0,3,0
9460,72,1,0,0,0,0
9461,77,0,0,0,2,0
9462,128,14,0,0,0,0
9463,176,599,0,0,0,0
9464,143,2064,0,0,0,0
9465,81,3681,0,0,0,0
9466,33,5091,3,0,0,0
9467,0,6105,207,0,0,0
9468,0,7510,182,0,0,0
9469,0,8044,0,0,0,0
9470,0,9039,4,0,0,0
9471,0,9394,30,0,0,0
9472,0,9674,116,0,0,0
9473,0,9887,120,0,0,0
9474,0,11331,112,0,0,0
9475,4,11744,19,0,0,0
9476,0,13163,3,0,0,0
9477,0,13912,0,0,0,0
9478,0,12025,0,0,0,0
9479,0,9089,0,0,0,0
9480,0,5548,0,0,0,0
9481,0,3461,0,0,0,0
9482,0,3753,0,0,0,0
9483,0,4656,0,0,0,0
9484,0,5339,0,0,0,0
9485,0,5646,0,27,0,0
9486,0,5829,0,0,0,0
9487,0,5966,0,0,0,0
9488,0,6527,0,0,0,0
9489,0,7137,0,0,1,0
9490,0,7697,0,0,0,0
9491,12,7943,0,0,34,0
9492,19,7416,0,0,0,0
9493,0,7654,0,0,0,0
9494,2,7590,0,0,0,0
9495,0,7579,0,0,0,0
9496,0,7462,0,0,9,0
9497,0,9253,0,0,0,0
9498,0,8414,0,0,0,0
9499,3,8956,0,0,3,0
9500,25,10880,0,0,0,5
9501,14,11276,0,0,0,26
9502,2,12476,18,0,0,0
9503,0,12708,181,0,0,0
9504,0,11298,1280,0,0,0
9505,0,9371,1184,0,5,0
9506,0,7431,423,0,0,0
9507,0,4370,8,0,0,0
9508,0,2798,0,0,1,0
9509,0,2068,0,0,0,0
9510,0,1744,0,0,0,0
9511,0,1695,0,0,3,0
9512,0,1368,0,0,0,0
9513,0,1050,0,0,0,0
9514,0,680,0,0,0,0
9515,0,205,0,0,0,0
9516,0,34,0,0,0,0
9517,0,64,0,0,0,0
9518,0,170,0,4,2,0
9519,0,223,0,0,4,0
9520,0,568,0,0,0,0
9521,0,1798,32,0,0,0
9522,0,4525,424,0,3,0
9523,0,8231,927,0,0,0
9524,0,10923,1851,0,0,0
9525,0,11757,873,0,0,0
9526,0,12882,258,0,3,0
9527,0,11993,0,0,2,0
9528,0,13405,0,0,0,1
9529,9,13826,0,0,0,9
9530,29,13657,0,0,11,0
9531,87,12919,0,0,42,0
9532,96,11686,0,0,0,0
9533,56,10758,0,0,0,0
9534,32,9504,0,0,0,0
9535,6,8680,0,13,0,0
9536,1,6995,0,13,0,0
9537,0,2367,0,0,0,0
9538,0,5735,0,0,0,0
9539,0,9163,0,0,0,0
9540,2,11408,0,0,0,0
9541,30,13584,0,0,52,0
9542,87,14862,0,0,12,0
9543,207,16337,0,0,37,0
9544,236,17650,0,0,0,0
9545,266,19515,0,0,3,0
9546,222,21536,0,0,0,0
9547,208,22115,0,0,129,6
9548,224,22002,0,0,2,2
9549,141,20422,0,27,25,3
9550,163,17971,1,7,1,0
9551,204,15505,0,22,2,0
9552,168,12769,4,0,0,0
9553,177,10646,6,0,4,0
9554,149,8639,2,0,1,0
9555,167,7832,10,0,2,0
9556,178,7481,9,0,7,0
9557,170,6871,3,0,0,0
9558,141,6079,0,0,0,0
9559,154,5424,0,0,0,0
9560,137,4476,0,1,0,0
9561,119,3669,0,0,0,0
9562,96,2818,0,0,12,0
9563,47,1941,0,0,0,0
9564,32,1512,0,0,6,0
9565,2,1461,0,0,0,0
9566,0,1770,0,2,25,0
9567,19,2056,0,0,2,0
9568,15,2206,0,0,88,0
9569,42,1923,0,0,16,0
9570,9,2068,0,0,76,0
9571,0,1941,0,0,14,0
9572,0,2263,0,0,63,0
9573,0,3101,0,0,0,0
9574,0,4220,0,0,16,0
9575,0,6048,0,5,9,0
9576,0,8250,0,0,7,0
9577,5,8541,0,0,12,0
9578,33,8544,0,0,97,0
9579,64,8017,0,0,2,0
9580,2,7567,0,0,16,2
9581,230,6700,0,0,0,0
9582,499,7369,0,0,7,0
9583,713,7044,0,4,0,0
9584,1066,7137,0,13,2,0
9585,1017,6833,1,7,0,0
9586,877,6868,0,12,33,0
9587,668,7283,0,9,27,0
9588,233,6930,0,0,0,0
9589,10,6111,0,0,18,0
9590,1,4435,0,0,19,0
9591,0,2344,0,0,23,0
9592,4,481,0,0,7,0
9593,1,0,0,0,83,0
9594,0,174,0,0,3,0
9595,0,961,0,1,0,0
9596,0,1644,0,8,0,0
9597,0,2035,0,0,0,0
9598,8,2614,0,2,0,0
9599,0,2983,0,0,0,0
9600,0,2964,0,0,8,0
9601,0,2796,0,0,46,0
9602,0,2363,0,0,121,0
9603,0,1837,0,0,42,0
9604,0,1603,0,0,19,0
9605,0,1561,0,0,11,0
9606,0,1514,0,0,6,0
9607,0,1379,0,0,0,0
9608,0,1595,0,0,11,0
9609,0,2515,0,0,19,0
9610,4,3722,0,0,57,0
9611,5,5137,0,0,85,0
9612,6,6500,0,0,66,0
9613,0,7992,0,0,14,0
9614,7,10090,29,0,98,0
9615,4,11040,6,0,29,0
9616,7,11726,0,0,112,0
9617,17,11612,0,0,104,0
9618,33,10484,0,0,211,0
9619,51,8986,0,4,152,0
9620,237,6496,4,99,292,0
9621,373,4080,0,86,276,0
9622,543,4270,0,107,282,0
9623,863,3768,0,106,175,0
9624,970,3157,0,73,2,0
9625,1169,2795,0,91,2,0
9626,1048,3823,0,87,9,0
9627,784,5133,0,157,42,0
9628,595,5984,0,287,102,0
9629,416,6668,5,283,294,0
9630,222,6913,133,408,223,0
9631,139,6975,119,442,474,0
9632,50,6566,112,330,424,0
9633,123,6048,131,264,178,0
9634,170,5259,0,121,44,0
9635,173,4754,0,68,165,0
9636,54,3939,0,1,35,0
9637,2,3141,0,3,39,0
9638,0,2527,0,0,70,0
9639,6,2439,0,0,195,0
9640,7,2479,23,12,348,0
9641,0,2207,43,22,264,0
9642,0,423,32,17,91,0
9643,0,926,13,7,254,0
9644,0,1562,35,17,496,0
9645,0,1485,5,10,116,0
9646,0,1629,10,0,144,0
9647,29,1155,0,0,105,0
9648,77,670,0,0,95,0
9649,42,723,0,0,60,0
9650,5,482,0,2,46,0
9651,0,97,0,0,3,0
9652,0,1,0,0,0,0
9653,0,15,0,0,0,0
9654,0,43,0,0,0,0
9655,0,49,0,0,0,0
9656,18,55,0,0,2,0
9657,156,8,0,0,0,0
9658,191,140,0,0,1,0
9659,181,457,0,0,9,0
9660,66,491,0,0,25,0
9661,0,457,25,0,19,0
9662,1,375,45,2,0,0
9663,3,263,23,6,7,0
9664,0,314,35,0,30,0
9665,0,454,56,0,78,0
9666,0,539,14,0,73,0
9667,28,492,0,0,32,0
9668,33,174,0,0,3,0
9669,12,493,0,0,0,0
9670,0,927,0,0,0,0
9671,0,1087,0,0,0,0
9672,0,975,0,0,2,0
9673,0,591,0,0,5,0
9674,0,441,0,0,37,0
9675,0,576,0,0,45,0
9676,0,492,0,0,23,0
9677,0,389,0,0,21,0
9678,0,202,0,0,43,0
9679,0,10,0,0,35,0
9680,0,166,0,0,7,0
9681,1,153,0,0,0,0
9682,0,159,0,0,12,0
9683,16,132,0,0,82,0
9684,20,0,0,0,119,0
9685,0,52,0,0,45,0
9686,0,217,0,0,0,0
9687,0,301,0,0,6,0
9688,0,222,0,0,3,0
9689,0,2,0,0,0,0
9690,0,49,0,0,1,0
9691,0,33,0,0,13,0
9692,0,28,0,0,0,0
9693,6,36,0,9,0,0
9694,0,0,0,33,2,0
9695,13,0,0,82,18,0
9696,22,0,0,81,91,0
9697,5,7,0,12,173,0
9698,0,24,0,2,109,0
9699,0,6,0,0,17,0
9700,0,0,0,0,0,0
9701,0,13,0,0,0,0
9702,0,0,0,0,0,0
9703,0,23,2,0,0,0
9704,0,8,0,0,0,0
9705,0,4,2,0,0,0
9706,0,0,3,0,28,0
9707,0,0,0,0,115,0
9708,0,0,0,0,112,0
9709,0,0,0,0,102,0
9710,0,0,0,0,81,0
9711,0,0,0,0,97,0
9712,2,22,0,0,85,0
9713,15,0,0,2,51,0
9714,37,0,0,0,15,0
9715,79,0,0,0,1,0
9716,82,0,0,7,0,0
9717,65,0,0,1,12,0
9718,56,4,0,15,4,0
9719,34,0,0,29,5,0
9720,4,0,0,0,0,0
9721,2,0,0,2,12,0
9722,0,0,0,0,0,0
9723,0,0,0,3,0,0
9724,0,0,0,0,0,0
9725,0,0,0,0,0,0
9726,0,0,0,3,0,0
9727,6,0,0,0,0,0
9728,0,0,0,3,0,0
9729,0,0,0,0,0,0
9730,0,0,0,0,0,0
9731,0,0,0,0,0,0
9732,0,0,0,0,0,0
9733,0,0,0,0,0,0
9734,0,0,0,0,0,0
9735,0,0,0,0,0,0
9736,0,0,0,0,1,0
9737,0,0,0,0,0,0
9738,0,0,0,0,0,0
9739,0,0,0,0,0,0
9740,0,0,0,0,0,0
9741,0,0,0,0,0,0
9742,0,0,0,0,0,0
9743,0,0,0,6,0,0
9744,0,0,0,13,0,0
9745,0,0,0,9,3,0
9746,0,0,0,0,0,0
9747,0,0,0,0,3,0
9748,0,0,0,0,0,0
9749,0,0,0,0,1,0
9750,0,0,0,0,0,0
9751,0,0,0,0,2,0
9752,0,0,0,0,0,0
9753,0,0,0,0,13,0
9754,0,0,0,0,0,0
9755,0,0,0,10,67,0
9756,0,0,0,0,89,0
9757,0,0,0,0,77,0
9758,0,0,0,1,144,0
9759,0,0,0,0,30,0
9760,0,0,0,1,9,0
9761,0,0,0,59,0,0
9762,0,0,0,11,0,0
9763,0,0,0,0,83,0
9764,0,0,0,16,100,0
9765,0,0,0,18,9,0
9766,0,0,0,19,33,0
9767,0,0,0,3,3,0
9768,0,0,0,0,1,0
9769,0,0,0,0,11,0
9770,0,0,0,2,82,0
9771,0,0,0,0,110,0
9772,0,0,0,0,275,0
9773,0,0,0,0,386,0
9774,0,0,0,0,326,0
9775,0,0,0,0,222,0
9776,0,0,0,6,166,0
9777,0,0,0,0,43,0
9778,0,0,0,0,139,0
9779,0,0,0,0,329,0
9780,0,0,0,0,183,0
9781,0,0,0,0,57,0
9782,0,0,0,0,78,0
9783,0,0,0,0,4,0
9784,0,0,0,0,0,0
9785,0,0,0,0,22,0
9786,0,0,0,0,96,0
9787,0,0,0,0,231,0
9788,0,0,0,0,225,0
9789,0,0,0,0,84,0
9790,0,0,0,0,51,0
9791,0,0,0,0,27,0
9792,0,0,0,0,28,0
9793,0,21,14,0,58,0
9794,0,616,18,0,56,0
9795,0,1750,7,0,18,0
9796,0,3063,0,0,23,0
9797,0,4440,0,0,13,0
9798,0,5061,29,0,37,0
9799,6,4739,19,0,23,0
9800,0,4800,159,0,2,0
9801,0,4513,1,0,0,0
9802,0,4009,1,0,0,0
9803,0,3033,2,0,0,0
9804,0,2164,0,0,0,0
9805,0,2908,0,0,27,0
9806,17,3988,201,0,172,0
9807,0,4859,910,0,150,0
9808,0,5319,178,0,87,0
9809,0,5708,0,0,75,0
9810,12,6741,1,0,62,0
9811,43,8120,179,0,47,0
9812,20,9354,130,0,141,0
9813,2,8528,174,0,156,0
9814,0,8135,405,0,53,0
9815,0,7321,283,0,61,0
9816,0,5463,76,0,55,0
9817,0,3380,0,0,3,0
9818,0,2171,0,0,6,0
9819,0,1585,0,0,0,0
9820,0,1132,0,0,0,0
9821,0,672,0,0,3,0
9822,0,261,0,0,1,0
9823,0,308,0,0,0,0
9824,0,1262,0,0,0,0
9825,0,2393,0,0,0,0
9826,0,2617,0,0,0,0
9827,0,1770,0,0,6,0
9828,0,450,0,0,43,0
9829,0,202,0,0,47,0
9830,0,1608,0,0,46,0
9831,0,1904,0,0,30,0
9832,0,1037,0,0,60,0
9833,1,28,0,0,55,0
9834,0,35,0,0,9,0
9835,0,126,0,0,0,0
9836,0,287,0,0,0,0
9837,0,467,0,0,0,0
9838,0,703,0,0,30,0
9839,0,1278,4,0,42,0
9840,0,2577,72,0,13,0
9841,1,4632,169,0,4,0
9842,36,5651,428,0,1,0
9843,18,5276,238,0,0,0
9844,2,4113,0,0,0,0
9845,0,1788,0,0,0,0
9846,0,549,0,0,0,0
9847,0,695,0,0,2,0
9848,14,781,0,0,0,0
9849,6,645,0,0,0,0
9850,0,909,0,0,0,0
9851,0,1510,0,0,2,0
9852,0,2484,0,0,1,0
9853,0,3957,0,0,0,0
9854,8,5007,0,0,0,0
9855,0,5676,0,0,0,0
9856,6,6089,0,0,0,0
9857,0,5886,0,0,0,0
9858,4,5593,0,0,0,0
9859,10,5205,0,0,1,0
9860,23,4685,0,0,26,0
9861,15,4823,0,0,38,0
9862,8,4802,0,0,12,0
9863,0,5341,0,0,3,0
9864,4,9331,0,0,0,0
9865,0,12812,0,0,0,0
9866,6,14117,0,0,0,0
9867,9,14114,0,0,0,0
9868,71,16063,0,0,0,0
9869,60,16125,0,0,0,0
9870,266,15953,7,0,0,0
9871,321,15054,0,0,21,0
9872,407,13719,0,37,4,0
9873,490,12342,39,3,15,0
9874,621,10903,324,3,0,0
9875,703,9773,361,7,2,0
9876,695,8340,419,0,85,0
9877,759,6842,162,0,155,0
9878,594,5281,0,0,123,0
9879,385,3760,34,0,73,0
9880,211,2126,80,0,30,0
9881,22,619,18,0,0,0
9882,0,135,0,0,0,0
9883,0,229,0,0,0,0
9884,0,439,4,0,0,0
9885,0,397,53,0,0,0
9886,0,361,51,0,8,0
9887,0,181,6,0,4,0
9888,0,292,46,0,0,0
9889,0,407,74,0,0,0
9890,0,434,44,2,0,0
9891,0,189,0,0,0,0
9892,0,71,0,0,69,0
9893,0,32,0,0,104,0
9894,0,10,0,0,90,0
9895,0,8,0,0,20,0
9896,0,12,0,8,29,0
9897,0,8,0,15,0,0
9898,0,12,0,0,1,0
9899,0,4,0,6,9,0
9900,0,1,0,179,82,0
9901,0,10,0,512,162,0
9902,0,1,0,572,142,0
9903,0,13,0,284,47,0
9904,0,0,0,221,0,0
9905,0,8,0,42,23,0
9906,0,0,0,0,100,0
9907,0,0,0,0,71,0
9908,0,0,0,4,174,0
9909,0,0,0,0,5,0
9910,0,0,0,0,0,0
9911,0,0,0,54,1,0
9912,0,0,0,118,0,0
9913,0,0,0,48,65,0
9914,0,0,0,55,57,0
9915,0,0,0,11,9,0
9916,0,0,0,2,34,0
9917,0,0,0,16,15,0
9918,0,0,0,0,0,0
9919,0,0,0,0,0,0
9920,0,0,0,3,7,0
9921,0,0,0,0,27,0
9922,0,0,0,0,54,0
9923,0,102,12,0,4,0
9924,0,441,26,0,4,0
9925,0,845,22,0,0,0
9926,0,1177,11,0,7,0
9927,0,1427,0,0,0,0
9928,0,1499,0,0,20,0
9929,0,1172,0,0,22,0
9930,0,781,0,0,43,0
9931,0,290,0,0,11,0
9932,0,101,0,2,13,0
9933,0,133,0,0,1,0
9934,0,210,0,0,0,0
9935,0,300,0,0,0,0
9936,0,344,0,0,2,0
9937,0,297,0,0,0,0
9938,0,249,0,0,0,0
9939,0,385,0,0,0,0
9940,0,449,0,0,0,0
9941,0,385,0,0,0,0
9942,0,361,0,0,0,0
9943,0,334,0,0,0,0
9944,0,360,0,0,33,0
9945,0,236,0,0,51,0
9946,0,86,0,0,9,0
9947,0,57,0,0,0,0
9948,0,2,0,0,0,0
9949,0,0,0,0,20,0
9950,0,0,0,2,23,0
9951,0,4,0,78,0,0
9952,0,0,0,5,0,0
9953,0,0,0,4,0,0
9954,0,4,0,18,0,0
9955,0,15,0,75,0,0
9956,0,11,0,242,0,0
9957,0,30,0,608,2,0
9958,0,35,0,827,4,0
9959,0,41,0,935,54,0
9960,0,13,0,592,35,0
9961,0,42,0,389,35,0
9962,0,16,0,89,0,0
9963,0,8,0,69,0,0
9964,0,1,0,37,0,0
9965,0,0,0,19,9,0
9966,0,0,0,6,0,0
9967,0,0,0,7,0,0
9968,0,0,0,0,0,0
9969,0,0,0,0,0,0
9970,0,0,0,0,0,0
9971,0,0,0,0,0,0
9972,0,0,0,0,0,0
9973,0,0,0,0,0,0
9974,0,0,0,0,8,0
9975,0,0,0,0,0,0
9976,0,0,0,0,12,0
9977,0,0,0,0,0,0
9978,0,0,0,0,0,0
9979,0,0,0,0,0,0
9980,0,0,0,11,0,0
9981,0,0,0,4,22,0
9982,0,0,0,18,96,0
9983,0,0,0,14,79,0
9984,0,0,0,0,30,0
9985,0,0,0,3,41,0
9986,0,0,0,0,76,0
9987,0,0,0,0,28,0
9988,0,0,0,0,0,0
9989,0,0,0,0,0,0
9990,0,0,0,0,0,0
9991,0,0,0,5,25,0
9992,0,0,0,4,34,0
9993,0,0,0,0,51,0
9994,0,0,0,0,57,0
9995,0,0,0,18,0,0
9996,0,0,0,0,0,0
9997,0,0,0,0,0,0
9998,0,0,0,0,0,0
9999,0,0,0,0,0,0
10000,0,0,0,0,0,0
10001,0,0,0,0,3,0
10002,0,0,0,0,0,0
10003,0,0,0,0,99,0
10004,0,0,0,0,193,0
10005,0,0,0,0,118,0
10006,0,0,0,0,51,0
10007,0,0,0,0,0,0
10008,0,0,0,0,0,0
10009,0,0,0,0,0,0
10010,0,0,0,0,0,0
10011,0,0,0,0,0,0
10012,0,0,0,0,0,0
10013,0,0,0,0,0,0
10014,0,0,0,0,0,0
10015,0,0,0,0,0,0
10016,0,0,0,0,0,0
10017,0,0,0,0,0,0
10018,0,0,0,0,0,0
10019,0,0,0,0,0,0
10020,0,0,0,0,0,0
10021,0,0,0,0,0,0
10022,0,0,0,0,0,0
10023,0,0,0,0,0,0
10024,0,0,0,0,0,0
10025,0,0,0,0,0,0
10026,0,0,0,0,0,0
10027,0,0,0,0,0,0
10028,0,0,0,0,0,0
10029,0,0,0,0,0,0
10030,0,0,0,0,0,0
10031,0,0,0,0,0,0
10032,0,0,0,0,0,0
10033,0,0,0,0,4,0
10034,0,0,0,0,13,0
10035,0,0,0,0,32,0
10036,0,0,0,0,26,0
10037,0,0,0,0,12,0
10038,0,0,0,0,12,0
10039,0,0,0,0,8,0
10040,0,0,0,0,71,0
10041,0,0,0,0,0,0
10042,0,0,0,0,0,0
10043,0,0,0,0,18,0
10044,0,0,0,0,3,0
10045,0,0,0,0,0,0
10046,0,0,0,0,2,0
10047,0,0,0,0,3,0
10048,0,0,0,0,36,0
10049,0,0,0,0,8,0
10050,0,0,0,0,0,0
10051,0,0,0,0,1,0
10052,0,0,0,0,1,0
10053,0,0,0,2,0,0
10054,0,0,0,0,0,0
10055,0,0,0,2,0,0
10056,0,0,0,0,0,0
10057,0,14,0,32,0,0
10058,3,137,0,67,0,0
10059,2,720,0,0,0,0
10060,0,1398,0,6,0,0
10061,0,1717,0,27,0,0
10062,0,1931,0,6,29,0
10063,2,1961,0,0,159,0
10064,5,1525,0,0,130,0
10065,94,1256,1,0,82,0
10066,161,1324,1,0,169,0
10067,263,1472,116,0,313,0
10068,301,1399,304,0,544,0
10069,373,1037,152,0,437,0
10070,354,278,18,7,182,0
10071,435,315,17,12,21,0
10072,457,252,0,7,28,0
10073,529,299,0,12,243,0
10074,546,370,0,0,152,0
10075,582,385,0,0,97,0
10076,628,432,0,0,112,0
10077,539,351,0,0,103,0
10078,435,299,0,0,51,0
10079,350,214,0,0,12,0
10080,134,103,0,0,8,0
10081,18,127,0,0,11,0
10082,0,8,0,0,11,0
10083,0,86,0,0,10,0
10084,0,263,0,0,23,0
10085,0,302,0,0,23,0
10086,0,343,0,0,25,0
10087,0,244,0,0,10,0
10088,0,152,0,0,0,0
10089,2,130,0,0,0,0
10090,0,94,0,0,0,0
10091,5,4,0,0,0,0
10092,17,0,0,0,0,0
10093,15,32,0,0,0,0
10094,8,189,0,0,0,0
10095,84,246,0,0,0,0
10096,142,249,0,0,1,0
10097,245,423,0,0,1,0
10098,386,374,0,0,0,0
10099,530,260,0,0,0,0
10100,677,250,0,0,0,0
10101,819,171,0,0,0,0
10102,1008,211,0,0,0,0
10103,1149,343,0,0,0,0
10104,1128,451,2,0,0,0
10105,1089,722,15,0,7,0
10106,1108,1075,22,0,0,0
10107,984,1402,52,0,1,0
10108,1002,1529,56,0,0,0
10109,1010,1588,25,0,0,0
10110,998,1331,12,0,0,0
10111,944,1017,1,0,26,0
10112,878,640,0,0,3,0
10113,606,617,0,0,8,0
10114,429,774,0,0,0,0
10115,331,620,0,0,2,0
10116,185,733,0,0,0,0
10117,88,660,0,0,0,0
10118,10,634,0,0,14,0
10119,4,654,0,0,0,0
10120,0,697,0,0,2,0
10121,0,41,0,1,0,0
10122,0,179,0,0,18,0
10123,0,194,0,0,17,0
10124,0,257,0,0,14,0
10125,0,294,0,0,6,0
10126,0,286,0,0,46,0
10127,0,148,0,0,48,0
10128,16,36,0,0,77,0
10129,0,20,0,0,90,0
10130,0,32,0,0,139,0
10131,0,34,0,0,203,0
10132,0,51,0,0,257,0
10133,0,56,0,0,18,0
10134,0,20,0,0,305,0
10135,0,27,0,0,355,0
10136,0,66,0,0,152,0
10137,0,14,0,0,52,0
10138,3,0,0,0,49,0
10139,13,3,0,0,48,0
10140,0,11,0,0,48,0
10141,0,109,0,0,56,0
10142,8,126,0,0,8,0
10143,10,52,0,0,0,0
10144,0,38,0,0,0,0
10145,0,0,0,0,0,0
10146,0,0,0,0,0,0
10147,0,0,0,0,0,0
10148,0,0,0,0,0,0
10149,0,0,0,0,0,0
10150,0,8,0,0,0,0
10151,0,0,0,0,0,0
10152,0,0,0,0,0,0
10153,0,0,0,0,0,0
10154,0,2,0,0,0,0
10155,0,0,0,0,0,0
10156,0,0,0,0,0,0
10157,0,0,0,0,0,0
10158,0,0,0,0,0,0
10159,0,0,0,0,0,0
10160,0,0,0,0,0,0
10161,0,0,0,0,0,0
10162,0,0,0,0,0,0
10163,0,0,0,0,0,0
10164,0,0,0,0,0,0
10165,0,0,0,0,0,0
10166,0,0,0,0,0,0
10167,0,0,0,0,0,0
10168,0,0,0,0,9,0
10169,0,0,0,0,19,0
10170,0,0,0,0,8,0
10171,0,0,0,0,6,0
10172,0,0,0,0,0,0
10173,0,0,0,0,0,0
10174,0,0,0,0,0,0
10175,0,0,0,0,0,0
10176,0,0,0,0,0,0
10177,0,0,0,0,8,0
10178,0,0,0,0,42,0
10179,0,0,0,0,68,0
10180,0,0,0,0,78,0
10181,0,0,0,0,55,0
10182,0,0,0,0,18,0
10183,0,0,0,0,10,0
10184,0,0,0,0,0,0
10185,0,0,0,0,2,0
10186,0,0,0,0,2,0
10187,0,0,0,0,2,0
10188,0,0,0,0,42,0
10189,0,0,0,0,63,0
10190,0,0,0,0,158,0
10191,0,0,0,0,153,0
10192,0,0,0,0,0,0
10193,0,0,0,6,46,0
10194,0,0,0,49,111,0
10195,0,0,0,0,10,0
10196,0,0,0,0,3,0
10197,0,0,0,1,0,0
10198,0,0,0,4,3,0
10199,0,0,0,0,0,0
10200,0,0,0,0,19,0
10201,0,0,0,0,27,0
10202,0,0,0,0,1,0
10203,0,0,0,0,0,0
10204,0,0,0,0,0,0
10205,0,0,0,0,0,0
10206,0,0,0,0,0,0
10207,0,0,0,0,0,0
10208,0,0,0,0,0,0
10209,0,0,0,0,0,0
10210,0,0,0,0,0,0
10211,17,0,0,0,0,0
10212,0,0,0,0,0,0
10213,0,0,0,0,0,0
10214,0,0,0,0,0,0
10215,0,0,0,0,0,0
10216,0,0,0,0,0,0
10217,0,0,0,0,0,0
10218,0,0,0,0,0,0
10219,0,0,0,0,0,0
10220,0,0,0,0,0,0
10221,0,0,0,0,0,0
10222,0,0,0,0,0,0
10223,0,0,0,22,0,0
10224,0,0,0,77,1,0
10225,0,0,0,0,0,0
10226,0,0,0,0,3,0
10227,0,0,0,0,0,0
10228,0,0,0,0,0,0
10229,0,0,0,0,0,0
10230,0,0,0,0,0,0
10231,0,0,0,0,0,0
10232,0,0,0,0,0,0
10233,0,0,0,0,0,0
10234,5,0,0,0,0,0
10235,0,0,0,0,0,0
10236,0,4,0,0,0,0
10237,0,71,0,0,0,0
10238,0,211,0,0,0,0
10239,0,236,0,0,0,0
10240,0,200,0,0,0,0
10241,0,165,0,0,0,0
10242,0,147,0,0,0,0
10243,0,108,0,0,0,0
10244,8,48,0,0,0,0
10245,0,13,0,0,0,0
10246,0,60,0,0,7,0
10247,0,68,0,0,0,0
10248,4,41,0,0,2,0
10249,0,165,0,0,0,0
10250,0,257,0,0,0,0
10251,0,391,0,0,0,0
10252,0,447,0,4,5,0
10253,0,297,0,0,6,0
10254,0,173,0,1,12,0
10255,0,85,0,10,0,0
10256,0,5,0,8,0,0
10257,0,23,0,0,0,0
10258,0,25,0,0,2,0
10259,0,0,0,0,1,0
10260,0,0,0,0,0,0
10261,0,6,0,0,0,0
10262,0,7,0,3,0,0
10263,0,4,0,6,0,0
10264,0,15,0,3,1,0
10265,0,2,0,5,0,0
10266,0,16,0,0,2,0
10267,0,14,0,0,0,0
10268,0,25,0,10,0,0
10269,0,68,0,4,0,0
10270,0,220,0,4,0,0
10271,0,763,0,11,3,0
10272,0,1756,0,50,0,0
10273,0,3031,11,87,0,0
10274,0,3934,343,165,109,0
10275,0,5037,980,125,13,0
10276,0,5275,435,86,81,0
10277,0,5031,0,27,6,0
10278,0,3926,0,0,0,0
10279,0,3251,0,0,3,0
10280,0,3620,0,25,10,0
10281,0,3476,0,74,44,0
10282,0,3438,0,50,24,0
10283,0,3646,0,47,22,0
10284,0,3806,0,9,9,0
10285,0,3653,0,0,0,0
10286,0,3793,0,1,14,0
10287,0,3551,0,0,8,0
10288,0,3083,0,0,12,0
10289,0,2245,0,0,3,0
10290,0,1504,0,0,0,0
10291,0,992,4,0,0,1
10292,0,452,13,0,0,0
10293,0,138,29,0,0,0
10294,0,74,7,0,0,0
10295,0,95,13,0,0,0
10296,0,61,0,0,0,0
10297,0,118,2,0,2,0
10298,0,76,6,0,0,0
10299,0,44,0,0,0,0
10300,0,78,0,0,0,0
10301,0,16,0,0,0,0
10302,0,15,0,0,0,0
10303,0,4,0,0,0,0
10304,0,0,0,0,0,0
10305,0,0,0,0,0,0
10306,3,0,0,0,1,0
10307,0,4,0,0,0,0
10308,0,48,0,0,0,0
10309,0,540,29,0,0,0
10310,0,1059,31,0,0,0
10311,0,1579,24,0,0,0
10312,0,2085,3,0,0,0
10313,0,2458,0,0,0,0
10314,0,2528,0,0,0,0
10315,0,2492,0,0,0,0
10316,0,2194,0,0,0,0
10317,0,2018,0,0,5,0
10318,0,1901,0,0,0,0
10319,0,1729,0,0,0,0
10320,0,1518,0,0,0,0
10321,0,1263,0,0,0,0
10322,0,1087,0,0,1,0
10323,0,816,0,0,0,0
10324,0,690,0,0,1,0
10325,0,465,0,0,1,0
10326,0,478,0,0,0,0
10327,0,424,0,0,0,0
10328,0,295,0,0,0,0
10329,0,256,0,0,0,0
10330,0,288,0,0,0,0
10331,0,219,0,0,0,0
10332,0,184,0,0,0,0
10333,0,179,0,0,6,0
10334,0,107,0,0,4,0
10335,0,52,0,0,3,0
10336,0,19,0,0,17,0
10337,0,27,0,0,11,0
10338,0,25,0,0,21,0
10339,0,79,0,0,52,0
10340,0,92,0,0,57,0
10341,0,133,0,0,0,0
10342,0,156,0,0,0,0
10343,0,148,0,0,27,0
10344,0,95,0,0,59,0
10345,0,37,0,0,27,0
10346,0,0,0,0,14,0
10347,0,0,0,0,0,0
10348,0,0,0,0,0,0
10349,0,110,0,0,0,0
10350,7,524,0,8,0,0
10351,0,1255,0,43,1,0
10352,0,1574,0,0,6,0
10353,0,1419,0,0,0,0
10354,0,1239,0,1,0,0
10355,0,1075,0,0,0,0
10356,0,1424,0,0,2,0
10357,0,2052,0,0,0,0
10358,0,2670,0,0,23,0
10359,0,2646,0,0,0,0
10360,12,2288,0,0,7,0
10361,0,1806,21,2,2,0
10362,1,1134,13,0,2,0
10363,21,617,4,2,0,0
10364,0,551,7,13,0,0
10365,0,138,0,1,0,0
10366,0,82,0,2,19,0
10367,0,98,0,0,0,0
10368,0,161,0,0,0,0
10369,0,25,7,0,0,0
10370,0,44,1,0,0,0
10371,0,73,0,0,0,0
10372,0,11,0,0,0,0
10373,0,0,0,0,0,0
10374,3,5,0,0,0,0
10375,0,5,0,0,0,0
10376,0,0,0,0,0,0
10377,41,0,0,0,0,0
10378,129,0,0,0,0,0
10379,191,4,0,0,0,0
10380,178,5,0,0,0,0
10381,72,33,0,0,0,0
10382,10,38,0,0,0,0
10383,8,42,0,0,0,0
10384,4,78,0,0,0,0
10385,6,91,0,0,0,0
10386,40,96,0,0,0,0
10387,6,112,0,0,0,0
10388,0,277,0,0,0,0
10389,1,453,0,0,0,0
10390,51,398,0,0,0,0
10391,43,294,0,0,0,0
10392,19,112,0,0,0,0
10393,0,69,0,0,0,0
10394,0,74,0,0,0,0
10395,0,128,0,0,0,0
10396,4,124,0,0,0,0
10397,21,81,0,0,0,0
10398,0,106,0,0,0,0
10399,0,213,0,0,0,0
10400,0,303,0,0,0,0
10401,4,111,0,0,0,0
10402,39,19,0,0,0,0
10403,1,106,0,0,0,0
10404,0,152,0,0,2,0
10405,0,64,0,0,0,0
10406,1,106,0,0,3,0
10407,6,37,0,0,1,0
10408,0,26,0,0,15,0
10409,0,85,0,29,88,0
10410,0,224,0,2,44,0
10411,0,196,0,4,54,0
10412,0,61,0,0,200,0
10413,0,32,0,9,287,0
10414,0,110,0,76,890,0
10415,0,154,0,114,1681,0
10416,0,104,0,180,2734,0
10417,0,0,0,267,3114,0
10418,0,9,0,282,3266,0
10419,0,19,0,370,3552,0
10420,0,156,0,383,4255,2
10421,0,164,0,687,4439,0
10422,0,167,0,651,4974,0
10423,0,2,0,398,5030,227
10424,0,114,0,99,5508,468
10425,0,149,0,20,6303,693
10426,9,66,0,40,6371,1207
10427,14,0,0,75,5765,1901
10428,0,0,0,72,5476,2761
10429,0,12,0,56,5975,3491
10430,19,56,0,70,7180,4305
10431,44,85,0,79,6415,4753
10432,31,160,0,176,5332,3920
10433,14,303,0,401,5393,2647
10434,0,347,15,600,5011,1583
10435,14,86,9,644,4986,1561
10436,3,2,0,830,4598,2147
10437,61,18,0,607,4025,3628
10438,171,71,0,848,3738,4936
10439,190,59,0,881,3498,6100
10440,183,28,0,1367,3621,7291
10441,132,10,0,1685,4144,6575
10442,53,84,0,2198,3880,4369
10443,55,9,0,1768,3658,1926
10444,38,7,3,1402,3719,1596
10445,59,74,0,1193,4083,1517
10446,63,49,0,1066,4796,2356
10447,96,262,0,784,4656,3770
10448,98,368,9,641,4864,5598
10449,83,543,0,518,4286,6507
10450,67,1027,59,883,4786,8683
10451,35,2343,2212,998,5526,7578
10452,0,4087,2406,1271,6784,7524
10453,0,7828,2425,1266,6495,8544
10454,0,12140,2716,1578,5061,8547
10455,0,16915,1849,1741,3061,9357
10456,0,21390,0,1983,4416,9223
10457,0,22522,0,2205,6010,9191
10458,0,19311,0,2524,5792,7713
10459,0,13787,0,2349,3499,5791
10460,639,9248,0,1846,3318,3872
10461,2034,4985,0,1126,3255,2225
10462,2186,2351,0,947,4045,1696
10463,2468,1278,0,1458,5564,3419
10464,1897,633,0,1534,4890,4501
10465,1181,362,0,1921,6369,5563
10466,515,88,0,2022,7063,6200
10467,61,0,0,2262,6559,5572
10468,94,0,0,2055,5334,4174
10469,482,0,0,2072,5196,5383
10470,708,5,0,2173,8207,7498
10471,778,33,0,2512,11183,10330
10472,771,60,0,3105,14172,9502
10473,672,42,0,3715,16974,10482
10474,352,32,0,3986,18192,9454
10475,272,60,0,4042,18450,5175
10476,150,44,0,3703,17193,5572
10477,174,90,0,3291,16057,4210
10478,173,164,0,2364,14931,3617
10479,268,537,0,1805,10957,2992
10480,297,757,0,1017,9889,2126
10481,295,1069,0,855,11228,1069
10482,265,1084,0,231,8873,294
10483,73,1147,0,266,8571,12
10484,239,961,0,932,9162,24
10485,842,961,0,1265,8935,115
10486,1371,1032,0,1775,8497,184
10487,1544,1042,0,2027,6724,87
10488,1479,1213,0,2167,5373,336
10489,1323,1154,0,1945,4073,169
10490,1030,512,0,2109,4485,118
10491,566,27,0,1785,7143,58
10492,221,0,0,1929,9375,93
10493,404,32,0,1606,6812,144
10494,397,128,0,861,6523,283
10495,420,148,0,497,8345,723
10496,390,65,0,372,8980,1201
10497,279,9,0,537,9666,1734
10498,174,0,0,690,7299,1017
10499,42,0,0,780,7226,1003
10500,72,0,0,361,6008,976
10501,82,0,0,332,4129,1156
10502,75,0,0,249,3716,655
10503,74,0,0,317,2724,342
10504,62,0,0,171,1424,145
10505,47,0,0,203,2432,204
10506,0,3,0,31,3267,131
10507,2,85,0,31,2740,21
10508,40,205,0,244,1405,4
10509,111,335,0,512,1421,4
10510,349,699,0,739,2231,0
10511,454,1104,0,918,2443,14
10512,368,1767,0,843,2613,363
10513,86,2813,0,650,2920,1869
10514,0,5124,0,415,2025,1374
10515,0,8258,0,137,849,610
10516,0,10518,0,260,710,44
10517,0,11698,72,377,125,15
10518,0,8985,1697,308,68,31
10519,0,7358,733,55,49,0
10520,0,6035,559,0,41,0
10521,0,3834,1333,50,80,0
10522,0,2689,489,120,241,0
10523,0,1907,67,166,189,0
10524,0,1584,3,50,64,0
10525,0,1226,9,36,143,0
10526,0,1094,10,88,142,0
10527,0,1063,37,10,3,0
10528,0,420,0,92,0,0
10529,0,8,0,220,0,0
10530,0,46,0,308,0,0
10531,0,0,0,348,8,0
10532,0,56,0,208,5,0
10533,0,101,26,11,0,0
10534,0,380,115,164,0,0
10535,0,243,60,565,21,0
10536,0,11,0,690,44,0
10537,0,0,0,777,116,0
10538,0,5,3,884,283,0
10539,0,53,32,772,407,2
10540,0,185,121,725,560,7
10541,0,200,103,565,545,6
10542,0,186,27,381,416,0
10543,0,194,0,221,92,4
10544,0,90,0,132,108,0
10545,0,59,0,27,0,11
10546,0,24,0,15,9,2
10547,0,11,0,10,1,0
10548,0,8,0,12,0,12
10549,0,2,0,3,0,5
10550,0,24,0,0,0,0
10551,0,38,0,0,0,0
10552,0,31,0,0,1,0
10553,0,12,0,0,0,18
10554,0,2,0,0,0,21
10555,0,10,0,17,0,2
10556,0,2,0,6,0,41
10557,0,0,0,2,0,0
10558,0,0,0,1,10,0
10559,0,0,0,39,4,0
10560,0,0,0,0,0,6
10561,0,0,0,8,4,1
10562,0,18,0,17,0,0
10563,0,0,0,0,0,0
10564,0,0,0,0,0,2
10565,0,0,0,0,33,53
10566,0,0,0,0,0,6
10567,0,0,0,0,0,0
10568,0,0,0,0,0,0
10569,0,0,0,0,0,0
10570,0,0,0,0,7,3
10571,32,1,0,0,12,59
10572,126,0,0,0,8,14
10573,16,0,0,0,3,0
10574,16,88,0,0,0,0
10575,88,215,6,0,0,0
10576,95,119,0,0,0,17
10577,31,62,0,0,0,14
10578,0,106,0,0,0,0
10579,10,199,0,0,0,0
10580,5,156,0,9,0,0
10581,0,1,0,6,0,0
10582,0,8,0,21,0,0
10583,0,105,0,36,2,4
10584,0,70,0,10,2,0
10585,0,0,0,0,12,0
10586,0,15,3,160,119,0
10587,0,62,1,478,2,0
10588,0,174,5,753,4,0
10589,0,20,0,842,72,0
10590,0,12,0,762,22,0
10591,0,4,0,539,4,0
10592,0,0,0,7,0,0
10593,0,4,3,152,0,0
10594,0,0,0,716,15,0
10595,0,0,0,1059,89,0
10596,0,0,0,1140,101,0
10597,0,0,0,502,9,0
10598,0,0,0,454,9,0
10599,0,0,0,820,512,0
10600,0,0,0,378,684,0
10601,0,0,0,42,513,0
10602,0,0,0,134,0,0
10603,0,0,0,327,162,0
10604,0,0,0,367,691,5
10605,0,0,0,231,512,0
10606,0,0,0,258,399,1
10607,0,0,0,179,297,0
10608,0,6,0,163,109,0
10609,0,0,0,228,344,0
10610,0,0,0,193,580,0
10611,0,0,0,289,429,0
10612,0,0,0,279,165,0
10613,0,0,0,256,57,0
10614,0,0,0,216,2,0
10615,2,0,0,161,5,0
10616,0,0,0,63,5,0
10617,0,0,0,62,1,0
10618,0,0,0,11,4,0
10619,0,0,0,5,1,0
10620,0,0,0,35,5,0
10621,0,0,3,135,17,0
10622,0,0,8,224,7,0
10623,0,0,24,347,136,0
10624,0,0,1,322,216,0
10625,2,0,0,378,359,0
10626,0,0,0,397,546,0
10627,0,0,1,476,328,0
10628,0,0,0,608,678,0
10629,0,0,0,334,825,0
10630,0,0,0,69,982,0
10631,0,0,0,232,672,0
10632,0,0,0,259,1417,0
10633,0,0,0,199,2419,0
10634,0,0,0,147,3398,0
10635,0,0,0,379,3698,0
10636,0,0,0,389,4460,0
10637,0,0,0,155,4135,0
10638,0,0,0,13,4696,32
10639,0,13,0,18,2853,0
10640,0,0,0,24,2359,0
10641,0,0,0,0,3208,0
10642,0,0,0,30,3822,0
10643,0,0,0,8,2797,0
10644,0,0,0,41,3360,18
10645,0,0,0,21,2953,0
10646,0,6,0,79,2337,0
10647,0,15,0,160,1725,0
10648,0,0,0,509,787,0
10649,0,41,0,1042,2251,15
10650,0,7,0,1072,2429,0
10651,0,3,0,1208,3360,28
10652,0,0,0,725,2531,2
10653,0,0,0,387,1488,0
10654,0,0,0,386,956,0
10655,0,0,0,743,1657,0
10656,0,0,0,494,1159,0
10657,0,0,0,505,1034,0
10658,0,0,0,647,419,6
10659,0,0,0,742,671,0
10660,0,0,0,658,430,0
10661,0,0,0,595,643,0
10662,0,0,0,501,492,0
10663,0,0,0,350,652,0
10664,0,0,0,86,737,0
10665,0,0,0,26,211,0
10666,0,0,0,61,93,0
10667,0,0,0,174,367,0
10668,0,0,0,429,736,4
10669,0,0,0,556,783,5
10670,0,0,0,562,340,6
10671,0,0,0,467,183,0
10672,0,0,0,352,387,0
10673,0,0,0,144,735,0
10674,0,0,0,212,1029,0
10675,0,0,0,203,1213,0
10676,0,0,0,116,1235,0
10677,0,0,0,6,732,0
10678,0,0,0,32,379,0
10679,0,0,0,55,773,155
10680,0,0,0,38,557,94
10681,0,0,0,35,400,1
10682,0,0,0,3,441,0
10683,0,0,0,0,836,0
10684,0,0,0,6,1436,9
10685,0,0,0,31,2254,16
10686,0,0,0,0,2430,0
10687,0,0,0,18,1965,0
10688,0,0,0,84,1463,0
10689,0,0,0,142,1199,0
10690,0,0,0,162,1574,0
10691,0,0,0,146,2177,0
10692,0,0,0,65,1730,0
10693,0,0,0,54,1253,0
10694,0,0,0,63,757,0
10695,0,0,0,85,813,0
10696,0,0,0,206,2212,0
10697,0,0,0,75,2264,0
10698,0,0,0,1,1299,0
10699,0,0,0,0,393,0
10700,0,0,0,45,1781,0
10701,0,0,0,118,1909,0
10702,0,0,0,52,1048,0
10703,0,0,0,0,128,0
10704,0,0,0,59,75,0
10705,0,0,0,34,188,0
10706,0,0,0,0,132,0
10707,0,0,0,0,134,0
10708,0,0,0,0,265,0
10709,0,0,0,0,282,0
10710,0,0,0,0,135,0
10711,0,0,0,0,101,0
10712,0,0,0,0,17,0
10713,0,0,0,0,3,0
10714,0,0,0,0,92,0
10715,0,0,0,0,25,0
10716,0,0,0,0,13,0
10717,0,0,0,5,0,0
10718,0,0,0,78,27,0
10719,0,0,0,20,172,0
10720,0,0,0,0,280,0
10721,0,0,0,39,271,0
10722,0,0,0,3,154,0
10723,0,0,0,0,88,0
10724,0,0,0,47,452,0
10725,0,0,0,19,744,0
10726,0,0,0,219,1142,0
10727,0,0,0,95,1559,0
10728,0,0,0,0,1689,0
10729,0,0,0,53,1046,0
10730,0,0,0,132,613,0
10731,0,0,0,88,1800,0
10732,0,0,0,3,2272,0
10733,0,0,0,24,2115,0
10734,0,0,0,2,1633,0
10735,0,0,0,4,718,0
10736,0,0,0,0,152,0
10737,0,0,0,11,130,0
10738,0,0,0,20,875,0
10739,0,0,0,0,1490,0
10740,0,0,0,0,1715,0
10741,0,0,0,4,1457,0
10742,0,0,0,39,814,0
10743,0,0,0,77,386,0
10744,0,0,0,2,67,0
10745,0,0,0,0,274,0
10746,0,0,0,6,227,0
10747,0,0,0,14,643,0
10748,0,0,0,22,481,0
10749,0,0,0,51,116,0
10750,0,0,0,7,704,0
10751,0,0,0,1,1452,0
10752,0,0,0,54,1048,0
10753,0,0,0,0,1624,2
10754,0,0,0,14,1945,23
10755,0,0,0,13,2033,2
10756,0,0,0,103,3205,0
10757,0,0,0,118,2699,0
10758,0,0,0,69,2835,0
10759,0,0,0,26,3034,0
10760,0,0,0,21,3957,21
10761,0,0,0,19,4687,103
10762,0,0,0,3,5343,132
10763,0,0,0,0,5802,57
10764,0,0,0,0,5614,23
10765,0,0,0,2,5259,46
10766,0,0,0,22,5375,0
10767,0,0,0,12,5362,43
10768,0,0,0,2,5326,29
10769,0,0,0,6,5302,0
10770,0,0,0,0,5031,0
10771,0,0,0,0,4928,3
10772,0,0,0,0,4342,0
10773,0,0,0,1,2409,0
10774,0,0,0,17,727,0
10775,0,0,0,108,1427,0
10776,0,0,0,221,2802,0
10777,0,0,0,183,4434,7
10778,0,0,0,45,6186,60
10779,0,0,0,0,7315,119
10780,0,0,0,0,7989,259
10781,0,0,0,0,8302,292
10782,0,0,0,0,8014,377
10783,0,0,0,0,7370,443
10784,0,0,0,47,6417,242
10785,0,0,0,197,5828,157
10786,0,0,0,132,5307,58
10787,0,0,0,68,4381,38
10788,0,0,0,0,3146,223
10789,0,0,0,8,3035,218
10790,0,0,0,54,976,4
10791,0,0,0,25,1104,117
10792,0,0,0,192,1285,0
10793,0,0,0,273,999,0
10794,0,0,0,279,375,0
10795,0,0,0,274,62,0
10796,0,0,0,258,151,0
10797,0,0,0,263,147,0
10798,0,0,0,53,15,0
10799,0,0,0,47,12,0
10800,0,0,0,130,1,0
10801,0,0,0,9,12,0
10802,0,0,0,28,16,0
10803,0,0,0,166,0,0
10804,0,0,0,87,0,4
10805,0,0,0,3,0,0
10806,0,0,0,43,0,0
10807,0,0,0,91,0,0
10808,0,0,0,69,0,11
10809,0,0,0,0,25,0
10810,0,0,0,0,456,0
10811,0,0,0,0,841,0
10812,0,0,0,0,1649,0
10813,0,0,0,6,2340,0
10814,0,0,0,55,3050,47
10815,0,0,0,48,2930,7
10816,0,0,0,4,3127,0
10817,0,0,0,13,3126,6
10818,0,0,0,74,2773,2
10819,0,0,0,151,3142,87
10820,0,0,0,240,2985,46
10821,0,0,0,317,2793,68
10822,0,0,0,269,3226,46
10823,0,0,0,283,2853,8
10824,0,0,0,216,1572,0
10825,0,0,0,110,1157,0
10826,0,0,0,214,2529,7
10827,0,0,0,156,3240,36
10828,0,0,0,25,1685,29
10829,0,0,0,21,1612,0
10830,0,0,0,187,1545,22
10831,0,0,0,496,1366,0
10832,0,0,0,395,1196,0
10833,0,0,0,39,1399,22
10834,0,0,0,157,1940,4
10835,0,0,0,444,1910,22
10836,0,0,0,307,1815,1
10837,0,0,0,82,820,0
10838,0,0,0,49,22,3
10839,0,0,0,208,101,0
10840,0,0,0,290,253,1
10841,0,0,0,233,3,0
10842,0,0,0,292,89,0
10843,0,0,0,147,113,0
10844,0,0,0,78,78,0
10845,0,0,0,139,280,0
10846,0,0,0,216,228,0
10847,0,0,0,64,327,0
10848,0,0,0,153,143,0
10849,0,0,0,112,418,0
10850,0,0,0,31,84,0
10851,0,0,0,32,137,6
10852,0,0,0,97,169,0
10853,0,0,0,68,988,0
10854,0,0,0,75,2849,30
10855,0,0,0,0,3271,22
10856,0,0,0,0,4064,21
10857,0,0,0,0,3411,7
10858,0,0,0,0,3449,0
10859,0,0,0,0,2315,0
10860,0,0,0,23,1276,0
10861,0,0,0,0,1019,0
10862,0,0,0,40,1831,2
10863,0,0,0,20,1700,0
10864,0,0,0,57,1954,0
10865,0,0,0,13,1419,0
10866,0,0,0,69,1613,0
10867,0,0,0,58,890,0
10868,2,0,0,69,1255,0
10869,0,0,0,74,628,0
10870,0,0,0,56,1067,0
10871,0,0,0,6,1232,0
10872,0,0,0,14,1566,0
10873,0,0,0,6,2368,1
10874,0,0,0,8,2841,10
10875,0,0,0,4,3395,13
10876,0,0,0,8,3829,44
10877,0,0,0,12,3146,6
10878,0,0,0,34,2290,1
10879,0,0,0,69,1484,0
10880,0,0,0,193,820,0
10881,0,0,0,79,426,0
10882,0,0,0,28,794,0
10883,0,0,0,0,1550,0
10884,0,0,0,0,2360,0
10885,0,0,0,15,2909,5
10886,0,0,0,43,3321,0
10887,0,0,0,286,3486,0
10888,0,0,0,453,3251,1
10889,0,0,0,657,2768,6
10890,0,0,0,825,2053,0
10891,0,0,0,973,1245,0
10892,0,0,0,857,672,0
10893,0,0,0,837,611,0
10894,0,0,0,684,665,0
10895,0,0,0,429,918,0
10896,0,0,0,144,370,0
10897,0,0,0,0,187,0
10898,0,0,0,0,496,0
10899,0,0,0,46,1134,0
10900,0,0,0,135,2015,0
10901,0,0,0,23,2209,0
10902,0,0,0,31,2449,0
10903,0,0,0,93,2596,2
10904,0,0,0,63,3189,4
10905,0,0,0,0,3530,75
10906,0,0,0,11,3630,81
10907,0,0,0,3,1751,2
10908,0,0,0,0,1256,0
10909,0,0,0,0,488,0
10910,0,0,0,0,1259,0
10911,0,0,0,0,745,0
10912,0,0,0,0,214,0
10913,0,0,0,18,0,0
10914,0,0,0,24,0,0
10915,0,0,0,4,0,0
10916,0,0,0,0,3,0
10917,0,0,0,34,22,4
10918,0,0,0,127,46,0
10919,0,0,0,98,75,0
10920,0,0,0,55,0,0
10921,0,0,0,5,18,0
10922,0,0,0,10,0,0
10923,0,0,0,0,0,0
10924,0,0,0,5,0,0
10925,0,0,0,0,1,0
10926,0,0,0,0,0,0
10927,0,0,0,0,0,0
10928,0,0,0,0,0,0
10929,0,0,0,0,0,0
10930,0,0,0,3,0,0
10931,0,0,0,147,0,0
10932,0,0,0,246,0,0
10933,0,0,0,226,0,0
10934,0,0,0,255,0,0
10935,0,0,0,241,3,0
10936,0,0,0,166,45,0
10937,0,0,0,112,36,0
10938,0,0,0,5,6,0
10939,0,0,0,0,0,0
10940,0,0,0,1,0,0
10941,0,0,0,3,0,0
10942,0,0,0,0,0,0
10943,0,0,0,16,0,0
10944,0,0,0,44,2,0
10945,0,0,0,114,7,0
10946,0,0,0,191,37,0
10947,0,0,0,237,116,0
10948,0,0,0,194,82,0
10949,0,0,0,201,143,0
10950,0,0,0,220,351,0
10951,0,0,0,226,523,0
10952,0,0,0,221,324,0
10953,0,0,0,161,154,0
10954,0,0,0,98,48,0
10955,0,0,0,87,150,0
10956,0,0,0,2,4,0
10957,0,0,0,6,0,0
10958,0,0,0,39,0,0
10959,0,0,0,6,7,0
10960,0,0,0,0,0,0
10961,0,0,0,5,2,0
10962,0,0,0,0,4,0
10963,0,0,0,0,10,0
10964,0,0,0,0,10,0
10965,0,0,0,0,0,0
10966,0,0,0,0,6,0
10967,0,0,0,0,12,0
10968,0,0,0,0,75,0
10969,0,0,0,36,23,0
10970,0,0,0,47,0,0
10971,0,0,0,19,105,0
10972,0,0,0,7,308,0
10973,0,0,0,8,526,0
10974,0,0,0,0,383,0
10975,0,0,0,0,19,0
10976,0,0,0,0,161,0
10977,0,0,0,0,153,0
10978,0,0,0,0,140,0
10979,0,0,0,0,151,0
10980,0,0,0,0,77,0
10981,0,0,0,0,24,0
10982,0,0,0,0,41,0
10983,0,0,0,0,3,0
10984,0,0,0,0,35,0
10985,0,0,0,0,483,0
10986,0,0,0,0,993,0
10987,0,0,0,0,1020,0
10988,2,0,0,0,857,0
10989,0,0,0,0,524,0
10990,0,0,0,39,237,0
10991,0,0,0,81,530,0
10992,0,0,0,35,306,0
10993,0,0,0,15,340,0
10994,0,0,0,0,725,0
10995,0,0,0,1,1552,0
10996,0,0,0,3,2969,0
10997,0,0,0,71,4728,6
10998,0,0,0,125,6797,132
10999,0,0,0,211,7694,202
11000,0,0,0,135,8333,118
11001,0,0,0,69,7980,30
11002,0,0,0,27,8919,103
11003,0,0,0,13,8261,80
11004,0,0,0,66,6367,0
11005,0,0,0,192,3387,3
11006,0,0,0,445,2743,0
11007,0,0,0,359,2542,0
11008,0,0,0,311,2782,0
11009,0,0,0,148,2897,0
11010,0,0,0,81,2037,0
11011,0,0,0,35,2001,0
11012,0,0,0,24,1741,0
11013,0,0,0,1,1421,0
11014,0,0,0,0,1133,0
11015,0,0,0,0,1060,0
11016,0,0,0,0,948,0
11017,0,0,0,72,1082,0
11018,0,0,0,135,1509,0
11019,0,0,0,14,1858,0
11020,0,0,0,0,2167,0
11021,0,0,0,4,2565,0
11022,0,0,0,6,2596,0
11023,0,0,0,1,2557,0
11024,0,0,0,3,2605,0
11025,0,0,0,2,2355,0
11026,0,0,0,32,2355,0
11027,0,0,0,30,3084,0
11028,0,0,0,55,4710,3
11029,0,0,0,33,6400,0
11030,0,0,0,8,7664,0
11031,0,0,0,0,7792,23
11032,0,0,0,8,8530,64
11033,0,0,0,30,8952,126
11034,0,0,0,44,8363,138
11035,0,0,0,197,7509,69
11036,0,0,0,446,7542,70
11037,0,0,0,540,7050,214
11038,0,0,0,488,6562,284
11039,0,0,0,450,5245,106
11040,0,0,0,291,3409,31
11041,0,0,0,116,2954,0
11042,0,0,0,43,1247,1
11043,0,0,0,165,1325,6
11044,0,0,0,219,571,0
11045,0,0,0,246,205,0
11046,0,0,0,15,52,0
11047,0,0,0,23,29,0
11048,0,0,0,22,7,10
11049,0,0,0,0,0,0
11050,0,0,0,0,0,0
11051,0,0,0,6,0,0
11052,0,0,0,69,0,0
11053,0,0,0,99,0,0
11054,0,0,0,41,0,3
11055,0,0,0,39,0,6
11056,0,0,0,229,35,50
11057,0,0,0,162,5,0
11058,0,0,0,124,0,0
11059,0,0,0,55,0,2
11060,0,0,0,2,14,101
11061,0,0,0,8,34,15
11062,0,0,0,17,15,0
11063,0,0,0,73,33,0
11064,0,0,0,116,0,0
11065,0,0,0,74,2,0
11066,0,0,0,33,10,0
11067,0,0,0,0,0,10
11068,0,0,0,0,0,0
11069,0,0,0,32,0,0
11070,0,0,0,58,0,0
11071,0,0,0,32,0,0
11072,0,0,0,18,0,0
11073,0,0,0,5,0,0
11074,0,0,0,2,1,0
11075,0,0,0,11,1,0
11076,0,0,0,0,1,0
11077,0,0,0,0,0,0
11078,0,0,0,0,0,0
11079,0,0,0,0,0,0
11080,0,0,0,0,4,0
11081,0,0,0,0,0,0
11082,0,0,0,0,0,0
11083,0,0,0,0,0,0
11084,0,0,0,0,0,0
11085,0,0,0,0,0,0
11086,0,0,0,3,4,0
11087,0,0,0,0,0,0
11088,0,0,0,0,0,0
11089,0,0,0,0,2,0
11090,0,0,0,0,0,0
11091,0,0,0,0,2,0
11092,0,0,0,0,11,0
11093,0,0,0,0,40,0
11094,0,0,0,0,37,0
11095,0,0,0,11,6,0
11096,0,0,0,34,40,0
11097,0,0,0,3,32,0
11098,0,0,0,2,59,0
11099,0,0,0,2,412,0
11100,0,0,0,3,734,0
11101,0,0,0,4,831,0
11102,0,0,0,3,1060,0
11103,0,0,0,0,884,0
11104,0,0,0,0,849,0
11105,0,0,0,0,1126,0
11106,0,0,0,0,1513,0
11107,0,0,0,0,1963,0
11108,0,0,0,0,1990,0
11109,0,0,0,0,1791,0
11110,0,0,0,4,1804,0
11111,0,0,0,6,1697,0
11112,0,0,0,2,1618,0
11113,0,0,0,0,1492,0
11114,0,0,0,0,1500,0
11115,0,0,0,0,1519,0
11116,0,0,0,0,1394,0
11117,0,0,0,0,1166,0
11118,0,0,0,0,976,0
11119,0,0,0,0,948,0
11120,0,0,0,28,965,0
11121,0,0,0,8,670,0
11122,0,0,0,30,584,0
11123,0,0,0,6,374,0
11124,0,0,0,5,34,0
11125,0,0,0,3,68,0
11126,0,0,0,0,428,7
11127,0,0,0,0,691,0
11128,0,0,0,0,782,0
11129,0,0,0,0,801,0
11130,0,0,0,0,550,0
11131,0,0,0,0,421,4
11132,0,0,0,1,325,0
11133,0,0,0,0,236,0
11134,0,0,0,0,314,0
11135,0,0,0,0,326,0
11136,0,0,0,0,269,0
11137,0,0,0,0,279,0
11138,0,0,0,0,197,0
11139,0,0,0,0,274,0
11140,0,0,0,0,672,0
11141,0,0,0,0,829,0
11142,0,0,0,0,886,0
11143,0,0,0,1,738,0
11144,0,0,0,10,682,6
11145,0,0,0,0,281,3
11146,0,0,0,0,338,2
11147,0,0,0,21,625,0
11148,0,0,0,14,960,0
11149,0,0,0,33,1330,0
11150,0,0,0,5,1580,0
11151,0,0,0,84,1908,0
11152,0,0,0,35,1903,0
11153,0,0,0,87,2190,0
11154,0,0,0,105,2164,0
11155,0,0,0,178,2393,0
11156,0,0,0,206,2521,5
11157,0,0,0,369,2568,13
11158,0,0,0,436,2610,28
11159,0,0,0,431,2547,16
11160,0,0,0,235,2222,48
11161,0,0,0,197,1768,8
11162,0,0,0,71,1699,12
11163,0,0,0,6,671,0
11164,0,0,0,77,377,31
11165,0,0,0,170,463,2
11166,0,0,0,68,344,11
11167,0,0,0,0,10,1
11168,0,0,0,63,135,0
11169,0,0,0,44,5,0
11170,0,0,0,43,44,0
11171,0,0,0,22,83,2
11172,0,0,0,20,162,2
11173,0,0,0,8,257,4
11174,0,0,0,0,212,9
11175,0,0,0,0,230,40
11176,0,0,0,0,152,2
11177,0,0,0,1,82,0
11178,0,0,0,8,48,0
11179,0,0,0,50,54,2
11180,0,0,0,165,99,28
11181,0,0,0,40,68,8
11182,0,0,0,0,138,8
11183,0,0,0,0,96,17
11184,0,0,0,0,34,0
11185,0,0,0,0,14,0
11186,0,0,0,54,4,1
11187,0,0,0,117,2,11
11188,0,0,0,80,9,8
11189,0,0,0,0,10,19
11190,0,0,0,34,41,14
11191,0,0,0,0,256,158
11192,0,0,0,0,436,420
11193,0,0,0,10,498,461
11194,0,0,0,39,511,410
11195,0,0,0,16,701,390
11196,0,0,0,59,644,527
11197,0,0,0,11,798,430
11198,0,0,0,1,906,410
11199,0,0,0,19,551,199
11200,0,0,0,8,374,54
11201,0,0,0,0,175,25
11202,0,0,0,2,63,9
11203,0,0,0,1,80,0
11204,0,0,0,54,38,0
11205,0,0,0,21,1,0
11206,0,0,0,0,22,0
11207,0,0,0,0,96,39
11208,0,0,0,0,160,56
11209,0,0,0,0,645,493
11210,0,0,0,7,1473,1118
11211,0,0,0,14,1256,1147
11212,0,0,0,40,1561,941
11213,0,0,0,68,1901,1027
11214,0,0,0,17,1490,245
11215,0,0,0,28,1382,39
11216,0,0,0,12,1689,152
11217,0,0,0,0,1954,888
11218,0,0,0,0,1478,215
11219,0,0,0,0,1665,11
11220,0,0,0,0,1234,0
11221,0,0,0,15,1273,3
11222,0,0,0,0,1349,4
11223,0,0,0,62,1079,0
11224,0,0,0,99,636,0
11225,0,0,0,47,124,0
11226,0,0,0,0,215,0
11227,0,0,0,0,628,17
11228,0,0,0,55,819,0
11229,0,0,0,99,923,0
11230,0,0,0,16,905,23
11231,0,0,0,98,706,68
11232,0,0,0,102,432,3
11233,0,0,0,45,322,10
11234,0,0,0,222,300,0
11235,0,0,0,197,303,0
11236,0,0,0,89,285,0
11237,0,0,0,0,31,0
11238,0,0,0,13,2,11
11239,0,0,0,74,24,2
11240,0,0,0,135,64,0
11241,0,0,0,71,44,0
11242,0,0,0,84,59,0
11243,0,0,0,13,504,0
11244,0,0,0,53,733,0
11245,0,0,0,15,929,0
11246,0,0,0,104,1038,0
11247,0,0,0,97,1338,0
11248,0,0,0,52,1335,0
11249,0,0,0,96,1470,0
11250,0,0,0,64,1173,0
11251,0,0,0,82,1109,0
11252,0,0,0,94,947,0
11253,0,0,0,61,335,0
11254,0,0,0,17,214,0
11255,0,0,0,14,505,0
11256,0,0,0,92,1033,0
11257,0,0,0,206,1237,0
11258,0,0,0,246,1263,0
11259,0,0,0,290,1039,2
11260,0,0,0,546,1393,22
11261,0,0,0,657,1336,16
11262,0,0,0,580,1540,11
11263,0,0,0,287,1223,3
11264,0,0,0,128,1935,19
11265,0,0,0,118,1195,0
11266,0,0,0,98,134,0
11267,0,0,0,70,187,0
11268,0,0,0,210,155,8
11269,0,0,0,411,93,31
11270,0,0,0,475,92,14
11271,0,0,0,267,29,3
11272,0,0,0,124,0,7
11273,0,0,0,73,1,0
11274,0,0,0,67,0,0
11275,0,0,0,133,88,0
11276,0,0,0,359,33,0
11277,0,0,0,407,6,0
11278,0,0,0,393,0,0
11279,0,0,0,220,0,0
11280,0,0,0,61,0,0
11281,0,0,0,52,28,0
11282,0,0,0,187,28,0
11283,0,0,0,209,0,0
11284,0,0,0,227,0,0
11285,0,0,0,185,8,0
11286,0,0,0,229,10,0
11287,0,0,0,314,7,0
11288,0,0,0,180,33,0
11289,0,0,0,125,103,0
11290,0,0,0,90,0,0
11291,0,0,0,81,9,0
11292,0,0,0,79,0,0
11293,0,0,0,30,0,0
11294,0,0,0,21,39,0
11295,0,0,0,0,32,0
11296,0,0,0,0,1,0
11297,0,0,0,0,2,0
11298,0,0,0,0,0,0
11299,0,0,0,0,0,0
11300,0,0,0,0,28,0
11301,0,0,0,0,25,0
11302,0,0,0,1,36,0
11303,0,0,0,21,35,0
11304,0,0,0,92,42,0
11305,0,0,0,106,32,0
11306,0,0,0,175,97,0
11307,0,0,0,239,41,0
11308,0,0,0,128,28,0
11309,0,0,0,229,67,0
11310,0,0,0,70,33,0
11311,0,0,0,116,20,0
11312,0,0,0,130,231,0
11313,0,0,0,192,9,0
11314,0,0,0,189,146,0
11315,0,0,0,266,536,0
11316,0,0,0,179,1105,0
11317,0,0,0,217,1628,6
11318,0,0,0,115,2117,0
11319,0,0,0,32,2444,0
11320,0,0,0,41,2753,3
11321,0,0,0,17,3140,0
11322,0,0,0,0,3312,0
11323,0,0,0,7,3809,24
11324,0,0,0,0,4137,68
11325,0,0,0,6,4237,6
11326,0,0,0,63,4033,42
11327,0,0,0,28,4482,16
11328,0,0,0,7,4414,24
11329,0,0,0,15,4380,17
11330,0,0,0,50,3913,5
11331,0,0,0,299,2907,0
11332,0,0,0,286,1335,0
11333,0,0,0,72,1873,0
11334,0,0,0,13,3640,0
11335,0,0,0,1,4777,6
11336,0,0,0,25,5246,0
11337,0,0,0,38,4893,4
11338,0,0,0,129,4756,0
11339,0,0,0,322,4017,0
11340,0,0,0,431,4001,0
11341,0,0,0,465,3920,4
11342,0,0,0,610,4992,57
11343,0,0,0,488,5044,192
11344,0,0,0,180,4776,111
11345,0,0,0,39,3008,2
11346,0,0,0,9,1117,21
11347,0,0,0,0,1942,0
11348,0,0,0,26,1641,0
11349,0,0,0,61,809,0
11350,0,0,0,113,1022,0
11351,0,0,0,97,825,0
11352,0,0,0,96,377,0
11353,0,0,0,61,98,0
11354,0,0,0,117,36,0
11355,0,0,0,22,51,0
11356,0,0,0,9,68,15
11357,0,0,0,4,15,3
11358,0,0,0,0,0,0
11359,0,0,0,2,11,0
11360,0,0,0,44,58,0
11361,0,0,0,45,110,0
11362,0,0,0,6,428,0
11363,0,0,0,27,781,0
11364,0,0,0,79,956,0
11365,0,0,0,77,1146,44
11366,0,0,0,47,614,202
11367,0,0,0,16,645,185
11368,0,0,0,45,620,1
11369,0,0,0,22,371,0
11370,0,0,0,28,56,52
11371,0,0,0,11,6,160
11372,0,0,0,3,146,46
11373,0,0,0,18,216,0
11374,0,0,0,34,42,0
11375,0,0,0,33,261,0
11376,0,0,0,53,222,0
11377,0,0,0,64,385,0
11378,0,0,0,0,489,1
11379,0,0,0,2,639,0
11380,0,0,0,11,508,0
11381,0,0,0,17,307,0
11382,0,0,0,0,245,0
11383,0,0,0,0,99,0
11384,0,0,0,0,216,0
11385,0,0,0,18,110,0
11386,0,0,0,7,82,0
11387,0,0,0,6,6,0
11388,0,0,0,17,0,0
11389,0,0,0,0,0,0
11390,0,0,0,1,0,0
11391,0,0,0,39,0,0
11392,0,0,0,40,0,0
11393,0,0,0,31,16,0
11394,0,0,0,0,4,0
11395,0,0,0,0,0,0
11396,0,0,0,0,0,0
11397,0,0,0,0,5,0
11398,0,0,0,0,18,0
11399,0,0,0,6,5,0
11400,0,0,0,0,4,0
11401,0,0,0,0,0,0
11402,0,0,0,0,39,0
11403,0,0,0,0,53,0
11404,0,0,0,0,170,0
11405,0,0,0,0,157,0
11406,0,0,0,0,441,0
11407,0,0,0,22,1407,0
11408,0,0,0,335,1662,0
11409,0,0,0,622,2157,0
11410,0,0,0,912,2713,0
11411,0,0,0,1131,3077,0
11412,0,0,0,1090,3149,0
11413,0,0,0,1196,3265,0
11414,0,0,0,950,3376,0
11415,0,0,0,822,3335,8
11416,0,0,0,726,3176,17
11417,0,0,0,771,3542,122
11418,0,0,0,867,3460,68
11419,0,0,0,807,3549,118
11420,0,0,0,847,3729,90
11421,0,0,0,922,3214,7
11422,0,0,0,992,2987,45
11423,0,0,0,1323,2086,12
11424,0,0,0,1381,1573,0
11425,0,0,0,1336,1555,0
11426,0,0,0,1318,1413,3
11427,0,0,0,1294,1423,1
11428,0,0,0,1296,1634,4
11429,0,0,0,1075,2305,0
11430,0,0,0,1018,2603,7
11431,0,0,0,810,3412,14
11432,0,0,0,676,3289,3
11433,0,0,0,459,2650,0
11434,0,0,0,320,1980,0
11435,0,0,0,152,1281,0
11436,0,0,0,95,1203,0
11437,0,0,0,102,1793,0
11438,0,0,0,98,2995,0
11439,0,0,0,58,4664,0
11440,0,0,0,106,6310,0
11441,0,0,0,155,7454,0
11442,0,0,0,412,6985,0
11443,0,0,0,470,5555,0
11444,0,0,0,477,3444,11
11445,0,0,0,405,1435,0
11446,0,0,0,400,1997,3
11447,0,0,0,348,3388,0
11448,0,0,0,462,4534,0
11449,0,0,0,463,4978,0
11450,0,0,0,267,4849,0
11451,0,0,0,170,3994,0
11452,0,0,0,13,3713,0
11453,0,0,0,2,4439,14
11454,0,0,0,42,4951,0
11455,0,0,0,86,5843,53
11456,0,0,0,155,6187,95
11457,0,0,0,89,5585,63
11458,0,0,0,79,4535,15
11459,0,0,0,43,2560,1
11460,0,0,0,266,1304,0
11461,0,0,0,489,2310,3
11462,0,0,0,276,2482,0
11463,0,0,0,182,3957,5
11464,0,0,0,325,3904,7
11465,0,0,0,164,2189,2
11466,0,0,0,183,2310,0
11467,0,0,0,384,2017,0
11468,0,0,0,408,1814,2
11469,0,0,0,248,1539,0
11470,0,0,0,4,351,0
11471,0,0,0,98,478,0
11472,0,0,0,74,77,0
11473,0,0,0,35,16,0
11474,0,0,0,67,0,0
11475,0,0,0,11,41,0
11476,0,0,0,17,1,0
11477,0,0,0,0,19,0
11478,0,0,0,13,0,0
11479,0,0,0,16,3,0
11480,0,0,0,0,122,0
11481,0,0,0,0,74,0
11482,0,0,0,11,387,0
11483,0,0,0,9,141,0
11484,0,0,0,11,595,0
11485,0,0,0,0,296,0
11486,0,0,0,6,682,0
11487,0,0,0,2,205,0
11488,0,0,0,0,406,0
11489,0,0,0,4,355,0
11490,0,0,0,17,591,0
11491,0,0,0,54,163,1
11492,0,0,0,224,242,17
11493,0,0,0,374,159,0
11494,0,0,0,504,551,16
11495,0,0,0,436,1052,0
11496,0,0,0,353,3265,20
11497,0,0,0,85,2846,0
11498,0,0,0,160,1377,7
11499,0,0,0,396,651,0
11500,0,0,0,414,236,0
11501,0,0,0,454,1633,10
11502,0,0,0,463,1289,0
11503,0,0,0,582,1845,5
11504,0,0,0,469,840,0
11505,0,0,0,306,831,0
11506,0,0,0,164,1240,0
11507,0,0,0,10,381,0
11508,0,0,0,35,195,0
11509,0,0,0,7,257,0
11510,0,0,0,63,507,0
11511,0,0,0,182,1097,0
11512,0,0,0,121,670,0
11513,0,0,0,65,518,0
11514,0,0,0,0,266,0
11515,0,0,0,4,227,0
11516,0,0,0,35,228,0
11517,0,0,0,251,226,0
11518,0,0,0,413,595,0
11519,0,0,0,159,473,0
11520,0,0,0,109,683,0
11521,0,0,0,63,652,0
11522,0,0,0,121,924,0
11523,0,0,0,95,1140,0
11524,0,0,0,176,815,2
11525,0,0,0,311,1033,0
11526,0,0,0,183,1302,7
11527,0,0,0,249,2068,0
11528,0,0,0,213,1829,0
11529,0,0,0,507,1247,0
11530,0,0,0,572,519,0
11531,0,0,0,562,755,0
11532,0,0,0,649,1632,0
11533,0,0,0,698,2316,0
11534,0,0,0,724,2398,0
11535,0,0,0,569,1432,3
11536,0,0,0,553,1619,96
11537,0,0,0,703,2078,76
11538,0,0,0,1046,2946,9
11539,0,0,0,842,3092,0
11540,0,0,0,498,2265,10
11541,0,0,0,453,801,34
11542,0,0,0,462,548,0
11543,0,0,0,472,303,0
11544,0,0,0,449,237,0
11545,0,0,0,430,392,0
11546,0,0,0,477,564,4
11547,0,0,0,180,1059,8
11548,0,0,0,17,939,23
11549,0,0,0,78,594,352
11550,0,0,0,62,255,203
11551,0,0,0,7,460,71
11552,0,0,0,12,601,14
11553,0,0,0,52,76,6
11554,0,0,0,25,123,0
11555,0,0,0,36,171,1
11556,0,0,0,31,0,0
11557,0,0,0,59,7,0
11558,0,0,0,159,4,2
11559,0,0,0,186,9,3
11560,0,0,0,146,6,0
11561,0,0,0,23,96,0
11562,0,0,0,114,37,0
11563,0,0,0,47,0,0
11564,0,0,0,47,46,0
11565,0,0,0,57,9,0
11566,0,0,0,7,21,4
11567,0,0,0,168,1,0
11568,0,0,0,186,5,0
11569,0,0,0,142,0,0
11570,0,0,0,155,0,0
11571,0,0,0,103,0,0
11572,0,0,0,36,0,0
11573,0,0,0,14,47,0
11574,0,0,0,4,75,0
11575,0,0,0,0,209,0
11576,0,0,0,1,224,0
11577,0,0,0,0,170,0
11578,0,0,0,167,30,0
11579,0,0,0,477,90,0
11580,0,0,0,152,239,0
11581,19,0,0,35,218,0
11582,24,0,0,56,126,0
11583,42,0,0,37,32,0
11584,51,0,0,5,63,0
11585,31,0,0,0,96,0
11586,62,0,0,3,2,0
11587,39,0,0,14,38,0
11588,42,0,0,0,247,0
11589,23,0,0,0,5,0
11590,24,0,0,0,6,0
11591,6,0,0,0,0,0
11592,4,0,0,0,0,0
11593,6,0,0,38,0,0
11594,0,0,0,58,2,0
11595,0,0,0,31,4,0
11596,0,0,0,0,9,0
11597,0,0,0,2,0,0
11598,0,0,0,71,0,0
11599,0,0,0,137,0,0
11600,0,0,0,132,2,0
11601,0,0,0,116,448,0
11602,0,0,0,287,1429,0
11603,0,0,0,249,2866,0
11604,0,0,0,361,3009,0
11605,0,0,0,161,3102,0
11606,7,0,0,166,1902,0
11607,12,0,0,147,1174,0
11608,16,0,0,49,1213,0
11609,26,0,0,194,707,2
11610,43,0,0,1210,688,0
11611,33,0,0,1936,1299,2
11612,85,0,0,903,1948,0
11613,96,0,0,142,1816,0
11614,113,0,0,97,1869,0
11615,123,0,0,58,1106,0
11616,139,0,0,65,588,0
11617,125,0,0,187,860,0
11618,109,0,0,103,667,0
11619,26,0,0,44,530,0
11620,8,0,0,26,540,0
11621,0,0,0,118,868,0
11622,0,0,0,128,828,18
11623,0,0,0,101,1139,31
11624,0,0,0,79,1774,37
11625,0,0,0,22,2037,9
11626,0,0,0,47,2045,23
11627,0,0,0,20,1216,4
11628,0,0,0,8,559,0
11629,0,0,0,0,249,0
11630,0,0,0,0,157,2
11631,0,0,0,0,271,0
11632,18,0,0,13,263,0
11633,49,0,0,2,0,4
11634,0,0,0,0,0,0
11635,10,0,0,82,17,0
11636,0,0,0,35,18,0
11637,0,0,0,0,57,0
11638,5,0,0,61,27,0
11639,29,0,0,87,5,0
11640,0,3,0,94,16,0
11641,14,0,0,125,17,0
11642,2,5,0,232,4,0
11643,0,0,0,310,5,0
11644,0,0,0,297,0,0
11645,0,0,0,299,2,0
11646,0,0,0,326,0,0
11647,0,0,0,421,20,0
11648,0,0,0,635,12,0
11649,0,0,0,791,40,0
11650,0,0,0,1005,55,0
11651,0,0,0,1001,291,0
11652,0,0,0,1053,272,0
11653,0,0,0,911,431,0
11654,0,0,0,763,815,0
11655,0,0,0,584,1082,0
11656,0,0,0,436,1293,0
11657,0,0,0,277,935,0
11658,0,0,0,178,519,0
11659,0,0,0,98,75,0
11660,0,0,0,98,535,0
11661,0,0,0,51,961,0
11662,0,0,0,118,487,0
11663,0,0,0,273,162,0
11664,0,0,0,107,166,0
11665,0,0,0,231,100,0
11666,0,0,0,484,885,145
11667,0,0,0,438,1207,369
11668,0,0,0,211,1359,507
11669,0,0,0,76,1416,360
11670,0,0,0,15,969,563
11671,0,0,0,24,624,104
11672,0,0,0,14,120,4
11673,0,0,0,0,124,0
11674,0,0,0,21,208,0
11675,0,0,0,3,209,22
11676,0,0,0,37,175,1
11677,0,0,0,40,74,0
11678,0,0,0,22,75,0
11679,0,0,0,0,0,0
11680,0,0,0,0,0,0
11681,0,0,0,3,69,0
11682,0,0,0,6,122,0
11683,0,0,0,21,186,0
11684,0,0,0,82,323,0
11685,0,0,0,107,287,0
11686,0,0,0,47,238,0
11687,0,0,0,32,54,0
11688,0,0,0,18,211,0
11689,0,0,0,18,368,0
11690,0,0,0,65,340,0
11691,0,0,0,42,188,0
11692,0,0,0,52,202,0
11693,0,0,0,78,366,0
11694,0,0,0,57,615,0
11695,0,0,0,86,729,0
11696,0,0,0,63,905,0
11697,0,0,0,51,856,0
11698,0,0,0,33,709,0
11699,0,0,0,8,499,0
11700,0,0,0,5,26,0
11701,0,0,0,7,2,0
11702,0,0,0,0,47,0
11703,0,0,0,14,42,0
11704,0,0,0,40,7,0
11705,0,0,0,84,49,0
11706,0,0,0,151,87,0
11707,0,0,0,356,83,0
11708,0,0,0,644,63,0
11709,0,0,0,961,107,0
11710,0,0,0,1120,199,0
11711,0,0,0,1350,403,21
11712,0,0,0,1442,147,0
11713,0,0,0,1702,204,0
11714,0,0,0,1850,395,0
11715,0,0,0,2013,203,0
11716,0,0,0,2236,392,0
11717,0,0,0,2217,307,5
11718,0,0,0,2308,560,0
11719,0,0,0,2015,726,0
11720,0,0,0,1944,1309,0
11721,0,0,0,1684,1771,7
11722,0,0,0,1535,2275,1
11723,0,0,0,1286,2258,20
11724,0,0,0,991,1746,0
11725,0,0,0,749,1015,5
11726,0,0,0,578,595,21
11727,0,0,0,534,20,0
11728,0,0,0,308,0,0
11729,0,0,0,142,29,0
11730,0,0,0,33,54,0
11731,0,0,0,46,51,2
11732,0,0,0,43,6,1
11733,0,0,0,43,3,0
11734,0,0,0,16,4,0
11735,0,0,0,0,14,0
11736,0,0,0,0,0,0
11737,0,0,0,0,6,0
11738,0,0,0,0,37,0
11739,0,0,0,0,0,0
11740,0,0,0,45,0,0
11741,0,0,0,8,0,0
11742,0,0,0,0,0,0
11743,0,0,0,1,0,0
11744,0,0,0,10,0,0
11745,0,0,0,0,0,0
11746,0,0,0,1,209,1
11747,0,0,0,0,476,0
11748,0,0,0,1,319,0
11749,0,0,0,8,55,0
11750,0,0,0,0,0,0
11751,0,0,0,0,85,0
11752,0,0,0,0,223,0
11753,0,0,0,0,199,0
11754,0,0,0,0,102,0
11755,0,0,0,0,37,0
11756,0,0,0,33,6,0
11757,0,0,0,214,11,33
11758,0,0,0,163,44,0
11759,0,0,0,55,153,0
11760,0,0,0,12,19,0
11761,0,0,0,0,7,0
11762,0,0,0,0,9,6
11763,0,0,0,35,1,0
11764,0,0,0,67,0,0
11765,0,0,0,0,0,0
11766,0,0,0,85,0,0
11767,0,0,0,211,212,0
11768,0,0,0,42,353,0
11769,0,0,0,0,128,0
11770,0,0,0,3,115,0
11771,0,0,0,0,38,0
11772,0,0,0,43,83,0
11773,0,0,0,71,326,0
11774,0,0,0,37,486,0
11775,0,0,0,9,400,0
11776,0,0,0,60,119,0
11777,0,0,0,104,135,0
11778,0,0,0,34,43,0
11779,0,0,0,57,17,0
11780,0,0,0,46,0,0
11781,0,0,0,12,0,0
11782,0,0,0,85,0,0
11783,0,0,0,170,0,0
11784,0,0,0,258,0,0
11785,0,0,0,347,0,0
11786,0,0,0,355,0,0
11787,0,0,0,472,0,0
11788,0,0,0,523,22,0
11789,0,0,0,523,119,0
11790,0,0,0,483,16,0
11791,0,0,0,530,14,0
11792,0,0,0,474,73,0
11793,0,0,0,450,16,0
11794,0,0,0,317,4,0
11795,0,0,0,246,8,0
11796,0,0,0,205,0,0
11797,0,0,0,153,0,0
11798,0,0,0,82,0,0
11799,0,0,0,38,0,0
11800,0,0,0,61,1,0
11801,0,0,0,16,0,0
11802,0,0,0,73,1,0
11803,0,0,0,61,9,0
11804,0,0,0,50,30,0
11805,0,0,0,103,26,0
11806,0,0,0,34,0,0
11807,0,0,0,18,21,0
11808,0,0,0,9,2,0
11809,0,0,0,0,14,0
11810,0,0,0,1,0,0
11811,0,0,0,24,24,0
11812,0,0,0,2,12,0
11813,2,0,0,0,0,0
11814,8,0,0,0,0,0
11815,11,0,0,33,12,0
11816,26,0,0,119,20,0
11817,29,0,0,111,45,0
11818,17,0,0,148,4,0
11819,9,0,0,237,33,0
11820,0,0,0,49,0,0
11821,0,0,0,103,0,0
11822,0,0,0,53,0,0
11823,0,0,0,54,1,0
11824,0,0,0,57,34,0
11825,0,0,0,36,23,0
11826,0,0,0,0,12,0
11827,0,0,0,84,12,10
11828,0,0,0,117,75,0
11829,0,0,0,107,11,0
11830,0,0,0,88,2,0
11831,0,0,0,204,9,0
11832,2,0,0,231,71,1
11833,0,0,0,290,280,1
11834,11,0,0,234,1160,1
11835,0,0,0,191,2144,0
11836,4,0,0,218,4025,2
11837,0,0,0,188,4914,5
11838,0,0,0,210,4676,16
11839,0,0,0,221,4871,1
11840,0,0,0,258,4003,4
11841,0,0,0,407,3781,0
11842,0,0,0,500,2312,0
11843,0,0,0,530,2774,0
11844,0,0,0,523,4428,8
11845,0,0,0,334,4909,0
11846,0,0,0,171,4102,2
11847,0,0,0,184,1974,0
11848,0,0,0,493,971,0
11849,0,0,0,527,1917,5
11850,0,0,0,341,2996,0
11851,0,0,0,254,3920,0
11852,0,0,0,336,4131,0
11853,0,0,0,461,3692,0
11854,0,0,0,657,2505,0
11855,0,0,0,644,3873,3
11856,0,0,0,475,3334,0
11857,0,0,0,340,2227,4
11858,0,0,0,378,1314,52
11859,0,0,0,27,652,0
11860,0,0,0,223,756,2
11861,0,0,0,206,669,45
11862,0,0,0,15,553,88
11863,0,0,0,74,300,101
11864,0,0,0,38,215,33
11865,0,0,0,84,40,11
11866,0,0,0,216,260,0
11867,0,0,0,196,152,0
11868,0,0,0,247,73,3
11869,0,0,0,263,28,29
11870,0,0,0,374,107,0
11871,0,0,0,252,144,0
11872,0,0,0,194,225,0
11873,0,0,0,257,215,4
11874,0,0,0,171,72,0
11875,0,0,0,216,60,0
11876,0,0,0,252,66,0
11877,0,0,0,329,124,0
11878,0,0,0,512,237,0
11879,0,0,0,279,110,2
11880,0,0,0,219,5,0
11881,0,0,0,114,60,0
11882,0,0,0,127,0,0
11883,0,0,0,109,11,0
11884,0,0,0,21,16,0
11885,0,0,0,96,0,0
11886,0,0,0,136,6,0
11887,0,0,0,54,2,0
11888,0,0,0,11,0,0
11889,0,0,0,0,0,0
11890,0,0,0,4,9,0
11891,0,0,0,0,3,0
11892,0,0,0,0,40,0
11893,0,0,0,0,198,0
11894,0,0,0,0,439,0
11895,0,0,0,1,572,0
11896,0,0,0,40,279,0
11897,0,0,0,13,27,0
11898,0,0,0,0,291,0
11899,0,0,0,16,495,0
11900,0,0,0,5,580,0
11901,0,0,0,5,288,0
11902,0,0,0,42,5,0
11903,0,0,0,48,42,0
11904,0,0,0,3,9,0
11905,0,0,0,40,21,0
11906,0,0,0,58,24,0
11907,0,0,0,50,60,0
11908,0,0,0,34,13,0
11909,0,0,0,44,87,0
11910,0,0,0,13,5,0
11911,0,0,0,27,31,0
11912,0,0,0,22,35,0
11913,0,0,0,26,14,0
11914,0,0,0,2,23,0
11915,0,0,0,3,0,0
11916,0,0,0,73,0,0
11917,0,0,0,152,0,0
11918,0,0,0,10,0,0
11919,0,0,0,16,0,0
11920,0,0,0,78,113,0
11921,0,0,0,122,1180,0
11922,0,0,0,226,3274,0
11923,0,0,0,638,6839,188
11924,0,0,0,986,9591,318
11925,0,0,0,1266,12692,473
11926,0,0,0,1344,14842,377
11927,0,0,0,1415,17236,241
11928,0,0,0,1519,18479,121
11929,0,0,0,1987,19839,69
11930,0,0,0,2380,20112,46
11931,0,0,0,2968,19038,0
11932,0,0,0,3905,17907,0
11933,0,0,0,4335,16739,0
11934,0,0,0,4679,15382,0
11935,0,0,0,4436,14017,8
11936,0,0,0,3928,12319,0
11937,0,0,0,3157,10380,0
11938,0,0,0,2750,8288,0
11939,0,0,0,2288,5034,0
11940,0,0,0,1646,2450,0
11941,0,0,0,1081,485,17
11942,0,0,0,1355,117,0
11943,0,0,0,1733,972,0
11944,0,0,0,1564,1088,0
11945,0,0,0,1737,1736,0
11946,0,0,0,1783,1846,12
11947,0,0,0,1516,2506,0
11948,0,0,0,1239,2331,0
11949,0,0,0,991,1886,0
11950,0,0,0,899,708,0
11951,0,0,0,488,137,0
11952,0,0,0,473,460,0
11953,0,0,0,587,661,0
11954,0,0,0,792,1411,0
11955,0,0,0,715,1521,0
11956,0,0,0,493,1842,2
11957,0,0,0,174,226,0
11958,0,0,0,229,272,2
11959,0,0,0,205,838,0
11960,0,0,0,505,797,0
11961,0,0,0,455,1467,0
11962,0,0,0,505,1414,0
11963,0,0,0,631,1422,0
11964,0,0,0,225,61,0
11965,0,0,0,6,103,0
11966,0,0,0,151,838,0
11967,0,0,0,76,320,0
11968,0,0,0,250,92,0
11969,15,0,0,70,287,0
11970,17,0,0,264,426,0
11971,26,0,0,97,476,0
11972,6,0,0,200,718,0
11973,1,0,0,412,1158,3
11974,6,0,0,431,1161,0
11975,0,0,0,458,2490,0
11976,3,0,0,555,2913,0
11977,0,0,0,876,4499,0
11978,0,0,0,1088,5693,0
11979,1,0,0,2203,8508,0
11980,0,0,0,3450,10747,0
11981,0,0,0,4143,13269,0
11982,0,0,0,4479,15030,0
11983,2,0,0,3343,17439,0
11984,3,0,0,2288,18658,12
11985,7,0,0,812,19091,36
11986,26,0,0,805,18972,106
11987,4,0,0,585,16141,74
11988,21,0,0,775,13366,22
11989,6,0,0,829,11420,7
11990,4,0,0,855,9607,0
11991,17,0,0,760,7806,0
11992,3,0,0,859,7704,0
11993,1,0,0,979,7315,4
11994,0,0,0,1289,7763,13
11995,1,0,0,1794,7151,22
11996,0,0,0,1974,5956,0
11997,2,0,0,2061,3870,40
11998,0,0,0,2009,3634,97
11999,0,0,0,1988,5698,223
12000,0,0,0,1670,6762,448
12001,0,0,0,1637,7882,376
12002,0,0,0,1296,6854,117
12003,0,0,0,851,4035,20
12004,0,0,0,418,2291,26
12005,0,0,0,133,574,4
12006,0,0,0,63,263,0
12007,0,0,0,54,104,0
12008,0,0,0,315,260,15
12009,0,0,0,481,599,15
12010,0,0,0,638,968,0
12011,0,0,0,683,877,17
12012,0,0,0,675,689,2
12013,0,0,0,707,470,2
12014,0,0,0,639,430,72
12015,0,0,0,578,510,216
12016,0,0,0,491,518,103
12017,0,0,0,226,529,17
12018,0,0,0,128,580,0
12019,0,0,0,79,337,0
12020,0,0,0,62,223,0
12021,0,0,0,31,2,0
12022,0,0,0,126,186,0
12023,0,0,0,315,762,0
12024,0,0,0,357,848,0
12025,0,0,0,361,815,0
12026,0,0,0,248,867,24
12027,0,0,0,194,646,40
12028,0,0,0,69,221,8
12029,0,0,0,71,89,16
12030,0,0,0,47,48,25
12031,0,0,0,49,301,10
12032,0,0,0,60,392,7
12033,0,0,0,154,406,2
12034,0,0,0,251,425,232
12035,0,0,0,295,278,196
12036,0,0,0,407,18,2
12037,0,0,0,491,31,30
12038,0,0,0,621,122,0
12039,0,0,0,592,132,0
12040,0,0,0,564,30,0
12041,0,0,0,492,14,25
12042,0,0,0,391,27,0
12043,0,0,0,228,21,0
12044,0,0,0,203,249,0
12045,0,0,0,162,149,0
12046,0,0,0,74,19,0
12047,0,0,0,15,0,0
12048,0,0,0,10,0,0
12049,0,0,0,33,4,0
12050,0,0,0,85,50,0
12051,0,0,0,69,2,0
12052,0,0,0,50,0,0
12053,0,0,0,4,0,0
12054,0,0,0,0,0,0
12055,0,0,0,0,3,0
12056,0,0,0,0,0,0
12057,0,0,0,0,0,0
12058,0,0,0,0,0,0
12059,0,0,0,0,0,0
12060,0,0,0,0,0,0
12061,0,0,0,2,10,0
12062,0,0,0,0,0,0
12063,0,0,0,0,5,0
12064,0,0,0,0,0,0
12065,0,0,0,0,16,0
12066,0,0,0,0,8,0
12067,0,0,0,0,8,0
12068,0,0,0,0,0,0
12069,0,0,0,0,10,0
12070,0,0,0,0,13,0
12071,0,0,0,0,4,0
12072,0,0,0,0,0,0
12073,0,0,0,0,0,0
12074,0,0,0,0,0,0
12075,0,0,0,0,6,0
12076,0,0,0,0,0,0
12077,0,0,0,0,0,0
12078,0,0,0,0,0,0
12079,0,0,0,0,0,0
12080,0,0,0,0,0,0
12081,0,0,0,0,0,0
12082,0,0,0,0,0,0
12083,0,0,0,0,0,0
12084,0,0,0,0,0,0
12085,0,0,0,0,0,0
12086,0,0,0,0,0,0
12087,0,0,0,0,0,0
12088,0,0,0,0,0,0
12089,0,0,0,0,0,0
12090,0,0,0,0,0,0
12091,0,0,0,0,0,0
12092,0,0,0,3,0,0
12093,0,0,0,0,0,0
12094,0,0,0,0,0,0
12095,0,0,0,0,0,0
12096,0,0,0,0,0,0
12097,0,0,0,0,0,0
12098,0,0,0,0,0,0
12099,0,0,0,0,0,0
12100,0,0,0,0,0,0
12101,0,0,0,0,0,0
12102,0,0,0,33,0,0
12103,0,0,0,14,0,0
12104,0,0,0,0,0,0
12105,0,0,0,0,0,0
12106,0,0,0,0,0,0
12107,0,0,0,0,0,0
12108,0,0,0,0,0,0
12109,0,0,0,0,0,0
12110,0,0,0,0,0,0
12111,0,0,0,0,0,0
12112,0,0,0,2,0,0
12113,0,0,0,4,0,0
12114,0,0,0,0,0,0
12115,0,0,0,0,0,0
12116,0,0,0,0,0,0
12117,0,0,0,0,0,0
12118,0,0,0,0,0,0
12119,0,0,0,0,0,0
12120,0,0,0,0,0,0
12121,0,0,0,0,0,0
12122,0,0,0,14,0,0
12123,0,0,0,0,0,0
12124,0,0,0,0,0,0
12125,0,0,0,0,0,0
12126,0,0,0,0,0,0
12127,0,0,0,35,0,0
12128,0,0,0,4,0,0
12129,0,0,0,0,0,0
12130,0,0,0,0,0,0
12131,0,0,0,0,0,0
12132,0,0,0,0,0,0
12133,0,0,0,0,0,0
12134,0,0,0,6,0,0
12135,0,0,0,0,0,0
12136,0,0,0,0,0,0
12137,0,0,0,0,0,0
12138,0,0,0,0,0,0
12139,0,0,0,0,0,0
12140,0,0,0,0,0,0
12141,0,0,0,0,0,0
12142,0,0,0,0,0,0
12143,0,0,0,0,0,0
12144,0,0,0,0,0,0
12145,0,0,0,0,0,0
12146,0,0,0,0,0,0
12147,0,0,0,0,0,0
12148,0,0,0,0,14,0
12149,0,0,0,8,0,0
12150,0,0,0,5,6,0
12151,0,0,0,29,0,0
12152,0,0,0,24,0,0
12153,0,0,0,0,0,0
12154,0,0,0,0,5,0
12155,0,0,0,0,0,0
12156,0,0,0,0,0,0
12157,0,0,0,0,0,0
12158,0,0,0,0,0,0
12159,0,0,0,0,0,0
12160,0,0,0,32,0,0
12161,0,0,0,30,0,0
12162,0,0,0,10,0,0
12163,0,0,0,2,0,0
12164,0,0,0,0,0,0
12165,0,0,0,0,0,0
12166,0,0,0,0,0,0
12167,0,0,0,0,0,0
12168,0,0,0,0,0,0
12169,0,0,0,0,0,0
12170,0,0,0,0,0,0
12171,0,0,0,0,0,0
12172,0,0,0,0,0,0
12173,0,0,0,0,0,0
12174,0,0,0,0,0,0
12175,0,0,0,0,0,0
12176,0,0,0,0,0,0
12177,0,0,0,0,0,0
12178,0,0,0,0,0,0
12179,0,0,0,0,0,0
12180,0,0,0,0,0,0
12181,0,0,0,0,0,0
12182,0,0,0,0,0,0
12183,0,0,0,0,0,0
12184,0,0,0,12,0,0
12185,0,0,0,34,0,0
12186,0,0,0,0,0,0
12187,0,0,0,0,0,0
12188,0,0,0,0,0,0
12189,0,0,0,0,0,0
12190,0,0,0,0,0,0
12191,0,0,0,0,0,0
12192,0,0,0,0,0,0
12193,0,0,0,0,0,0
12194,0,0,0,0,0,0
12195,0,0,0,0,0,0
12196,0,0,0,0,0,0
12197,0,0,0,0,0,0
12198,0,0,0,0,0,0
12199,0,0,0,0,0,0
12200,0,0,0,41,0,0
12201,0,0,0,55,0,0
12202,0,0,0,176,0,0
12203,0,0,0,375,159,0
12204,0,0,0,601,7,0
12205,0,0,0,753,38,0
12206,0,0,0,964,48,0
12207,0,0,0,945,14,0
12208,0,0,0,982,11,0
12209,0,0,0,858,43,0
12210,0,0,0,960,22,0
12211,0,0,0,677,54,0
12212,0,0,0,494,12,0
12213,0,0,0,357,2,0
12214,0,0,0,259,0,0
12215,0,0,0,181,0,0
12216,0,0,0,118,0,0
12217,0,0,0,69,1,0
12218,0,0,0,79,3,0
12219,0,0,0,10,0,0
12220,0,0,0,0,0,0
12221,0,0,0,0,0,0
12222,0,0,0,0,0,0
12223,0,0,0,0,0,0
12224,0,0,0,0,0,0
12225,0,0,0,0,0,0
12226,0,0,0,0,2,0
12227,0,0,0,0,0,0
12228,0,0,0,0,0,0
12229,0,0,0,0,1,0
12230,0,0,0,0,4,0
12231,0,0,0,0,10,0
12232,0,0,0,0,12,0
12233,0,0,0,0,12,0
12234,0,0,0,0,0,0
12235,0,0,0,0,3,0
12236,0,0,0,0,0,0
12237,0,0,0,0,0,0
12238,0,0,0,0,0,0
12239,0,0,0,2,0,0
12240,0,0,0,0,0,0
12241,0,0,0,0,3,0
12242,0,0,0,0,0,0
12243,0,0,0,0,0,0
12244,0,0,0,0,0,0
12245,0,0,0,0,0,0
12246,0,0,0,0,0,0
12247,0,0,0,0,0,0
12248,0,0,0,0,0,0
12249,0,0,0,0,0,0
12250,0,0,0,0,0,0
12251,0,0,0,0,0,0
12252,0,0,0,0,0,0
12253,0,0,0,0,0,0
12254,0,0,0,0,0,0
12255,0,0,0,0,0,0
12256,0,0,0,0,0,0
12257,0,0,0,0,0,0
12258,0,0,0,0,0,0
12259,5,0,0,0,0,0
12260,0,0,0,0,0,0
12261,0,0,0,0,0,0
12262,4,0,0,0,0,0
12263,0,0,0,0,0,0
12264,0,0,0,0,0,0
12265,0,0,0,0,0,0
12266,0,0,0,0,0,0
12267,0,0,0,0,0,0
12268,0,0,0,0,0,0
12269,0,0,0,0,0,0
12270,0,0,0,0,0,0
12271,0,0,0,0,1,0
12272,0,0,0,0,2,0
12273,0,0,0,0,1,0
12274,0,0,0,0,0,0
12275,0,0,0,0,1,0
12276,0,0,0,0,29,0
12277,0,0,0,6,3,0
12278,0,0,0,49,77,0
12279,0,0,0,160,3,0
12280,0,0,0,227,1,0
12281,0,0,0,314,46,0
12282,0,0,0,348,113,0
12283,0,0,0,401,131,0
12284,0,0,0,265,255,0
12285,0,0,0,184,397,0
12286,0,0,0,140,235,0
12287,0,0,0,9,174,0
12288,0,0,0,0,2,0
12289,0,0,0,0,0,0
12290,0,0,0,0,0,0
12291,0,0,0,0,0,0
12292,0,0,0,0,0,0
12293,0,0,0,0,0,0
12294,18,0,0,0,1,0
12295,39,0,0,0,0,0
12296,6,0,0,0,2,0
12297,0,0,0,0,0,0
12298,0,0,0,0,35,0
12299,9,0,0,0,22,0
12300,0,0,0,0,1,0
12301,0,4,0,7,2,0
12302,0,0,0,2,6,0
12303,0,0,0,5,0,0
12304,0,0,0,0,0,0
12305,0,0,0,2,0,0
12306,0,0,0,0,5,0
12307,0,0,0,0,31,0
12308,0,0,0,39,207,0
12309,0,0,0,2,141,0
12310,0,0,0,0,143,0
12311,0,0,0,7,122,0
12312,0,0,0,0,0,0
12313,0,0,0,0,2,0
12314,0,0,0,2,0,0
12315,0,0,0,0,0,0
12316,0,0,0,0,0,0
12317,0,0,0,0,0,0
12318,0,0,0,0,0,0
12319,0,0,0,0,0,0
12320,0,0,0,0,0,0
12321,0,0,0,0,0,0
12322,0,0,0,0,7,0
12323,0,0,0,0,62,0
12324,0,0,0,0,7,0
12325,0,0,0,5,22,0
12326,0,0,0,7,23,0
12327,0,0,0,51,0,0
12328,0,0,0,31,5,0
12329,0,0,0,16,29,0
12330,0,0,0,3,22,0
12331,0,0,0,56,200,0
12332,0,0,0,105,152,0
12333,0,0,0,221,382,0
12334,0,0,0,193,423,0
12335,0,0,0,246,411,0
12336,0,0,0,283,339,0
12337,0,0,0,110,276,0
12338,0,0,0,2,68,0
12339,0,0,0,0,9,0
12340,0,0,0,1,0,0
12341,0,0,0,27,19,0
12342,0,0,0,26,46,0
12343,0,0,0,62,102,0
12344,0,0,0,62,233,0
12345,0,0,0,23,78,0
12346,0,0,0,1,29,0
12347,0,0,0,41,0,0
12348,0,0,0,54,2,0
12349,0,0,0,10,32,0
12350,0,0,0,8,79,0
12351,0,0,0,0,7,0
12352,0,0,0,0,0,0
12353,0,0,0,8,0,0
12354,0,0,0,0,1,0
12355,0,0,0,7,83,0
12356,0,0,0,8,195,0
12357,0,0,0,4,222,0
12358,0,0,0,28,196,0
12359,0,0,0,1,204,0
12360,0,0,0,0,4,0
12361,0,0,0,13,20,0
12362,0,0,0,0,0,0
12363,0,0,0,0,0,0
12364,0,0,0,0,2,0
12365,0,0,0,0,46,0
12366,0,0,0,0,36,0
12367,0,0,0,0,4,0
12368,0,0,0,0,0,0
12369,0,0,0,0,1,0
12370,0,0,0,0,13,0
12371,0,0,0,0,32,0
12372,0,0,0,0,1,0
12373,0,0,0,0,11,0
12374,0,0,0,0,0,0
12375,0,0,0,0,0,0
12376,0,0,0,0,6,0
12377,0,0,0,0,0,0
12378,0,0,0,0,0,0
12379,0,0,0,0,0,0
12380,0,0,0,0,0,0
12381,0,0,0,0,0,0
12382,0,0,0,0,0,0
12383,0,0,0,0,0,0
12384,0,0,0,0,0,0
12385,0,0,0,0,2,0
12386,0,0,0,0,0,0
12387,0,0,0,0,10,0
12388,0,0,0,40,4,0
12389,0,0,0,28,8,0
12390,0,0,0,44,46,0
12391,0,0,0,96,14,0
12392,18,0,0,107,123,0
12393,2,0,0,48,16,0
12394,0,24,0,8,43,0
12395,0,36,0,0,31,0
12396,0,3,0,0,0,0
12397,0,0,0,0,1,0
12398,0,0,0,0,0,0
12399,0,0,0,0,0,0
12400,0,33,0,0,0,0
12401,0,22,0,0,0,0
12402,0,0,0,0,0,0
12403,0,0,0,0,0,0
12404,0,0,0,0,0,0
12405,0,0,0,0,0,0
12406,0,0,0,0,0,0
12407,0,0,0,0,0,0
12408,0,0,0,0,0,0
12409,0,0,0,0,0,0
12410,0,0,0,0,0,0
12411,8,0,0,0,0,0
12412,10,0,0,0,0,0
12413,0,0,0,0,0,0
12414,0,0,0,0,0,0
12415,0,0,0,0,0,0
12416,37,0,0,0,0,0
12417,110,9,0,0,0,0
12418,181,0,0,0,0,0
12419,192,0,0,0,0,0
12420,214,3,0,0,0,0
12421,332,74,0,0,0,0
12422,445,59,0,0,0,0
12423,513,0,0,0,0,0
12424,471,0,0,0,0,0
12425,181,32,0,0,0,0
12426,21,47,0,0,0,0
12427,0,2,0,0,7,0
12428,0,0,0,0,6,0
12429,0,1,0,0,0,0
12430,0,0,0,0,0,0
12431,15,0,0,0,0,0
12432,0,3,0,0,0,0
12433,0,0,0,0,0,0
12434,0,0,0,0,106,0
12435,0,0,0,0,2,0
12436,0,0,0,0,15,0
12437,0,0,0,0,33,0
12438,0,0,0,0,0,0
12439,2,0,0,0,6,0
12440,0,0,0,0,15,0
12441,0,0,0,0,2,0
12442,0,0,0,0,3,0
12443,0,0,0,0,33,0
12444,0,0,0,0,0,0
12445,0,0,0,0,10,0
12446,0,0,0,0,3,0
12447,0,0,0,0,4,0
12448,0,0,0,0,0,0
12449,0,0,0,0,0,0
12450,0,0,0,0,0,0
12451,0,0,0,0,2,0
12452,0,0,0,0,5,0
12453,0,0,0,0,0,0
12454,0,0,0,0,4,0
12455,0,0,0,0,0,0
12456,0,0,0,0,1,0
12457,0,0,0,0,4,0
12458,0,0,0,0,0,0
12459,0,0,0,0,5,0
12460,0,0,0,0,0,0
12461,0,0,0,23,0,0
12462,0,0,0,41,4,0
12463,0,0,0,2,0,0
12464,0,0,0,15,0,0
12465,0,0,0,9,0,0
12466,0,0,0,43,20,0
12467,0,2,0,65,1,0
12468,0,0,0,34,6,0
12469,0,0,0,25,6,0
12470,0,0,0,28,39,0
12471,0,0,0,31,38,0
12472,0,0,0,5,20,0
12473,0,0,0,36,27,0
12474,0,11,0,14,0,0
12475,0,13,0,20,0,0
12476,0,0,0,75,0,0
12477,0,0,0,103,0,0
12478,0,24,0,250,1,0
12479,0,35,14,344,15,0
12480,0,12,7,377,11,0
12481,1,33,6,317,33,0
12482,0,16,0,197,41,0
12483,0,1,0,52,9,0
12484,0,93,0,42,9,0
12485,0,108,11,74,0,0
12486,0,1,1,115,0,0
12487,0,0,0,170,0,0
12488,0,0,0,287,0,0
12489,0,0,0,233,24,0
12490,0,0,0,209,116,0
12491,0,0,0,115,168,0
12492,0,0,0,1,34,0
12493,0,0,0,0,0,0
12494,0,0,0,58,0,0
12495,0,0,0,102,12,0
12496,0,0,0,186,166,0
12497,0,0,0,251,254,0
12498,0,0,0,227,280,0
12499,0,0,0,87,374,0
12500,0,0,0,32,280,0
12501,0,2,0,0,26,0
12502,0,0,0,0,13,0
12503,0,0,0,84,42,0
12504,0,2,0,85,80,0
12505,0,12,2,122,65,0
12506,0,9,14,45,94,0
12507,0,0,0,71,2,0
12508,0,0,0,69,1,0
12509,0,0,0,44,2,0
12510,0,0,0,32,0,0
12511,0,0,0,63,3,0
12512,0,0,0,11,0,0
12513,0,0,0,10,0,0
12514,4,0,0,0,0,0
12515,6,0,0,4,0,0
12516,0,0,0,6,0,0
12517,0,0,0,0,2,0
12518,0,0,0,1,0,0
12519,0,0,0,0,6,0
12520,0,0,0,0,1,0
12521,0,0,0,0,3,0
12522,0,0,0,0,13,0
12523,0,0,0,0,18,0
12524,0,0,0,0,35,0
12525,0,0,0,0,6,0
12526,0,0,0,0,0,0
12527,0,0,0,0,0,0
12528,0,0,0,0,50,0
12529,0,0,0,0,28,0
12530,0,0,0,0,13,0
12531,0,0,0,0,0,0
12532,0,0,0,0,3,0
12533,0,0,0,0,59,0
12534,0,0,0,0,40,0
12535,0,0,0,0,0,0
12536,0,0,0,0,0,0
12537,0,0,0,0,0,0
12538,0,0,0,0,0,0
12539,0,0,0,0,0,0
12540,0,0,0,0,0,0
12541,0,0,0,0,0,0
12542,0,0,0,0,0,0
12543,0,0,0,0,0,0
12544,0,0,0,0,0,0
12545,0,0,0,0,0,0
12546,0,0,0,0,0,0
12547,0,0,0,0,0,0
12548,0,0,0,0,0,0
12549,0,0,0,0,0,0
12550,0,0,0,0,0,0
12551,2,0,0,0,0,0
12552,0,0,0,0,0,0
12553,0,0,0,0,0,0
12554,0,0,0,0,0,0
12555,0,0,0,0,0,0
12556,0,0,0,0,0,0
12557,0,0,0,0,0,0
12558,0,0,0,0,0,0
12559,0,0,0,0,0,0
12560,0,0,0,0,0,0
12561,0,0,0,0,0,0
12562,0,0,0,0,0,0
12563,0,0,0,0,0,0
12564,0,0,0,0,0,0
12565,0,0,0,0,0,0
12566,0,0,0,0,0,0
12567,0,0,0,0,0,0
12568,0,0,0,0,0,0
12569,0,0,0,1,0,0
12570,0,0,0,8,0,0
12571,0,0,0,42,0,0
12572,0,0,0,0,0,0
12573,0,0,0,0,0,0
12574,0,0,0,0,0,0
12575,0,0,0,0,0,0
12576,0,0,0,0,0,0
12577,0,0,0,0,0,0
12578,0,0,0,0,0,0
12579,0,0,0,0,0,0
12580,0,0,0,0,0,0
12581,0,0,0,0,0,0
12582,0,0,0,0,0,0
12583,0,0,0,0,0,0
12584,0,0,0,0,0,0
12585,0,0,0,0,0,0
12586,0,0,0,0,6,0
12587,0,0,0,0,4,0
12588,0,0,0,0,6,0
12589,0,0,0,0,18,0
12590,0,0,0,0,149,0
12591,0,0,0,0,0,0
12592,0,0,0,0,3,0
12593,0,0,0,0,2,0
12594,0,0,0,0,4,0
12595,0,0,0,0,0,0
12596,0,0,0,0,17,0
12597,0,0,0,0,4,0
12598,0,0,0,0,0,0
12599,0,0,0,0,0,0
12600,0,0,0,0,0,0
12601,0,0,0,0,0,0
12602,0,0,0,0,0,0
12603,0,0,0,0,0,0
12604,0,0,0,0,0,0
12605,0,0,0,0,0,0
12606,0,0,0,0,0,0
12607,0,0,0,0,0,0
12608,0,0,0,0,0,0
12609,0,0,0,0,0,0
12610,0,0,0,0,0,0
12611,0,0,0,0,0,0
12612,0,0,0,0,0,0
12613,0,0,0,0,0,0
12614,0,0,0,0,0,0
12615,0,0,0,0,0,0
12616,0,0,0,0,7,0
12617,0,0,0,0,4,0
12618,0,0,0,0,12,0
12619,0,0,0,0,0,0
12620,3,0,0,0,0,0
12621,22,0,0,0,0,0
12622,7,0,0,0,0,0
12623,0,71,0,0,0,0
12624,0,88,6,0,0,0
12625,0,130,19,0,0,0
12626,84,453,19,0,0,0
12627,122,1059,0,0,0,0
12628,31,1034,3,0,0,0
12629,10,584,0,0,0,0
12630,5,29,0,0,0,0
12631,260,87,0,0,0,0
12632,474,122,0,0,0,0
12633,307,128,0,0,0,0
12634,147,271,0,0,0,0
12635,8,319,0,0,0,0
12636,0,80,0,0,0,0
12637,18,120,0,0,0,0
12638,102,126,0,0,0,0
12639,297,78,0,0,0,0
12640,274,181,0,60,0,0
12641,244,110,0,0,0,0
12642,122,92,0,0,0,0
12643,55,125,0,0,0,0
12644,27,115,0,0,0,0
12645,1,26,0,0,0,0
12646,0,54,0,0,0,0
12647,0,5,0,0,0,0
12648,0,0,0,0,0,0
12649,0,0,0,0,0,0
12650,4,0,0,0,0,0
12651,0,3,0,0,0,0
12652,0,0,0,0,0,0
12653,0,0,0,0,0,0
12654,0,0,0,0,0,0
12655,0,0,0,0,0,0
12656,0,0,0,0,0,0
12657,0,0,0,0,0,0
12658,0,0,0,0,0,0
12659,0,0,0,0,0,0
12660,0,0,0,0,0,0
12661,0,0,0,0,0,0
12662,0,0,0,0,0,0
12663,0,0,0,0,0,0
12664,0,0,0,0,0,0
12665,0,1,0,0,0,0
12666,0,202,0,0,0,0
12667,0,639,2,0,0,0
12668,0,527,0,0,0,0
12669,0,0,0,0,0,0
12670,0,280,0,0,0,0
12671,0,390,0,0,0,0
12672,0,290,0,0,0,0
12673,0,140,0,0,0,0
12674,0,126,0,0,0,0
12675,0,108,0,0,0,0
12676,0,14,0,0,0,0
12677,0,0,0,0,0,0
12678,0,0,0,0,0,0
12679,0,0,0,0,0,0
12680,0,0,0,0,0,0
12681,0,0,0,0,0,0
12682,0,0,0,31,0,0
12683,0,0,0,30,0,0
12684,0,0,0,0,0,0
12685,0,0,0,0,0,0
12686,0,0,0,0,0,0
12687,0,0,0,0,0,0
12688,0,0,0,0,1,0
12689,0,0,0,0,0,0
12690,0,0,0,0,0,0
12691,0,0,0,0,0,1
12692,0,0,0,0,0,0
12693,0,0,0,0,0,0
12694,0,0,0,0,0,0
12695,0,0,0,0,0,0
12696,0,1,0,0,0,0
12697,0,31,0,0,0,0
12698,3,142,0,0,7,0
12699,4,333,0,0,4,0
12700,23,441,0,0,2,0
12701,19,379,0,0,40,0
12702,34,146,0,0,35,0
12703,11,7,0,0,55,0
12704,0,0,0,0,44,0
12705,0,140,0,0,24,0
12706,4,683,0,0,27,0
12707,1,871,0,0,12,3
12708,0,727,0,0,14,0
12709,0,411,0,0,3,0
12710,0,8,0,0,24,0
12711,0,245,0,0,0,2
12712,7,661,0,0,0,0
12713,48,794,0,0,0,0
12714,9,869,0,0,0,0
12715,0,640,0,0,0,0
12716,0,161,0,28,2,0
12717,0,128,0,2,4,0
12718,0,520,0,0,0,0
12719,0,847,0,0,0,0
12720,0,849,0,7,0,0
12721,0,676,0,0,4,0
12722,0,164,0,0,3,0
12723,0,9,0,0,4,0
12724,0,67,0,0,9,0
12725,0,18,0,0,46,7
12726,0,0,0,0,61,0
12727,0,0,0,0,10,0
12728,0,0,0,0,130,0
12729,0,0,0,0,0,0
12730,0,0,0,0,0,0
12731,0,0,0,0,0,0
12732,0,1,0,0,0,0
12733,0,9,0,8,0,0
12734,0,150,0,0,0,0
12735,2,272,0,0,0,0
12736,0,489,0,0,16,0
12737,17,689,0,0,1,0
12738,4,861,0,0,1,0
12739,55,791,0,0,0,0
12740,138,496,0,0,0,0
12741,218,401,0,0,0,0
12742,157,458,0,0,0,0
12743,95,322,0,0,0,0
12744,52,164,0,0,0,0
12745,2,144,0,0,0,0
12746,0,376,0,0,0,0
12747,0,1172,0,0,0,0
12748,0,1609,0,0,0,0
12749,0,1251,0,0,0,0
12750,0,996,0,0,0,0
12751,6,402,0,0,2,0
12752,51,4,0,0,0,0
12753,183,9,0,0,0,0
12754,330,52,0,0,0,0
12755,409,197,0,1,0,0
12756,311,538,0,25,0,0
12757,297,693,0,0,0,0
12758,210,670,0,0,0,0
12759,86,557,0,0,0,0
12760,74,286,0,0,2,0
12761,24,35,0,0,11,0
12762,0,9,0,0,17,0
12763,0,65,0,0,0,0
12764,0,37,0,0,40,0
12765,0,0,0,0,0,0
12766,0,36,0,0,16,0
12767,0,18,0,0,15,0
12768,0,3,0,0,11,0
12769,0,2,0,0,4,0
12770,0,0,0,0,22,0
12771,0,0,0,0,0,0
12772,0,0,0,0,7,0
12773,0,0,0,0,2,0
12774,0,0,0,0,0,0
12775,0,0,0,0,0,0
12776,0,0,0,0,0,0
12777,0,0,0,0,0,0
12778,0,0,0,0,0,0
12779,0,0,0,0,0,0
12780,0,0,0,0,0,0
12781,0,0,0,0,3,0
12782,0,0,0,0,0,0
12783,0,0,0,0,0,0
12784,0,0,0,0,0,0
12785,0,0,0,0,0,0
12786,0,0,0,0,0,0
12787,0,0,0,0,20,0
12788,0,9,0,0,24,0
12789,0,0,0,0,1,0
12790,0,0,0,0,4,0
12791,0,2,0,0,1,5
12792,0,7,0,0,0,0
12793,0,13,0,0,8,0
12794,0,0,0,0,7,0
12795,0,23,0,0,0,0
12796,0,18,0,0,66,0
12797,0,2,0,0,38,0
12798,0,0,0,0,8,0
12799,0,0,0,0,0,0
12800,0,0,0,0,0,0
12801,0,0,0,0,0,0
12802,0,0,0,0,0,0
12803,0,0,0,4,0,0
12804,0,0,0,0,0,0
12805,0,0,0,0,0,0
12806,0,0,0,0,0,0
12807,0,0,0,0,0,0
12808,0,0,0,0,0,0
12809,0,0,0,31,0,0
12810,0,0,0,36,0,0
12811,0,0,0,0,0,0
12812,0,0,0,0,0,0
12813,0,0,0,0,0,0
12814,0,0,0,0,0,0
12815,0,0,0,0,0,0
12816,0,0,0,0,0,0
12817,0,0,0,0,0,0
12818,0,0,0,0,0,0
12819,0,0,0,0,0,0
12820,0,0,0,0,0,0
12821,0,0,0,0,0,0
12822,0,0,0,0,0,0
12823,0,1,0,0,0,0
12824,0,0,0,0,0,0
12825,0,18,0,0,0,0
12826,0,305,0,0,0,0
12827,0,124,0,0,0,0
12828,0,185,0,0,0,0
12829,0,793,0,0,0,0
12830,0,937,0,0,2,0
12831,4,798,0,0,0,0
12832,14,559,0,0,9,0
12833,0,239,0,0,5,0
12834,0,202,0,0,19,0
12835,0,148,0,0,19,0
12836,0,7,0,0,47,0
12837,0,124,0,0,18,0
12838,0,410,0,0,48,0
12839,0,933,0,0,97,0
12840,0,1285,0,0,65,0
12841,2,1329,0,0,24,0
12842,0,1191,0,0,49,0
12843,0,450,0,0,10,0
12844,0,18,0,0,19,0
12845,0,0,0,0,48,0
12846,0,0,0,0,13,0
12847,0,41,11,0,12,0
12848,0,32,22,0,25,0
12849,0,15,49,0,0,0
12850,0,23,38,0,6,0
12851,0,13,21,0,49,0
12852,0,2,3,0,23,0
12853,0,34,15,0,0,0
12854,0,16,8,0,31,0
12855,0,0,8,0,7,0
12856,0,0,0,0,11,0
12857,0,1,0,0,59,0
12858,0,0,0,0,24,0
12859,0,0,0,0,50,0
12860,0,0,0,2,177,0
12861,0,0,0,0,17,0
12862,0,0,0,0,22,0
12863,0,0,0,0,86,0
12864,0,2,0,36,4,0
12865,0,0,0,46,57,0
12866,0,0,0,1,177,0
12867,0,0,0,0,6,0
12868,0,2,0,3,52,0
12869,0,0,0,8,0,0
12870,0,7,0,7,0,0
12871,0,23,0,0,0,0
12872,0,3,0,0,2,0
12873,0,0,0,5,0,0
12874,0,0,0,12,0,0
12875,0,0,0,2,0,0
12876,0,0,0,0,0,0
12877,0,0,0,51,0,0
12878,0,0,0,0,0,0
12879,0,4,0,10,2,0
12880,0,0,0,2,0,0
12881,0,0,0,24,0,0
12882,0,0,0,3,1,0
12883,0,0,0,0,0,0
12884,0,0,0,4,0,3
12885,0,0,0,19,0,0
12886,0,0,0,11,14,0
12887,0,0,0,0,0,0
12888,0,0,0,0,0,0
12889,0,0,0,0,9,0
12890,0,0,0,0,52,0
12891,0,0,0,0,6,0
12892,0,0,0,0,1,0
12893,0,0,0,0,25,0
12894,0,0,0,0,12,0
12895,0,0,0,0,0,0
12896,0,0,0,0,47,0
12897,0,0,0,0,11,0
12898,0,0,0,0,4,0
12899,0,0,0,0,38,0
12900,0,0,0,0,8,0
12901,0,0,0,5,17,0
12902,0,0,0,0,0,0
12903,0,0,0,11,0,0
12904,0,0,0,7,7,0
12905,0,0,0,37,0,0
12906,0,0,0,2,7,0
12907,0,0,0,23,0,0
12908,0,0,0,16,31,0
12909,0,0,0,2,9,0
12910,0,0,0,0,22,0
12911,0,0,0,0,35,10
12912,0,0,0,0,0,0
12913,0,0,0,0,6,0
12914,0,0,0,11,20,0
12915,0,0,0,1,27,0
12916,0,0,0,69,68,0
12917,0,0,0,111,66,0
12918,0,0,0,86,16,0
12919,0,0,0,23,0,0
12920,0,0,0,2,8,0
12921,0,0,0,0,2,0
12922,0,0,0,11,20,0
12923,0,0,0,6,0,0
12924,0,0,0,3,0,0
12925,0,0,0,1,4,0
12926,0,0,0,0,54,0
12927,0,0,0,0,6,0
12928,0,0,0,0,0,0
12929,0,0,0,0,10,0
12930,0,0,0,0,4,0
12931,0,0,0,2,3,0
12932,0,0,0,0,0,0
12933,0,0,0,0,2,0
12934,0,0,0,0,0,0
12935,0,0,0,6,5,0
12936,0,0,0,8,3,0
12937,0,0,0,2,11,0
12938,0,0,0,3,51,0
12939,0,0,0,0,43,0
12940,0,0,0,0,19,0
12941,0,0,0,0,48,0
12942,0,0,0,0,11,0
12943,0,0,0,0,0,0
12944,0,0,0,0,0,0
12945,0,0,0,0,0,0
12946,0,0,0,0,0,0
12947,0,0,0,0,0,0
12948,0,0,0,0,0,0
12949,0,0,0,0,0,0
12950,0,0,0,0,0,0
12951,0,0,0,0,0,0
12952,0,0,0,0,0,0
12953,0,0,0,0,0,0
12954,0,0,0,0,0,0
12955,0,0,0,0,0,0
12956,0,0,0,0,0,0
12957,0,0,0,6,0,0
12958,0,0,0,0,0,0
12959,0,0,0,0,0,0
12960,0,0,0,4,0,0
12961,0,0,0,0,4,0
12962,11,0,0,0,3,0
12963,0,0,0,0,0,0
12964,0,0,0,0,0,0
12965,0,0,0,10,0,0
12966,0,0,0,0,0,0
12967,0,0,0,0,0,0
12968,0,0,0,0,0,0
12969,0,0,0,0,0,0
12970,0,0,0,0,0,0
12971,0,0,0,0,0,0
12972,0,0,0,0,0,0
12973,0,0,0,0,0,0
12974,0,0,0,0,0,0
12975,0,0,0,0,0,0
12976,0,0,0,0,2,0
12977,0,0,0,41,0,0
12978,12,0,0,4,0,0
12979,0,0,0,0,0,0
12980,0,0,0,0,0,0
12981,0,0,0,0,0,0
12982,0,0,0,1,0,0
12983,0,0,0,0,0,0
12984,0,0,0,0,0,0
12985,9,0,0,0,0,0
12986,0,0,0,0,0,0
12987,0,0,0,0,0,0
12988,0,0,0,0,0,0
12989,0,0,0,0,0,0
12990,0,0,0,3,0,0
12991,0,0,0,2,0,0
12992,0,0,0,15,0,0
12993,0,0,0,8,0,0
12994,0,0,0,0,0,0
12995,0,0,0,0,0,0
12996,0,0,0,1,0,0
12997,4,0,0,0,4,0
12998,5,0,0,0,5,0
12999,0,0,0,0,0,0
13000,0,0,0,0,0,0
13001,0,0,0,0,0,0
13002,0,0,0,0,0,0
13003,0,0,0,0,0,0
13004,0,0,0,0,0,0
13005,0,0,0,0,0,0
13006,0,9,0,0,0,0
13007,0,0,0,0,0,0
13008,0,0,0,0,0,0
13009,0,0,0,0,0,0
13010,0,0,0,0,0,0
13011,0,0,0,0,0,0
13012,0,0,0,0,0,0
13013,0,0,0,0,0,0
13014,0,0,0,0,0,0
13015,0,0,0,0,0,0
13016,0,0,0,0,3,0
13017,0,0,0,5,0,0
13018,0,0,0,0,11,0
13019,0,0,0,12,11,0
13020,0,0,0,0,1,0
13021,2,0,0,6,6,0
13022,0,0,0,42,3,0
13023,0,0,0,0,0,0
13024,0,0,0,0,0,0
13025,0,0,0,0,0,0
13026,0,0,0,0,0,0
13027,0,0,0,0,2,0
13028,0,0,0,0,0,0
13029,0,0,0,0,0,0
13030,0,0,0,0,0,0
13031,0,0,0,0,0,0
13032,0,0,0,0,0,0
13033,0,0,0,0,0,0
13034,0,0,0,0,0,0
13035,0,0,0,0,0,0
13036,0,0,0,0,1,0
13037,0,0,0,0,33,0
13038,0,0,0,0,20,2
13039,0,0,0,0,15,0
13040,0,0,0,6,3,0
13041,0,0,0,0,0,0
13042,0,0,0,0,0,0
13043,0,0,0,0,0,0
13044,0,0,0,42,0,0
13045,0,0,0,47,6,0
13046,0,0,0,45,0,0
13047,0,0,0,20,3,0
13048,0,0,0,90,0,0
13049,0,0,0,208,0,0
13050,0,0,0,348,62,0
13051,0,0,0,399,99,0
13052,0,0,0,485,155,0
13053,0,0,0,367,134,0
13054,0,0,0,144,25,0
13055,0,0,0,234,19,0
13056,0,0,0,347,10,0
13057,0,0,0,423,102,0
13058,0,0,0,413,469,0
13059,0,0,0,201,559,0
13060,0,0,0,41,546,0
13061,0,0,0,57,331,0
13062,0,0,0,37,108,0
13063,0,0,0,109,81,0
13064,0,0,0,183,119,3
13065,0,0,0,31,318,2
13066,0,0,0,5,954,41
13067,0,0,0,11,1569,276
13068,8,0,0,46,2069,756
13069,0,0,0,54,2530,1265
13070,0,0,0,33,2389,1526
13071,0,0,0,41,2023,1592
13072,0,0,0,12,1090,1012
13073,0,0,0,32,437,503
13074,0,0,0,1,102,637
13075,0,0,0,0,327,1094
13076,0,0,0,12,510,1881
13077,0,0,0,126,178,1772
13078,0,0,0,305,685,2421
13079,0,0,0,297,755,2312
13080,0,3,0,126,307,1283
13081,0,6,0,115,720,877
13082,0,0,0,237,864,1074
13083,0,0,0,213,821,1099
13084,0,0,0,346,729,750
13085,0,0,0,451,1024,302
13086,0,0,0,533,1021,427
13087,0,0,0,221,534,944
13088,0,0,0,98,438,1204
13089,0,0,0,12,197,832
13090,0,0,0,29,281,238
13091,0,0,0,55,416,309
13092,0,0,0,147,567,144
13093,0,0,0,212,480,19
13094,0,0,0,271,210,1
13095,0,0,0,312,7,16
13096,0,0,0,201,8,20
13097,0,0,0,113,7,7
13098,0,0,0,63,16,10
13099,0,0,0,36,98,0
13100,0,0,0,85,444,0
13101,0,0,0,258,1552,3
13102,0,0,0,450,2114,20
13103,0,0,0,480,1718,312
13104,0,0,0,348,945,668
13105,0,0,0,251,497,493
13106,0,0,0,105,106,111
13107,0,0,0,89,0,0
13108,0,0,0,300,178,32
13109,0,0,0,366,732,801
13110,0,0,0,223,1028,1700
13111,0,0,0,136,956,1279
13112,0,0,0,346,302,344
13113,0,0,0,717,178,54
13114,0,0,0,816,214,124
13115,0,0,0,867,640,663
13116,0,0,0,975,1283,493
13117,0,0,0,1129,1304,500
13118,0,0,0,1147,1344,414
13119,0,0,0,995,1084,330
13120,0,0,0,927,350,390
13121,0,0,0,803,99,337
13122,0,0,0,580,10,8
13123,0,0,0,286,63,6
13124,0,0,0,55,83,0
13125,0,0,0,4,39,4
13126,0,0,0,32,16,11
13127,0,0,0,33,8,6
13128,0,0,0,56,0,0
13129,0,0,0,63,1,0
13130,0,0,0,81,4,0
13131,0,0,0,131,0,0
13132,0,0,0,12,3,0
13133,0,0,0,13,168,5
13134,0,0,0,68,9,0
13135,0,0,0,56,22,0
13136,0,0,0,30,192,0
13137,0,0,0,0,132,0
13138,0,0,0,6,94,0
13139,0,0,0,4,22,10
13140,0,0,0,0,0,0
13141,0,0,0,17,11,0
13142,0,0,0,52,0,0
13143,0,0,0,3,0,0
13144,0,0,0,0,21,0
13145,0,0,0,0,130,0
13146,0,0,0,6,78,0
13147,0,0,0,32,5,0
13148,0,0,0,70,0,0
13149,0,0,0,54,0,0
13150,0,0,0,16,0,0
13151,0,0,0,26,0,0
13152,0,0,0,7,0,0
13153,0,0,0,15,25,0
13154,0,0,0,32,35,0
13155,0,0,0,19,4,0
13156,0,0,0,15,27,0
13157,0,0,0,60,6,0
13158,0,0,0,13,7,0
13159,0,0,0,18,0,0
13160,0,0,0,64,0,0
13161,0,0,0,8,0,0
13162,0,0,0,92,18,0
13163,0,0,0,31,115,0
13164,0,0,0,7,70,0
13165,0,0,0,10,17,0
13166,0,0,0,69,9,1
13167,0,0,0,0,0,0
13168,0,0,2,2,0,0
13169,0,0,0,20,0,0
13170,0,0,0,16,0,0
13171,0,0,3,9,11,0
13172,0,0,0,0,24,0
13173,0,0,0,0,3,0
13174,0,0,0,1,0,0
13175,10,0,0,0,0,0
13176,0,0,0,0,4,0
13177,2,0,0,0,0,0
13178,0,0,0,0,0,0
13179,0,0,0,0,0,0
13180,0,0,0,0,30,0
13181,0,0,0,0,38,0
13182,0,0,0,8,0,0
13183,0,0,0,22,0,0
13184,0,0,0,2,10,0
13185,0,0,0,10,0,0
13186,3,0,0,14,28,0
13187,0,0,0,28,2,0
13188,0,0,0,10,2,0
13189,0,0,0,20,0,0
13190,0,0,0,84,0,0
13191,0,0,0,95,0,0
13192,0,0,0,45,0,0
13193,0,0,0,17,3,0
13194,0,0,0,111,6,0
13195,0,0,0,134,4,0
13196,0,0,0,287,12,0
13197,0,0,0,416,5,0
13198,4,0,0,631,4,0
13199,12,0,0,702,7,0
13200,34,0,0,892,7,0
13201,58,0,0,977,76,0
13202,57,0,0,1247,142,0
13203,69,0,0,1318,135,0
13204,19,0,0,1412,411,0
13205,1,0,0,1392,559,0
13206,0,0,0,1389,757,0
13207,0,0,0,1303,969,0
13208,0,0,0,1247,1337,5
13209,0,0,0,1122,1169,0
13210,0,0,0,1011,1130,0
13211,0,0,0,792,968,0
13212,0,0,0,715,903,0
13213,2,0,0,632,753,0
13214,2,0,0,427,479,0
13215,9,0,0,300,96,0
13216,22,10,7,249,68,3
13217,29,13,29,225,84,0
13218,11,7,50,202,165,0
13219,8,0,62,193,160,0
13220,0,0,23,268,298,4
13221,0,0,0,283,134,5
13222,0,0,0,291,103,0
13223,0,0,5,296,75,0
13224,0,0,27,365,46,0
13225,0,0,42,440,12,0
13226,0,4,42,344,47,8
13227,0,0,4,238,38,0
13228,0,5,8,22,26,0
13229,0,0,0,37,32,0
13230,0,0,0,55,26,0
13231,0,0,0,0,65,0
13232,0,0,0,0,20,0
13233,0,0,0,0,7,0
13234,0,0,0,0,6,0
13235,0,0,0,14,0,0
13236,0,0,0,38,0,0
13237,0,0,0,0,0,0
13238,0,0,0,0,23,0
13239,0,0,0,0,204,0
13240,0,0,0,0,255,0
13241,0,0,0,0,277,0
13242,0,0,0,0,135,0
13243,0,0,0,0,0,0
13244,0,0,0,0,0,0
13245,0,0,0,3,0,0
13246,0,0,0,0,0,0
13247,0,0,0,2,0,0
13248,0,0,0,4,0,0
13249,0,0,0,0,0,0
13250,0,0,0,8,0,0
13251,0,0,0,32,0,0
13252,0,0,0,69,0,0
13253,0,0,0,51,47,0
13254,0,0,0,26,0,0
13255,0,0,0,0,0,0
13256,0,0,0,0,0,0
13257,0,0,0,23,17,0
13258,0,0,0,69,0,0
13259,0,0,0,39,2,0
13260,0,0,0,0,37,0
13261,0,0,0,7,50,0
13262,0,0,0,18,0,0
13263,0,0,0,37,0,0
13264,0,0,0,12,0,0
13265,0,0,0,7,0,0
13266,0,0,0,77,0,0
13267,0,0,0,68,0,0
13268,0,0,0,28,0,0
13269,0,0,0,78,0,0
13270,0,0,0,93,0,0
13271,0,0,0,27,12,0
13272,0,0,0,102,4,0
13273,0,0,0,317,30,0
13274,0,0,0,235,0,0
13275,0,0,0,30,0,0
13276,0,0,0,23,4,0
13277,0,0,0,61,0,0
13278,0,0,0,4,2,0
13279,0,0,0,18,43,0
13280,0,0,0,9,161,0
13281,0,0,0,3,216,0
13282,0,0,0,50,78,0
13283,0,0,0,40,0,0
13284,0,0,0,38,2,0
13285,0,0,0,9,75,0
13286,0,0,0,7,59,0
13287,0,0,0,0,7,0
13288,0,0,0,5,0,0
13289,0,0,0,1,0,0
13290,0,0,0,0,0,0
13291,0,0,0,4,4,0
13292,0,0,0,11,47,0
13293,0,0,0,0,1,0
13294,0,0,0,0,0,0
13295,0,0,0,0,0,0
13296,0,0,0,6,0,0
13297,0,0,0,1,64,0
13298,0,0,0,4,113,0
13299,0,0,0,16,60,0
13300,0,0,0,87,0,0
13301,0,0,0,96,0,0
13302,0,0,0,41,0,0
13303,0,0,0,55,0,0
13304,0,0,0,95,0,0
13305,0,0,0,179,0,0
13306,0,0,0,197,8,0
13307,0,0,0,180,68,0
13308,0,0,0,230,45,0
13309,0,0,0,353,74,0
13310,0,0,0,410,36,0
13311,0,0,0,482,2,0
13312,0,0,0,507,0,0
13313,0,0,0,462,0,0
13314,0,0,0,397,5,0
13315,0,0,0,195,6,0
13316,0,0,0,35,0,0
13317,0,0,0,0,7,0
13318,0,0,0,0,116,0
13319,0,0,0,0,265,0
13320,0,0,0,0,279,0
13321,0,0,0,0,565,0
13322,0,0,0,0,638,0
13323,0,0,0,0,760,0
13324,0,0,0,0,1050,0
13325,0,0,0,0,872,0
13326,0,0,0,0,559,0
13327,0,0,0,0,305,0
13328,0,0,0,4,166,0
13329,0,0,0,2,31,0
13330,0,0,0,0,31,0
13331,0,0,0,0,59,12
13332,0,0,0,0,35,0
13333,0,0,0,0,64,0
13334,0,0,0,67,43,0
13335,0,0,0,29,33,0
13336,0,0,0,23,92,0
13337,0,0,0,188,105,0
13338,0,0,0,85,32,0
13339,0,0,0,33,58,0
13340,0,0,0,13,410,10
13341,0,0,0,35,606,0
13342,0,0,0,9,941,0
13343,0,0,0,0,1694,0
13344,0,0,0,0,2733,3
13345,0,0,0,2,4004,118
13346,0,0,0,0,4633,6
13347,0,0,0,0,6839,10
13348,0,0,0,0,8519,0
13349,0,0,0,40,9882,46
13350,0,0,0,12,10901,0
13351,0,0,0,18,11532,1
13352,0,0,0,9,11528,0
13353,0,0,0,39,9549,7
13354,0,0,0,0,7163,0
13355,0,0,0,0,6412,0
13356,0,0,0,24,6749,0
13357,0,0,0,49,7367,36
13358,0,0,0,211,7962,26
13359,0,0,0,186,6549,14
13360,0,0,0,150,5771,49
13361,0,0,0,171,4606,8
13362,0,0,0,356,3336,0
13363,0,0,0,568,2615,0
13364,0,0,0,580,2432,0
13365,0,0,0,555,2163,1
13366,0,0,0,356,2517,0
13367,0,0,0,293,3362,0
13368,0,0,0,211,5130,0
13369,0,0,0,268,6670,0
13370,0,0,0,506,7430,0
13371,0,0,0,438,7323,0
13372,0,0,0,339,6396,0
13373,0,0,0,249,4004,0
13374,0,0,0,51,1422,0
13375,0,0,0,36,1948,0
13376,0,0,0,143,4195,0
13377,0,0,0,217,5535,0
13378,0,0,0,116,5534,0
13379,0,0,0,9,4587,0
13380,0,0,0,47,3633,0
13381,0,0,0,294,3387,0
13382,0,0,0,645,2444,0
13383,0,0,0,656,1009,0
13384,0,0,0,270,419,0
13385,0,0,0,0,2252,0
13386,0,0,0,82,4618,0
13387,0,0,0,73,6764,0
13388,0,0,0,11,7301,0
13389,0,0,0,14,7039,0
13390,0,0,0,0,5660,0
13391,0,0,0,5,3430,0
13392,0,0,0,3,1364,0
13393,0,0,0,6,1437,0
13394,0,0,0,48,3635,0
13395,0,0,0,46,6748,0
13396,0,0,0,78,9384,6
13397,0,0,0,315,10687,0
13398,0,0,0,460,11198,0
13399,0,0,0,526,11899,0
13400,0,0,0,584,11695,0
13401,0,0,0,438,10268,0
13402,0,0,0,393,8991,0
13403,0,0,0,474,7237,0
13404,0,0,0,562,5715,0
13405,0,0,0,577,4468,0
13406,0,0,0,476,2526,0
13407,0,0,0,452,2489,0
13408,0,0,0,279,6277,0
13409,0,0,0,138,11135,0
13410,0,0,0,264,15171,0
13411,0,0,0,313,18018,0
13412,0,0,0,375,19358,0
13413,0,0,0,493,18557,0
13414,0,0,0,648,16213,0
13415,0,0,0,713,13769,0
13416,0,0,0,529,11261,0
13417,0,0,0,404,10597,0
13418,0,0,0,239,8859,0
13419,0,0,0,81,6944,0
13420,0,0,0,12,5259,0
13421,0,0,0,59,3730,0
13422,0,0,0,376,2523,0
13423,0,0,0,489,2911,0
13424,0,0,0,374,3419,0
13425,0,0,0,285,3803,0
13426,0,0,0,217,4415,0
13427,0,0,0,230,5392,0
13428,0,0,0,199,5600,0
13429,0,0,0,173,5775,0
13430,0,0,0,95,3812,0
13431,0,0,0,98,1974,0
13432,0,0,0,99,1822,0
13433,0,0,0,171,1885,0
13434,0,0,0,322,2572,0
13435,0,0,0,541,2589,0
13436,0,0,0,677,1805,0
13437,0,0,0,540,1445,0
13438,0,0,0,605,1148,0
13439,0,0,0,640,820,17
13440,0,0,0,560,620,3
13441,2,0,0,552,474,0
13442,2,0,0,540,1216,2
13443,0,0,0,668,3989,0
13444,0,0,0,756,7142,0
13445,0,0,0,1428,8267,0
13446,0,0,0,1638,6790,12
13447,0,0,0,1817,4677,46
13448,0,0,0,1593,3212,32
13449,0,0,0,1553,3813,0
13450,0,0,0,1286,4251,6
13451,0,0,0,962,5378,49
13452,0,0,0,559,4202,29
13453,4,0,0,271,3342,64
13454,2,0,0,77,840,1
13455,5,0,0,0,25,3
13456,7,0,0,3,456,0
13457,20,0,0,11,400,0
13458,8,0,0,105,945,2
13459,3,0,0,214,458,0
13460,2,0,0,349,562,13
13461,0,0,0,386,234,12
13462,0,0,0,342,406,2
13463,0,0,0,239,295,15
13464,0,0,0,52,159,0
13465,0,0,0,11,72,0
13466,0,0,0,25,285,2
13467,0,0,0,0,47,10
13468,0,0,0,15,158,4
13469,0,0,0,0,12,2
13470,0,0,0,0,54,2
13471,6,0,0,21,59,6
13472,0,0,0,11,165,0
13473,0,0,0,74,172,0
13474,0,0,0,43,93,0
13475,0,0,0,103,88,0
13476,0,0,0,74,22,303
13477,9,0,0,14,32,615
13478,0,0,0,2,70,86
13479,0,0,0,1,24,0
13480,2,0,0,8,9,61
13481,13,0,0,0,7,159
13482,6,0,0,0,4,157
13483,0,0,0,0,0,32
13484,0,1,0,0,0,0
13485,5,7,0,0,0,0
13486,2,0,0,0,1,8
13487,0,0,0,0,0,7
13488,0,0,0,2,0,0
13489,0,7,0,14,0,0
13490,0,0,0,17,0,0
13491,0,2,0,57,0,0
13492,0,60,0,162,0,0
13493,0,22,0,264,51,0
13494,0,0,0,266,47,0
13495,0,0,0,332,41,0
13496,0,0,0,310,71,5
13497,0,0,0,281,30,0
13498,0,0,0,234,14,0
13499,0,0,0,271,440,0
13500,0,0,0,317,3040,0
13501,0,0,0,459,6550,22
13502,0,0,0,346,6494,0
13503,0,0,0,151,5469,1
13504,0,0,0,183,5503,8
13505,0,11,0,358,6453,13
13506,0,1,0,448,6282,12
13507,0,16,0,731,4736,0
13508,0,7,0,659,3472,0
13509,0,0,0,309,2976,8
13510,0,0,0,117,2833,0
13511,0,0,0,62,2623,0
13512,0,0,0,114,3252,0
13513,0,0,0,186,3147,0
13514,0,0,0,202,4035,19
13515,0,0,0,349,5406,26
13516,0,0,0,533,5205,110
13517,0,0,0,553,6802,83
13518,0,0,0,686,6817,129
13519,0,0,0,675,6088,24
13520,0,0,0,793,4567,159
13521,0,0,0,991,3099,136
13522,0,0,0,938,1731,27
13523,0,0,0,1021,2126,1
13524,0,0,0,1003,1204,0
13525,0,0,0,908,1419,0
13526,0,0,0,935,673,2
13527,0,0,0,746,996,7
13528,0,0,0,658,534,0
13529,0,0,0,397,752,0
13530,0,0,0,296,407,0
13531,0,0,0,71,378,1
13532,0,0,0,15,96,1
13533,0,6,0,2,50,0
13534,0,8,0,0,13,0
13535,0,0,0,0,153,0
13536,0,0,0,0,809,0
13537,0,0,0,6,1050,0
13538,0,0,0,3,1279,0
13539,0,0,0,0,1273,0
13540,0,0,0,18,1238,0
13541,0,0,0,0,729,13
13542,0,0,0,25,675,0
13543,0,54,0,0,430,0
13544,0,0,0,25,608,0
13545,0,2,0,0,350,0
13546,0,0,0,12,412,4
13547,0,0,0,1,523,0
13548,0,0,0,2,428,0
13549,0,0,0,0,573,0
13550,0,0,0,4,662,9
13551,0,0,0,0,694,0
13552,0,0,0,3,182,0
13553,0,0,0,59,251,0
13554,0,0,0,148,322,0
13555,0,0,0,382,573,0
13556,0,0,0,419,903,0
13557,0,0,0,428,1359,0
13558,0,0,0,338,781,0
13559,0,0,0,157,464,0
13560,0,0,0,6,104,0
13561,0,0,0,0,135,0
13562,0,0,0,8,86,0
13563,0,0,0,29,149,0
13564,0,0,0,29,129,0
13565,0,0,0,16,82,0
13566,0,0,0,5,106,0
13567,0,0,0,0,119,0
13568,0,0,0,0,234,0
13569,0,0,0,0,51,0
13570,0,0,0,0,0,0
13571,0,0,0,0,29,0
13572,0,0,0,0,129,0
13573,0,0,0,4,115,0
13574,0,0,0,7,140,0
13575,0,0,0,0,35,0
13576,0,0,0,6,19,0
13577,0,0,0,16,5,0
13578,0,0,0,18,5,0
13579,0,0,0,0,0,0
13580,0,0,0,5,1,0
13581,0,0,0,0,13,0
13582,0,0,0,0,64,0
13583,0,0,0,0,125,0
13584,0,0,0,0,59,0
13585,0,0,0,3,1,0
13586,0,0,0,0,3,0
13587,0,0,0,0,52,0
13588,7,0,0,1,97,0
13589,0,0,0,0,45,0
13590,0,0,0,3,1,0
13591,0,0,0,0,2,0
13592,0,0,0,0,0,0
13593,0,0,0,0,0,0
13594,0,0,0,0,0,0
13595,0,0,0,0,0,0
13596,0,0,0,0,0,0
13597,0,0,0,0,0,0
13598,0,0,0,0,0,0
13599,0,0,0,0,0,0
13600,0,0,0,0,0,0
13601,0,0,0,0,0,0
13602,0,0,0,0,55,0
13603,0,0,0,2,75,0
13604,0,0,0,0,10,0
13605,0,0,0,0,6,0
13606,0,0,0,0,11,0
13607,0,0,0,0,0,0
13608,0,0,0,0,0,0
13609,0,0,0,0,0,0
13610,0,0,0,0,0,0
13611,0,0,0,0,0,0
13612,0,0,0,0,8,0
13613,0,0,0,0,41,0
13614,0,0,0,0,134,0
13615,0,0,0,0,105,0
13616,0,0,0,7,87,0
13617,0,0,0,0,19,0
13618,0,0,0,2,0,0
13619,0,0,0,44,2,0
13620,0,0,0,0,0,0
13621,0,0,0,6,72,0
13622,0,0,0,3,164,0
13623,0,0,0,7,240,0
13624,0,0,0,2,325,0
13625,0,0,0,1,75,0
13626,0,0,0,0,11,0
13627,0,0,0,0,0,0
13628,0,0,0,4,0,0
13629,0,0,0,0,0,0
13630,0,0,0,0,31,0
13631,0,0,0,0,127,0
13632,0,0,0,0,146,0
13633,0,0,0,37,61,0
13634,0,0,0,116,80,0
13635,0,0,0,176,26,0
13636,0,0,0,162,23,0
13637,0,0,0,91,110,0
13638,0,0,0,44,155,0
13639,0,0,0,20,40,0
13640,0,0,0,2,90,0
13641,0,0,0,0,133,0
13642,0,0,0,0,79,0
13643,0,0,0,0,90,0
13644,0,0,0,0,116,0
13645,0,0,0,0,98,0
13646,0,0,0,0,32,0
13647,0,0,0,0,19,0
13648,0,0,0,0,8,0
13649,0,0,0,0,29,0
13650,0,0,0,0,110,0
13651,0,0,0,0,218,0
13652,0,0,0,0,50,0
13653,0,0,0,0,0,0
13654,0,0,0,0,0,0
13655,0,0,0,0,0,0
13656,0,0,0,0,0,0
13657,0,0,0,0,0,0
13658,0,0,0,0,0,0
13659,0,0,0,0,0,0
13660,0,0,0,0,0,0
13661,0,0,0,0,0,0
13662,0,0,0,0,0,0
13663,0,0,0,0,24,0
13664,0,0,0,0,19,0
13665,0,0,0,0,21,0
13666,0,0,0,0,36,0
13667,0,0,0,0,62,0
13668,0,0,0,0,92,0
13669,0,0,0,0,0,0
13670,0,0,0,0,0,0
13671,0,0,0,0,32,0
13672,0,0,0,0,25,0
13673,0,0,0,0,26,0
13674,0,0,0,0,131,0
13675,0,0,0,0,89,0
13676,0,0,0,0,15,0
13677,0,0,0,0,0,0
13678,0,0,0,0,3,0
13679,0,0,0,0,0,0
13680,0,0,0,0,7,0
13681,0,0,0,0,0,0
13682,0,0,0,0,0,0
13683,0,0,0,0,7,0
13684,0,0,0,0,3,0
13685,0,0,0,0,5,0
13686,0,0,0,0,32,0
13687,0,0,0,0,38,0
13688,0,0,0,0,9,0
13689,0,0,0,0,38,0
13690,0,0,0,30,55,0
13691,0,0,0,1,55,0
13692,0,0,0,0,108,0
13693,0,0,0,0,167,0
13694,0,0,0,0,165,0
13695,0,0,0,0,110,0
13696,0,0,0,0,23,0
13697,0,0,0,0,5,0
13698,0,0,0,0,57,0
13699,0,0,0,0,1,0
13700,0,0,0,0,0,0
13701,0,0,0,0,0,0
13702,0,0,0,0,0,0
13703,0,0,0,0,49,0
13704,0,0,0,0,79,0
13705,0,0,0,0,77,0
13706,0,0,0,0,1,0
13707,0,0,0,0,38,0
13708,0,0,0,0,57,0
13709,0,0,0,0,15,0
13710,0,0,0,0,36,0
13711,0,0,0,0,112,0
13712,0,0,0,0,12,0
13713,0,0,0,0,0,0
13714,0,0,0,0,0,0
13715,0,0,0,0,31,0
13716,0,0,0,0,5,0
13717,0,0,0,0,0,0
13718,0,0,0,0,10,0
13719,0,0,0,0,99,0
13720,0,0,0,0,101,0
13721,0,0,0,0,45,0
13722,0,0,0,0,37,0
13723,0,0,0,0,0,0
13724,0,0,0,0,0,0
13725,0,0,0,0,0,0
13726,0,0,0,0,5,0
13727,0,0,0,0,0,0
13728,0,0,0,0,0,0
13729,0,0,0,0,33,0
13730,0,0,0,0,20,0
13731,0,0,0,0,0,0
13732,0,0,0,0,0,0
13733,0,0,0,0,6,0
13734,0,0,0,0,109,0
13735,0,0,0,0,47,0
13736,0,0,0,0,49,0
13737,0,0,0,0,0,0
13738,2,3,0,0,14,0
13739,4,0,0,0,6,0
13740,0,0,0,0,0,0
13741,0,9,0,0,0,0
13742,0,13,0,0,16,0
13743,0,0,0,0,0,0
13744,0,0,0,0,0,0
13745,0,0,0,0,57,0
13746,0,0,0,0,110,0
13747,0,0,0,0,77,0
13748,0,0,0,0,0,0
13749,0,0,0,0,0,0
13750,0,0,0,0,0,0
13751,0,0,0,6,0,0
13752,0,0,0,22,0,0
13753,0,0,0,0,2,0
13754,2,0,0,0,0,0
13755,0,0,0,0,0,0
13756,0,22,0,0,5,0
13757,0,8,0,0,0,0
13758,0,6,0,0,0,0
13759,0,2,0,0,0,0
13760,0,5,0,0,29,0
13761,0,25,0,0,36,0
13762,0,10,0,0,30,0
13763,0,60,0,0,0,0
13764,0,38,0,0,5,0
13765,0,33,0,0,11,0
13766,0,76,0,0,15,0
13767,0,85,0,0,0,0
13768,0,47,0,0,0,0
13769,0,101,0,0,11,0
13770,0,40,0,0,23,0
13771,0,4,0,1,43,0
13772,0,0,0,0,0,0
13773,0,0,0,0,0,0
13774,0,0,0,0,0,0
13775,0,24,0,35,26,0
13776,0,2,0,17,21,0
13777,0,0,0,35,61,0
13778,0,1,0,0,57,0
13779,0,28,0,0,13,0
13780,0,49,3,0,4,0
13781,0,17,0,0,31,0
13782,0,0,0,3,18,0
13783,0,0,0,53,31,0
13784,0,7,0,51,50,0
13785,0,3,0,39,154,0
13786,0,8,0,23,147,0
13787,0,0,0,19,135,0
13788,0,32,0,0,170,0
13789,0,173,1,0,117,0
13790,0,358,8,0,118,0
13791,0,225,9,0,104,0
13792,0,161,0,17,26,0
13793,0,14,0,5,13,0
13794,0,0,0,54,21,0
13795,0,0,0,25,70,0
13796,0,0,0,3,140,0
13797,0,0,0,0,68,0
13798,0,0,0,13,49,0
13799,0,0,0,26,29,0
13800,0,0,0,3,5,0
13801,0,0,0,1,7,0
13802,0,0,0,0,3,0
13803,0,0,0,0,0,0
13804,0,0,0,0,0,0
13805,0,0,0,0,0,0
13806,0,0,0,0,0,0
13807,0,0,0,0,0,0
13808,0,0,0,0,0,0
13809,0,0,0,0,0,0
13810,0,0,0,0,10,0
13811,0,0,0,0,5,0
13812,0,0,0,0,6,0
13813,0,0,0,0,0,0
13814,0,0,0,0,0,0
13815,0,0,0,0,0,0
13816,0,0,0,0,4,0
13817,0,0,0,0,4,0
13818,0,0,0,0,0,0
13819,0,0,0,0,0,0
13820,0,0,0,0,0,0
13821,0,0,0,7,0,0
13822,0,0,0,0,0,0
13823,0,0,0,0,0,0
13824,0,0,0,0,0,0
13825,0,0,0,0,0,0
13826,0,0,0,0,0,0
13827,0,0,0,0,0,0
13828,0,0,0,0,0,0
13829,0,0,0,0,0,0
13830,0,0,0,0,0,0
13831,0,0,0,0,14,0
13832,0,0,0,0,0,0
13833,0,0,0,0,2,0
13834,0,0,0,0,5,0
13835,0,0,0,0,0,0
13836,0,0,0,5,64,0
13837,0,0,0,0,0,0
13838,0,0,0,0,2,0
13839,0,0,0,0,0,0
13840,0,0,0,0,0,0
13841,0,0,0,0,0,0
13842,0,0,0,0,0,0
13843,0,0,0,0,4,0
13844,0,0,0,0,4,0
13845,0,0,0,0,1,0
13846,0,0,0,0,118,3
13847,0,0,0,0,1,0
13848,0,0,0,0,28,0
13849,0,0,0,0,0,1
13850,0,0,0,0,0,0
13851,0,0,0,0,2,0
13852,0,0,0,0,53,0
13853,0,0,0,0,4,0
13854,0,0,0,0,77,0
13855,0,0,0,1,2,0
13856,0,0,0,0,35,0
13857,0,0,0,0,0,0
13858,0,0,0,3,11,0
13859,0,0,0,43,0,0
13860,0,0,0,0,0,0
13861,0,0,0,2,6,0
13862,0,0,0,0,9,0
13863,0,2,0,0,7,0
13864,0,26,0,0,16,0
13865,0,18,0,0,43,0
13866,0,97,0,0,15,0
13867,0,114,3,0,10,0
13868,0,86,0,0,0,0
13869,0,29,0,0,0,0
13870,0,46,0,0,0,0
13871,0,272,0,0,0,0
13872,0,455,0,0,0,0
13873,0,614,0,0,0,0
13874,0,595,0,0,0,0
13875,0,639,0,0,0,0
13876,0,498,1,0,9,0
13877,0,467,30,0,0,0
13878,0,411,32,0,0,0
13879,0,366,12,0,0,0
13880,0,193,0,0,0,0
13881,0,254,0,0,0,0
13882,0,1072,17,0,0,0
13883,0,1201,9,0,0,0
13884,0,670,18,0,0,0
13885,0,871,7,0,0,0
13886,0,1347,2,0,0,0
13887,0,1099,0,0,0,0
13888,0,619,0,0,0,0
13889,0,509,0,0,102,0
13890,0,344,0,0,110,0
13891,0,97,0,0,148,0
13892,0,447,0,0,113,0
13893,0,715,0,0,259,0
13894,0,780,0,23,509,0
13895,0,686,0,37,515,0
13896,12,137,0,46,169,0
13897,4,19,0,14,89,0
13898,8,112,0,11,29,0
13899,0,210,0,0,50,0
13900,2,284,0,0,230,0
13901,0,256,0,0,608,0
13902,0,41,0,3,565,0
13903,0,7,2,0,342,0
13904,0,55,0,0,86,0
13905,0,87,0,2,0,0
13906,0,10,0,0,6,0
13907,0,19,0,0,12,0
13908,0,297,2,0,3,0
13909,0,762,55,0,1,0
13910,0,1100,65,0,15,0
13911,0,660,30,0,8,0
13912,0,338,47,10,0,0
13913,0,849,78,0,0,0
13914,0,1326,38,0,0,0
13915,0,1373,3,0,2,0
13916,0,1025,0,0,25,0
13917,0,792,0,0,8,0
13918,0,1428,5,0,8,0
13919,0,3053,71,0,12,0
13920,0,3521,50,0,2,0
13921,0,3583,23,0,15,0
13922,0,3696,0,0,8,0
13923,0,3730,2,0,0,0
13924,0,3637,0,0,2,0
13925,2,2375,77,0,0,0
13926,0,1548,0,0,0,0
13927,0,1842,0,0,0,0
13928,0,1633,0,0,0,0
13929,0,1692,0,0,0,0
13930,0,2290,0,0,0,0
13931,0,2659,1,0,0,0
13932,0,3029,5,0,0,0
13933,0,3030,0,0,7,0
13934,0,2892,4,0,24,0
13935,0,2730,31,0,3,0
13936,0,3440,39,0,1,0
13937,0,3571,36,1,9,0
13938,0,3413,58,0,2,0
13939,0,2549,74,22,2,0
13940,0,160,34,1,0,0
13941,0,1035,28,0,7,0
13942,0,1302,47,0,16,0
13943,0,1095,4,1,30,0
13944,4,660,0,0,49,0
13945,0,252,0,0,43,0
13946,0,276,0,0,60,0
13947,0,558,0,0,13,0
13948,0,1236,0,0,0,0
13949,0,1382,0,0,16,0
13950,0,1348,0,0,0,0
13951,0,1434,0,0,4,0
13952,0,1117,0,0,4,0
13953,0,1194,0,0,0,0
13954,0,1923,0,0,0,0
13955,0,2580,0,14,0,0
13956,0,2743,0,8,0,0
13957,0,2626,0,45,0,0
13958,0,3048,0,91,5,0
13959,0,3577,0,144,4,0
13960,0,3537,18,258,34,0
13961,0,3939,50,490,283,0
13962,0,4118,0,576,115,0
13963,0,4742,0,749,431,0
13964,0,5944,0,921,391,0
13965,0,5365,7,1017,702,5
13966,0,5223,0,1155,577,4
13967,0,5124,0,1202,620,0
13968,0,4449,0,1167,514,0
13969,0,3616,0,1131,575,0
13970,0,3155,0,1033,512,0
13971,0,1285,0,959,773,0
13972,0,827,0,771,661,0
13973,0,669,0,432,708,0
13974,0,318,0,285,900,0
13975,0,749,0,167,1260,0
13976,0,1845,0,156,1642,5
13977,0,2313,0,223,1707,7
13978,0,2243,0,262,1262,0
13979,0,1933,0,205,1181,0
13980,0,2056,0,93,845,0
13981,0,2645,0,32,564,0
13982,0,2900,0,17,670,0
13983,0,2912,0,10,668,0
13984,0,2552,0,14,622,0
13985,0,2089,0,9,1124,0
13986,0,1536,0,16,1302,0
13987,0,916,0,8,1400,0
13988,0,785,0,10,1462,0
13989,0,693,0,46,1746,0
13990,0,331,0,18,1568,0
13991,0,397,0,19,1548,0
13992,0,619,0,29,1534,0
13993,0,777,0,47,1414,0
13994,0,1038,0,20,1881,0
13995,0,1282,0,16,2564,0
13996,0,1333,0,81,3432,1
13997,0,1411,0,167,3860,1
13998,0,1424,0,182,3659,61
13999,0,1363,0,171,3330,61
14000,0,1083,0,63,4113,21
14001,0,608,0,48,3026,47
14002,0,116,0,51,1994,0
14003,0,57,0,69,2041,0
14004,0,1250,0,188,2156,10
14005,0,2621,0,308,2216,1
14006,0,3377,0,232,2422,0
14007,0,4010,0,184,1387,0
14008,10,4386,1,137,924,14
14009,0,4402,0,26,760,0
14010,0,4449,0,10,700,0
14011,0,3794,0,29,1283,12
14012,11,2470,2,45,1002,11
14013,47,3406,0,20,727,26
14014,80,3554,0,0,412,0
14015,36,3537,0,11,318,0
14016,18,3751,0,60,174,4
14017,1,2725,13,15,188,0
14018,0,2518,0,3,608,0
14019,0,3780,6,0,794,0
14020,0,4654,0,25,933,0
14021,32,5655,0,149,727,0
14022,254,7013,0,126,362,0
14023,257,7022,9,19,187,0
14024,59,7327,162,0,2,0
14025,0,6612,179,0,229,0
14026,11,2193,0,0,619,0
14027,24,4559,0,0,591,0
14028,8,7068,0,2,668,0
14029,0,8388,0,8,170,0
14030,0,9463,0,45,2,0
14031,0,9293,2,22,0,0
14032,0,9127,83,52,0,0
14033,5,8925,277,83,0,0
14034,2,8753,161,67,6,0
14035,2,8442,27,41,140,0
14036,0,7757,199,48,103,0
14037,0,6699,474,39,20,0
14038,0,5954,269,0,0,0
14039,0,5014,96,0,43,0
14040,0,4163,0,0,22,0
14041,4,3543,39,6,25,0
14042,0,3673,126,3,72,0
14043,0,3617,168,55,1,0
14044,0,3530,165,102,0,0
14045,0,2121,89,101,35,0
14046,0,468,57,26,95,0
14047,0,1089,71,0,131,0
14048,0,992,51,0,142,0
14049,0,608,45,0,101,0
14050,2,186,8,0,79,1
14051,6,31,0,27,37,0
14052,0,5,0,0,0,2
14053,0,0,0,4,32,0
14054,6,0,0,0,1,0
14055,0,0,0,0,0,0
14056,0,51,0,0,0,0
14057,0,58,0,2,26,0
14058,0,46,0,0,145,0
14059,0,34,0,0,155,0
14060,0,0,0,0,143,0
14061,0,0,0,0,54,0
14062,0,4,0,10,66,0
14063,0,14,2,0,16,0
14064,0,16,10,0,38,0
14065,0,156,15,0,111,0
14066,4,151,36,0,109,0
14067,0,0,0,0,48,0
14068,6,0,0,0,8,0
14069,8,0,0,3,0,0
14070,0,0,0,56,0,0
14071,4,17,0,0,19,0
14072,0,14,0,0,11,0
14073,0,22,0,0,72,0
14074,0,22,0,3,74,0
14075,0,11,0,0,52,0
14076,0,0,0,0,0,0
14077,0,3,0,0,22,0
14078,0,9,0,0,40,0
14079,0,1,0,0,6,0
14080,0,0,0,0,15,0
14081,0,0,0,0,57,0
14082,0,0,0,0,17,0
14083,0,0,0,0,0,0
14084,0,0,0,0,0,0
14085,0,0,0,0,0,0
14086,0,0,0,2,18,0
14087,0,0,0,0,23,0
14088,0,0,0,0,0,0
14089,0,0,0,0,12,0
14090,0,0,0,0,7,0
14091,0,0,0,0,0,0
14092,0,0,0,0,11,0
14093,0,0,0,0,28,4
14094,0,0,0,0,17,0
14095,0,0,0,0,2,0
14096,0,0,0,1,75,0
14097,0,0,0,0,34,5
14098,0,0,0,0,0,0
14099,0,0,0,0,41,0
14100,0,0,0,0,30,0
14101,0,0,0,2,89,0
14102,0,0,0,0,40,0
14103,0,0,0,0,28,0
14104,0,0,0,0,0,0
14105,0,0,0,0,0,0
14106,0,0,0,0,0,0
14107,0,0,0,0,0,0
14108,0,0,0,0,0,0
14109,0,0,0,0,0,0
14110,0,0,0,0,0,0
14111,0,0,0,0,0,0
14112,0,0,0,0,0,0
14113,0,0,0,0,0,0
14114,0,0,0,0,0,0
14115,0,0,0,0,0,0
14116,0,0,0,0,0,0
14117,0,0,0,0,1,0
14118,0,0,0,0,2,0
14119,0,0,0,0,0,0
14120,0,0,0,0,0,0
14121,0,0,0,0,0,0
14122,0,0,0,0,0,0
14123,0,0,0,0,0,0
14124,0,0,0,0,0,0
14125,0,0,0,0,0,0
14126,0,0,0,0,0,0
14127,0,0,0,0,0,0
14128,0,0,0,0,0,0
14129,0,0,0,0,0,0
14130,0,0,0,0,0,0
14131,0,0,0,53,0,0
14132,0,0,0,0,0,0
14133,0,0,0,0,0,0
14134,0,0,0,0,0,0
14135,0,0,0,0,3,0
14136,0,0,0,0,0,0
14137,3,4,0,0,0,0
14138,0,18,0,0,0,0
14139,0,20,0,0,0,0
14140,0,37,0,0,0,0
14141,0,17,0,0,0,0
14142,0,3,0,0,0,0
14143,0,8,0,0,9,0
14144,0,0,0,0,43,0
14145,0,0,0,0,2,0
14146,0,9,0,0,22,0
14147,0,0,0,0,30,0
14148,23,0,0,0,2,0
14149,80,0,0,0,0,0
14150,104,0,0,0,0,0
14151,157,0,0,0,0,0
14152,128,0,0,0,0,0
14153,46,0,0,0,0,0
14154,0,58,0,0,0,0
14155,0,211,1,0,0,0
14156,0,360,5,0,0,0
14157,39,600,1,0,0,0
14158,80,1227,137,0,2,0
14159,90,2073,2088,0,15,0
14160,67,3377,2027,0,16,0
14161,63,5297,1875,0,4,0
14162,28,7222,1848,0,19,0
14163,7,8499,1700,0,11,0
14164,0,9864,1095,0,2,0
14165,0,11010,19,0,0,0
14166,2,10747,0,0,0,0
14167,28,8961,0,0,0,0
14168,20,4809,0,0,0,0
14169,0,2035,0,0,0,0
14170,0,1273,0,0,3,0
14171,5,4631,0,0,0,0
14172,34,7589,0,0,0,0
14173,70,8257,0,0,0,0
14174,119,6335,0,0,0,0
14175,100,3005,0,0,0,0
14176,15,3686,0,20,0,0
14177,2,8986,0,21,0,0
14178,4,12092,0,0,0,0
14179,36,11923,0,0,0,0
14180,16,7602,0,0,0,0
14181,38,5965,0,0,0,0
14182,123,4108,0,0,0,0
14183,127,2194,0,0,0,0
14184,167,2812,0,0,0,0
14185,60,3488,0,0,0,0
14186,0,3457,0,0,0,0
14187,0,3320,0,0,0,0
14188,0,3389,0,0,0,0
14189,42,3124,0,0,0,0
14190,8,2604,0,0,0,0
14191,29,275,0,0,0,0
14192,23,1925,0,0,0,0
14193,0,2147,0,0,0,0
14194,0,2010,0,0,0,0
14195,0,1388,0,0,0,0
14196,0,219,0,0,0,0
14197,0,175,0,0,0,0
14198,0,885,0,1,0,0
14199,0,1241,0,10,0,0
14200,0,1316,0,19,19,0
14201,0,929,0,26,18,0
14202,0,225,0,11,7,0
14203,0,0,0,80,0,0
14204,0,3,0,9,0,0
14205,0,0,0,0,3,0
14206,0,0,0,1,8,0
14207,0,128,0,0,20,0
14208,0,901,0,0,32,0
14209,0,1786,0,2,44,0
14210,0,2424,0,0,54,0
14211,0,2599,0,7,2,0
14212,0,2668,0,50,0,0
14213,0,2795,0,42,0,0
14214,0,3053,0,82,0,0
14215,0,3068,0,27,0,0
14216,0,2744,0,11,0,0
14217,0,2137,0,0,0,0
14218,0,852,0,0,0,0
14219,0,490,0,0,0,0
14220,0,1253,0,0,0,0
14221,0,1540,0,0,2,0
14222,0,1683,0,13,13,0
14223,0,1578,0,34,7,0
14224,0,1546,0,47,4,0
14225,0,2027,0,47,26,0
14226,0,2297,0,60,5,0
14227,0,2613,0,65,0,0
14228,0,2563,0,63,0,0
14229,0,2583,0,55,0,0
14230,0,2573,0,29,0,0
14231,0,2647,0,32,10,0
14232,0,2627,0,38,12,0
14233,0,2520,0,5,20,0
14234,0,2468,0,16,96,0
14235,0,2312,0,0,1,0
14236,0,2265,0,0,0,0
14237,0,2209,0,0,0,0
14238,0,1,0,0,0,0
14239,0,2377,0,0,0,0
14240,0,2910,0,0,0,0
14241,0,3477,0,13,0,0
14242,0,3632,0,26,0,0
14243,0,3279,0,12,0,0
14244,0,2689,0,0,0,0
14245,0,2356,0,0,0,0
14246,0,1184,0,0,0,0
14247,0,49,0,0,0,0
14248,0,25,0,0,0,0
14249,17,371,0,0,0,0
14250,4,423,0,16,0,0
14251,0,122,0,49,1,0
14252,0,1,0,62,0,0
14253,0,4,0,124,0,0
14254,0,419,0,134,0,0
14255,0,2302,0,178,2,0
14256,0,2683,0,127,13,0
14257,0,2918,0,120,11,0
14258,0,2866,0,52,81,0
14259,0,2856,0,63,5,0
14260,0,2486,0,0,4,0
14261,0,2240,0,0,0,0
14262,6,2196,0,0,0,0
14263,8,1460,0,21,9,0
14264,0,2224,0,27,58,0
14265,0,2591,0,0,1,0
14266,0,2417,0,2,2,0
14267,0,1659,0,3,10,0
14268,0,513,0,0,67,0
14269,0,180,0,0,75,0
14270,0,137,0,0,75,0
14271,9,0,0,0,46,0
14272,0,571,0,0,99,0
14273,0,2168,0,0,31,0
14274,0,2747,0,0,51,0
14275,0,2685,0,0,62,0
14276,0,2636,0,0,59,0
14277,0,2734,0,0,13,0
14278,0,2972,0,0,44,0
14279,0,3134,0,0,4,0
14280,0,3309,0,0,6,0
14281,0,3245,0,0,0,0
14282,0,3339,0,1,25,0
14283,0,2724,0,0,9,0
14284,0,2479,0,18,6,0
14285,0,3268,0,14,37,0
14286,0,3992,0,15,45,0
14287,0,4557,0,47,2,0
14288,0,4755,0,11,1,0
14289,0,4234,0,0,0,0
14290,0,3331,0,2,0,0
14291,0,2539,0,0,0,0
14292,0,893,0,0,1,0
14293,0,887,0,0,9,0
14294,12,1591,0,0,0,0
14295,0,1601,0,0,45,3
14296,0,1420,0,1,5,0
14297,0,1690,0,0,124,0
14298,0,2701,0,0,39,0
14299,0,3166,0,0,191,1
14300,0,2965,0,0,45,1
14301,0,2291,0,0,104,7
14302,0,1203,0,0,5,0
14303,0,251,0,0,89,0
14304,0,200,0,0,37,0
14305,0,619,0,0,67,0
14306,0,462,0,0,9,0
14307,0,159,0,1,109,0
14308,0,87,0,0,58,0
14309,0,185,0,0,192,0
14310,0,305,0,0,8,0
14311,0,568,0,0,34,0
14312,0,701,0,0,9,0
14313,0,939,0,2,17,0
14314,0,1075,0,0,0,0
14315,0,1240,0,0,22,0
14316,0,1213,0,0,0,0
14317,0,963,0,0,0,0
14318,0,665,0,0,0,0
14319,0,485,0,0,0,0
14320,0,534,0,0,0,0
14321,0,659,0,0,0,0
14322,0,1038,0,0,0,0
14323,0,1346,0,0,0,0
14324,0,1577,0,0,0,0
14325,0,1604,0,0,0,0
14326,0,1545,0,0,3,0
14327,0,1382,0,0,0,0
14328,0,1270,0,0,2,0
14329,0,1355,0,0,1,0
14330,0,1489,0,0,0,0
14331,0,1916,0,0,0,0
14332,0,2063,0,0,4,0
14333,0,2209,0,0,0,0
14334,0,2399,0,0,68,1
14335,0,2651,0,2,479,69
14336,0,2840,0,0,0,0
14337,0,3067,0,0,0,0
14338,0,3060,0,0,0,0
14339,0,2791,0,0,0,0
14340,25,2773,0,0,0,0
14341,11,2467,0,0,0,0
14342,25,1776,0,0,0,0
14343,14,1812,0,0,0,0
14344,9,2040,0,0,0,0
14345,0,2242,0,0,0,0
14346,0,2542,0,0,0,0
14347,0,2927,0,0,0,0
14348,0,3293,0,35,0,0
14349,0,3431,0,35,0,0
14350,0,3232,0,0,0,0
14351,0,2581,0,0,0,0
14352,0,1923,0,0,0,0
14353,0,1422,0,1,4,0
14354,0,1066,0,2,58,0
14355,0,1012,0,0,18,0
14356,0,1081,0,32,35,0
14357,0,1097,0,95,30,0
14358,0,921,0,77,24,0
14359,0,591,0,19,6,0
14360,0,657,0,19,42,0
14361,0,1047,0,7,37,0
14362,0,1502,0,10,98,0
14363,0,1926,0,97,68,0
14364,0,2264,0,7,21,0
14365,0,2601,0,3,25,0
14366,0,2818,0,1,41,0
14367,0,2825,0,0,4,0
14368,0,2991,0,0,0,0
14369,0,3272,0,4,0,0
14370,0,3916,0,0,0,0
14371,0,3963,0,0,1,0
14372,0,3939,0,0,2,0
14373,4,3584,0,0,7,0
14374,3,2847,0,0,2,0
14375,14,2375,0,3,21,0
14376,6,2348,0,0,6,0
14377,6,2605,0,0,13,0
14378,4,3193,0,6,7,0
14379,0,4246,0,0,2,0
14380,0,5308,0,1,21,0
14381,0,5651,0,35,85,0
14382,0,5540,0,6,7,0
14383,0,5149,0,9,0,0
14384,15,4705,0,3,29,0
14385,4,4193,0,0,0,0
14386,3,3562,0,0,7,0
14387,0,2712,0,0,0,0
14388,0,1860,0,4,0,0
14389,0,1264,0,9,0,0
14390,0,880,0,0,0,0
14391,0,458,0,0,0,0
14392,5,162,0,0,0,0
14393,0,33,0,17,31,0
14394,0,16,0,17,8,0
14395,0,0,0,13,17,0
14396,0,17,0,0,12,0
14397,0,203,0,0,1,0
14398,9,680,0,0,38,0
14399,0,1300,0,20,166,0
14400,0,1799,0,60,49,0
14401,0,2272,0,10,62,0
14402,0,2584,0,8,58,0
14403,0,2837,0,0,41,0
14404,0,3021,0,0,0,0
14405,0,3095,0,0,0,0
14406,0,3213,0,42,0,0
14407,0,3093,0,50,0,0
14408,0,2797,0,63,4,0
14409,0,1920,0,29,4,0
14410,0,1446,0,0,14,0
14411,0,1051,0,0,0,0
14412,0,1630,0,0,0,0
14413,0,2125,0,2,0,0
14414,0,2195,0,1,0,0
14415,0,2153,0,0,0,0
14416,0,2072,0,4,0,0
14417,0,1834,0,0,0,0
14418,0,1624,0,17,0,0
14419,0,1421,0,10,0,0
14420,0,1076,0,28,0,0
14421,0,727,0,29,0,0
14422,0,409,0,7,0,0
14423,0,194,0,7,0,0
14424,0,134,0,0,0,0
14425,11,354,0,0,0,0
14426,5,807,0,20,0,0
14427,1,1365,0,14,0,0
14428,0,2356,0,0,0,0
14429,0,2935,0,0,0,0
14430,9,2894,0,0,0,0
14431,0,3207,0,0,85,0
14432,0,3782,0,0,89,0
14433,0,3638,0,0,45,0
14434,0,3754,0,0,0,0
14435,0,3604,0,0,12,0
14436,0,2599,0,0,0,0
14437,0,5096,0,0,0,0
14438,27,6645,0,14,1,0
14439,25,7826,0,11,0,0
14440,43,7999,0,2,0,0
14441,58,7940,0,4,2,0
14442,60,7645,0,0,0,0
14443,35,7131,0,0,0,0
14444,16,6094,0,21,0,0
14445,10,5161,0,4,4,0
14446,16,4393,0,14,0,0
14447,6,4018,0,0,0,0
14448,2,3451,0,10,0,0
14449,0,2720,0,57,0,0
14450,0,2348,0,67,2,0
14451,0,2141,0,8,0,0
14452,0,1900,0,0,0,0
14453,0,1807,0,14,0,0
14454,0,1561,7,81,8,0
14455,0,1329,98,63,0,0
14456,0,846,127,3,19,0
14457,0,235,56,0,0,0
14458,0,174,45,11,162,0
14459,0,332,30,0,16,0
14460,0,520,24,0,454,0
14461,0,400,27,0,67,0
14462,0,242,36,0,245,2
14463,0,33,1,0,25,0
14464,0,384,27,0,67,1
14465,0,328,14,1,0,0
14466,0,42,0,11,40,0
14467,0,0,0,37,7,0
14468,0,0,0,17,105,0
14469,0,0,0,10,0,0
14470,0,0,0,5,0,0
14471,0,0,0,2,1,1
14472,0,2,0,8,0,0
14473,0,7,0,0,16,0
14474,0,63,0,0,0,0
14475,0,29,0,0,7,0
14476,0,74,7,6,13,0
14477,0,51,0,0,90,0
14478,0,73,25,11,38,0
14479,0,39,0,0,78,0
14480,0,8,0,4,43,0
14481,0,2,0,0,109,0
14482,0,2,0,0,202,0
14483,0,56,0,14,317,0
14484,0,166,0,5,136,0
14485,0,428,34,6,417,0
14486,0,572,91,0,173,0
14487,0,460,48,0,106,0
14488,0,152,0,0,152,0
14489,0,49,0,0,103,0
14490,0,0,0,0,192,0
14491,2,115,0,0,113,0
14492,12,589,2,0,184,0
14493,14,693,0,3,350,0
14494,1,799,0,0,382,0
14495,0,758,0,0,228,0
14496,0,677,0,0,163,0
14497,0,526,0,0,111,0
14498,0,421,0,0,111,0
14499,0,458,0,0,134,0
14500,0,492,0,0,473,0
14501,0,233,0,0,524,0
14502,0,468,0,0,348,0
14503,0,1276,0,0,263,0
14504,0,1412,0,0,181,0
14505,0,1185,0,0,194,0
14506,0,12,0,0,182,0
14507,0,1133,0,0,166,0
14508,0,1389,0,0,108,0
14509,0,1143,5,0,53,0
14510,0,567,23,0,6,0
14511,0,350,28,0,34,0
14512,0,937,23,0,37,0
14513,0,1054,23,0,60,0
14514,0,881,6,0,130,0
14515,0,732,17,0,154,0
14516,0,844,14,0,202,0
14517,0,854,19,0,110,0
14518,0,734,25,29,165,0
14519,0,574,9,19,227,0
14520,0,161,5,0,357,0
14521,0,0,0,0,356,0
14522,0,15,0,0,385,0
14523,0,27,0,0,265,0
14524,0,19,0,0,130,0
14525,0,25,0,0,250,0
14526,12,44,9,0,455,0
14527,0,26,2,0,381,0
14528,0,55,0,0,246,0
14529,0,38,0,0,214,0
14530,0,93,0,0,371,0
14531,0,99,0,0,409,0
14532,0,90,0,0,323,0
14533,0,38,0,0,254,0
14534,0,24,0,0,200,0
14535,0,0,0,0,194,0
14536,11,0,0,0,169,0
14537,2,0,0,0,219,0
14538,2,0,0,0,590,0
14539,0,0,0,0,557,0
14540,0,0,0,0,185,0
14541,0,11,0,0,79,0
14542,0,47,6,0,18,0
14543,0,68,0,0,12,0
14544,4,107,0,0,10,0
14545,0,15,0,0,1,0
14546,0,6,0,0,12,0
14547,0,0,0,0,1,0
14548,0,0,0,0,31,0
14549,0,0,0,0,58,0
14550,0,0,0,0,19,0
14551,0,11,0,0,25,0
14552,0,10,0,0,0,0
14553,0,0,0,0,0,0
14554,0,6,0,0,0,0
14555,0,7,0,0,38,0
14556,0,0,0,0,7,0
14557,0,1,0,0,3,0
14558,0,0,0,0,0,9
14559,0,0,0,0,0,0
14560,0,2,0,0,0,0
14561,0,7,0,0,10,7
14562,0,0,0,0,47,16
14563,0,0,0,0,32,14
14564,0,0,0,0,29,0
14565,0,9,0,0,11,0
14566,0,31,0,0,24,0
14567,0,30,0,0,0,0
14568,0,55,0,0,0,0
14569,0,38,0,0,0,0
14570,0,44,0,0,2,0
14571,0,76,0,0,0,0
14572,0,51,0,0,4,0
14573,0,27,0,0,0,0
14574,0,10,0,0,7,0
14575,0,9,0,0,0,0
14576,0,4,0,0,0,0
14577,0,0,0,0,0,0
14578,0,0,0,0,0,0
14579,0,0,0,0,0,0
14580,0,0,0,0,0,0
14581,0,0,0,0,0,0
14582,0,0,0,0,0,0
14583,0,0,0,0,0,0
14584,0,0,0,0,0,0
14585,0,0,0,0,0,0
14586,0,0,0,0,0,0
14587,0,0,0,0,0,0
14588,0,0,0,0,0,0
14589,0,0,0,0,0,0
14590,0,1,0,0,0,0
14591,0,18,0,0,0,0
14592,0,113,0,0,0,0
14593,0,165,0,0,0,0
14594,0,58,0,0,0,0
14595,0,18,0,0,0,0
14596,0,1,0,0,0,2
14597,0,0,0,0,0,0
14598,0,0,0,0,0,0
14599,0,0,0,0,5,0
14600,0,0,0,0,0,0
14601,0,0,0,0,0,0
14602,0,0,0,0,0,0
14603,0,0,0,0,0,0
14604,0,0,0,0,36,0
14605,0,0,0,0,92,0
14606,0,0,0,0,133,0
14607,0,0,0,0,149,0
14608,0,0,0,0,175,0
14609,0,0,0,0,176,0
14610,0,0,0,0,112,0
14611,0,0,0,0,102,0
14612,0,0,0,0,187,0
14613,0,0,0,0,102,0
14614,0,0,0,0,65,0
14615,0,0,0,0,21,0
14616,0,0,0,0,1,0
14617,0,0,0,0,0,0
14618,0,1,0,0,5,0
14619,0,7,0,0,28,0
14620,0,79,0,0,1,0
14621,0,124,0,0,7,0
14622,0,89,0,0,10,0
14623,0,16,0,0,10,0
14624,0,0,0,0,61,0
14625,0,0,0,24,136,0
14626,0,0,0,20,285,0
14627,0,0,0,0,301,0
14628,0,0,0,0,495,0
14629,0,0,0,0,549,0
14630,0,0,0,0,780,0
14631,0,0,0,15,941,0
14632,0,0,0,33,1130,0
14633,0,0,0,59,937,0
14634,0,0,0,57,803,0
14635,0,0,0,45,698,0
14636,0,0,0,35,520,0
14637,0,0,0,31,657,0
14638,0,0,0,12,844,0
14639,0,4,0,4,623,0
14640,0,16,0,0,458,0
14641,0,10,0,1,411,0
14642,0,1,0,0,350,0
14643,0,2,0,4,228,0
14644,0,0,0,3,190,0
14645,0,0,0,11,57,0
14646,0,0,0,0,60,0
14647,0,0,0,0,112,0
14648,0,0,0,0,191,0
14649,0,0,0,8,135,0
14650,0,0,0,9,118,0
14651,0,0,0,36,161,0
14652,0,0,0,149,192,0
14653,0,0,0,266,78,0
14654,0,0,0,288,124,0
14655,0,0,0,421,192,0
14656,0,9,0,383,288,0
14657,0,63,0,269,257,0
14658,0,126,0,157,94,0
14659,0,182,0,25,59,0
14660,0,282,0,0,235,0
14661,17,835,0,0,134,0
14662,0,1730,0,0,310,0
14663,0,2376,0,0,241,0
14664,0,3001,0,0,129,0
14665,0,3567,0,0,15,0
14666,20,3554,2,0,35,0
14667,7,3479,0,0,93,0
14668,43,3342,4,0,164,0
14669,4,2924,7,0,212,0
14670,0,2395,8,0,113,0
14671,2,1715,5,0,83,0
14672,0,1345,2,0,6,0
14673,0,1440,0,0,15,0
14674,0,1380,0,0,17,0
14675,0,1332,0,0,12,0
14676,34,1316,0,0,93,0
14677,9,1020,0,0,237,0
14678,0,461,0,0,192,0
14679,0,51,0,0,147,0
14680,0,21,0,0,88,0
14681,0,267,0,0,27,0
14682,0,685,0,0,0,0
14683,5,761,0,0,0,0
14684,23,774,0,0,2,0
14685,52,920,0,0,2,0
14686,13,980,0,0,8,0
14687,0,916,0,0,2,0
14688,0,578,0,0,0,0
14689,37,428,0,0,0,0
14690,36,896,0,0,0,0
14691,3,1607,0,0,0,0
14692,0,1575,0,0,0,0
14693,0,1529,0,0,0,0
14694,0,1147,0,0,0,0
14695,0,640,0,0,0,0
14696,0,307,0,0,0,0
14697,0,29,0,0,0,0
14698,0,0,0,0,0,0
14699,0,21,0,0,0,0
14700,0,221,0,0,0,0
14701,0,549,0,0,0,0
14702,0,782,0,0,1,0
14703,0,999,0,0,0,0
14704,0,1161,0,0,27,0
14705,0,1035,0,0,24,0
14706,0,679,0,0,61,0
14707,0,328,0,0,51,0
14708,0,103,0,0,6,0
14709,0,5,0,0,2,0
14710,0,0,0,0,14,0
14711,2,0,0,0,1,0
14712,0,0,0,0,41,0
14713,0,0,0,0,108,0
14714,0,112,0,0,184,0
14715,0,144,0,0,123,0
14716,0,287,0,0,101,0
14717,0,393,0,0,95,0
14718,0,222,0,0,39,0
14719,0,26,0,0,26,0
14720,0,0,0,0,70,0
14721,0,4,0,0,48,0
14722,0,291,0,0,102,0
14723,0,920,0,0,84,0
14724,0,1409,0,0,107,0
14725,0,1577,0,0,19,0
14726,0,1450,0,0,20,0
14727,0,1267,0,0,2,0
14728,0,1025,0,0,5,0
14729,0,791,0,0,157,0
14730,0,1016,0,0,233,0
14731,0,1418,0,0,188,0
14732,0,1873,1,0,99,0
14733,0,2011,0,0,38,0
14734,0,2232,0,0,0,0
14735,0,2164,0,42,32,0
14736,0,2014,0,48,61,0
14737,0,1384,0,15,86,0
14738,0,690,0,35,40,0
14739,0,1239,0,26,51,0
14740,0,3230,0,27,168,0
14741,1,4029,0,0,233,0
14742,30,4748,0,0,221,0
14743,105,4898,0,0,117,0
14744,93,4389,0,0,8,0
14745,55,3573,0,0,211,0
14746,0,1902,0,0,311,0
14747,0,671,0,0,264,0
14748,0,4715,43,0,77,0
14749,0,5668,275,0,33,0
14750,3,5979,42,0,30,0
14751,0,5991,0,0,2,0
14752,0,2605,0,0,20,0
14753,0,3323,0,2,44,0
14754,0,3471,0,0,9,0
14755,0,2482,0,0,40,0
14756,0,1107,0,0,56,0
14757,0,457,0,0,81,0
14758,0,1124,0,0,26,0
14759,4,2104,0,0,56,0
14760,0,4569,0,2,11,0
14761,0,5890,0,0,34,0
14762,0,6377,0,0,7,0
14763,0,6462,0,0,0,0
14764,0,6270,0,0,0,0
14765,0,5572,0,6,0,0
14766,40,3826,0,0,0,0
14767,52,958,0,0,0,0
14768,40,1716,0,0,0,0
14769,3,3697,0,0,0,0
14770,0,4683,0,0,39,0
14771,10,4438,0,0,70,0
14772,10,1080,0,0,123,0
14773,23,4101,0,0,112,0
14774,120,6103,0,5,113,0
14775,310,7762,0,2,121,0
14776,234,7128,0,2,0,0
14777,9,5066,0,0,181,0
14778,0,2477,0,0,33,0
14779,0,1418,0,0,244,1
14780,0,3164,0,0,158,0
14781,0,3965,0,0,192,2
14782,0,4550,0,0,9,0
14783,0,4895,0,0,79,4
14784,0,4269,0,0,64,0
14785,0,3539,0,0,155,0
14786,0,571,0,0,105,0
14787,0,1236,0,0,113,0
14788,0,2550,0,0,66,0
14789,4,3397,0,0,1,0
14790,40,4289,0,0,121,0
14791,66,4651,0,0,280,0
14792,118,5044,0,6,137,0
14793,209,4773,0,0,56,0
14794,248,4127,0,0,30,0
14795,286,2651,0,0,26,0
14796,230,737,0,0,89,0
14797,109,51,0,0,62,0
14798,0,1952,0,0,31,0
14799,0,4587,0,0,1,0
14800,0,6812,0,0,21,0
14801,144,9010,0,0,126,0
14802,267,7878,0,0,79,0
14803,436,6690,0,0,13,0
14804,515,5768,0,0,33,0
14805,448,3862,0,0,0,0
14806,351,288,0,0,57,0
14807,206,1698,0,0,60,0
14808,166,2298,0,0,94,0
14809,98,1926,0,0,106,0
14810,53,1014,0,2,73,0
14811,29,847,0,0,36,0
14812,3,1821,0,0,0,0
14813,1,3206,0,0,76,0
14814,2,4980,0,0,159,0
14815,6,5928,0,0,90,0
14816,16,6944,0,0,15,0
14817,4,7525,0,1,6,0
14818,0,7730,74,8,3,0
14819,0,7911,1166,0,0,0
14820,0,10591,909,0,0,0
14821,0,11337,1934,0,2,0
14822,0,12893,1292,0,1,0
14823,0,13916,0,0,0,0
14824,0,13405,0,0,0,0
14825,0,13828,0,5,1,0
14826,0,14192,0,11,0,0
14827,0,14218,0,0,0,0
14828,60,13769,2,0,3,0
14829,203,13517,5,0,0,0
14830,280,12726,0,0,0,0
14831,351,10017,3,7,0,0
14832,332,7486,0,19,0,0
14833,359,4377,0,15,0,0
14834,328,1735,0,3,0,0
14835,292,834,0,0,0,0
14836,320,1370,0,0,2,0
14837,297,3001,0,0,0,0
14838,244,4891,0,0,2,0
14839,215,7155,2,0,0,0
14840,108,9296,6,0,0,0
14841,62,9800,8,0,0,0
14842,49,9282,0,0,0,0
14843,24,8796,0,0,0,0
14844,0,9510,0,0,0,0
14845,2,9836,0,0,0,0
14846,542,8446,0,0,3,0
14847,850,5662,0,0,0,0
14848,486,3139,0,0,10,0
14849,956,6545,0,0,17,0
14850,775,10423,0,0,47,0
14851,185,11366,0,0,29,0
14852,10,9722,0,0,8,0
14853,0,7547,0,0,0,0
14854,13,6407,0,0,50,0
14855,0,5670,0,0,39,0
14856,2,4849,0,0,0,0
14857,60,4051,0,0,0,0
14858,200,3106,0,0,83,0
14859,345,1912,0,0,258,0
14860,437,2067,0,0,379,0
14861,441,2651,0,0,283,0
14862,419,3511,0,0,55,0
14863,434,4304,0,0,0,0
14864,394,5302,0,42,111,0
14865,342,6700,0,129,103,0
14866,359,8165,0,265,138,0
14867,196,9328,0,172,365,0
14868,108,10397,0,42,343,0
14869,24,10729,0,59,417,0
14870,6,10673,0,162,374,0
14871,0,9554,0,156,349,0
14872,0,7712,0,0,229,0
14873,0,4305,0,11,228,0
14874,0,707,0,83,262,0
14875,0,2281,0,158,420,0
14876,0,1617,0,155,487,0
14877,0,1373,0,41,322,0
14878,0,1128,0,87,131,0
14879,0,1910,0,82,6,0
14880,0,4316,0,164,9,0
14881,0,6898,0,280,246,0
14882,0,7473,0,176,342,0
14883,0,6652,0,16,616,0
14884,0,4704,0,0,552,0
14885,0,4029,0,0,616,0
14886,1,6071,0,0,229,0
14887,0,6051,0,0,524,0
14888,0,2904,0,9,582,0
14889,0,1057,0,25,517,0
14890,0,4590,0,100,231,0
14891,0,6218,0,71,136,0
14892,0,7261,0,120,124,0
14893,0,8072,8,251,264,0
14894,0,8267,0,138,277,0
14895,0,7515,0,134,312,0
14896,0,8473,19,45,292,0
14897,1,12054,6,2,225,0
14898,0,13765,0,0,36,0
14899,0,13454,110,0,232,0
14900,0,12899,24,9,482,0
14901,0,12299,0,10,432,0
14902,0,11825,0,2,101,0
14903,0,10929,2,0,39,0
14904,0,9236,5,0,23,0
14905,0,6873,1,0,19,0
14906,0,5302,0,0,0,0
14907,0,4100,0,0,1,0
14908,0,3890,13,0,0,0
14909,0,4313,83,0,0,0
14910,0,4378,93,0,0,0
14911,0,4370,0,0,0,0
14912,0,4507,18,0,17,0
14913,0,4823,14,0,5,0
14914,4,5202,0,0,12,0
14915,14,5838,0,0,41,0
14916,0,6856,0,0,6,0
14917,0,7866,32,0,1,0
14918,0,8481,4,1,46,0
14919,0,8553,0,0,19,0
14920,0,8254,0,0,20,0
14921,0,7574,0,0,57,0
14922,0,6690,0,0,23,0
14923,0,5776,0,0,43,0
14924,0,4454,0,0,3,0
14925,0,3941,0,0,125,0
14926,0,3158,0,0,76,0
14927,0,2891,0,0,51,0
14928,0,2045,0,0,31,0
14929,0,1222,0,0,29,0
14930,0,186,0,0,0,0
14931,0,0,0,0,0,0
14932,0,1011,0,0,0,0
14933,0,2576,0,0,0,0
14934,0,4215,0,0,0,3
14935,0,5679,0,0,0,0
14936,0,6633,0,0,0,0
14937,0,6851,0,0,0,0
14938,0,6462,0,0,20,0
14939,10,9685,0,0,9,1
14940,17,11804,0,0,2,0
14941,36,12300,0,0,24,1
14942,34,11711,0,0,3,0
14943,32,10963,0,0,1,2
14944,11,9841,0,0,0,0
14945,17,8999,0,0,0,0
14946,16,7914,0,0,0,0
14947,2,6812,0,0,69,2
14948,2,5652,0,0,31,0
14949,4,4902,5,0,33,0
14950,2,4464,8,0,0,1
14951,16,4366,9,0,2,0
14952,0,3878,6,0,0,0
14953,0,3876,1,0,0,0
14954,0,3663,0,0,0,0
14955,0,3362,47,0,0,0
14956,0,465,104,0,7,0
14957,0,948,6,0,2,0
14958,0,738,82,0,0,0
14959,0,38,10,0,0,0
14960,0,33,13,0,0,0
14961,0,35,22,0,0,0
14962,0,48,0,0,1,0
14963,0,22,0,0,0,0
14964,0,21,0,0,9,0
14965,0,12,0,0,0,0
14966,0,14,0,0,0,0
14967,0,5,0,14,0,0
14968,1,0,0,0,1,5
14969,0,0,0,23,21,0
14970,0,0,0,0,0,0
14971,0,6,0,0,19,1
14972,0,9,0,0,1,0
14973,0,1,0,0,6,3
14974,0,11,0,0,2,0
14975,0,13,12,0,0,0
14976,0,9,11,0,0,0
14977,0,0,0,0,1,0
14978,0,1,6,0,7,0
14979,0,0,0,0,20,0
14980,0,0,0,0,0,0
14981,0,0,0,0,0,0
14982,0,0,0,0,0,0
14983,0,3,0,0,0,0
14984,0,23,0,0,0,0
14985,3,0,0,0,0,0
14986,4,0,0,0,4,0
14987,0,1,0,0,2,0
14988,0,0,0,0,0,0
14989,0,0,0,0,0,0
14990,0,0,0,0,0,0
14991,0,0,0,0,0,3
14992,0,0,0,0,0,0
14993,0,0,0,8,0,0
14994,0,0,0,12,1,0
14995,0,0,0,0,0,0
14996,0,0,0,0,0,0
14997,0,0,0,0,0,0
14998,2,0,0,0,0,0
14999,0,0,0,0,0,0
15000,0,0,0,0,0,0
15001,8,1,0,0,1,0
15002,0,5,0,0,0,0
15003,0,0,0,0,2,0
15004,0,0,0,0,0,0
15005,0,0,0,0,0,0
15006,0,0,0,0,0,0
15007,0,0,0,0,0,0
15008,0,0,0,0,0,0
15009,0,0,0,0,0,0
15010,0,0,0,0,0,2
15011,0,0,0,0,0,0
15012,0,0,0,0,0,0
15013,0,0,0,0,0,0
15014,4,33,0,0,0,0
15015,0,22,0,0,0,0
15016,0,53,0,0,0,0
15017,0,59,0,0,0,0
15018,0,84,0,0,0,0
15019,0,35,0,0,2,0
15020,0,4,0,0,0,0
15021,0,38,0,0,5,0
15022,0,30,0,8,0,0
15023,0,16,0,0,0,0
15024,0,0,0,0,0,0
15025,0,10,0,0,0,0
15026,0,0,0,1,0,0
15027,0,0,0,0,0,0
15028,0,0,0,0,0,0
15029,0,0,0,0,0,0
15030,0,0,0,0,0,0
15031,0,0,0,0,2,0
15032,0,0,0,0,0,0
15033,0,0,0,0,3,0
15034,0,0,0,0,0,0
15035,0,0,0,0,0,0
15036,0,0,0,0,1,0
15037,0,121,2,0,0,0
15038,0,644,5,0,0,0
15039,0,912,34,0,0,0
15040,0,1210,50,0,0,0
15041,3,2417,30,0,0,0
15042,5,2488,77,0,0,0
15043,57,2127,130,0,0,0
15044,159,2144,177,0,0,0
15045,190,617,53,0,0,0
15046,249,562,156,0,11,0
15047,344,1573,143,0,0,0
15048,364,2180,124,0,0,0
15049,407,2657,118,0,0,0
15050,513,2940,87,0,0,0
15051,451,2106,21,0,0,0
15052,291,1566,57,0,6,1
15053,36,996,43,0,0,0
15054,0,551,57,0,36,0
15055,0,581,68,0,0,0
15056,0,61,5,0,108,0
15057,0,180,43,0,0,0
15058,0,123,8,0,66,0
15059,0,98,0,0,0,0
15060,55,109,9,0,17,0
15061,94,342,48,0,14,0
15062,115,445,79,0,6,0
15063,107,541,99,0,19,0
15064,80,295,51,0,0,0
15065,117,310,40,0,0,0
15066,88,219,49,0,1,0
15067,47,84,32,0,1,0
15068,66,0,6,0,0,0
15069,25,0,6,0,0,0
15070,23,0,0,0,5,0
15071,0,0,0,0,0,0
15072,0,0,0,0,0,0
15073,0,0,0,0,3,0
15074,0,0,0,0,2,0
15075,0,0,0,4,0,0
15076,0,0,0,0,155,2
15077,0,0,0,1,118,0
15078,0,0,0,0,336,0
15079,0,0,0,0,116,0
15080,0,0,0,22,225,0
15081,0,0,0,24,82,0
15082,0,0,0,45,43,0
15083,0,0,0,116,30,0
15084,0,0,0,124,5,0
15085,0,0,0,165,100,0
15086,0,19,18,241,21,0
15087,0,47,32,89,28,0
15088,0,113,45,104,44,0
15089,0,114,35,287,102,0
15090,0,78,8,458,209,0
15091,0,24,3,403,183,0
15092,0,0,0,290,114,0
15093,0,0,0,199,74,0
15094,0,0,0,270,24,0
15095,0,0,0,298,499,0
15096,0,0,0,171,221,0
15097,0,0,0,104,426,0
15098,0,0,0,108,102,0
15099,0,0,0,177,64,0
15100,0,0,0,92,21,32
15101,0,0,0,7,16,27
15102,0,0,0,37,53,76
15103,0,0,0,224,37,12
15104,0,0,0,384,41,85
15105,0,0,0,499,85,0
15106,0,0,0,582,87,0
15107,0,0,0,794,57,0
15108,0,0,0,740,285,6
15109,0,0,0,797,116,186
15110,0,0,0,567,408,116
15111,0,0,0,606,350,333
15112,4,0,0,370,865,14
15113,2,0,0,215,816,15
15114,3,141,0,16,1112,0
15115,0,370,14,0,687,0
15116,35,729,18,1,2007,15
15117,10,980,4,0,3408,0
15118,0,1362,1,163,5150,11
15119,17,2018,0,232,6043,0
15120,54,3880,3,398,6306,46
15121,59,4881,0,300,6142,30
15122,33,6195,34,49,7265,16
15123,35,7069,13,23,7284,10
15124,131,7229,18,21,7284,1
15125,126,5488,20,5,6538,48
15126,28,1843,0,84,4618,0
15127,7,1500,1,67,2093,0
15128,24,2672,22,43,1279,2
15129,0,3714,0,32,4158,0
15130,0,4005,0,25,6523,0
15131,15,3361,0,297,7439,0
15132,2,2849,4,802,7644,0
15133,17,3644,50,704,7224,22
15134,12,4136,53,428,6568,47
15135,9,4361,83,377,5945,88
15136,0,4199,76,568,5970,26
15137,0,3324,169,599,5992,48
15138,0,127,7,264,4471,19
15139,0,1157,122,409,1340,5
15140,0,688,16,653,1576,4
15141,34,38,0,808,337,5
15142,20,120,10,1107,393,0
15143,57,1,0,965,261,0
15144,4,133,8,789,214,0
15145,0,56,3,595,631,4
15146,0,0,0,842,68,0
15147,0,0,0,1057,141,0
15148,2,4,12,766,103,0
15149,0,49,0,585,66,0
15150,0,125,0,448,5,0
15151,0,98,0,508,7,0
15152,0,46,0,534,68,0
15153,0,12,0,492,162,0
15154,0,4,0,353,41,0
15155,0,15,0,349,49,17
15156,0,3,0,314,11,0
15157,0,2,0,444,449,0
15158,0,0,0,555,1953,0
15159,0,0,0,519,2966,0
15160,0,0,0,630,4767,0
15161,0,0,0,694,5611,6
15162,0,0,0,821,5964,2
15163,0,0,0,854,7617,152
15164,0,0,0,809,8776,111
15165,0,0,0,714,9933,53
15166,0,0,0,519,10169,32
15167,0,0,0,167,9081,1
15168,0,0,0,85,7627,8
15169,0,0,0,179,7683,14
15170,0,0,0,108,9380,71
15171,0,0,0,15,11001,0
15172,0,0,0,10,12287,0
15173,0,0,0,76,12781,7
15174,0,0,0,8,11723,11
15175,0,0,0,3,10554,0
15176,0,0,0,48,8501,4
15177,0,0,0,146,6576,1
15178,0,0,0,253,4073,0
15179,0,0,0,143,2147,4
15180,0,0,0,28,2184,0
15181,0,0,0,54,4117,3
15182,0,0,0,39,6414,0
15183,0,0,0,63,8737,0
15184,0,0,0,90,10032,0
15185,0,9,0,47,11702,26
15186,0,0,0,218,11947,22
15187,0,0,0,253,12510,86
15188,0,0,0,427,11730,123
15189,0,0,0,350,10249,99
15190,0,0,0,391,8538,74
15191,0,0,0,293,8848,156
15192,0,0,0,264,8506,57
15193,0,0,0,313,7232,1
15194,0,0,0,258,3711,0
15195,0,0,0,297,2340,0
15196,0,0,0,184,1915,0
15197,0,0,0,316,1286,0
15198,0,0,0,212,1305,1
15199,0,0,0,434,828,0
15200,0,0,0,514,1829,0
15201,0,0,0,621,1297,0
15202,0,0,0,649,1955,0
15203,0,30,0,718,1372,0
15204,0,17,0,620,1612,0
15205,0,4,0,594,604,0
15206,0,0,0,344,693,0
15207,0,0,0,298,20,0
15208,0,0,0,193,43,0
15209,0,0,0,132,8,0
15210,0,0,0,107,29,0
15211,0,0,0,64,90,0
15212,0,0,0,44,13,0
15213,0,0,0,98,1,0
15214,0,0,0,44,2,0
15215,0,0,0,35,0,0
15216,0,0,0,36,31,0
15217,0,0,0,78,0,0
15218,0,0,0,93,0,0
15219,0,0,0,160,0,0
15220,0,0,0,128,0,0
15221,0,0,0,144,0,0
15222,0,0,0,122,0,0
15223,0,0,0,190,0,0
15224,0,0,0,192,0,0
15225,0,0,0,132,0,0
15226,0,0,0,124,41,0
15227,0,0,0,55,32,0
15228,0,0,0,72,45,0
15229,0,0,0,212,1,0
15230,0,0,0,243,3,0
15231,0,0,0,182,7,0
15232,0,0,0,238,26,3
15233,0,0,0,328,279,0
15234,0,0,0,328,5,0
15235,0,0,0,407,3,0
15236,0,0,0,354,398,2
15237,0,0,0,409,181,0
15238,0,0,0,170,30,0
15239,0,0,0,38,2,0
15240,0,0,0,10,0,0
15241,0,0,0,15,8,0
15242,0,0,0,29,3,0
15243,0,0,0,0,2,0
15244,0,0,0,0,3,0
15245,0,0,0,34,33,0
15246,0,0,0,45,6,0
15247,0,0,0,5,0,0
15248,0,0,0,42,3,8
15249,0,0,0,1,0,0
15250,0,0,0,10,0,0
15251,0,0,0,90,0,0
15252,0,0,0,73,0,0
15253,0,0,0,46,24,3
15254,0,0,0,31,246,2
15255,0,0,0,23,100,0
15256,0,0,0,9,131,0
15257,0,0,0,6,35,0
15258,0,0,0,34,29,0
15259,0,0,0,32,38,0
15260,0,0,0,37,30,12
15261,0,0,0,64,0,0
15262,0,0,0,94,35,0
15263,0,0,0,92,49,0
15264,0,0,0,25,40,0
15265,14,0,0,14,109,0
15266,57,0,0,50,377,0
15267,91,0,0,216,938,0
15268,122,0,0,496,1559,0
15269,50,0,0,858,2255,8
15270,45,0,0,1249,3340,0
15271,30,0,0,1563,4377,0
15272,37,0,0,1732,4780,0
15273,18,0,0,1615,3045,0
15274,11,0,0,1509,1503,4
15275,0,0,0,1214,1418,0
15276,4,0,0,929,2117,11
15277,0,0,0,852,2986,0
15278,0,0,0,665,3706,21
15279,0,0,0,749,4472,0
15280,0,0,0,789,5678,3
15281,0,0,0,724,8373,0
15282,0,0,0,711,11232,143
15283,2,0,0,727,13681,164
15284,0,0,0,686,14389,144
15285,10,0,0,686,15358,52
15286,29,0,0,492,16580,54
15287,32,0,0,425,16434,29
15288,30,0,0,276,15659,22
15289,69,0,0,161,14688,5
15290,94,0,0,136,12382,2
15291,106,0,0,320,10010,0
15292,133,0,0,600,7636,0
15293,152,0,0,1207,5459,13
15294,170,0,0,1516,4993,0
15295,171,0,0,1636,5694,0
15296,102,0,0,1450,7755,0
15297,80,0,0,1778,9160,0
15298,44,0,0,1974,9487,0
15299,19,0,0,1972,10490,1
15300,4,0,0,1665,12288,7
15301,15,0,0,1383,13428,35
15302,0,0,0,1091,14010,48
15303,0,0,0,835,13045,56
15304,0,0,0,607,11397,75
15305,0,0,0,442,8972,29
15306,0,0,0,324,4399,0
15307,0,0,0,149,1975,0
15308,1,0,0,34,1974,0
15309,10,0,0,254,3205,0
15310,48,0,0,485,4337,0
15311,129,0,0,806,4663,0
15312,186,0,0,1245,3991,0
15313,182,0,0,1434,3552,0
15314,163,0,0,1586,2224,0
15315,166,0,0,1670,3132,0
15316,158,0,0,1883,2559,0
15317,123,0,0,1861,2518,0
15318,88,0,0,1736,2532,0
15319,31,0,0,1580,3411,0
15320,33,0,0,1484,6899,5
15321,0,0,0,1555,10196,0
15322,0,0,0,1476,13164,20
15323,0,0,0,1328,14180,99
15324,0,0,0,1034,14675,6
15325,0,0,0,810,14710,0
15326,0,0,0,703,14025,0
15327,0,0,0,634,12374,0
15328,0,0,0,351,10702,0
15329,0,0,0,174,9149,5
15330,0,0,0,184,7839,0
15331,2,0,0,380,6371,2
15332,1,0,0,450,5818,15
15333,24,0,0,429,5468,72
15334,8,0,0,210,5040,73
15335,36,0,0,30,5623,121
15336,37,0,0,69,6462,92
15337,51,0,0,126,8734,115
15338,48,0,0,180,10776,55
15339,8,0,0,241,12102,57
15340,0,0,0,83,12849,66
15341,0,0,0,0,12460,88
15342,0,0,0,22,10902,86
15343,0,0,0,0,4390,8
15344,0,0,0,109,6909,30
15345,0,0,0,239,8456,33
15346,0,0,0,312,9239,179
15347,0,0,0,127,8181,75
15348,0,0,0,6,4556,248
15349,0,0,0,8,3243,2
15350,0,0,0,2,3374,14
15351,0,0,0,17,824,119
15352,0,0,0,106,1194,307
15353,0,0,0,46,164,146
15354,0,0,0,6,268,13
15355,0,0,0,8,216,0
15356,0,0,0,12,19,0
15357,0,0,0,16,16,67
15358,0,0,0,6,17,10
15359,0,0,0,0,82,7
15360,0,0,0,0,42,68
15361,0,0,0,0,43,171
15362,0,0,0,2,27,5
15363,0,0,0,28,132,3
15364,0,0,0,57,2,0
15365,0,0,0,69,359,0
15366,0,0,0,57,20,8
15367,0,0,0,24,85,29
15368,0,0,0,19,84,7
15369,0,0,0,36,30,0
15370,0,0,0,8,5,63
15371,0,0,0,4,7,101
15372,0,0,0,0,0,9
15373,0,0,0,3,51,37
15374,0,0,0,32,25,0
15375,0,0,0,6,287,0
15376,0,0,0,104,153,2
15377,0,0,0,179,225,2
15378,0,0,0,11,357,4
15379,0,0,0,34,408,0
15380,0,0,0,49,373,0
15381,0,0,0,74,70,23
15382,0,0,0,160,330,0
15383,0,0,0,367,537,0
15384,0,0,0,521,454,0
15385,0,0,0,638,523,0
15386,0,0,0,381,162,0
15387,0,0,0,867,148,0
15388,0,0,0,888,60,1
15389,0,0,0,457,139,1
15390,0,0,0,265,708,0
15391,0,0,0,64,216,0
15392,0,0,0,96,273,1
15393,0,0,0,137,211,0
15394,0,0,0,181,863,2
15395,0,0,0,208,2795,23
15396,13,0,0,104,5792,7
15397,11,0,0,366,7066,15
15398,0,0,0,754,8373,32
15399,0,0,0,1010,9461,131
15400,0,0,0,1105,9264,253
15401,0,0,0,1086,7984,200
15402,4,0,0,1242,8397,190
15403,38,0,0,1288,8107,148
15404,75,0,0,923,7627,56
15405,97,0,0,520,6900,0
15406,134,0,0,144,4588,0
15407,150,0,0,10,4021,2
15408,97,0,0,2,4132,4
15409,16,0,0,37,5021,0
15410,0,0,0,326,5819,22
15411,0,0,0,499,6329,0
15412,6,19,0,739,5970,0
15413,1,1,0,806,4004,0
15414,13,0,0,914,2794,0
15415,0,0,0,951,4160,0
15416,0,0,0,913,5645,0
15417,0,0,0,858,6970,7
15418,0,0,0,665,6995,24
15419,0,0,0,683,6768,7
15420,0,0,0,1084,6286,6
15421,0,0,0,789,6354,25
15422,0,0,0,637,7043,47
15423,1,0,0,631,7944,101
15424,0,0,0,371,7521,87
15425,0,0,0,689,8609,157
15426,0,0,0,1136,6919,101
15427,0,0,0,1466,5370,60
15428,0,0,0,1636,1536,39
15429,0,0,0,1296,2544,2
15430,0,0,0,1089,947,48
15431,0,0,0,881,1803,1
15432,0,0,0,786,789,7
15433,0,1,0,570,727,7
15434,0,0,0,180,143,0
15435,0,0,0,38,95,0
15436,0,0,0,9,144,0
15437,0,0,0,10,66,0
15438,0,0,0,68,295,5
15439,0,0,0,163,45,0
15440,0,0,0,422,248,0
15441,0,0,0,527,476,3
15442,0,0,0,743,548,0
15443,0,0,0,426,685,0
15444,0,0,0,182,666,0
15445,0,0,0,83,838,0
15446,0,0,0,44,768,0
15447,0,0,0,49,522,4
15448,12,0,0,85,435,2
15449,15,0,0,53,629,2
15450,35,0,0,68,691,0
15451,132,0,0,74,929,0
15452,158,0,0,5,401,0
15453,192,0,0,4,175,0
15454,218,0,0,11,40,0
15455,166,0,0,61,53,0
15456,46,0,0,121,26,0
15457,6,0,0,59,15,0
15458,0,0,0,0,15,0
15459,0,0,0,0,11,0
15460,0,0,0,7,7,0
15461,0,0,0,1,20,0
15462,0,0,0,95,23,0
15463,0,0,0,174,10,0
15464,0,0,0,205,2,0
15465,21,0,0,373,105,0
15466,47,0,0,206,1,0
15467,72,0,0,106,115,0
15468,5,0,0,12,59,0
15469,0,0,0,1,80,0
15470,0,0,0,11,55,0
15471,0,0,0,63,41,0
15472,0,0,0,82,67,0
15473,0,0,0,90,282,0
15474,0,0,0,67,554,0
15475,0,0,0,68,1190,0
15476,0,0,0,90,1794,0
15477,0,0,0,96,2876,3
15478,0,0,0,132,3558,0
15479,0,0,0,92,4096,0
15480,0,0,0,89,5021,1
15481,0,0,0,101,6427,170
15482,0,0,0,75,7120,242
15483,4,0,0,149,7759,225
15484,0,0,0,264,7360,208
15485,0,0,0,247,7076,108
15486,0,0,0,190,6936,37
15487,0,0,0,114,6118,27
15488,0,0,0,33,5892,42
15489,0,0,0,17,4490,0
15490,0,0,0,12,3291,0
15491,0,0,0,5,2141,0
15492,0,0,0,10,1744,0
15493,0,0,0,97,1340,0
15494,0,0,0,349,953,0
15495,0,0,0,522,789,0
15496,0,0,0,710,1286,0
15497,0,0,0,814,2124,4
15498,0,0,0,821,3227,0
15499,0,0,0,798,4324,0
15500,0,0,0,714,6125,26
15501,0,0,0,758,6559,56
15502,0,0,0,765,7318,46
15503,0,0,0,710,7397,141
15504,0,0,0,745,6417,89
15505,0,0,0,627,4961,51
15506,0,0,0,400,3370,19
15507,0,0,0,213,1420,1
15508,0,0,0,78,1088,4
15509,0,0,0,1,723,0
15510,0,0,0,0,1136,0
15511,0,0,0,106,1728,0
15512,0,0,0,368,2416,0
15513,0,0,0,455,3140,0
15514,0,0,0,505,3483,0
15515,0,0,0,474,4109,10
15516,0,0,0,429,4087,4
15517,0,0,0,460,4177,0
15518,1,0,0,262,3963,0
15519,0,0,0,148,3450,0
15520,0,0,0,27,3121,7
15521,0,0,0,0,1912,0
15522,0,0,0,0,1038,0
15523,0,0,0,13,565,0
15524,0,0,0,86,2125,0
15525,0,0,0,132,3996,0
15526,0,0,0,33,5537,21
15527,0,0,0,69,6735,70
15528,0,0,0,102,6933,84
15529,0,0,0,48,6494,143
15530,0,0,0,181,5965,140
15531,0,0,0,142,4433,23
15532,0,0,0,220,2709,0
15533,0,0,0,74,1058,0
15534,0,0,0,19,50,0
15535,0,0,0,165,654,9
15536,0,0,0,37,1568,0
15537,0,0,0,38,2278,0
15538,0,0,0,255,2555,0
15539,0,0,0,377,2514,1
15540,0,0,0,408,2116,0
15541,0,0,0,582,2172,0
15542,0,0,0,643,1799,0
15543,0,0,0,561,1392,0
15544,0,0,0,598,1310,0
15545,0,0,0,509,1835,0
15546,0,0,0,323,2194,0
15547,0,0,0,333,3080,0
15548,0,0,0,365,4983,1
15549,0,0,0,373,5438,0
15550,0,0,0,261,4739,17
15551,2,0,0,257,3470,3
15552,0,0,0,47,2121,0
15553,7,0,0,84,1308,0
15554,21,0,0,108,1696,0
15555,19,0,0,285,1750,0
15556,0,0,0,611,1526,0
15557,6,0,0,721,1071,0
15558,0,0,0,340,192,0
15559,0,0,0,233,2453,0
15560,0,0,0,437,5169,1
15561,0,0,0,426,6693,38
15562,0,0,0,214,7451,107
15563,0,0,0,25,7000,253
15564,0,0,0,310,5917,176
15565,0,0,0,843,4181,74
15566,6,0,0,1237,843,34
15567,6,0,0,1187,1621,13
15568,24,0,0,661,2838,7
15569,66,0,0,610,3602,1
15570,78,0,0,572,4280,0
15571,98,0,0,376,4504,44
15572,90,0,0,305,3004,57
15573,43,0,0,305,4116,1
15574,51,0,0,228,5408,0
15575,0,0,0,243,5649,3
15576,0,0,0,266,4866,5
15577,0,0,0,182,4321,2
15578,0,0,0,369,3747,31
15579,0,0,0,129,3208,0
15580,0,0,0,85,3157,0
15581,0,0,0,128,4136,0
15582,0,0,0,332,3717,0
15583,0,0,0,474,2740,8
15584,26,0,0,454,2421,0
15585,23,0,0,312,2853,7
15586,44,0,0,262,3446,15
15587,51,0,0,135,3395,2
15588,40,0,0,143,3854,0
15589,13,0,0,94,3257,0
15590,20,0,0,94,3049,0
15591,3,0,0,10,1898,0
15592,4,0,0,23,1533,0
15593,4,0,0,54,1867,0
15594,0,0,0,7,2229,0
15595,0,0,0,68,2940,0
15596,0,0,0,118,3720,0
15597,0,0,0,0,4027,0
15598,0,0,0,261,4096,0
15599,0,0,0,161,3602,0
15600,4,0,0,164,2522,0
15601,0,0,0,356,1729,0
15602,4,0,0,368,1953,0
15603,0,0,0,331,2544,0
15604,0,0,0,430,3311,0
15605,0,0,0,563,3823,0
15606,0,0,0,589,4042,40
15607,0,0,0,173,4744,210
15608,0,0,0,17,4403,230
15609,0,0,0,8,3800,148
15610,0,0,0,15,4938,25
15611,0,0,0,55,5637,75
15612,0,0,0,230,6775,87
15613,0,0,0,478,7189,108
15614,0,0,0,536,8691,253
15615,0,0,0,489,8136,66
15616,0,0,0,545,6530,444
15617,0,0,0,475,1472,92
15618,0,0,0,244,3014,40
15619,0,0,0,151,1008,12
15620,0,0,0,178,1660,17
15621,0,0,0,195,610,8
15622,0,0,0,166,223,0
15623,0,0,0,40,5,25
15624,0,0,0,111,11,0
15625,0,0,0,331,31,0
15626,0,0,0,343,145,0
15627,0,0,0,127,122,0
15628,0,0,0,63,102,14
15629,0,0,0,0,23,1
15630,0,0,0,0,28,0
15631,0,0,0,33,8,10
15632,0,0,0,2,3,85
15633,0,0,0,0,8,8
15634,0,0,0,0,4,0
15635,0,0,0,9,6,0
15636,0,0,0,0,5,0
15637,0,0,0,2,0,12
15638,0,0,0,17,0,11
15639,0,0,0,10,0,0
15640,0,0,0,0,0,0
15641,0,0,0,0,0,0
15642,0,0,0,38,300,0
15643,0,0,0,69,2494,0
15644,0,0,0,491,5223,0
15645,0,0,0,1192,5556,0
15646,2,0,0,1181,5202,6
15647,0,0,0,858,4505,0
15648,0,0,0,538,1924,0
15649,0,0,0,494,2201,0
15650,0,0,0,664,4552,1
15651,0,0,0,740,5237,3
15652,0,2,0,822,4536,0
15653,0,0,0,796,3775,0
15654,0,0,0,615,1352,0
15655,0,16,0,730,2068,0
15656,0,5,0,982,1825,0
15657,0,0,0,1251,902,0
15658,0,0,0,1546,419,0
15659,0,0,0,1488,113,0
15660,0,0,0,1385,110,0
15661,0,0,0,1205,1153,0
15662,0,0,0,1066,2351,0
15663,0,0,0,1036,2630,0
15664,0,0,0,989,1950,0
15665,0,0,0,1027,1642,0
15666,0,0,0,631,1672,0
15667,0,0,0,514,1392,0
15668,0,0,0,646,289,0
15669,0,0,0,934,378,0
15670,0,0,0,1228,1159,0
15671,0,0,0,1172,1652,0
15672,0,0,0,740,1600,6
15673,0,0,0,391,1401,0
15674,0,0,0,130,825,0
15675,0,0,0,223,229,0
15676,0,0,0,213,232,0
15677,0,0,0,226,285,1
15678,0,0,0,508,555,0
15679,0,0,0,713,716,0
15680,0,0,0,822,798,0
15681,0,0,0,701,619,0
15682,0,0,0,527,671,0
15683,0,0,0,194,624,0
15684,0,0,0,122,198,0
15685,0,0,0,259,51,0
15686,0,0,0,524,282,0
15687,0,0,0,822,573,0
15688,0,0,0,1169,1069,0
15689,0,0,0,1140,1161,0
15690,0,0,0,1107,1099,0
15691,0,0,0,816,702,0
15692,0,0,0,339,391,0
15693,0,0,0,63,6,0
15694,0,0,0,0,1,0
15695,0,0,0,41,101,0
15696,0,0,0,133,82,0
15697,0,0,0,155,46,0
15698,0,0,0,300,83,0
15699,0,0,0,527,278,0
15700,0,0,0,748,457,0
15701,0,0,0,528,258,0
15702,0,0,0,133,137,0
15703,0,0,0,217,619,0
15704,0,0,0,507,775,0
15705,0,0,0,553,280,0
15706,0,0,0,588,19,0
15707,0,0,0,454,523,0
15708,0,0,0,363,1108,0
15709,0,0,0,139,1082,0
15710,0,0,0,79,759,0
15711,0,0,0,38,139,0
15712,0,0,0,5,5,0
15713,0,0,0,4,38,0
15714,0,0,0,3,46,0
15715,0,0,0,6,127,0
15716,0,0,0,0,84,0
15717,0,0,0,0,8,0
15718,0,0,0,0,13,0
15719,0,0,0,0,111,0
15720,0,0,0,0,70,0
15721,0,0,0,2,10,0
15722,0,0,0,3,9,0
15723,0,0,0,13,0,0
15724,0,1,0,33,0,0
15725,22,0,0,66,0,0
15726,60,0,0,31,0,0
15727,123,0,0,25,0,0
15728,131,0,0,13,0,0
15729,73,0,0,8,0,0
15730,42,0,0,0,0,0
15731,0,0,0,0,0,0
15732,0,0,0,74,0,0
15733,0,0,0,427,16,0
15734,0,0,0,1094,237,0
15735,0,0,0,1891,370,0
15736,2,2,0,2102,213,0
15737,0,0,0,2170,56,0
15738,0,0,0,2155,744,0
15739,0,0,0,2262,1390,0
15740,0,0,0,2121,1763,1
15741,0,0,0,1566,1748,0
15742,0,0,0,867,1371,0
15743,0,0,0,329,715,0
15744,0,0,0,98,33,0
15745,0,0,0,63,212,0
15746,0,0,0,103,940,123
15747,0,0,0,298,818,60
15748,0,0,0,582,755,20
15749,0,0,0,753,816,3
15750,0,0,0,790,711,0
15751,0,0,0,682,681,0
15752,0,0,0,403,648,0
15753,0,0,0,143,834,0
15754,0,0,0,87,668,0
15755,0,0,0,69,359,0
15756,0,0,0,151,203,0
15757,0,0,0,355,503,0
15758,0,0,0,409,889,0
15759,0,0,0,267,1118,0
15760,0,0,0,106,459,0
15761,0,0,0,139,158,0
15762,0,0,0,387,169,0
15763,0,0,0,784,422,0
15764,0,0,0,997,1029,0
15765,0,0,0,1273,950,0
15766,0,0,0,1400,920,0
15767,0,0,0,1183,578,0
15768,0,0,0,986,368,0
15769,0,0,0,507,157,0
15770,0,0,0,138,113,0
15771,0,0,0,44,103,47
15772,0,0,0,90,121,11
15773,0,0,0,258,145,52
15774,0,0,0,387,124,73
15775,0,0,0,375,132,76
15776,0,0,0,301,438,46
15777,0,0,0,336,605,0
15778,0,0,0,577,682,0
15779,0,0,0,441,696,4
15780,0,0,0,349,218,0
15781,0,0,0,459,9,5
15782,0,0,0,551,143,2
15783,0,0,0,670,723,0
15784,0,0,0,596,1007,0
15785,0,0,0,614,1034,0
15786,0,0,0,283,541,0
15787,0,0,0,41,115,7
15788,0,0,0,20,35,38
15789,0,0,0,81,342,106
15790,0,0,0,230,785,73
15791,0,0,0,191,777,47
15792,0,0,0,181,529,0
15793,0,0,0,84,115,1
15794,0,0,0,68,0,25
15795,0,0,0,45,241,221
15796,0,0,0,70,502,96
15797,0,0,0,130,966,0
15798,0,0,0,94,868,0
15799,0,0,0,43,540,0
15800,0,0,0,15,24,0
15801,0,0,0,40,0,0
15802,0,0,0,80,7,20
15803,0,0,0,58,9,0
15804,0,0,0,12,90,0
15805,0,0,0,0,338,0
15806,0,0,0,0,878,0
15807,0,0,0,0,1354,0
15808,0,0,0,6,1121,0
15809,0,0,0,0,903,2
15810,0,0,0,0,637,0
15811,0,0,0,0,432,0
15812,0,0,0,0,518,0
15813,0,0,0,0,551,0
15814,0,0,0,26,593,0
15815,0,0,0,21,551,0
15816,0,0,0,22,408,0
15817,0,0,0,30,427,0
15818,0,0,0,76,278,0
15819,0,0,0,29,155,0
15820,0,0,0,24,26,0
15821,0,0,0,3,4,0
15822,0,0,0,0,8,0
15823,0,0,0,0,139,0
15824,0,0,0,0,63,0
15825,0,0,0,0,38,0
15826,0,0,0,13,187,2
15827,0,0,0,36,32,0
15828,0,0,0,10,57,0
15829,0,0,0,36,54,0
15830,0,0,0,51,160,0
15831,0,0,0,47,58,0
15832,0,0,0,41,22,0
15833,0,0,0,10,19,0
15834,0,0,0,0,32,4
15835,0,0,0,0,0,0
15836,0,0,0,0,0,0
15837,0,0,0,0,0,0
15838,0,0,0,0,43,0
15839,0,0,0,17,22,0
15840,0,0,0,0,38,0
15841,0,0,0,3,19,0
15842,0,0,0,0,584,0
15843,0,0,0,2,433,0
15844,0,0,0,18,2048,0
15845,0,0,0,72,3483,0
15846,0,0,0,57,6227,0
15847,0,0,0,24,6081,0
15848,0,0,0,20,6303,10
15849,0,0,0,1,4435,0
15850,0,0,0,54,4624,0
15851,0,0,0,79,4478,0
15852,0,0,0,62,1491,0
15853,0,0,0,59,480,0
15854,0,0,0,4,747,4
15855,0,0,0,9,1326,0
15856,0,0,0,41,1669,0
15857,0,0,0,73,1736,0
15858,0,0,0,254,2294,1
15859,0,0,0,518,2253,0
15860,0,0,0,1012,2521,0
15861,0,0,0,1483,3372,0
15862,0,0,0,1185,4728,0
15863,0,0,0,670,4580,2
15864,0,0,0,427,2441,0
15865,0,0,0,653,712,0
15866,0,0,0,856,1496,11
15867,0,0,0,709,803,2
15868,0,0,0,264,697,2
15869,0,0,0,96,732,0
15870,0,0,0,25,272,0
15871,0,0,0,3,405,0
15872,0,0,0,10,65,1
15873,0,0,0,0,226,0
15874,0,0,0,6,62,0
15875,0,0,0,20,96,0
15876,0,0,0,130,262,34
15877,0,0,0,158,508,120
15878,0,0,0,244,580,239
15879,0,0,0,344,1124,24
15880,0,0,0,627,694,24
15881,0,0,0,728,795,3
15882,0,0,0,898,160,75
15883,0,0,0,832,1030,1393
15884,0,0,0,724,1594,1341
15885,0,0,0,580,1016,341
15886,0,0,0,461,577,356
15887,0,0,0,324,418,6
15888,0,0,0,196,1451,0
15889,0,0,0,162,1119,163
15890,0,0,0,158,369,7
15891,0,0,0,119,389,0
15892,0,0,0,55,75,0
15893,0,0,0,118,267,17
15894,0,0,0,210,377,0
15895,0,0,0,285,209,0
15896,0,0,0,135,78,0
15897,0,0,0,22,0,0
15898,0,0,0,11,6,0
15899,0,0,0,29,139,5
15900,0,0,0,0,171,0
15901,0,0,0,4,153,0
15902,0,0,0,41,78,0
15903,0,0,0,4,206,0
15904,0,0,0,44,742,0
15905,0,0,0,186,835,0
15906,0,0,0,334,782,0
15907,0,0,0,259,572,0
15908,0,0,0,359,230,0
15909,0,0,0,259,234,0
15910,0,0,0,304,349,0
15911,0,0,0,306,189,0
15912,0,0,0,185,52,0
15913,0,0,0,222,45,0
15914,0,0,0,85,11,0
15915,0,0,0,46,0,0
15916,0,0,0,53,0,0
15917,0,0,0,41,0,0
15918,0,0,0,34,0,0
15919,0,0,0,52,10,0
15920,0,0,0,99,1,0
15921,0,0,0,254,17,0
15922,0,0,0,374,9,0
15923,0,0,0,491,185,0
15924,0,0,0,710,366,0
15925,0,0,0,596,581,0
15926,0,0,0,445,587,0
15927,0,0,0,274,485,0
15928,0,0,0,144,152,0
15929,0,0,0,196,235,0
15930,0,0,0,40,412,0
15931,0,0,0,37,449,0
15932,0,0,0,8,276,0
15933,0,0,0,56,85,0
15934,0,0,0,48,184,0
15935,0,0,0,15,519,0
15936,0,0,0,5,405,0
15937,0,0,0,45,183,0
15938,0,0,0,20,132,0
15939,0,0,0,20,21,0
15940,0,0,0,0,46,0
15941,0,0,0,3,8,0
15942,0,0,0,0,0,0
15943,0,0,0,61,5,0
15944,0,0,0,35,40,0
15945,0,0,0,35,5,0
15946,0,0,0,0,7,0
15947,0,0,0,0,0,0
15948,0,0,0,0,0,0
15949,0,0,0,12,0,0
15950,0,0,0,18,3,0
15951,0,0,0,13,1,0
15952,0,0,0,30,26,0
15953,0,0,0,0,18,0
15954,0,0,0,25,19,0
15955,0,0,0,0,37,0
15956,0,0,0,36,140,0
15957,0,0,0,0,270,0
15958,0,0,0,49,369,0
15959,0,0,0,83,766,0
15960,0,0,0,154,655,0
15961,0,0,0,228,646,0
15962,0,0,0,365,340,0
15963,0,0,0,461,228,0
15964,0,0,0,483,222,0
15965,0,0,0,490,420,0
15966,0,0,0,469,607,0
15967,0,0,0,354,595,0
15968,0,0,0,232,713,0
15969,0,0,0,195,606,0
15970,0,0,0,124,580,0
15971,0,0,0,54,581,0
15972,0,0,0,9,885,0
15973,0,0,0,7,530,0
15974,0,0,0,14,205,0
15975,0,0,0,27,38,0
15976,0,0,0,81,65,0
15977,0,0,0,131,66,0
15978,0,0,0,383,57,0
15979,0,0,0,424,24,0
15980,0,0,0,186,30,0
15981,0,0,0,53,59,0
15982,0,0,0,32,49,0
15983,0,0,0,135,63,0
15984,0,0,0,88,24,0
15985,0,0,0,49,10,0
15986,0,0,0,14,297,0
15987,0,0,0,0,617,0
15988,0,0,0,0,890,0
15989,0,0,0,0,1155,0
15990,0,0,0,6,1186,0
15991,0,0,0,55,976,0
15992,0,0,0,101,719,0
15993,0,0,0,51,527,0
15994,0,0,0,66,451,0
15995,0,0,0,76,635,0
15996,0,0,0,63,1203,0
15997,0,0,0,137,1607,0
15998,0,0,0,295,2069,0
15999,0,0,0,496,2610,0
16000,0,0,0,867,3344,0
16001,0,0,0,1032,3400,0
16002,0,0,0,999,4234,0
16003,0,0,0,879,6098,3
16004,0,0,0,727,6100,11
16005,0,0,0,461,2090,4
16006,0,0,0,312,1610,0
16007,0,0,0,144,698,0
16008,0,0,0,118,469,0
16009,0,0,0,122,71,0
16010,0,0,0,98,237,1
16011,0,0,0,111,611,0
16012,0,0,0,83,398,0
16013,0,0,0,52,490,0
16014,0,0,0,5,819,0
16015,0,0,0,3,693,0
16016,0,0,0,3,408,0
16017,0,0,0,23,258,3
16018,0,0,0,36,190,0
16019,0,0,0,22,170,0
16020,0,0,0,15,109,0
16021,0,0,0,101,209,0
16022,0,0,0,55,55,0
16023,0,0,0,29,44,0
16024,0,0,0,0,48,0
16025,0,0,0,0,271,0
16026,0,0,0,0,185,3
16027,0,0,0,6,186,0
16028,0,0,0,31,193,0
16029,0,0,0,2,176,6
16030,0,0,0,0,153,0
16031,0,0,0,0,36,0
16032,0,0,0,0,92,32
16033,0,0,0,0,211,245
16034,0,0,0,0,117,118
16035,0,0,0,0,84,31
16036,0,0,0,3,136,0
16037,0,0,0,32,182,0
16038,0,0,0,1,181,0
16039,0,0,0,0,99,0
16040,0,0,0,13,29,3
16041,0,0,0,45,28,0
16042,0,0,0,149,1,0
16043,0,0,0,239,0,0
16044,0,0,0,271,3,0
16045,4,0,0,240,198,0
16046,0,0,0,296,567,0
16047,0,0,0,109,435,0
16048,0,0,0,102,40,0
16049,0,0,0,319,58,0
16050,0,0,0,312,90,0
16051,0,0,0,266,208,0
16052,0,0,0,139,127,0
16053,0,0,0,52,84,0
16054,0,0,0,9,41,0
16055,0,0,0,0,59,0
16056,0,0,0,0,15,0
16057,0,0,0,0,2,0
16058,6,0,0,2,17,0
16059,0,0,0,0,6,0
16060,15,0,0,0,68,0
16061,3,0,0,13,580,0
16062,18,0,0,0,256,0
16063,18,0,0,0,524,0
16064,4,0,0,4,435,0
16065,0,0,0,0,293,0
16066,0,0,0,2,340,0
16067,0,0,0,17,312,4
16068,0,0,0,0,110,0
16069,0,0,0,71,8,0
16070,0,0,0,56,17,0
16071,0,0,0,72,35,0
16072,0,0,0,147,15,0
16073,0,0,0,291,30,8
16074,0,0,0,310,20,3
16075,0,0,0,193,174,0
16076,0,0,0,90,52,0
16077,1,0,0,241,15,0
16078,0,0,0,200,3,0
16079,0,0,0,320,7,0
16080,0,0,0,594,13,0
16081,0,0,0,720,36,0
16082,0,0,0,666,133,0
16083,0,0,0,570,90,0
16084,0,0,0,560,101,0
16085,0,0,0,296,100,0
16086,0,0,0,207,35,0
16087,0,0,0,142,3,0
16088,0,0,0,67,1,0
16089,0,0,0,0,7,0
16090,0,0,0,0,48,0
16091,0,0,0,10,196,0
16092,0,0,0,7,58,0
16093,0,0,0,61,6,0
16094,0,0,0,115,0,0
16095,0,0,0,85,0,0
16096,0,0,0,189,0,0
16097,0,0,0,318,15,0
16098,0,0,0,336,17,0
16099,0,0,0,414,46,4
16100,0,0,0,529,180,19
16101,0,0,0,488,646,51
16102,0,0,0,537,620,12
16103,0,0,0,455,488,0
16104,0,0,0,386,296,14
16105,0,0,0,412,109,0
16106,0,0,0,224,41,10
16107,0,0,0,156,101,0
16108,0,0,0,179,305,0
16109,0,0,0,148,335,34
16110,0,0,0,64,77,0
16111,0,0,0,41,5,4
16112,0,0,0,41,202,6
16113,0,0,0,5,280,0
16114,0,0,0,0,179,0
16115,0,0,0,16,43,4
16116,0,0,0,61,11,23
16117,0,0,0,131,27,2
16118,0,0,0,29,85,5
16119,0,0,0,46,8,0
16120,0,0,0,26,6,23
16121,0,0,0,26,1,0
16122,0,0,0,15,7,0
16123,0,0,0,42,0,0
16124,0,0,0,64,6,16
16125,0,0,0,249,51,52
16126,0,0,0,469,26,61
16127,0,0,0,742,19,3
16128,0,0,0,1034,71,0
16129,0,0,0,1294,35,0
16130,0,0,0,1413,123,0
16131,0,0,0,1408,38,0
16132,0,0,0,1448,26,0
16133,0,0,0,1328,5,0
16134,0,0,0,1136,1,0
16135,0,0,0,895,13,0
16136,0,0,0,697,3,0
16137,0,0,0,490,3,0
16138,0,0,0,229,0,0
16139,0,0,0,257,0,0
16140,0,0,0,128,0,0
16141,0,0,0,185,15,0
16142,0,0,0,115,0,0
16143,0,0,0,51,67,0
16144,0,0,0,18,622,0
16145,0,0,0,99,784,0
16146,0,0,0,125,512,0
16147,0,0,0,158,464,0
16148,0,0,0,225,570,0
16149,0,0,0,239,415,0
16150,0,0,0,370,392,0
16151,0,0,0,224,256,0
16152,0,0,0,189,100,0
16153,0,0,0,52,150,0
16154,0,0,0,1,396,0
16155,0,0,0,0,687,0
16156,0,0,0,2,1166,0
16157,0,0,0,0,1256,0
16158,0,0,0,0,680,0
16159,0,0,0,0,17,0
16160,0,0,0,0,66,0
16161,0,0,0,23,1,0
16162,0,0,0,404,0,0
16163,0,0,0,645,18,0
16164,0,0,0,489,2,0
16165,0,0,0,262,0,0
16166,0,0,0,17,8,0
16167,0,0,0,8,0,1
16168,0,0,0,21,0,0
16169,0,0,0,71,19,0
16170,0,0,0,83,149,0
16171,0,0,0,107,373,0
16172,0,0,0,85,490,0
16173,0,0,0,0,323,0
16174,0,0,0,27,21,0
16175,0,0,0,37,227,0
16176,0,0,0,65,287,0
16177,0,0,0,96,241,0
16178,0,0,0,142,171,0
16179,0,0,0,180,49,0
16180,0,0,0,125,1,0
16181,0,0,0,30,0,0
16182,0,0,0,18,0,0
16183,0,0,0,0,0,0
16184,0,0,0,61,0,0
16185,0,0,0,239,0,0
16186,0,0,0,541,6,0
16187,0,0,0,700,6,0
16188,0,0,0,796,24,0
16189,0,0,0,729,377,0
16190,0,0,0,624,550,0
16191,0,0,0,457,480,0
16192,0,0,0,376,270,0
16193,0,0,0,158,59,0
16194,0,0,0,78,10,0
16195,0,0,0,37,5,0
16196,0,0,0,5,28,0
16197,0,0,0,101,73,0
16198,0,0,0,395,151,0
16199,0,0,0,447,387,0
16200,0,0,0,344,523,0
16201,0,0,0,498,508,0
16202,0,0,0,633,337,0
16203,0,0,0,458,40,0
16204,0,0,0,293,281,0
16205,0,0,0,283,483,0
16206,0,0,0,217,600,0
16207,0,0,0,12,244,0
16208,0,0,0,0,53,0
16209,0,0,0,0,109,0
16210,0,0,0,10,218,0
16211,0,0,0,4,289,0
16212,0,0,0,37,306,0
16213,0,0,0,18,284,0
16214,0,0,0,48,148,0
16215,0,0,0,1,124,0
16216,0,0,0,4,372,0
16217,0,0,0,0,443,0
16218,0,0,0,0,258,0
16219,0,0,0,5,222,0
16220,0,0,0,12,352,0
16221,0,0,0,0,341,0
16222,0,0,0,0,299,0
16223,0,0,0,0,286,0
16224,0,0,0,0,130,0
16225,0,0,0,0,274,0
16226,0,0,0,0,332,0
16227,0,0,0,0,239,0
16228,0,0,0,0,130,0
16229,0,0,0,0,139,0
16230,0,0,0,2,103,0
16231,0,0,0,2,50,0
16232,0,0,0,4,22,0
16233,0,0,0,6,9,0
16234,0,0,0,8,0,0
16235,0,0,0,0,0,0
16236,0,0,0,0,5,0
16237,0,0,0,0,0,0
16238,0,0,0,19,23,0
16239,0,0,0,170,13,0
16240,0,0,0,177,5,0
16241,0,0,0,32,95,0
16242,0,0,0,172,0,0
16243,0,0,0,108,0,0
16244,0,0,0,16,0,0
16245,0,0,0,9,0,0
16246,0,0,0,48,57,0
16247,0,0,0,46,0,0
16248,0,0,0,61,2,0
16249,0,0,0,42,0,0
16250,0,0,0,44,0,0
16251,0,0,0,56,0,0
16252,0,0,0,16,0,0
16253,0,0,0,0,33,0
16254,0,0,0,44,14,0
16255,0,0,0,159,75,0
16256,0,0,0,129,10,0
16257,0,0,0,56,0,0
16258,0,0,0,0,18,0
16259,0,0,0,0,25,0
16260,0,0,0,0,0,0
16261,0,0,0,14,0,0
16262,0,0,0,13,0,0
16263,0,0,0,14,0,0
16264,0,0,0,19,0,0
16265,0,0,0,8,35,0
16266,0,0,0,3,78,0
16267,0,0,0,7,169,0
16268,0,0,0,4,101,0
16269,0,0,0,0,1,0
16270,0,0,0,0,75,0
16271,0,0,0,0,170,0
16272,0,0,0,0,121,0
16273,0,0,0,0,66,0
16274,0,0,0,0,13,0
16275,0,0,0,0,0,0
16276,0,0,0,0,3,0
16277,0,0,0,0,0,0
16278,0,0,0,8,0,0
16279,0,0,0,90,0,0
16280,0,0,0,162,0,0
16281,0,0,0,151,0,0
16282,0,0,0,171,6,0
16283,0,0,0,276,151,0
16284,0,0,0,456,75,0
16285,0,0,0,456,94,0
16286,0,0,0,197,18,0
16287,0,0,0,292,0,0
16288,0,0,0,122,11,0
16289,0,0,0,194,93,0
16290,0,0,0,73,90,0
16291,0,0,0,192,4,0
16292,0,0,0,341,32,0
16293,0,0,0,156,2,0
16294,0,0,0,0,0,0
16295,0,0,0,8,106,0
16296,0,0,0,1,0,0
16297,0,0,0,0,2,0
16298,0,0,0,24,31,0
16299,0,0,0,104,26,0
16300,0,0,0,268,84,0
16301,0,0,0,689,167,0
16302,0,0,0,754,202,0
16303,0,0,0,164,184,0
16304,0,0,0,42,104,0
16305,0,0,0,89,338,0
16306,0,0,0,40,723,0
16307,0,0,0,18,590,0
16308,0,0,0,0,72,0
16309,0,0,0,2,41,0
16310,0,0,0,47,0,0
16311,0,0,0,21,0,0
16312,0,0,0,0,9,0
16313,0,0,0,0,8,0
16314,0,0,0,0,4,0
16315,0,0,0,0,6,0
16316,0,0,0,0,2,0
16317,0,0,0,0,0,0
16318,0,0,0,0,58,0
16319,0,0,0,0,194,0
16320,0,0,0,0,233,0
16321,0,0,0,2,116,0
16322,0,0,0,0,30,0
16323,0,0,0,0,156,0
16324,0,0,0,0,283,0
16325,0,0,0,0,137,0
16326,0,0,0,0,47,0
16327,0,0,0,0,0,0
16328,0,0,0,0,0,0
16329,0,0,0,0,0,0
16330,0,0,0,0,14,0
16331,0,0,0,0,9,0
16332,0,0,0,0,0,0
16333,0,0,0,0,0,0
16334,0,0,0,0,0,0
16335,0,0,0,0,5,0
16336,0,0,0,0,48,0
16337,0,0,0,0,4,0
16338,0,0,0,0,0,0
16339,0,0,0,0,0,0
16340,0,4,0,0,55,0
16341,0,42,0,0,7,0
16342,0,45,0,0,1,0
16343,0,28,0,0,35,0
16344,0,27,0,0,38,0
16345,0,16,0,0,12,0
16346,0,22,0,0,42,0
16347,0,0,0,0,0,0
16348,0,4,0,0,1,0
16349,0,0,0,0,37,0
16350,0,0,0,0,1,0
16351,0,0,0,0,10,0
16352,0,0,0,0,2,0
16353,0,0,0,0,0,0
16354,0,0,0,0,0,0
16355,0,0,0,0,0,0
16356,0,0,0,0,0,0
16357,0,0,0,0,0,0
16358,28,0,0,0,0,0
16359,15,0,0,0,0,0
16360,12,0,0,0,0,0
16361,0,0,0,0,0,0
16362,0,2,0,0,0,0
16363,0,0,0,0,0,0
16364,0,0,0,0,0,0
16365,1,0,7,0,0,0
16366,6,0,0,0,0,0
16367,0,0,6,0,0,0
16368,0,0,0,0,0,0
16369,0,0,0,0,0,0
16370,0,0,0,0,0,0
16371,0,0,0,0,0,0
16372,0,0,0,0,0,0
16373,0,0,0,0,0,0
16374,0,7,0,0,0,0
16375,0,8,7,0,0,0
16376,0,0,0,0,0,0
16377,0,0,0,0,0,0
16378,0,0,0,0,0,0
16379,0,0,0,0,0,0
16380,0,0,18,0,0,0
16381,0,0,27,0,0,0
16382,0,0,46,0,0,0
16383,0,0,34,0,0,0
16384,0,0,38,0,0,0
16385,0,0,19,0,0,0
16386,0,0,13,0,0,0
16387,0,0,0,0,0,1
16388,0,0,0,0,0,0
16389,0,0,67,0,0,0
16390,0,0,70,0,0,0
16391,0,0,52,18,0,0
16392,0,0,21,22,0,0
16393,0,0,14,0,0,0
16394,0,0,7,0,0,0
16395,0,2,4,0,0,0
16396,0,5,24,0,0,0
16397,0,0,22,0,0,0
16398,0,0,12,0,0,0
16399,0,0,3,0,0,0
16400,0,0,21,0,0,0
16401,0,0,0,0,0,0
16402,0,0,0,0,0,0
16403,0,0,0,0,0,0
16404,0,0,0,0,1,0
16405,0,0,0,0,4,0
16406,0,0,0,0,1,0
16407,0,0,0,0,0,0
16408,0,0,0,0,0,0
16409,0,0,0,18,2,0
16410,0,0,0,19,0,0
16411,0,0,0,0,8,0
16412,0,0,0,0,12,0
16413,0,0,0,4,12,0
16414,0,0,0,0,0,0
16415,0,7,38,2,44,0
16416,0,29,24,0,3,0
16417,0,44,18,0,35,0
16418,0,22,18,5,31,0
16419,0,0,0,0,1,0
16420,0,0,0,0,2,0
16421,0,23,5,0,61,0
16422,0,31,10,0,34,0
16423,0,9,5,0,35,0
16424,0,2,12,4,23,0
16425,0,0,0,0,2,0
16426,0,0,0,1,5,0
16427,0,0,0,1,0,0
16428,0,0,0,0,0,0
16429,0,0,0,0,2,0
16430,0,0,0,13,16,0
16431,0,0,0,16,7,0
16432,0,0,0,41,0,0
16433,0,0,0,16,11,0
16434,0,0,0,21,2,0
16435,0,0,0,10,14,0
16436,0,0,0,2,34,0
16437,0,0,0,2,5,0
16438,0,0,0,0,3,0
16439,0,0,0,0,51,0
16440,0,0,0,0,25,0
16441,0,0,0,0,57,0
16442,0,0,0,0,15,0
16443,0,0,0,0,0,0
16444,0,0,0,0,0,0
16445,0,0,0,0,2,0
16446,0,0,0,0,0,0
16447,0,0,0,0,1,0
16448,0,0,0,0,0,0
16449,0,0,0,0,0,0
16450,0,0,0,0,0,0
16451,0,0,0,0,0,0
16452,0,0,0,0,0,0
16453,0,0,0,0,0,0
16454,0,0,0,0,0,0
16455,0,0,0,9,0,0
16456,0,0,0,7,0,0
16457,0,0,0,0,0,0
16458,0,0,0,0,0,0
16459,0,0,0,0,0,0
16460,0,0,0,0,0,0
16461,0,0,0,8,0,0
16462,0,0,0,56,0,0
16463,0,0,0,48,0,0
16464,0,0,0,0,0,0
16465,0,0,0,0,0,0
16466,0,0,0,0,0,0
16467,0,0,0,0,0,0
16468,0,0,0,0,0,0
16469,0,0,0,0,0,0
16470,0,0,0,0,0,0
16471,0,0,0,0,7,0
16472,0,0,0,0,0,0
16473,0,0,0,0,0,0
16474,0,0,0,0,0,0
16475,0,0,0,0,0,0
16476,0,0,0,0,0,0
16477,0,0,0,0,0,0
16478,0,0,0,0,0,0
16479,0,0,0,0,0,0
16480,0,0,0,0,0,0
16481,0,0,0,0,11,0
16482,0,0,0,0,47,0
16483,0,0,0,3,59,0
16484,0,0,0,18,47,0
16485,0,0,0,1,6,0
16486,0,0,0,2,38,0
16487,0,0,0,4,0,0
16488,0,0,0,4,72,0
16489,0,0,0,18,68,0
16490,0,0,0,16,0,0
16491,0,0,0,3,0,0
16492,0,0,0,1,0,0
16493,0,0,0,14,6,0
16494,0,0,0,0,7,0
16495,0,0,0,0,20,0
16496,0,0,0,0,4,0
16497,0,0,0,0,0,0
16498,0,0,0,0,0,0
16499,0,0,0,0,26,0
16500,0,0,0,0,84,0
16501,0,0,0,0,72,0
16502,0,0,0,0,2,0
16503,0,0,0,0,0,0
16504,0,0,0,0,0,0
16505,0,0,0,0,0,0
16506,0,0,0,0,0,0
16507,0,0,0,0,0,0
16508,0,0,0,0,0,0
16509,0,0,0,0,0,0
16510,0,0,0,0,0,0
16511,0,0,0,0,0,0
16512,0,0,0,0,7,0
16513,0,0,0,0,0,0
16514,0,0,0,0,0,0
16515,0,0,0,0,0,0
16516,0,0,0,0,0,0
16517,0,0,0,0,0,0
16518,0,0,0,0,0,0
16519,0,0,0,0,0,0
16520,0,0,0,0,0,0
16521,0,0,0,0,0,0
16522,0,0,0,0,0,0
16523,0,0,0,0,0,0
16524,0,0,0,0,0,0
16525,0,0,0,0,1,0
16526,0,0,0,0,114,0
16527,0,0,0,0,108,0
16528,0,0,0,0,123,0
16529,0,0,0,0,53,0
16530,0,0,0,0,48,0
16531,8,0,0,0,6,0
16532,8,0,0,0,0,0
16533,0,0,0,0,14,0
16534,0,0,0,14,57,0
16535,0,0,0,55,126,0
16536,0,0,0,0,108,0
16537,0,0,0,0,29,0
16538,0,0,0,0,5,0
16539,0,0,0,7,0,0
16540,0,0,0,0,0,0
16541,0,0,0,0,0,0
16542,0,0,0,0,0,0
16543,8,0,0,0,0,0
16544,0,0,0,0,0,0
16545,0,0,0,0,0,0
16546,0,0,0,0,0,0
16547,0,0,0,0,0,0
16548,0,0,0,0,0,0
16549,0,0,0,0,0,0
16550,0,0,0,0,0,0
16551,0,0,0,0,0,0
16552,0,0,0,0,0,0
16553,0,3,0,0,0,0
16554,0,16,18,0,0,0
16555,0,5,24,0,0,0
16556,0,0,35,0,0,0
16557,0,0,26,0,0,0
16558,0,0,2,0,0,0
16559,0,0,0,0,0,0
16560,0,0,0,0,0,0
16561,0,36,17,0,0,0
16562,0,44,19,0,0,0
16563,0,16,12,0,0,0
16564,0,5,9,0,0,0
16565,0,14,12,0,0,0
16566,4,0,11,0,0,0
16567,2,0,0,0,0,0
16568,0,0,0,0,0,0
16569,0,0,0,0,44,0
16570,0,0,0,0,98,0
16571,7,0,0,0,96,0
16572,13,0,0,0,6,0
16573,19,0,0,0,6,0
16574,0,0,0,0,49,0
16575,0,0,0,0,64,0
16576,0,0,0,0,35,0
16577,0,0,0,0,0,0
16578,0,0,0,0,0,0
16579,0,0,0,0,0,0
16580,0,0,0,0,0,0
16581,0,0,0,0,0,0
16582,0,0,0,0,0,0
16583,0,0,0,0,0,0
16584,0,0,0,0,0,0
16585,0,0,0,0,0,0
16586,0,0,0,0,0,0
16587,0,0,0,0,2,0
16588,0,0,0,0,0,0
16589,0,0,0,0,0,0
16590,0,0,0,0,0,0
16591,0,0,0,0,15,0
16592,0,0,0,0,4,0
16593,0,0,0,0,6,0
16594,0,0,0,0,2,0
16595,0,0,0,0,37,0
16596,0,0,0,30,25,0
16597,0,0,0,9,99,0
16598,0,0,0,0,49,0
16599,0,0,0,0,132,0
16600,0,0,0,0,86,0
16601,0,0,0,0,97,0
16602,0,0,0,0,61,0
16603,0,0,0,0,10,0
16604,0,0,0,0,0,0
16605,0,0,0,0,3,0
16606,0,3,11,0,11,0
16607,0,0,22,0,0,0
16608,0,0,17,0,1,0
16609,0,0,12,0,0,0
16610,0,0,2,11,14,0
16611,0,1,0,17,46,0
16612,0,0,0,0,25,0
16613,0,0,0,0,93,0
16614,0,0,10,0,69,0
16615,0,0,11,3,83,0
16616,0,0,2,0,231,0
16617,0,7,1,15,48,0
16618,0,11,0,0,67,0
16619,0,0,0,3,157,0
16620,0,0,0,0,26,0
16621,0,0,0,1,31,0
16622,0,0,0,0,32,0
16623,0,0,0,0,2,0
16624,0,0,0,0,6,0
16625,0,0,0,0,16,0
16626,0,0,0,6,15,0
16627,0,0,0,3,6,0
16628,0,0,0,13,37,0
16629,0,0,0,1,0,0
16630,0,0,0,0,0,0
16631,0,0,0,4,0,0
16632,0,0,0,0,0,0
16633,0,0,0,0,0,0
16634,0,0,0,0,0,0
16635,0,0,0,0,0,0
16636,0,0,0,0,0,0
16637,0,0,0,0,0,0
16638,0,0,0,0,0,0
16639,0,0,0,0,0,0
16640,0,0,0,0,0,0
16641,0,0,0,0,0,0
16642,0,0,0,0,16,0
16643,0,0,0,0,17,0
16644,0,0,0,0,42,0
16645,0,0,0,34,4,0
16646,0,0,0,10,66,0
16647,0,0,0,0,0,0
16648,0,0,0,0,5,0
16649,0,0,0,0,3,0
16650,0,0,0,3,1,0
16651,0,0,0,4,4,0
16652,0,0,0,1,0,0
16653,0,0,0,2,0,0
16654,0,0,0,0,26,0
16655,0,0,0,0,30,0
16656,0,0,0,0,16,0
16657,0,0,0,0,1,0
16658,0,0,0,0,11,0
16659,0,0,0,0,2,0
16660,0,0,0,0,30,0
16661,0,0,0,0,63,0
16662,0,0,0,0,7,0
16663,0,0,0,0,1,0
16664,0,0,0,0,81,0
16665,0,0,0,0,2,0
16666,0,0,0,0,55,0
16667,0,0,0,0,14,0
16668,0,0,0,0,1,0
16669,0,0,0,0,0,0
16670,0,0,0,0,0,0
16671,0,0,0,3,0,0
16672,0,0,0,0,1,0
16673,0,0,0,0,0,0
16674,0,0,0,0,0,0
16675,0,0,0,0,0,0
16676,0,0,0,0,56,0
16677,0,0,0,0,0,0
16678,0,0,0,0,29,0
16679,0,0,0,0,88,0
16680,0,0,0,0,13,0
16681,0,0,0,0,5,0
16682,0,0,0,0,0,0
16683,0,0,0,0,1,0
16684,0,0,0,0,9,0
16685,0,0,0,0,30,0
16686,0,0,0,0,7,0
16687,0,0,0,0,0,0
16688,0,0,0,0,2,0
16689,0,0,0,0,1,0
16690,0,0,0,0,1,0
16691,0,0,0,0,4,0
16692,0,0,0,0,0,0
16693,0,0,0,0,0,0
16694,0,0,0,3,0,0
16695,0,0,0,0,0,0
16696,0,0,0,0,3,0
16697,0,0,0,0,0,0
16698,0,0,0,0,3,0
16699,0,0,0,0,0,0
16700,0,0,0,0,0,0
16701,0,0,0,36,0,0
16702,0,0,0,1,0,0
16703,0,0,0,0,0,0
16704,0,0,0,0,0,0
16705,0,0,0,0,0,0
16706,0,0,0,13,0,0
16707,0,0,0,0,0,0
16708,0,0,0,0,0,0
16709,0,0,0,4,0,0
16710,0,0,0,0,0,0
16711,0,0,0,0,0,0
16712,0,0,0,0,0,0
16713,0,0,0,0,0,0
16714,0,0,0,0,0,0
16715,0,0,0,0,0,0
16716,0,0,0,0,0,0
16717,0,0,0,0,0,0
16718,0,0,0,0,0,0
16719,0,0,0,0,0,0
16720,0,0,0,0,0,0
16721,0,0,0,0,0,0
16722,0,0,0,0,0,0
16723,0,0,0,0,0,0
16724,0,0,0,0,0,0
16725,0,0,0,0,0,0
16726,0,0,0,0,10,0
16727,0,0,0,0,0,0
16728,0,0,0,0,0,0
16729,0,2,0,0,0,0
16730,0,406,69,0,0,0
16731,14,1406,55,0,0,0
16732,9,2864,25,0,0,0
16733,0,4920,1504,0,0,0
16734,0,6047,3934,0,0,0
16735,15,7696,2450,0,0,0
16736,85,9576,337,0,0,0
16737,97,9696,1637,0,0,0
16738,75,10555,562,0,0,0
16739,57,10506,0,0,0,0
16740,15,10804,9,0,0,0
16741,33,13272,0,0,3,0
16742,46,13237,0,0,0,0
16743,39,13026,0,0,0,0
16744,101,12531,0,0,0,0
16745,98,10475,0,0,0,0
16746,81,8856,13,0,0,0
16747,119,7055,22,0,0,0
16748,118,6009,0,0,0,0
16749,80,6053,0,0,0,0
16750,87,7589,0,0,0,0
16751,50,8229,0,0,0,0
16752,0,7814,0,0,0,0
16753,0,7240,0,0,0,0
16754,0,5591,0,0,0,0
16755,0,8352,0,0,0,0
16756,0,10777,0,0,0,0
16757,1,11762,0,0,0,0
16758,0,10729,0,0,0,0
16759,0,6757,0,0,0,0
16760,0,4684,0,0,0,0
16761,22,10045,0,0,0,0
16762,89,12146,0,0,0,0
16763,171,12464,0,0,0,0
16764,102,10544,0,0,0,0
16765,85,8186,0,0,0,0
16766,2,5319,0,0,0,0
16767,5,5022,0,0,0,0
16768,9,5847,0,0,0,0
16769,0,8537,4,0,0,0
16770,0,10857,0,0,0,0
16771,0,12333,25,0,7,0
16772,0,12189,64,0,6,0
16773,15,10958,46,0,0,0
16774,14,9056,61,0,12,8
16775,33,6551,50,0,0,0
16776,67,3656,0,0,20,1
16777,105,2813,15,0,0,0
16778,92,1746,19,0,29,0
16779,79,1852,0,0,3,0
16780,82,2150,8,0,25,9
16781,75,3320,0,0,6,0
16782,63,3976,0,0,0,0
16783,52,5283,0,0,3,0
16784,43,6106,0,0,0,0
16785,10,7058,0,0,0,0
16786,0,7250,0,0,36,0
16787,0,7407,0,0,7,0
16788,0,7228,0,0,19,0
16789,0,6787,57,0,2,0
16790,0,6173,123,0,0,0
16791,0,6009,35,0,0,0
16792,0,4925,0,0,2,0
16793,0,4220,17,0,0,0
16794,0,3393,40,2,7,0
16795,0,2957,18,0,3,0
16796,0,680,47,1,2,0
16797,0,297,20,0,0,0
16798,0,374,15,4,15,0
16799,1,29,0,0,4,0
16800,3,149,15,7,2,0
16801,25,153,26,4,12,0
16802,0,0,0,0,2,0
16803,0,0,0,0,1,2
16804,0,0,0,0,3,0
16805,0,0,0,16,0,0
16806,0,0,0,0,3,0
16807,0,0,0,0,0,0
16808,0,0,0,0,0,0
16809,0,0,0,0,15,0
16810,0,0,0,0,0,0
16811,0,0,0,0,0,0
16812,0,0,0,0,2,0
16813,0,0,0,0,4,0
16814,0,0,0,0,6,0
16815,0,0,0,0,0,0
16816,0,17,0,0,175,0
16817,11,22,0,0,7,0
16818,0,6,0,0,64,0
16819,0,10,0,0,1,0
16820,0,7,0,0,19,1
16821,0,0,0,0,0,0
16822,0,0,0,0,70,0
16823,2,0,0,0,5,0
16824,0,0,0,0,64,0
16825,0,30,0,0,4,0
16826,0,18,0,0,209,0
16827,0,8,0,0,11,0
16828,0,0,0,0,275,0
16829,0,0,0,0,10,0
16830,0,0,0,0,211,0
16831,0,0,0,34,16,0
16832,0,0,0,11,94,8
16833,0,0,0,24,4,12
16834,0,0,0,0,22,0
16835,0,0,0,0,5,0
16836,0,0,0,1,0,1
16837,0,0,0,8,5,0
16838,0,0,0,15,1,0
16839,0,0,0,31,69,0
16840,0,0,0,37,2,0
16841,0,0,0,8,159,0
16842,0,0,0,10,2,0
16843,0,0,0,34,278,0
16844,0,0,0,169,16,0
16845,0,0,0,334,68,0
16846,0,0,0,539,72,0
16847,0,0,0,443,47,0
16848,0,0,0,123,2,0
16849,0,0,0,7,58,0
16850,0,0,0,0,13,0
16851,0,0,0,4,235,0
16852,0,0,0,54,0,0
16853,0,0,0,0,195,0
16854,0,0,0,0,0,0
16855,0,0,0,0,159,0
16856,0,0,0,0,3,0
16857,0,0,0,0,117,0
16858,0,0,0,5,3,0
16859,0,0,0,0,7,0
16860,0,0,0,18,126,0
16861,0,0,0,0,6,0
16862,0,0,0,2,30,0
16863,0,0,0,54,62,0
16864,0,0,0,114,4,0
16865,0,0,0,241,398,0
16866,0,0,0,141,1,0
16867,0,0,0,78,23,0
16868,0,0,0,27,13,0
16869,0,0,0,103,0,0
16870,0,0,0,196,253,0
16871,0,0,0,89,106,0
16872,0,0,0,69,234,0
16873,0,0,0,11,4,0
16874,0,0,0,0,2,0
16875,0,0,0,7,21,0
16876,0,0,0,0,24,0
16877,0,0,0,6,79,0
16878,0,0,0,0,5,0
16879,0,0,0,0,37,0
16880,0,0,0,1,31,0
16881,0,0,0,0,4,0
16882,0,0,0,0,6,3
16883,0,0,0,0,0,0
16884,0,0,0,0,14,0
16885,0,0,0,15,4,0
16886,0,0,0,8,0,0
16887,0,0,0,0,16,0
16888,0,0,0,0,35,1
16889,0,0,0,0,26,0
16890,0,0,0,0,25,0
16891,0,0,0,0,11,0
16892,0,0,0,0,7,0
16893,0,0,0,0,2,5
16894,0,0,0,3,0,0
16895,0,0,0,0,0,5
16896,0,0,0,0,24,0
16897,0,0,0,0,0,0
16898,0,0,0,0,21,0
16899,0,0,0,1,1,0
16900,0,0,0,0,148,0
16901,0,0,0,0,0,0
16902,0,0,0,0,22,1
16903,0,0,0,0,15,0
16904,0,0,0,0,79,0
16905,0,0,0,0,3,1
16906,0,0,0,0,55,0
16907,0,0,0,0,10,1
16908,0,0,0,0,13,0
16909,0,0,0,0,2,0
16910,0,0,0,0,4,0
16911,0,0,0,0,0,0
16912,0,0,0,0,0,0
16913,0,0,0,0,26,0
16914,0,0,0,0,0,0
16915,0,0,0,0,57,0
16916,0,0,0,0,2,0
16917,0,0,0,0,12,0
16918,0,0,0,0,0,0
16919,0,0,0,0,0,0
16920,0,0,0,0,0,0
16921,0,0,0,0,67,1
16922,0,0,0,0,11,0
16923,0,0,0,0,78,3
16924,0,0,0,0,1,2
16925,0,0,0,0,6,0
16926,0,0,0,0,0,0
16927,0,0,0,0,14,0
16928,0,0,0,0,0,0
16929,0,0,0,0,44,0
16930,0,0,0,0,0,0
16931,0,0,0,0,6,0
16932,0,0,0,0,1,0
16933,0,0,0,2,18,0
16934,0,0,0,0,6,0
16935,0,0,0,1,5,0
16936,0,0,0,0,12,0
16937,0,0,0,0,14,2
16938,0,0,0,0,28,1
16939,0,0,0,0,0,1
16940,0,0,0,0,0,0
16941,0,0,0,0,2,0
16942,0,0,0,0,2,0
16943,0,0,0,0,2,0
16944,0,0,0,0,0,0
16945,0,0,0,0,4,0
16946,0,0,0,0,0,0
16947,0,0,0,0,2,0
16948,0,0,0,0,5,0
16949,0,0,0,0,0,0
16950,0,0,0,0,2,0
16951,0,0,0,0,3,0
16952,0,0,0,0,10,0
16953,0,0,0,0,2,0
16954,0,0,0,0,2,0
16955,0,0,0,0,0,0
16956,0,0,0,0,0,0
16957,0,0,0,0,1,0
16958,0,0,0,0,8,0
16959,0,0,0,0,1,0
16960,0,0,0,0,113,0
16961,0,0,0,0,0,0
16962,0,0,0,0,59,0
16963,0,0,0,0,0,0
16964,0,0,0,0,13,0
16965,0,0,0,0,0,0
16966,0,0,0,0,30,2
16967,0,0,0,2,11,0
16968,0,0,0,0,101,0
16969,0,0,0,0,4,0
16970,0,0,0,0,57,0
16971,0,0,0,0,0,0
16972,0,0,0,0,2,3
16973,0,0,0,0,0,3
16974,0,0,0,0,4,0
16975,0,0,0,0,1,0
16976,0,0,0,0,0,0
16977,0,0,0,0,55,0
16978,0,0,0,0,0,0
16979,0,0,0,17,0,0
16980,0,0,0,0,0,0
16981,0,0,0,0,32,0
16982,0,0,0,0,0,1
16983,0,0,0,0,42,0
16984,0,0,0,0,0,0
16985,0,0,0,0,6,0
16986,0,0,0,0,0,0
16987,0,0,0,0,51,0
16988,0,0,0,0,1,0
16989,0,0,0,0,5,0
16990,0,0,0,0,0,0
16991,0,0,0,0,0,0
16992,0,0,0,0,0,0
16993,0,0,0,0,0,0
16994,0,0,0,0,0,0
16995,0,0,0,0,0,0
16996,0,0,0,0,0,0
16997,0,0,0,0,0,0
16998,0,0,0,0,0,0
16999,0,0,0,0,0,0
17000,0,0,0,0,0,0
17001,0,0,0,0,0,0
17002,0,0,0,0,0,0
17003,0,0,0,0,0,0
17004,0,0,0,0,0,0
17005,0,0,0,0,0,0
17006,0,0,0,0,0,0
17007,0,0,0,0,0,0
17008,0,0,0,0,0,0
17009,0,0,0,0,0,0
17010,0,0,0,0,0,0
17011,0,0,0,0,3,0
17012,0,0,0,0,0,0
17013,0,0,0,0,0,0
17014,0,0,0,0,0,0
17015,0,0,0,0,0,0
17016,0,0,0,0,0,0
17017,0,0,0,0,0,0
17018,0,0,0,0,0,0
17019,0,0,0,0,0,0
17020,0,0,0,0,0,0
17021,0,0,0,0,0,0
17022,0,0,0,0,0,0
17023,0,0,0,0,0,0
17024,0,0,0,0,0,0
17025,0,0,0,0,0,0
17026,0,0,0,18,0,0
17027,0,0,0,34,0,0
17028,0,0,0,0,0,0
17029,0,0,0,0,0,0
17030,0,0,0,0,0,0
17031,0,0,0,0,0,0
17032,0,0,0,0,0,0
17033,0,0,0,0,0,0
17034,0,0,0,0,0,0
17035,0,0,0,0,0,0
17036,0,0,0,0,0,0
17037,0,0,0,0,0,0
17038,0,0,0,0,0,0
17039,0,0,0,0,0,0
17040,0,0,0,0,0,0
17041,0,0,0,0,15,0
17042,0,0,0,0,0,0
17043,0,0,0,0,4,0
17044,0,0,0,0,0,0
17045,0,0,0,0,25,0
17046,0,0,0,0,0,0
17047,0,0,0,0,19,0
17048,0,0,0,0,98,0
17049,0,0,0,0,56,0
17050,0,0,0,0,32,0
17051,0,0,0,0,22,0
17052,0,0,0,0,0,0
17053,0,0,0,0,0,0
17054,0,0,0,0,1,0
17055,0,0,0,0,20,0
17056,0,0,0,0,0,0
17057,0,0,0,0,0,0
17058,0,0,0,0,0,0
17059,0,0,0,0,10,0
17060,0,0,0,0,8,0
17061,0,0,0,0,5,0
17062,0,0,0,0,0,0
17063,0,0,0,0,11,0
17064,0,0,0,0,0,0
17065,0,0,0,0,0,0
17066,0,0,0,0,1,0
17067,0,0,0,0,0,0
17068,0,0,0,0,0,0
17069,0,0,0,0,48,0
17070,0,0,0,0,25,0
17071,0,0,0,0,31,0
17072,0,0,0,0,8,0
17073,0,0,0,0,6,0
17074,0,0,0,0,0,0
17075,0,0,0,0,0,0
17076,0,0,0,0,0,0
17077,0,0,0,0,3,0
17078,0,0,0,0,2,0
17079,0,0,0,0,0,0
17080,0,0,0,0,0,0
17081,0,0,0,0,12,0
17082,0,0,0,0,17,0
17083,0,0,0,0,2,0
17084,0,0,0,0,66,0
17085,0,0,0,0,8,0
17086,1,0,0,0,15,1
17087,0,0,0,0,1,0
17088,0,0,0,0,14,0
17089,0,12,0,0,8,0
17090,0,30,0,0,7,0
17091,8,108,9,0,0,0
17092,6,246,7,0,0,0
17093,0,263,0,0,0,0
17094,0,118,0,0,0,0
17095,0,44,0,0,0,0
17096,0,18,0,0,0,0
17097,0,0,0,0,0,0
17098,0,0,0,0,0,0
17099,0,0,0,0,15,0
17100,0,0,0,0,4,0
17101,0,0,0,0,29,0
17102,0,0,0,0,0,0
17103,0,0,0,0,19,0
17104,0,0,0,0,27,0
17105,0,66,0,0,27,0
17106,0,242,0,0,2,0
17107,0,455,0,0,2,0
17108,0,562,0,0,8,0
17109,0,275,0,0,0,0
17110,0,17,0,0,6,0
17111,0,0,0,0,3,0
17112,0,0,0,0,0,0
17113,0,33,0,0,0,0
17114,0,82,0,0,0,0
17115,0,69,0,0,0,0
17116,0,54,0,0,1,0
17117,0,9,0,0,0,0
17118,0,0,0,0,0,0
17119,0,0,0,0,0,0
17120,0,0,0,0,0,0
17121,0,0,0,0,0,0
17122,0,0,0,0,0,0
17123,0,0,0,0,0,0
17124,0,0,0,0,0,0
17125,0,0,0,0,0,0
17126,0,0,0,0,0,0
17127,0,0,0,0,0,0
17128,0,0,0,0,0,0
17129,0,0,0,0,3,0
17130,0,0,0,0,1,0
17131,0,0,0,0,87,0
17132,0,0,0,0,104,0
17133,0,0,0,0,166,0
17134,0,0,0,3,151,0
17135,0,0,0,72,238,0
17136,0,0,0,0,172,0
17137,0,0,0,0,219,0
17138,0,0,0,2,248,0
17139,0,0,0,0,260,0
17140,0,0,0,5,204,0
17141,0,0,0,8,209,0
17142,0,0,0,14,96,0
17143,0,0,0,57,114,0
17144,0,0,0,149,49,0
17145,0,0,0,166,13,0
17146,0,0,0,261,24,0
17147,0,0,0,272,1,0
17148,0,0,0,178,17,0
17149,0,0,0,39,30,0
17150,0,0,0,21,117,0
17151,0,0,0,25,0,0
17152,0,0,0,34,23,0
17153,0,0,0,39,6,0
17154,0,0,0,22,3,0
17155,0,0,0,16,5,0
17156,0,0,0,51,38,0
17157,0,0,0,97,31,0
17158,0,0,0,160,44,0
17159,0,0,0,164,71,0
17160,0,0,0,58,5,0
17161,0,0,0,90,101,0
17162,0,0,0,28,124,0
17163,0,0,0,6,100,0
17164,0,0,0,0,27,0
17165,16,0,0,3,101,0
17166,0,0,0,0,54,0
17167,0,0,0,0,47,0
17168,0,0,0,0,11,0
17169,0,0,0,0,15,0
17170,0,0,0,0,18,0
17171,0,0,0,1,18,0
17172,0,0,0,0,14,0
17173,0,0,0,0,2,0
17174,0,0,0,0,1,0
17175,0,0,0,0,0,0
17176,2,0,0,0,7,0
17177,7,0,0,0,0,0
17178,0,0,0,0,0,0
17179,0,0,0,0,0,0
17180,0,0,0,0,0,0
17181,0,0,0,0,0,0
17182,0,0,0,0,0,0
17183,0,0,0,0,0,0
17184,0,0,0,0,0,0
17185,0,0,0,0,0,0
17186,0,0,0,0,0,0
17187,0,0,0,0,0,0
17188,0,0,0,0,0,0
17189,0,0,0,0,0,0
17190,0,0,0,0,0,0
17191,0,0,0,0,0,0
17192,0,0,0,0,0,0
17193,0,0,0,0,0,0
17194,0,0,0,0,0,0
17195,0,0,0,0,0,0
17196,0,0,0,0,0,0
17197,0,0,0,0,0,0
17198,0,0,0,0,10,0
17199,0,0,0,0,0,0
17200,0,0,0,0,0,0
17201,0,0,0,0,1,0
17202,0,0,0,0,5,0
17203,0,6,0,0,2,0
17204,0,5,0,4,22,0
17205,0,0,1,0,0,0
17206,0,0,0,0,12,0
17207,0,0,0,0,9,0
17208,0,0,0,0,0,0
17209,0,0,0,1,0,0
17210,0,0,0,2,0,0
17211,0,0,0,0,0,0
17212,0,0,0,0,0,0
17213,0,0,0,0,0,0
17214,0,0,0,0,0,0
17215,0,0,0,0,0,0
17216,0,0,0,0,0,0
17217,0,0,0,0,6,0
17218,0,0,0,0,5,0
17219,0,0,0,0,0,0
17220,0,0,0,0,0,0
17221,0,0,0,0,2,0
17222,0,0,0,0,7,0
17223,0,0,0,0,0,0
17224,0,0,0,0,0,0
17225,0,0,0,0,0,0
17226,0,0,0,0,0,0
17227,0,0,0,0,0,0
17228,0,0,0,0,0,0
17229,0,0,0,0,0,0
17230,0,0,0,0,0,0
17231,0,0,0,0,0,0
17232,0,0,0,0,0,0
17233,0,0,0,0,0,0
17234,0,0,0,0,0,0
17235,0,0,0,0,0,0
17236,0,0,0,0,5,0
17237,0,0,0,0,0,0
17238,0,0,0,0,0,0
17239,0,0,0,0,0,0
17240,0,0,0,0,0,0
17241,0,0,0,0,0,0
17242,0,0,0,0,0,0
17243,0,0,0,3,0,0
17244,0,0,0,41,0,0
17245,0,0,0,0,0,0
17246,0,0,0,0,0,0
17247,0,0,0,0,0,0
17248,0,0,0,0,0,0
17249,0,0,0,0,0,0
17250,0,0,0,0,0,0
17251,0,0,0,0,0,0
17252,0,0,0,0,2,0
17253,0,0,0,0,0,0
17254,0,0,0,0,0,0
17255,0,0,0,0,0,0
17256,0,0,0,0,0,0
17257,0,0,0,0,0,0
17258,0,0,0,0,0,0
17259,0,0,0,0,0,0
17260,0,0,0,0,0,0
17261,0,0,0,0,0,0
17262,0,0,0,0,0,0
17263,6,0,0,0,0,0
17264,0,0,0,0,0,0
17265,0,0,0,0,0,0
17266,0,0,0,0,0,0
17267,0,0,0,0,0,0
17268,0,0,0,0,0,0
17269,0,0,0,0,0,0
17270,0,0,0,0,0,0
17271,0,0,0,0,0,0
17272,0,0,0,0,0,0
17273,0,0,0,0,0,0
17274,0,0,0,0,0,0
17275,0,0,0,0,0,0
17276,0,0,0,0,0,0
17277,0,0,0,0,0,0
17278,0,0,0,0,0,0
17279,0,0,0,0,0,0
17280,0,0,0,0,0,0
17281,0,0,0,0,0,0
17282,0,0,0,0,0,0
17283,0,0,0,0,0,0
17284,0,0,0,0,0,0
17285,0,14,3,0,0,0
17286,0,0,4,0,0,0
17287,0,0,0,0,0,0
17288,0,0,0,0,0,0
17289,0,0,0,0,0,0
17290,0,0,0,0,0,0
17291,0,0,3,0,0,0
17292,0,1,0,0,0,0
17293,0,0,0,0,0,0
17294,0,0,0,0,0,0
17295,0,0,0,0,0,0
17296,0,0,0,0,0,0
17297,0,0,0,0,0,0
17298,0,0,0,0,0,0
17299,0,0,0,0,0,0
17300,0,0,0,0,0,0
17301,0,0,0,0,0,0
17302,0,0,0,0,0,0
17303,0,0,0,0,0,0
17304,0,0,0,0,0,0
17305,0,0,0,0,0,0
17306,0,0,0,0,0,0
17307,0,0,0,0,0,0
17308,0,0,0,0,0,0
17309,0,0,0,0,0,0
17310,0,0,0,0,0,0
17311,0,0,0,0,0,0
17312,0,0,0,0,0,0
17313,0,0,0,0,0,0
17314,0,0,0,0,0,0
17315,0,0,0,0,0,0
17316,0,0,0,0,0,0
17317,0,0,0,0,0,0
17318,0,0,0,0,0,0
17319,0,0,0,0,0,0
17320,0,0,0,0,0,0
17321,0,0,0,0,0,0
17322,0,0,0,0,0,0
17323,0,0,0,0,0,0
17324,0,0,0,0,0,0
17325,0,0,0,0,0,0
17326,0,0,0,0,0,0
17327,0,0,0,0,0,0
17328,0,0,0,0,0,0
17329,0,0,0,0,0,0
17330,0,0,0,0,0,0
17331,0,0,0,0,0,0
17332,0,0,0,0,0,0
17333,8,0,0,0,1,0
17334,0,0,0,0,0,0
17335,0,0,0,0,0,0
17336,0,0,0,0,0,0
17337,0,0,0,0,0,0
17338,0,0,0,0,0,0
17339,0,0,0,0,0,0
17340,0,14,0,0,2,0
17341,0,52,0,0,55,0
17342,4,75,0,0,10,0
17343,0,141,0,0,24,0
17344,0,160,0,0,68,0
17345,0,120,0,0,42,0
17346,0,29,0,0,57,0
17347,0,18,0,0,11,0
17348,0,0,0,0,64,0
17349,0,9,0,0,44,0
17350,0,44,0,0,93,0
17351,0,113,0,0,36,0
17352,0,195,0,0,32,0
17353,0,222,0,0,35,0
17354,0,118,0,0,47,0
17355,0,36,0,0,6,0
17356,7,12,0,0,7,0
17357,0,35,0,12,16,0
17358,0,231,0,217,3,0
17359,0,716,0,532,6,0
17360,0,673,0,890,38,0
17361,0,420,0,1084,20,0
17362,5,14,0,1376,60,0
17363,17,87,2,1337,92,0
17364,0,425,0,1604,26,0
17365,0,474,0,1645,45,0
17366,0,417,0,1961,91,0
17367,14,203,0,2113,66,0
17368,0,21,0,2241,64,0
17369,0,23,0,2088,76,0
17370,0,65,0,1830,103,0
17371,0,134,0,1626,49,0
17372,0,242,0,1492,45,0
17373,0,450,0,1361,9,0
17374,0,1092,0,1291,78,0
17375,0,2160,0,1100,90,0
17376,0,3180,15,955,51,0
17377,19,3504,5,753,1,0
17378,56,3545,0,640,4,0
17379,170,3337,3,331,3,0
17380,201,2573,0,196,0,0
17381,66,1220,0,42,0,0
17382,8,290,0,0,0,0
17383,2,1366,0,0,0,0
17384,11,2708,0,0,0,0
17385,34,2726,0,0,0,0
17386,29,2051,0,0,0,0
17387,10,962,0,0,0,0
17388,0,539,0,43,0,1
17389,0,612,0,84,0,0
17390,0,1013,0,116,0,0
17391,5,1598,0,112,5,0
17392,68,2398,4,124,58,0
17393,85,2678,10,59,39,0
17394,65,2252,74,30,0,0
17395,47,486,25,4,0,0
17396,10,597,4,0,0,0
17397,12,394,17,0,0,0
17398,40,15,0,0,0,0
17399,131,138,0,16,0,0
17400,96,16,0,14,0,0
17401,25,116,4,105,2,0
17402,11,79,0,68,0,0
17403,2,143,0,154,8,0
17404,6,191,11,212,79,0
17405,0,184,22,319,83,0
17406,0,5,0,480,84,0
17407,0,69,0,543,26,0
17408,0,131,0,583,33,0
17409,0,58,0,669,3,0
17410,0,31,0,697,53,0
17411,0,0,0,602,166,0
17412,0,0,0,607,35,0
17413,0,0,0,548,96,0
17414,0,0,0,449,54,0
17415,0,0,0,323,120,0
17416,0,0,4,263,59,0
17417,5,0,0,102,14,0
17418,6,0,0,7,0,0
17419,6,9,0,3,0,0
17420,4,0,0,10,0,0
17421,0,0,0,0,0,0
17422,0,0,0,0,0,0
17423,0,0,0,2,22,0
17424,0,0,0,31,53,0
17425,0,0,0,11,236,3
17426,0,0,0,0,375,12
17427,0,0,0,7,388,0
17428,0,0,0,17,355,0
17429,0,0,0,33,839,0
17430,0,0,0,8,1382,37
17431,0,0,0,29,2517,26
17432,0,0,0,148,3195,35
17433,0,0,0,246,3395,43
17434,0,0,0,295,3422,39
17435,0,0,0,520,3207,28
17436,0,0,0,752,3137,16
17437,0,0,0,958,2836,2
17438,0,0,0,1174,2192,0
17439,0,0,0,1515,1414,0
17440,0,0,0,1659,1094,0
17441,0,0,0,1384,893,0
17442,0,0,0,909,967,0
17443,0,0,0,289,1347,0
17444,22,0,0,19,1231,0
17445,34,0,0,340,1301,0
17446,24,1,0,539,1486,0
17447,10,0,0,614,1663,0
17448,2,0,0,568,1363,2
17449,40,5,0,451,1263,0
17450,19,0,0,345,1412,0
17451,27,3,0,248,1390,0
17452,59,55,2,103,1411,0
17453,55,144,8,22,1201,3
17454,93,144,22,41,1066,311
17455,175,9,7,62,1033,151
17456,226,0,0,64,696,19
17457,246,0,0,94,553,0
17458,200,56,24,83,564,0
17459,151,145,28,57,701,0
17460,176,91,9,20,208,0
17461,204,50,3,50,15,0
17462,131,0,0,62,0,0
17463,110,0,0,59,9,0
17464,44,0,0,22,3,0
17465,25,196,14,61,0,0
17466,18,279,23,92,0,0
17467,24,217,48,91,3,0
17468,0,28,14,162,6,0
17469,0,0,0,196,16,0
17470,0,0,0,246,0,0
17471,0,0,0,180,24,0
17472,8,0,0,310,25,0
17473,85,0,0,162,10,0
17474,223,0,0,82,1,0
17475,287,0,0,30,0,0
17476,454,0,0,27,4,0
17477,451,0,0,8,16,0
17478,435,0,0,17,2,0
17479,342,18,0,15,0,0
17480,343,73,4,57,1,0
17481,312,38,9,58,0,0
17482,222,31,3,42,0,0
17483,188,21,0,61,0,0
17484,147,0,0,14,0,0
17485,97,0,0,31,0,0
17486,82,4,0,27,0,0
17487,48,0,0,33,0,0
17488,33,17,1,60,0,0
17489,16,125,10,132,8,0
17490,0,30,6,181,6,0
17491,0,0,0,274,2,0
17492,0,0,0,313,0,0
17493,0,1,0,347,0,0
17494,0,0,0,425,0,0
17495,0,0,0,262,0,0
17496,0,0,0,382,0,0
17497,0,3,0,295,0,0
17498,0,0,0,241,0,0
17499,0,0,0,211,2,0
17500,0,0,0,142,0,0
17501,0,0,0,120,15,0
17502,0,0,0,43,0,0
17503,0,0,0,20,0,0
17504,0,0,0,0,0,0
17505,0,0,0,0,0,0
17506,0,0,0,5,4,0
17507,0,0,0,0,0,0
17508,0,0,0,0,0,0
17509,0,0,0,1,0,0
17510,0,0,0,0,0,0
17511,0,6,0,7,0,0
17512,0,11,0,0,0,0
17513,0,0,0,0,0,0
17514,1,0,0,0,0,0
17515,1,24,0,0,0,0
17516,0,127,2,0,0,0
17517,0,216,2,0,0,0
17518,0,241,9,0,0,0
17519,0,78,3,0,0,0
17520,0,0,0,0,0,0
17521,0,0,0,36,5,0
17522,0,0,0,4,0,0
17523,0,0,0,39,0,0
17524,0,0,0,35,0,0
17525,0,0,0,0,0,0
17526,0,0,0,24,0,0
17527,0,33,0,33,0,0
17528,0,81,1,17,0,0
17529,0,106,1,0,0,0
17530,0,44,0,0,0,0
17531,0,4,0,0,0,0
17532,0,0,0,0,0,0
17533,0,4,0,0,0,0
17534,0,0,0,0,0,0
17535,0,0,0,0,0,0
17536,0,0,0,6,3,0
17537,0,0,0,12,0,0
17538,0,0,0,3,0,0
17539,0,0,0,8,0,0
17540,0,0,0,14,10,0
17541,0,0,0,1,28,0
17542,0,0,0,31,42,0
17543,0,0,0,14,104,0
17544,0,0,0,29,203,0
17545,0,0,0,9,373,0
17546,0,0,0,16,384,0
17547,0,0,0,0,302,0
17548,0,0,0,0,351,0
17549,0,0,0,0,357,0
17550,0,0,0,0,321,0
17551,0,0,0,0,277,0
17552,0,0,0,0,274,0
17553,0,0,0,0,472,0
17554,0,7,19,0,486,0
17555,0,16,18,0,387,0
17556,0,3,21,0,331,0
17557,0,22,30,0,202,0
17558,0,6,22,0,79,0
17559,0,0,0,0,41,0
17560,0,0,0,0,14,0
17561,0,0,0,0,3,0
17562,0,0,0,0,0,0
17563,0,0,0,0,0,0
17564,0,0,0,0,24,12
17565,0,0,0,0,45,0
17566,0,0,0,0,49,0
17567,0,0,0,0,9,0
17568,0,0,0,0,0,0
17569,0,0,0,0,0,0
17570,0,0,5,0,0,0
17571,0,0,9,0,2,0
17572,0,0,0,0,0,0
17573,0,0,0,0,22,2
17574,0,0,5,0,2,4
17575,0,0,0,0,7,0
17576,0,0,0,0,67,0
17577,0,0,0,0,0,0
17578,0,0,0,0,0,0
17579,0,0,0,0,0,0
17580,0,0,0,0,0,0
17581,0,6,0,0,5,1
17582,0,20,0,2,2,0
17583,0,56,0,30,1,0
17584,0,88,0,20,0,0
17585,0,57,2,8,0,0
17586,0,54,1,0,0,0
17587,0,63,0,2,0,0
17588,0,8,0,0,0,0
17589,0,72,0,0,0,0
17590,0,217,9,0,0,0
17591,0,241,10,0,6,0
17592,0,115,22,0,50,0
17593,0,0,0,0,114,0
17594,0,0,0,0,147,0
17595,0,0,0,0,62,0
17596,0,1,0,0,14,0
17597,0,0,0,0,5,0
17598,0,0,0,0,0,0
17599,0,0,0,0,0,0
17600,0,0,0,0,0,0
17601,0,0,0,0,0,0
17602,0,0,20,0,8,0
17603,0,0,31,0,38,0
17604,0,0,26,0,60,0
17605,0,0,0,0,102,0
17606,0,6,0,0,112,0
17607,0,0,0,0,116,0
17608,0,9,13,0,212,0
17609,0,33,23,0,396,0
17610,0,35,21,0,456,0
17611,0,216,23,0,437,0
17612,0,537,36,0,393,0
17613,0,747,30,0,285,0
17614,0,842,17,0,228,0
17615,0,979,21,0,224,0
17616,0,1555,0,0,602,0
17617,0,1816,0,0,655,0
17618,0,1969,3,0,225,0
17619,0,1853,27,29,369,0
17620,0,1689,27,11,451,0
17621,0,538,0,0,448,0
17622,0,1091,0,0,412,0
17623,0,1144,0,0,337,0
17624,0,1317,0,0,55,0
17625,0,1431,0,6,546,0
17626,0,1598,0,0,389,0
17627,0,1381,0,0,116,0
17628,0,1350,0,0,89,0
17629,0,1078,11,0,42,0
17630,0,681,26,0,0,0
17631,0,253,2,0,0,0
17632,0,122,5,0,0,0
17633,0,24,0,1,0,0
17634,0,8,8,37,0,0
17635,0,0,0,83,4,0
17636,0,0,0,97,53,0
17637,0,0,0,53,0,0
17638,0,0,0,7,10,0
17639,0,0,0,20,3,0
17640,0,0,0,7,3,0
17641,0,0,1,6,7,0
17642,0,0,0,1,69,0
17643,0,0,0,0,274,0
17644,0,0,0,3,397,0
17645,0,0,0,0,498,0
17646,0,0,0,4,375,0
17647,0,0,0,0,200,0
17648,0,0,0,0,52,0
17649,0,0,0,0,306,0
17650,0,0,0,0,550,0
17651,0,0,0,0,385,0
17652,0,0,0,0,120,0
17653,0,0,0,2,41,0
17654,0,0,0,27,24,0
17655,0,0,0,51,18,0
17656,0,0,0,42,21,0
17657,0,0,0,3,0,0
17658,0,0,0,0,2,0
17659,0,0,0,0,8,0
17660,0,0,0,0,1,0
17661,0,0,0,0,14,0
17662,0,0,0,0,0,0
17663,0,0,0,0,0,0
17664,0,0,0,0,0,0
17665,0,0,0,0,0,0
17666,0,0,0,0,8,0
17667,0,0,0,0,4,0
17668,0,0,0,0,0,0
17669,0,21,0,0,15,0
17670,0,39,0,0,7,0
17671,0,44,0,5,59,0
17672,0,12,0,0,6,0
17673,0,0,0,0,0,0
17674,0,18,0,0,0,0
17675,0,67,0,0,0,0
17676,0,56,0,0,0,0
17677,0,13,0,0,0,0
17678,0,2,0,0,0,0
17679,0,0,0,0,0,0
17680,0,0,0,0,1,0
17681,0,0,0,0,0,0
17682,0,0,0,0,0,0
17683,0,0,0,0,0,0
17684,0,0,0,20,0,0
17685,0,0,0,39,0,0
17686,0,0,0,0,0,0
17687,0,0,0,0,0,0
17688,0,0,0,6,0,0
17689,0,0,0,0,0,0
17690,0,0,0,0,1,0
17691,0,0,0,3,0,0
17692,0,0,0,0,0,0
17693,0,1,0,5,0,0
17694,0,0,0,0,0,0
17695,0,0,0,0,0,0
17696,0,74,0,0,0,0
17697,0,221,0,48,0,0
17698,0,245,0,0,0,0
17699,0,269,0,0,0,15
17700,0,318,0,0,0,0
17701,0,216,0,0,0,0
17702,0,96,0,0,0,0
17703,0,75,0,0,1,0
17704,0,47,0,0,0,0
17705,0,117,0,4,0,0
17706,0,301,0,0,0,0
17707,0,967,0,0,0,0
17708,0,1564,0,0,0,0
17709,0,2788,0,46,0,0
17710,0,3793,26,0,0,0
17711,0,4443,133,0,0,0
17712,0,4824,162,0,0,0
17713,0,4508,118,0,17,0
17714,0,3620,6,0,29,0
17715,0,2786,0,0,1,0
17716,0,1933,0,0,64,0
17717,0,743,0,0,48,0
17718,0,125,0,0,38,0
17719,0,674,14,0,39,0
17720,0,1179,95,0,39,0
17721,0,673,3,0,83,0
17722,0,4,0,0,19,0
17723,0,302,0,0,47,0
17724,0,658,0,0,19,0
17725,0,414,0,0,6,0
17726,0,57,0,0,10,0
17727,0,0,0,0,0,0
17728,0,174,0,0,0,0
17729,0,666,0,0,12,0
17730,0,983,0,0,4,0
17731,0,971,0,0,9,0
17732,0,509,0,0,10,0
17733,0,104,0,0,5,0
17734,0,0,0,0,30,0
17735,0,28,0,0,66,0
17736,0,229,0,0,2,0
17737,0,338,0,0,0,0
17738,0,506,0,0,15,0
17739,0,618,0,0,24,0
17740,0,811,0,0,0,0
17741,0,1025,0,0,17,0
17742,0,1341,0,0,0,0
17743,0,1558,0,0,0,0
17744,0,1717,0,0,0,0
17745,0,1768,0,0,1,0
17746,0,1721,0,0,0,0
17747,0,1625,0,0,0,0
17748,0,1355,0,0,0,0
17749,0,1157,0,0,0,0
17750,0,949,0,0,0,0
17751,0,771,0,0,0,0
17752,0,710,0,0,0,0
17753,0,578,0,0,0,0
17754,0,497,5,0,0,0
17755,0,348,0,0,0,0
17756,0,295,11,0,0,0
17757,0,134,6,0,0,0
17758,0,120,2,0,0,0
17759,0,22,0,0,0,0
17760,0,0,0,0,0,0
17761,0,101,0,0,0,0
17762,0,273,0,0,0,0
17763,0,471,0,0,0,0
17764,0,673,0,0,0,0
17765,0,695,0,0,0,0
17766,0,621,0,0,0,0
17767,0,470,0,0,0,0
17768,0,332,0,0,0,0
17769,0,199,0,0,0,0
17770,2,158,0,0,0,0
17771,0,89,0,0,0,0
17772,0,53,0,0,0,0
17773,0,49,0,0,0,0
17774,0,30,0,0,0,0
17775,0,12,0,0,0,0
17776,0,0,0,0,0,0
17777,0,0,0,0,0,0
17778,0,115,0,0,0,0
17779,0,650,0,0,0,0
17780,0,1095,0,0,0,0
17781,0,1278,0,0,0,0
17782,0,1332,0,0,0,0
17783,0,1280,0,0,0,0
17784,0,1202,0,0,0,0
17785,0,847,0,0,0,0
17786,0,486,0,0,0,0
17787,0,53,0,0,0,0
17788,0,5,0,0,0,0
17789,0,192,0,0,0,0
17790,0,610,0,0,0,0
17791,0,919,0,0,0,0
17792,0,721,0,0,0,0
17793,0,228,0,0,0,0
17794,1,4,0,0,0,0
17795,0,359,0,0,0,0
17796,0,1032,0,0,0,0
17797,0,1545,0,0,0,0
17798,0,1819,0,0,0,0
17799,0,1896,0,0,0,0
17800,0,1726,0,0,0,0
17801,0,1376,0,0,0,0
17802,0,1098,0,0,0,0
17803,0,542,0,0,0,0
17804,0,83,0,0,0,0
17805,0,0,0,0,0,0
17806,0,146,0,0,0,0
17807,0,326,0,0,0,0
17808,0,456,0,0,0,0
17809,0,411,0,0,0,0
17810,0,325,0,0,0,0
17811,0,230,0,0,0,0
17812,0,149,0,0,0,0
17813,0,79,0,0,0,0
17814,0,17,0,0,0,0
17815,0,0,0,0,0,0
17816,0,0,0,0,0,0
17817,0,0,0,0,0,0
17818,0,0,0,0,0,0
17819,0,5,0,0,0,0
17820,0,15,0,0,0,0
17821,0,48,0,0,0,0
17822,0,46,0,0,0,0
17823,0,6,0,0,0,0
17824,0,0,0,0,0,0
17825,0,18,0,0,0,0
17826,2,512,0,0,0,0
17827,0,1376,0,0,0,0
17828,6,1882,0,0,0,0
17829,0,2432,0,0,0,0
17830,0,2968,0,0,0,0
17831,0,3069,0,0,0,7
17832,0,2951,0,0,0,0
17833,0,2497,0,0,0,0
17834,0,1675,0,0,0,0
17835,0,1100,0,0,0,0
17836,8,708,0,0,0,0
17837,14,118,0,0,0,0
17838,0,716,0,0,0,0
17839,0,1421,0,0,0,0
17840,0,937,0,0,0,0
17841,0,1424,0,0,0,0
17842,8,2048,0,0,0,0
17843,12,1945,0,0,0,0
17844,0,1541,0,0,0,0
17845,0,1400,0,0,0,0
17846,0,1469,0,0,0,0
17847,0,1484,0,0,0,0
17848,6,1599,0,0,0,0
17849,6,1788,0,0,0,0
17850,0,1762,0,0,0,0
17851,0,2001,0,0,0,0
17852,0,2203,0,0,0,0
17853,0,2252,0,0,0,0
17854,0,2186,0,0,0,0
17855,0,2103,0,0,0,0
17856,0,2059,0,22,0,0
17857,0,2136,0,0,0,0
17858,0,2188,0,0,0,0
17859,0,2136,0,0,0,0
17860,0,2116,0,0,0,0
17861,0,2146,0,0,0,0
17862,0,2093,0,0,0,0
17863,0,2051,0,0,0,0
17864,0,1894,0,0,0,0
17865,0,1751,0,0,0,0
17866,0,1330,0,0,0,0
17867,0,711,0,0,0,0
17868,0,30,0,0,0,0
17869,0,339,0,0,0,0
17870,0,1129,0,0,0,0
17871,0,1906,0,0,0,0
17872,0,2433,0,0,0,0
17873,0,2660,0,0,0,0
17874,0,2844,0,0,0,0
17875,0,2936,0,0,0,0
17876,0,2887,0,0,0,0
17877,0,2843,0,0,0,0
17878,0,2574,0,0,0,0
17879,0,2386,0,0,0,0
17880,0,2095,0,0,0,0
17881,0,1612,0,0,0,0
17882,0,1023,0,0,0,0
17883,0,508,0,0,0,0
17884,0,224,0,0,0,0
17885,0,226,0,0,0,0
17886,0,641,0,0,0,0
17887,0,992,0,0,0,0
17888,0,730,0,0,0,0
17889,0,524,0,0,0,0
17890,0,328,0,0,0,0
17891,0,113,0,0,0,0
17892,0,50,0,0,0,0
17893,0,63,0,0,0,0
17894,0,34,0,0,0,0
17895,0,26,0,0,0,0
17896,0,23,0,0,0,0
17897,0,4,0,0,0,0
17898,0,0,0,0,0,0
17899,0,0,0,0,0,0
17900,0,84,0,0,0,0
17901,0,193,0,0,0,0
17902,0,224,0,0,1,0
17903,0,195,0,0,20,0
17904,0,119,0,0,0,0
17905,0,89,0,0,0,0
17906,0,105,0,0,41,0
17907,0,149,0,0,7,0
17908,0,31,0,0,1,0
17909,0,11,0,0,34,0
17910,0,69,0,0,1,0
17911,0,389,0,0,11,0
17912,0,900,0,0,0,0
17913,0,1553,0,0,0,0
17914,0,2388,0,0,0,0
17915,0,3155,0,0,8,0
17916,0,3086,0,0,0,0
17917,5,2910,0,0,5,0
17918,0,2615,0,0,2,0
17919,0,1441,0,0,0,0
17920,35,528,0,0,0,0
17921,53,1248,0,12,10,0
17922,26,2013,0,20,0,0
17923,0,2199,0,0,0,0
17924,0,2436,0,0,0,0
17925,4,2847,0,0,0,0
17926,16,2943,0,0,4,0
17927,16,3186,0,0,0,0
17928,0,2200,0,0,0,0
17929,3,1333,0,0,0,0
17930,0,1896,0,0,0,0
17931,0,2306,0,0,0,0
17932,0,2439,0,0,0,0
17933,0,2019,0,0,0,0
17934,1,530,0,0,0,0
17935,0,2010,0,0,0,0
17936,0,2756,0,0,0,0
17937,0,2956,0,0,0,0
17938,0,3083,0,0,0,0
17939,0,2897,0,0,0,0
17940,0,2008,0,0,0,0
17941,0,1876,0,0,0,0
17942,0,1946,0,0,0,0
17943,0,893,0,0,0,0
17944,0,1175,0,0,0,0
17945,0,1759,0,0,0,0
17946,0,2262,0,0,0,0
17947,0,2859,0,0,0,0
17948,0,2862,0,0,0,0
17949,0,2435,0,0,0,0
17950,0,2016,0,0,0,0
17951,0,2525,0,0,0,0
17952,0,2832,0,0,0,0
17953,0,1947,0,0,1,0
17954,0,533,0,0,4,0
17955,1,1215,0,0,0,0
17956,0,1826,0,0,0,0
17957,0,2251,0,0,0,0
17958,0,2397,0,0,0,0
17959,0,2401,0,0,0,0
17960,0,2214,0,0,0,0
17961,0,1690,0,0,0,0
17962,0,1045,0,0,2,0
17963,0,625,0,0,0,0
17964,0,336,0,0,0,0
17965,0,184,0,0,0,0
17966,0,271,0,0,0,0
17967,0,456,0,27,0,0
17968,0,519,0,13,3,0
17969,0,511,0,0,0,1
17970,0,534,0,0,0,0
17971,0,591,0,7,2,0
17972,0,520,0,7,0,0
17973,0,186,0,14,0,0
17974,0,124,0,17,0,0
17975,0,73,0,52,0,0
17976,0,33,0,53,0,0
17977,0,50,0,107,2,0
17978,0,85,0,125,11,0
17979,0,251,0,79,1,0
17980,0,532,0,52,0,0
17981,0,824,0,15,28,0
17982,0,1253,0,0,0,0
17983,0,1639,0,0,10,0
17984,0,1915,0,0,60,0
17985,1,1872,0,0,4,0
17986,0,1823,0,0,14,0
17987,0,1834,0,0,14,0
17988,0,1666,0,0,6,0
17989,0,1865,0,0,8,0
17990,0,1845,0,0,58,0
17991,0,1667,0,0,2,0
17992,0,1189,0,0,14,0
17993,0,368,0,0,0,0
17994,3,338,0,0,0,0
17995,0,969,0,0,0,0
17996,0,1158,0,0,0,0
17997,0,1282,0,0,0,0
17998,0,1210,0,0,0,0
17999,0,984,0,0,0,0
18000,0,823,0,0,0,0
18001,0,663,0,0,1,0
18002,0,699,0,0,11,0
18003,0,530,0,0,43,0
18004,0,507,0,0,27,0
18005,0,428,0,0,22,0
18006,0,202,0,0,0,0
18007,0,200,0,0,2,0
18008,0,704,0,4,45,0
18009,0,1502,0,0,0,0
18010,0,1598,0,0,0,0
18011,0,1911,0,0,50,0
18012,15,1688,0,0,0,0
18013,0,1077,0,0,0,0
18014,0,1107,0,0,3,0
18015,7,1742,0,0,3,0
18016,15,1633,0,0,8,0
18017,0,1502,0,0,1,0
18018,0,1396,0,0,0,0
18019,0,961,0,0,1,0
18020,0,45,0,0,0,0
18021,7,1392,0,0,0,0
18022,0,1844,0,0,0,0
18023,0,1915,0,0,0,0
18024,0,1662,0,0,0,0
18025,0,1302,0,0,0,0
18026,0,480,0,0,0,0
18027,0,240,0,0,0,0
18028,0,558,0,0,0,0
18029,0,428,0,0,0,0
18030,0,315,0,0,0,0
18031,0,127,0,0,0,0
18032,2,8,0,0,0,0
18033,0,0,0,0,0,0
18034,0,0,0,0,2,0
18035,0,24,0,0,0,0
18036,0,15,0,0,0,0
18037,0,9,0,0,0,0
18038,0,0,0,0,0,0
18039,0,0,0,0,0,0
18040,0,3,0,0,0,0
18041,0,82,0,0,0,0
18042,0,326,0,0,0,0
18043,0,524,0,0,2,0
18044,0,516,0,0,0,0
18045,0,312,0,0,0,0
18046,0,279,0,0,0,0
18047,0,131,0,0,1,0
18048,0,58,0,0,0,0
18049,0,16,0,0,0,0
18050,0,0,0,0,0,0
18051,0,0,0,0,0,0
18052,0,0,0,0,0,0
18053,0,0,0,0,0,0
18054,0,0,0,0,0,0
18055,0,0,0,0,0,0
18056,0,1,0,0,0,0
18057,0,0,0,0,0,0
18058,0,5,0,0,0,0
18059,0,0,0,0,0,0
18060,0,0,0,0,0,0
18061,0,0,0,0,17,0
18062,0,0,0,0,0,0
18063,0,0,0,0,0,0
18064,0,0,0,0,0,0
18065,0,0,0,0,0,0
18066,0,0,0,0,0,0
18067,0,0,0,0,0,0
18068,0,0,0,0,0,0
18069,0,0,0,0,1,0
18070,0,0,0,0,0,0
18071,0,0,0,0,56,0
18072,0,0,0,0,0,0
18073,0,0,0,0,6,0
18074,0,0,0,0,24,0
18075,0,0,0,0,12,0
18076,0,0,0,0,3,0
18077,0,0,0,0,25,0
18078,0,0,0,0,11,0
18079,0,0,0,0,5,0
18080,0,0,0,0,25,0
18081,0,0,0,0,5,0
18082,0,4,0,0,1,0
18083,0,0,0,0,3,0
18084,0,16,0,0,0,0
18085,0,63,0,0,1,0
18086,0,70,0,0,0,0
18087,0,100,0,0,0,0
18088,0,124,0,0,0,0
18089,0,40,0,0,0,0
18090,0,69,0,0,0,0
18091,0,67,0,0,4,0
18092,0,127,0,0,13,0
18093,0,146,0,0,3,0
18094,0,216,0,0,24,0
18095,0,308,0,0,25,0
18096,0,431,0,0,0,0
18097,0,736,0,0,0,0
18098,0,943,0,0,2,0
18099,3,1124,0,0,0,0
18100,19,1477,0,0,7,0
18101,16,1834,0,0,62,0
18102,0,1980,0,0,3,0
18103,0,1806,0,0,0,0
18104,0,1217,0,26,0,0
18105,0,1471,0,12,0,0
18106,0,2164,0,0,0,0
18107,0,2301,0,0,5,0
18108,0,2314,0,0,0,0
18109,0,2099,0,0,0,0
18110,0,1875,0,0,0,0
18111,0,1660,0,0,0,0
18112,0,1270,0,0,0,0
18113,2,634,0,0,0,0
18114,0,139,0,0,0,0
18115,0,291,0,0,0,0
18116,5,466,0,0,0,0
18117,0,662,0,0,0,0
18118,0,859,0,0,0,0
18119,0,894,0,0,0,0
18120,0,908,0,0,0,0
18121,0,931,0,0,0,0
18122,0,660,0,0,0,0
18123,0,288,0,0,0,0
18124,0,163,0,0,0,0
18125,0,129,0,0,0,0
18126,0,31,0,0,0,0
18127,0,9,0,0,0,0
18128,0,28,0,0,0,0
18129,0,120,0,0,0,0
18130,0,194,0,0,0,0
18131,0,3,0,0,0,0
18132,0,44,0,0,0,0
18133,0,429,0,0,0,0
18134,0,664,0,0,0,0
18135,0,338,0,0,0,0
18136,0,63,0,0,0,0
18137,0,171,0,0,30,0
18138,0,297,0,0,0,0
18139,0,73,0,0,0,0
18140,0,674,0,0,0,0
18141,2,1714,0,0,0,0
18142,6,2211,0,0,0,0
18143,18,1944,0,0,0,0
18144,23,1041,0,0,0,0
18145,41,799,0,0,24,0
18146,13,763,0,0,26,0
18147,10,916,0,0,31,0
18148,0,738,0,0,35,0
18149,0,412,0,47,183,0
18150,0,295,0,10,76,0
18151,0,370,0,5,38,0
18152,25,620,0,2,9,2
18153,14,663,0,0,9,0
18154,13,753,0,0,69,0
18155,0,816,0,0,109,0
18156,0,1071,0,0,98,0
18157,0,1523,0,0,42,0
18158,0,2062,0,0,108,0
18159,0,2538,0,0,9,0
18160,2,2946,0,0,2,0
18161,5,3219,0,0,2,0
18162,17,3485,0,0,2,0
18163,53,3626,0,0,0,0
18164,44,3113,0,0,0,0
18165,43,2474,0,0,0,0
18166,22,1902,0,0,4,0
18167,0,1173,0,0,0,0
18168,0,761,0,0,3,0
18169,0,590,0,0,30,0
18170,0,434,0,0,47,0
18171,0,399,0,0,76,0
18172,0,180,0,0,323,0
18173,0,28,0,0,131,0
18174,0,1,0,0,4,0
18175,0,0,0,0,238,0
18176,0,55,0,0,1049,0
18177,0,345,0,0,879,0
18178,0,501,0,0,198,0
18179,0,615,0,0,150,0
18180,0,521,0,0,7,0
18181,0,395,0,1,46,0
18182,0,243,0,0,12,0
18183,0,94,0,0,18,0
18184,0,10,0,0,0,0
18185,0,0,0,21,0,0
18186,0,0,0,19,0,0
18187,0,0,0,0,0,0
18188,0,0,0,0,0,0
18189,0,0,0,0,9,0
18190,0,0,0,0,0,0
18191,0,2,0,0,0,0
18192,0,0,0,0,0,0
18193,0,0,0,0,9,0
18194,0,0,0,0,88,0
18195,0,0,0,0,6,0
18196,0,0,0,0,57,0
18197,0,0,0,0,26,0
18198,0,0,0,0,20,0
18199,0,0,0,0,7,0
18200,0,3,0,0,41,0
18201,0,16,0,0,20,0
18202,0,178,0,0,99,0
18203,0,307,0,8,67,0
18204,0,456,0,0,98,0
18205,0,537,0,3,150,0
18206,0,609,0,28,87,0
18207,0,566,0,26,31,0
18208,0,331,0,26,36,0
18209,0,459,0,47,77,0
18210,0,931,0,30,7,0
18211,0,1510,0,75,18,0
18212,0,1827,0,23,2,0
18213,0,2094,0,43,0,0
18214,0,2394,0,17,0,0
18215,0,2511,0,10,0,0
18216,0,2381,0,1,0,0
18217,0,2810,0,0,0,0
18218,0,3380,0,0,0,0
18219,0,3821,0,0,0,0
18220,0,4529,0,0,0,0
18221,5,5050,0,0,0,0
18222,17,5324,0,0,0,0
18223,7,5370,0,4,22,0
18224,0,5126,0,34,0,0
18225,0,4664,0,44,5,0
18226,0,3376,0,161,18,0
18227,0,1617,0,289,30,0
18228,5,3407,0,387,3,0
18229,0,5543,0,481,22,0
18230,0,6609,0,290,187,0
18231,0,6797,0,85,44,0
18232,0,6832,0,30,18,0
18233,0,6422,0,4,9,0
18234,0,6178,0,1,7,0
18235,0,6072,0,2,3,0
18236,11,5753,0,22,36,0
18237,0,5085,0,74,10,13
18238,0,4790,0,103,10,0
18239,0,4261,0,78,46,0
18240,45,4333,1,26,89,0
18241,78,4350,0,6,72,0
18242,59,4023,0,0,34,0
18243,16,3447,0,0,4,0
18244,12,2595,0,0,0,0
18245,0,1649,0,0,8,0
18246,0,882,0,0,0,0
18247,0,491,0,0,0,0
18248,18,400,0,0,5,0
18249,18,370,0,0,0,0
18250,0,357,0,0,17,0
18251,0,398,0,0,32,0
18252,6,377,0,0,8,0
18253,0,374,0,0,0,0
18254,0,304,0,0,0,0
18255,0,396,0,0,0,0
18256,0,524,0,0,11,0
18257,0,770,0,0,14,0
18258,0,894,0,0,19,0
18259,0,972,0,0,6,0
18260,0,1021,0,0,1,0
18261,0,1051,0,0,6,0
18262,0,733,0,0,6,0
18263,0,435,0,0,60,0
18264,0,352,0,0,101,0
18265,0,176,0,0,69,0
18266,0,34,0,0,78,0
18267,0,56,0,0,80,0
18268,0,77,0,0,56,0
18269,0,108,0,0,46,0
18270,0,321,0,0,0,0
18271,0,644,0,0,3,0
18272,1,979,0,0,0,0
18273,0,1362,0,0,0,0
18274,0,1563,0,0,0,0
18275,0,1559,0,16,0,0
18276,0,1487,0,29,0,0
18277,0,1195,0,0,0,0
18278,0,981,0,0,36,0
18279,0,795,0,0,10,0
18280,0,815,0,0,0,0
18281,0,1472,0,2,2,0
18282,0,1603,0,0,0,0
18283,0,1460,0,0,35,0
18284,0,959,0,30,85,0
18285,0,1201,41,15,100,0
18286,2,2842,540,0,26,0
18287,6,3867,546,0,0,0
18288,0,1408,36,0,0,0
18289,1,1455,0,4,0,0
18290,7,3237,105,0,2,0
18291,0,7280,1425,0,0,0
18292,0,7338,3281,0,0,0
18293,0,5382,1042,0,196,0
18294,0,4019,0,0,15,0
18295,0,1611,0,0,19,0
18296,0,397,0,0,36,0
18297,0,1285,0,0,14,0
18298,0,1791,0,0,0,0
18299,0,2197,0,0,1,0
18300,0,2038,0,0,0,0
18301,0,1653,0,0,6,0
18302,0,1299,0,0,0,0
18303,1,324,0,0,0,0
18304,0,0,0,0,0,0
18305,0,0,0,0,0,0
18306,0,127,0,0,0,0
18307,0,1409,0,0,2,0
18308,0,2262,0,0,0,0
18309,0,2753,0,0,2,0
18310,0,3145,0,0,0,0
18311,0,3477,0,0,0,0
18312,0,3382,0,0,0,0
18313,0,3352,0,0,0,0
18314,0,2919,0,0,0,0
18315,0,2621,0,0,0,0
18316,0,2009,0,0,2,0
18317,0,1457,0,0,0,0
18318,0,1123,0,0,0,0
18319,0,2176,0,0,0,0
18320,0,3910,0,0,0,0
18321,0,4405,0,0,0,0
18322,0,4067,0,0,0,0
18323,0,3421,0,0,0,0
18324,0,2262,0,0,0,0
18325,0,183,0,0,0,0
18326,0,2242,0,0,5,0
18327,0,2772,0,0,2,0
18328,0,2650,0,0,0,0
18329,0,1577,0,0,0,0
18330,0,0,0,0,0,0
18331,0,315,0,0,13,0
18332,0,284,0,0,0,0
18333,0,145,0,0,0,0
18334,0,435,0,0,0,0
18335,0,1299,0,0,0,0
18336,0,2394,0,0,0,0
18337,0,3145,0,0,0,0
18338,0,3371,0,0,0,0
18339,0,3371,0,0,0,0
18340,5,3667,4,0,0,0
18341,0,3840,0,0,1,0
18342,0,4018,0,0,3,0
18343,0,4012,0,0,0,0
18344,0,3211,0,0,0,0
18345,0,2526,0,0,0,0
18346,0,1732,0,0,0,0
18347,0,831,0,0,0,0
18348,0,23,0,0,0,0
18349,0,0,0,0,0,0
18350,0,20,0,0,0,0
18351,0,216,0,0,0,0
18352,0,639,0,0,0,0
18353,0,1058,0,0,0,0
18354,0,1649,0,0,0,0
18355,0,1943,0,0,0,0
18356,0,2060,0,0,1,0
18357,0,2199,0,0,0,0
18358,0,2021,0,0,0,0
18359,0,1555,0,0,12,0
18360,0,681,0,0,4,0
18361,0,53,0,0,22,0
18362,0,734,0,0,1,0
18363,0,1744,0,0,0,0
18364,0,2662,0,0,0,0
18365,0,3624,0,0,0,0
18366,0,4213,0,0,0,0
18367,0,4750,0,0,0,0
18368,0,4839,0,0,0,0
18369,0,4324,0,0,0,0
18370,0,3433,0,0,0,0
18371,35,2147,0,0,0,0
18372,27,946,0,0,0,0
18373,13,196,0,0,0,0
18374,41,564,0,0,0,0
18375,8,1610,0,0,0,0
18376,0,3203,0,0,0,0
18377,0,4683,0,0,0,0
18378,0,6701,0,0,0,0
18379,0,8344,0,0,0,0
18380,0,8352,0,0,0,0
18381,0,7642,0,0,0,0
18382,0,6558,0,0,0,0
18383,0,6200,0,0,0,0
18384,0,5686,0,0,0,0
18385,0,4875,0,0,0,0
18386,0,3753,0,0,0,0
18387,0,2262,0,0,0,0
18388,0,300,0,0,0,0
18389,0,1729,0,0,0,0
18390,0,3566,4,0,0,0
18391,0,5250,10,0,0,0
18392,2,6408,10,0,0,0
18393,4,6863,1,0,0,0
18394,0,6531,0,0,0,0
18395,0,5853,0,0,0,0
18396,0,5368,0,0,0,0
18397,0,4845,0,0,0,0
18398,0,4221,0,0,0,0
18399,0,3648,0,0,0,0
18400,0,3219,0,0,0,0
18401,0,2422,0,0,0,0
18402,0,1639,0,27,0,0
18403,2,459,0,25,0,1
18404,14,57,0,0,0,0
18405,0,215,0,0,0,0
18406,20,1466,0,0,1,0
18407,32,2993,0,2,0,0
18408,0,4146,0,0,0,0
18409,0,5070,0,0,0,0
18410,0,5470,0,0,2,0
18411,0,6179,0,0,0,0
18412,0,5710,0,0,0,0
18413,0,5373,0,0,0,0
18414,0,4842,0,0,0,0
18415,0,4143,0,0,0,0
18416,0,3521,0,0,0,0
18417,0,3203,0,0,0,0
18418,0,2827,0,0,0,0
18419,0,2467,0,0,0,0
18420,0,2203,0,0,0,0
18421,0,2003,0,0,4,0
18422,0,1617,0,0,0,0
18423,0,1121,0,0,0,0
18424,0,748,0,0,0,0
18425,0,979,0,0,2,0
18426,0,1341,0,0,2,0
18427,0,1706,0,0,19,0
18428,0,1696,0,0,13,0
18429,0,766,0,0,0,0
18430,0,3270,0,0,9,0
18431,0,4348,0,0,45,0
18432,0,6249,0,0,0,0
18433,4,6942,0,0,0,0
18434,0,7161,0,0,0,0
18435,0,6143,0,0,0,0
18436,0,5357,0,0,0,0
18437,0,4630,0,0,0,0
18438,0,3573,0,0,0,0
18439,0,2132,0,0,0,0
18440,0,902,0,0,0,0
18441,0,120,0,0,0,0
18442,0,1555,0,0,0,0
18443,0,3553,0,0,27,6
18444,0,5063,0,0,1,0
18445,0,6484,0,0,0,0
18446,0,7506,0,0,0,0
18447,0,6961,0,0,0,0
18448,0,5595,0,0,0,0
18449,23,5152,0,0,0,0
18450,8,4456,0,0,4,0
18451,13,3088,0,0,0,0
18452,0,2232,0,0,0,0
18453,0,1838,0,0,0,0
18454,0,1757,0,0,0,0
18455,0,1952,0,15,0,0
18456,0,2257,0,0,0,0
18457,0,2913,0,0,0,0
18458,0,3463,0,4,0,0
18459,0,3253,0,4,0,0
18460,0,2812,0,0,0,0
18461,5,2544,0,2,0,0
18462,0,1903,0,0,0,0
18463,0,2736,0,0,0,0
18464,0,3459,207,0,0,0
18465,0,5111,516,0,0,0
18466,0,6602,550,0,0,0
18467,0,7476,221,1,0,0
18468,0,6424,5,0,0,0
18469,16,4520,0,0,0,0
18470,22,2755,0,0,0,0
18471,0,2122,0,0,0,0
18472,0,1484,0,0,0,0
18473,0,534,0,0,0,0
18474,0,1932,0,0,0,0
18475,0,3841,0,0,0,0
18476,47,4604,0,0,0,0
18477,128,4661,0,0,0,0
18478,80,4753,0,0,0,0
18479,0,4443,0,0,0,0
18480,0,4602,0,0,0,0
18481,0,4029,0,0,0,0
18482,0,3576,0,0,0,0
18483,0,2969,0,0,0,0
18484,0,2395,0,0,0,0
18485,0,1778,0,0,0,0
18486,19,1692,0,0,0,0
18487,96,2427,0,0,0,0
18488,104,4811,0,0,0,0
18489,99,6345,0,0,0,0
18490,46,6410,0,0,0,0
18491,0,6191,0,0,0,0
18492,0,5908,0,0,0,0
18493,42,5847,0,0,0,0
18494,120,5620,0,0,0,0
18495,160,5053,0,0,0,0
18496,106,3783,0,0,0,0
18497,0,1965,0,0,0,0
18498,0,138,0,0,0,0
18499,0,587,0,0,0,0
18500,0,1128,0,0,0,0
18501,0,1004,0,0,7,0
18502,33,717,0,0,2,0
18503,67,796,0,0,24,0
18504,137,1241,0,0,0,0
18505,180,1183,0,0,0,0
18506,85,1050,0,0,0,0
18507,11,2099,0,0,0,0
18508,0,3251,0,0,0,0
18509,21,5572,0,0,3,0
18510,54,6054,0,0,2,0
18511,174,6273,0,0,9,0
18512,292,6140,0,0,26,0
18513,353,5549,0,0,0,0
18514,267,4535,0,57,2,0
18515,84,4067,0,453,2,0
18516,8,3487,0,1025,8,0
18517,0,3166,0,1081,15,0
18518,0,2540,0,943,289,0
18519,0,1306,0,364,43,0
18520,0,1907,0,63,2,0
18521,0,2279,0,16,0,0
18522,0,3023,0,15,0,0
18523,0,3340,3,66,14,0
18524,0,2670,4,101,31,0
18525,0,2468,0,125,0,0
18526,0,2213,0,129,31,0
18527,0,4156,0,174,52,0
18528,0,5368,0,100,78,0
18529,4,5392,25,75,14,0
18530,10,5169,0,24,28,0
18531,0,5469,0,34,0,0
18532,0,4881,0,29,0,0
18533,25,4618,0,28,1,0
18534,145,4378,0,27,0,0
18535,221,3913,0,19,0,0
18536,233,3633,0,0,0,0
18537,162,3517,0,1,0,0
18538,39,3293,0,0,0,0
18539,0,2602,0,0,0,0
18540,0,1472,0,0,0,0
18541,0,841,0,0,0,0
18542,0,895,0,1,1,0
18543,0,1081,0,4,0,0
18544,0,1201,0,0,0,0
18545,0,1356,0,0,33,0
18546,0,1172,0,0,21,0
18547,0,846,0,0,23,0
18548,0,477,0,0,58,0
18549,0,252,0,0,0,0
18550,0,206,0,0,12,0
18551,0,359,0,0,54,0
18552,0,778,0,0,29,0
18553,0,1162,0,0,82,0
18554,0,1484,0,0,132,0
18555,0,1744,0,0,132,0
18556,0,2020,0,0,126,0
18557,0,2161,0,0,36,0
18558,0,2230,0,0,68,0
18559,0,3557,8,0,98,0
18560,0,4225,0,0,64,0
18561,0,5144,22,4,87,0
18562,0,6937,29,0,5,0
18563,0,8437,17,4,0,0
18564,0,9827,8,4,0,0
18565,0,11026,233,0,0,0
18566,0,12103,336,0,8,0
18567,0,13815,11,0,0,0
18568,0,13165,0,0,0,0
18569,0,11454,0,0,0,0
18570,0,8886,0,0,2,0
18571,0,6062,0,0,6,0
18572,8,3757,0,0,0,0
18573,10,1673,0,0,2,0
18574,2,856,0,70,0,0
18575,0,630,0,3,46,0
18576,0,1083,0,0,3,0
18577,0,1890,0,0,1,0
18578,0,2482,0,5,55,0
18579,0,2538,0,0,11,0
18580,12,2334,0,0,2,0
18581,0,1775,0,0,9,0
18582,0,1036,0,0,2,0
18583,7,927,0,0,6,0
18584,5,1020,0,0,35,0
18585,0,1188,0,0,12,0
18586,0,1417,0,0,8,0
18587,0,1439,0,0,51,0
18588,0,1464,0,0,18,0
18589,0,2417,0,0,0,0
18590,0,3080,0,0,14,0
18591,15,2998,0,0,3,0
18592,54,2219,0,0,0,0
18593,102,1881,0,0,0,0
18594,125,3156,0,0,0,0
18595,95,4605,0,0,0,0
18596,56,5428,10,0,0,0
18597,20,5679,4,0,0,0
18598,2,5512,9,0,0,0
18599,2,4644,2,0,0,0
18600,0,3365,0,0,0,0
18601,4,1903,0,0,0,1
18602,0,1051,0,0,1,0
18603,0,1884,0,0,0,0
18604,0,2641,0,0,0,0
18605,0,2425,0,0,0,0
18606,0,1828,0,0,0,0
18607,28,863,0,0,0,0
18608,30,227,0,0,0,0
18609,45,49,0,0,0,0
18610,23,141,0,0,0,0
18611,9,69,0,0,0,0
18612,0,57,0,0,0,0
18613,0,42,0,0,3,0
18614,0,37,0,0,2,0
18615,0,1,0,0,0,0
18616,0,19,0,0,14,0
18617,0,40,0,0,0,0
18618,0,49,0,0,0,0
18619,0,50,0,0,0,0
18620,0,41,0,0,22,0
18621,0,21,0,0,60,0
18622,0,16,0,0,36,0
18623,0,0,0,0,41,0
18624,0,3,0,0,32,0
18625,0,0,0,0,66,0
18626,0,21,0,0,32,0
18627,0,34,0,0,9,0
18628,0,67,0,0,2,0
18629,0,69,0,0,3,0
18630,0,121,0,0,1,0
18631,12,64,0,0,75,1
18632,0,26,0,0,10,0
18633,0,5,0,0,0,0
18634,0,83,0,4,2,0
18635,0,317,0,0,0,0
18636,0,190,0,0,0,0
18637,0,264,0,0,0,0
18638,0,617,0,0,0,0
18639,0,1012,0,0,0,0
18640,0,1689,0,0,0,0
18641,0,2129,0,0,0,0
18642,2,2579,0,0,0,0
18643,7,2939,0,0,0,0
18644,0,2809,0,0,0,0
18645,0,2694,0,0,2,0
18646,0,2322,0,0,9,0
18647,0,2115,0,0,47,0
18648,0,1841,0,0,7,0
18649,0,1669,0,0,7,0
18650,0,1207,0,0,16,0
18651,0,827,0,0,10,0
18652,1,804,0,0,0,0
18653,0,1279,0,0,0,0
18654,0,2315,0,0,0,0
18655,0,2952,0,0,6,0
18656,0,3061,0,0,21,0
18657,0,2768,0,0,0,0
18658,0,2483,0,0,0,0
18659,0,2527,0,0,34,0
18660,0,2835,0,0,0,0
18661,0,3781,0,0,15,0
18662,0,4228,0,0,0,0
18663,9,4209,0,0,0,0
18664,24,3536,0,0,0,0
18665,12,1846,0,0,0,0
18666,0,115,0,0,0,0
18667,0,114,0,0,0,0
18668,0,457,0,0,0,0
18669,0,350,0,0,0,0
18670,0,273,0,0,2,0
18671,0,165,0,0,0,0
18672,6,55,0,0,0,0
18673,0,27,0,0,0,0
18674,0,1,0,0,2,1
18675,0,65,0,0,0,0
18676,2,62,0,0,0,0
18677,33,0,0,0,2,0
18678,26,2,0,0,4,0
18679,6,7,0,34,3,0
18680,0,99,0,54,7,0
18681,0,514,0,0,40,0
18682,4,622,0,0,22,0
18683,12,162,0,0,69,0
18684,0,0,0,0,59,0
18685,0,52,0,0,73,0
18686,0,118,0,1,37,0
18687,0,69,0,0,76,0
18688,0,13,0,0,23,0
18689,0,53,0,0,80,0
18690,0,552,0,0,75,0
18691,0,1489,0,0,110,0
18692,0,2335,0,0,24,0
18693,0,2612,0,0,26,0
18694,0,2556,0,7,13,0
18695,0,1825,0,28,51,21
18696,0,1010,0,10,12,0
18697,0,198,0,0,2,0
18698,0,13,0,9,0,0
18699,0,251,0,0,0,0
18700,0,294,0,1,1,0
18701,0,107,0,4,0,0
18702,0,3,0,0,0,0
18703,0,17,0,0,0,0
18704,0,32,0,0,0,0
18705,0,78,0,0,0,0
18706,0,372,0,1,1,0
18707,0,797,0,0,0,0
18708,0,1125,0,7,0,0
18709,2,1278,0,36,0,0
18710,0,1535,0,13,0,5
18711,16,1362,0,16,0,39
18712,94,1210,0,0,6,0
18713,88,1013,0,0,6,1
18714,72,664,0,0,0,0
18715,27,918,0,0,5,0
18716,0,1225,0,0,46,46
18717,0,1422,0,0,3,0
18718,0,1422,0,0,45,0
18719,0,1368,0,0,0,0
18720,0,1447,0,0,0,0
18721,0,1602,0,0,4,0
18722,0,1654,0,0,6,0
18723,0,1701,0,0,10,0
18724,0,1883,0,0,73,0
18725,0,2196,0,0,67,0
18726,0,2594,0,0,43,0
18727,0,2978,0,0,4,0
18728,0,3078,0,0,71,0
18729,35,2709,0,0,0,0
18730,20,1828,0,0,0,0
18731,18,521,0,5,0,0
18732,0,1336,0,0,0,0
18733,0,3497,0,0,0,0
18734,0,4837,0,16,0,0
18735,0,5771,0,0,0,0
18736,0,5751,0,0,3,0
18737,2,4826,0,0,1,0
18738,0,3081,0,1,0,0
18739,0,1470,0,0,0,0
18740,16,2273,0,1,0,0
18741,24,3780,0,0,0,0
18742,17,4593,0,0,0,0
18743,0,4441,0,0,0,0
18744,0,3659,0,0,0,0
18745,0,2166,0,0,0,0
18746,0,820,0,0,32,0
18747,0,141,0,0,2,0
18748,0,0,0,0,0,0
18749,0,0,0,0,4,0
18750,0,31,0,0,0,0
18751,0,57,0,0,1,0
18752,0,5,0,0,0,0
18753,0,0,0,0,0,0
18754,0,0,0,0,0,0
18755,0,0,0,0,0,0
18756,0,0,0,0,0,0
18757,0,0,0,0,0,0
18758,0,0,0,0,0,0
18759,0,9,0,0,0,0
18760,0,136,0,1,0,0
18761,0,254,0,6,0,0
18762,0,434,0,38,0,0
18763,0,593,0,6,0,0
18764,0,480,0,0,2,0
18765,0,201,0,0,2,0
18766,0,42,0,0,0,0
18767,0,319,0,0,0,0
18768,0,1131,0,0,0,0
18769,0,1867,0,0,0,0
18770,0,2504,0,0,87,0
18771,0,2943,0,0,30,0
18772,0,3595,0,0,38,0
18773,0,3848,0,0,22,0
18774,0,4247,0,0,8,0
18775,5,4345,0,0,59,0
18776,0,3932,0,0,16,0
18777,0,3014,0,0,15,0
18778,0,1981,0,0,10,0
18779,0,1268,0,0,7,0
18780,0,1974,0,0,9,0
18781,15,2930,0,0,9,0
18782,27,3022,0,0,8,0
18783,17,2666,0,0,0,0
18784,24,1953,0,0,0,0
18785,0,1468,0,0,0,0
18786,0,1078,0,0,0,0
18787,0,694,0,0,0,0
18788,0,326,0,0,0,0
18789,3,73,0,0,0,0
18790,17,35,0,0,0,0
18791,13,0,0,0,0,0
18792,28,0,0,0,0,0
18793,25,0,0,0,0,0
18794,12,0,0,0,0,0
18795,4,0,0,0,0,0
18796,21,7,0,0,0,0
18797,6,0,0,0,0,0
18798,6,4,0,0,0,0
18799,6,4,0,0,0,0
18800,4,34,0,0,0,0
18801,0,16,0,0,0,0
18802,0,2,0,0,0,0
18803,9,0,0,0,0,0
18804,0,0,0,0,0,0
18805,0,0,0,0,0,0
18806,0,3,0,0,0,0
18807,0,3,0,0,0,0
18808,0,9,0,0,0,0
18809,0,34,0,0,10,0
18810,0,45,0,0,15,0
18811,0,29,0,0,4,0
18812,0,6,0,0,12,0
18813,0,79,0,0,0,0
18814,0,152,0,0,0,0
18815,0,306,0,0,0,0
18816,0,456,0,0,0,0
18817,2,591,0,0,0,0
18818,0,915,0,0,0,0
18819,0,993,0,0,0,0
18820,5,1131,0,0,0,0
18821,4,872,0,0,0,0
18822,3,379,0,0,0,0
18823,0,1187,0,0,0,0
18824,0,2582,0,0,2,0
18825,65,3430,0,0,0,0
18826,233,3790,0,3,2,0
18827,327,3418,0,34,33,0
18828,220,3341,0,2,26,0
18829,113,2778,0,0,21,0
18830,51,1981,0,0,65,0
18831,0,935,0,0,0,0
18832,0,756,0,0,0,0
18833,23,1207,0,0,0,0
18834,30,1075,0,0,0,0
18835,20,324,0,0,0,0
18836,16,68,0,4,0,0
18837,0,900,0,0,0,0
18838,14,1457,0,0,2,0
18839,28,1878,0,0,12,0
18840,83,2157,0,0,20,0
18841,201,2292,0,0,10,0
18842,191,1911,0,0,17,0
18843,130,1500,0,0,14,0
18844,48,1175,0,0,6,0
18845,8,858,0,0,5,0
18846,0,953,0,0,0,0
18847,0,1012,0,0,6,0
18848,14,1324,0,0,5,0
18849,58,1421,0,0,7,0
18850,48,1365,0,5,0,0
18851,64,1142,0,11,4,0
18852,0,606,0,39,0,0
18853,0,53,0,48,0,0
18854,0,0,0,5,0,0
18855,0,102,0,0,0,0
18856,0,253,0,0,3,0
18857,0,298,0,0,2,0
18858,0,281,0,0,0,0
18859,42,168,0,0,0,0
18860,2,116,0,0,0,0
18861,0,37,0,0,0,0
18862,0,38,0,0,0,0
18863,0,104,0,0,0,0
18864,0,11,0,0,0,0
18865,0,0,0,3,0,0
18866,0,0,0,16,0,0
18867,0,4,0,0,0,0
18868,0,19,0,0,0,0
18869,0,50,0,0,0,0
18870,0,14,0,0,0,0
18871,0,144,0,3,0,0
18872,0,485,0,17,0,0
18873,1,647,0,48,0,0
18874,0,357,0,32,0,0
18875,0,7,0,18,0,0
18876,0,0,0,10,0,0
18877,0,14,0,0,0,0
18878,0,282,0,3,0,0
18879,0,547,0,0,0,0
18880,0,690,0,15,0,0
18881,0,815,0,43,0,0
18882,0,787,0,31,0,0
18883,0,785,0,26,0,0
18884,0,648,0,27,0,0
18885,0,425,0,10,0,0
18886,0,207,0,17,3,0
18887,0,53,0,0,0,0
18888,0,0,0,0,0,0
18889,0,0,0,15,0,0
18890,0,0,0,19,0,0
18891,0,0,0,0,0,0
18892,0,0,0,16,0,0
18893,0,0,0,13,1,0
18894,0,10,0,0,0,0
18895,0,19,0,0,11,0
18896,0,90,0,0,2,0
18897,0,283,0,0,0,0
18898,0,503,0,0,0,0
18899,0,679,0,0,0,0
18900,5,997,0,0,0,0
18901,20,1296,0,0,0,0
18902,89,1831,0,0,0,0
18903,104,2114,0,0,0,0
18904,124,1957,0,0,0,0
18905,46,2018,0,0,0,0
18906,2,1967,0,0,0,0
18907,0,2711,0,0,0,0
18908,7,3959,0,0,0,0
18909,65,5119,0,0,0,0
18910,216,4981,0,0,0,0
18911,216,4530,0,0,0,0
18912,125,3952,0,0,0,0
18913,56,3575,0,0,0,0
18914,15,2782,0,0,0,0
18915,0,1981,0,0,0,0
18916,24,1493,0,0,0,0
18917,33,830,0,0,0,0
18918,91,298,0,0,0,0
18919,59,6,0,0,0,0
18920,8,0,0,0,0,0
18921,0,0,0,0,0,0
18922,0,0,0,0,0,0
18923,0,0,0,0,0,0
18924,0,0,0,0,0,0
18925,0,0,0,0,0,0
18926,0,0,0,0,0,0
18927,0,0,0,0,0,0
18928,0,9,0,0,0,0
18929,0,0,0,0,0,0
18930,0,0,0,0,0,0
18931,0,6,0,0,0,0
18932,0,58,0,2,3,0
18933,0,167,0,1,59,0
18934,0,303,0,0,161,0
18935,0,329,0,0,120,0
18936,0,251,0,0,60,0
18937,0,168,0,0,55,0
18938,0,219,0,0,0,0
18939,0,510,0,24,0,0
18940,0,941,0,124,0,0
18941,0,1158,0,117,40,0
18942,0,1521,0,181,5,0
18943,2,1581,0,201,19,0
18944,0,1491,0,200,94,0
18945,0,1461,0,131,112,0
18946,2,1252,0,92,114,0
18947,2,1014,0,29,141,0
18948,4,652,0,0,65,0
18949,2,431,0,48,16,0
18950,0,1382,0,202,9,0
18951,0,1991,0,379,8,0
18952,0,2711,0,493,61,0
18953,0,3512,0,635,163,0
18954,0,4468,0,718,181,0
18955,0,5152,0,744,225,0
18956,0,5854,0,766,174,0
18957,0,5927,0,668,155,0
18958,17,5738,0,546,35,0
18959,52,5491,0,314,60,0
18960,92,5238,0,51,0,0
18961,120,4749,0,2,0,0
18962,110,4432,0,0,0,0
18963,42,3730,0,4,0,0
18964,0,2822,0,81,0,0
18965,0,2001,0,114,0,0
18966,0,1504,0,127,1,0
18967,0,900,0,43,0,0
18968,0,506,0,14,0,0
18969,14,227,0,0,0,0
18970,0,200,0,3,0,0
18971,0,417,0,43,0,0
18972,0,982,0,0,0,0
18973,0,1423,0,0,0,0
18974,14,1600,0,0,0,0
18975,11,1502,0,1,0,0
18976,6,1396,0,0,0,0
18977,4,1460,0,0,0,0
18978,0,1587,0,0,0,0
18979,7,2167,0,0,0,0
18980,6,2876,0,0,0,0
18981,0,3545,0,0,0,0
18982,0,4042,0,0,0,0
18983,0,4281,0,0,0,0
18984,0,4323,0,0,0,0
18985,0,4070,0,0,0,0
18986,0,3259,0,0,31,0
18987,0,1977,0,0,0,0
18988,0,998,0,0,0,0
18989,0,723,0,0,36,0
18990,2,788,0,0,10,0
18991,30,1142,0,0,10,0
18992,35,1187,0,0,11,0
18993,21,1234,0,0,0,0
18994,43,1189,0,0,0,0
18995,68,1017,0,0,4,0
18996,52,980,0,0,0,0
18997,55,1185,0,0,0,0
18998,25,1544,0,0,0,0
18999,35,1935,0,0,0,0
19000,17,2561,0,0,0,0
19001,0,3018,0,0,0,0
19002,6,3289,0,0,0,0
19003,0,3543,0,0,0,0
19004,0,3956,0,0,0,0
19005,0,4249,0,0,0,0
19006,0,4452,4,0,0,0
19007,0,4638,82,0,0,0
19008,6,4368,162,0,0,0
19009,62,3838,188,0,2,0
19010,94,3886,172,0,0,0
19011,163,3675,22,0,0,0
19012,177,3476,0,0,0,0
19013,191,3340,0,0,0,0
19014,159,2824,0,0,0,0
19015,101,2195,0,0,1,0
19016,19,953,0,0,6,0
19017,0,1465,0,0,0,0
19018,0,2188,0,0,1,0
19019,0,2879,0,0,0,0
19020,0,3426,0,0,0,0
19021,0,3733,0,0,0,0
19022,0,3578,0,0,0,0
19023,0,3245,0,0,0,0
19024,0,2505,0,0,0,0
19025,0,1909,0,0,0,0
19026,0,1169,0,54,0,0
19027,0,511,0,0,0,0
19028,0,170,0,0,0,0
19029,0,81,0,0,0,0
19030,0,308,0,0,0,0
19031,0,474,0,5,0,0
19032,0,545,0,0,0,0
19033,3,610,0,0,0,0
19034,0,471,0,0,0,0
19035,0,187,0,0,0,0
19036,0,41,0,0,0,0
19037,0,386,0,0,0,0
19038,0,921,0,0,1,0
19039,0,1396,0,0,4,0
19040,0,1847,0,0,0,0
19041,0,2219,0,1,0,0
19042,0,2572,0,101,2,0
19043,0,2620,0,176,22,0
19044,0,2671,0,113,0,0
19045,0,2383,0,44,4,0
19046,0,2123,0,10,21,0
19047,0,1826,0,0,7,0
19048,0,1581,0,0,29,0
19049,0,1106,0,0,133,0
19050,0,533,0,0,42,0
19051,0,955,0,0,77,0
19052,0,1900,2,0,5,0
19053,0,3386,73,0,106,0
19054,0,5642,72,0,54,0
19055,0,7374,0,0,73,0
19056,0,8364,0,0,114,0
19057,0,9445,0,0,136,0
19058,0,9879,0,0,33,0
19059,0,9772,0,0,7,0
19060,0,9496,0,0,0,0
19061,0,9260,0,0,0,0
19062,0,8567,0,0,0,0
19063,0,7473,0,0,0,0
19064,0,6258,0,0,34,0
19065,0,5215,0,1,24,0
19066,4,4160,0,5,25,0
19067,0,3327,0,4,38,0
19068,0,2528,0,37,59,0
19069,0,2066,0,6,51,0
19070,0,1762,0,17,59,0
19071,0,1562,0,3,26,0
19072,0,1528,0,0,66,0
19073,0,1313,0,0,16,0
19074,0,1151,0,0,3,0
19075,0,1047,0,0,6,0
19076,0,1060,0,19,85,0
19077,0,1037,0,58,44,0
19078,0,1036,0,46,13,0
19079,0,1148,0,74,125,0
19080,0,1181,0,199,39,0
19081,0,1249,0,196,32,0
19082,0,1220,0,199,19,0
19083,0,1262,0,154,0,0
19084,0,1047,0,112,0,0
19085,0,1025,0,56,0,0
19086,0,1192,0,13,0,0
19087,0,1570,0,4,0,0
19088,0,1681,0,17,0,0
19089,0,1656,0,0,0,0
19090,0,1604,0,0,0,0
19091,0,1475,0,0,0,0
19092,0,1380,0,0,0,0
19093,12,1262,0,0,0,0
19094,0,1070,0,0,0,0
19095,0,908,0,0,0,0
19096,0,757,0,0,0,0
19097,0,683,0,0,0,0
19098,0,733,0,0,0,0
19099,0,909,0,0,0,0
19100,4,1177,0,0,0,0
19101,0,1387,0,0,0,0
19102,0,1430,0,0,0,0
19103,0,1356,0,0,0,0
19104,0,1131,0,1,0,0
19105,0,912,0,0,0,0
19106,0,804,0,0,0,0
19107,0,608,0,0,0,0
19108,0,374,0,0,0,0
19109,0,75,0,0,0,0
19110,0,5,0,0,0,0
19111,0,0,0,0,0,0
19112,0,0,0,0,0,0
19113,0,2,0,0,0,0
19114,0,230,0,0,0,0
19115,0,656,0,0,0,0
19116,0,896,0,0,0,0
19117,0,1186,0,0,0,0
19118,0,1348,0,0,0,0
19119,0,1081,0,0,0,0
19120,0,646,0,0,0,0
19121,0,932,0,0,0,0
19122,0,1739,0,0,0,0
19123,0,2069,0,0,0,0
19124,0,1994,0,0,0,0
19125,0,2128,0,3,0,0
19126,0,1907,0,8,0,0
19127,0,1569,0,18,0,0
19128,0,1409,0,32,0,0
19129,0,1261,0,14,0,0
19130,0,1138,0,22,0,0
19131,0,1346,0,13,0,0
19132,0,1473,0,2,0,0
19133,0,1532,0,0,0,0
19134,0,1024,0,0,0,0
19135,0,596,0,2,0,0
19136,0,937,0,0,0,0
19137,0,895,0,0,0,0
19138,0,875,0,0,0,0
19139,0,1349,0,0,0,0
19140,0,1703,0,0,0,0
19141,0,2580,0,5,11,0
19142,0,2862,0,0,2,0
19143,4,2165,0,0,0,0
19144,13,1599,0,0,2,0
19145,0,1441,0,0,0,0
19146,0,1395,0,0,0,0
19147,17,1247,0,0,0,0
19148,78,1157,0,0,0,0
19149,48,946,0,0,0,0
19150,2,1077,0,0,0,0
19151,0,1689,0,0,0,0
19152,0,3068,0,0,0,0
19153,12,2550,0,0,0,0
19154,16,1043,0,0,0,0
19155,1,963,0,0,0,0
19156,0,1553,0,0,0,0
19157,0,1722,0,0,0,0
19158,0,1452,0,0,0,0
19159,0,1198,0,0,0,0
19160,0,1034,0,0,0,0
19161,0,1418,0,0,0,0
19162,2,1427,0,0,0,0
19163,0,992,0,8,0,0
19164,0,1042,0,14,0,0
19165,0,1369,0,20,0,0
19166,0,1278,0,16,0,0
19167,0,1359,0,39,0,0
19168,0,1204,0,46,0,0
19169,0,1500,0,3,0,0
19170,0,2563,0,0,0,0
19171,0,4405,0,8,0,0
19172,0,6192,0,5,0,0
19173,0,6858,0,0,0,0
19174,3,6691,0,0,0,0
19175,0,6183,0,0,0,0
19176,0,5070,0,0,0,0
19177,11,3764,0,0,0,0
19178,11,2979,0,3,0,0
19179,10,2244,0,0,2,0
19180,13,1859,0,0,13,0
19181,17,2352,0,2,3,0
19182,4,3022,0,0,0,0
19183,11,3664,0,0,0,0
19184,0,3687,0,0,0,0
19185,0,3385,0,0,0,0
19186,0,2484,0,0,3,0
19187,0,2099,0,0,4,0
19188,0,2527,0,0,10,0
19189,0,2799,0,0,0,0
19190,5,2634,0,0,0,0
19191,0,2058,0,0,0,0
19192,0,1449,0,8,0,0
19193,0,1365,0,0,0,0
19194,0,1375,0,0,0,0
19195,0,1876,0,0,0,0
19196,0,2113,0,0,0,0
19197,0,2082,0,0,0,0
19198,0,1898,0,0,0,0
19199,0,1442,0,0,0,0
19200,0,1007,0,0,0,0
19201,0,577,0,0,0,0
19202,0,431,0,0,0,0
19203,0,392,0,0,0,0
19204,0,273,0,0,2,0
19205,0,747,0,0,15,0
19206,0,1890,0,0,32,0
19207,6,2209,0,2,15,0
19208,22,1740,0,0,47,0
19209,68,602,0,9,100,0
19210,89,189,0,0,108,0
19211,70,302,0,28,17,0
19212,0,0,0,95,96,0
19213,10,109,0,72,64,0
19214,0,640,0,17,108,0
19215,6,793,0,0,19,0
19216,4,399,0,0,54,0
19217,0,0,0,0,31,0
19218,0,252,0,0,0,0
19219,0,855,0,0,0,0
19220,0,1214,0,72,0,0
19221,0,1370,0,0,0,0
19222,0,1606,0,0,9,0
19223,0,1806,0,0,62,0
19224,2,1912,0,0,19,0
19225,0,2032,0,0,0,0
19226,0,2001,0,2,1,0
19227,0,1590,0,0,0,0
19228,0,1190,0,0,6,0
19229,0,1261,0,0,29,0
19230,0,1557,0,0,4,0
19231,0,1570,0,0,12,0
19232,0,1361,0,0,6,0
19233,0,695,0,0,0,0
19234,0,815,0,0,0,0
19235,0,1399,0,0,40,0
19236,0,1257,0,0,5,0
19237,0,731,0,0,0,0
19238,0,694,0,0,39,0
19239,0,1743,0,0,5,0
19240,0,2953,0,0,22,0
19241,0,3414,0,0,40,0
19242,0,2767,0,0,0,0
19243,0,1568,0,0,0,0
19244,0,719,0,0,30,0
19245,0,1515,0,0,0,0
19246,0,1706,0,0,3,0
19247,0,1598,0,0,0,0
19248,0,1537,0,0,0,0
19249,0,1449,0,0,0,0
19250,0,1540,0,0,0,0
19251,0,1487,0,0,0,0
19252,0,1270,0,0,0,0
19253,0,821,0,0,0,0
19254,0,467,0,0,0,0
19255,6,772,0,0,0,0
19256,0,1382,0,0,0,0
19257,0,1762,0,0,0,0
19258,11,2186,0,0,0,0
19259,0,2628,0,0,0,0
19260,5,3260,0,0,0,0
19261,0,3790,0,0,0,0
19262,0,4117,0,0,0,0
19263,0,4450,0,0,0,0
19264,0,4534,0,0,0,0
19265,0,4007,0,0,0,0
19266,0,3410,0,0,0,0
19267,2,2567,0,0,0,0
19268,0,1711,0,0,0,0
19269,0,871,0,0,0,0
19270,0,338,0,0,0,0
19271,0,166,0,1,2,0
19272,0,107,0,0,0,0
19273,0,76,0,0,0,0
19274,0,95,0,0,0,0
19275,0,77,0,0,0,0
19276,0,108,0,0,0,0
19277,0,248,0,0,0,0
19278,0,1216,0,0,0,0
19279,6,2726,0,0,0,0
19280,46,3862,0,0,0,0
19281,100,5124,0,0,0,0
19282,141,7107,0,0,0,0
19283,121,7205,0,0,0,0
19284,100,5706,0,0,0,0
19285,72,3495,0,0,0,0
19286,147,1740,0,0,0,0
19287,113,1151,0,0,0,0
19288,127,1075,0,0,0,0
19289,70,1503,0,0,0,0
19290,18,1073,0,0,0,0
19291,0,604,0,0,0,0
19292,0,852,0,0,0,0
19293,0,1430,0,0,0,0
19294,0,2408,0,0,0,0
19295,0,3044,0,0,0,0
19296,0,3398,0,0,0,0
19297,0,3337,0,0,0,0
19298,0,2772,0,0,0,0
19299,0,1942,0,0,0,0
19300,0,1190,0,0,0,0
19301,0,582,0,0,0,0
19302,0,109,0,0,0,0
19303,0,7,0,0,0,0
19304,0,0,0,0,0,0
19305,0,12,0,0,0,0
19306,0,10,0,0,0,0
19307,0,0,0,0,0,0
19308,0,0,0,0,0,0
19309,0,0,0,0,0,0
19310,0,0,0,0,0,0
19311,0,0,0,0,0,0
19312,0,0,0,10,1,0
19313,7,0,0,6,0,0
19314,0,3,0,0,0,0
19315,0,7,0,0,0,0
19316,0,8,0,0,0,0
19317,0,3,0,0,0,0
19318,0,3,0,0,0,0
19319,0,2,0,0,0,0
19320,0,3,0,0,0,0
19321,1,5,0,0,0,0
19322,0,81,0,0,0,0
19323,1,441,0,0,0,0
19324,14,900,0,0,0,0
19325,11,1281,0,0,0,0
19326,17,1525,0,0,0,0
19327,54,1432,0,0,0,0
19328,42,794,0,0,0,0
19329,0,30,0,0,0,0
19330,0,646,0,0,0,0
19331,19,1797,0,0,0,0
19332,21,2636,0,0,2,0
19333,2,2516,0,0,3,0
19334,0,1353,0,0,10,0
19335,0,956,0,0,44,0
19336,0,956,0,0,34,0
19337,0,1608,0,0,0,0
19338,0,1717,0,0,1,0
19339,0,1497,0,0,201,0
19340,0,1141,0,0,170,0
19341,0,982,0,45,25,0
19342,0,903,0,10,0,0
19343,0,1345,0,0,0,0
19344,0,1836,0,0,0,0
19345,0,2859,0,4,0,0
19346,0,3783,0,0,0,0
19347,0,4319,0,4,0,0
19348,0,3683,0,0,0,0
19349,0,2232,0,0,0,0
19350,0,1256,0,0,0,0
19351,0,766,0,0,3,0
19352,0,858,0,0,0,0
19353,0,821,0,0,9,0
19354,0,371,0,0,4,0
19355,0,36,0,0,10,0
19356,0,102,0,0,0,0
19357,0,379,0,0,0,0
19358,0,600,0,0,19,0
19359,0,418,0,0,3,0
19360,0,426,0,0,3,0
19361,0,557,0,0,78,0
19362,0,956,0,0,0,0
19363,11,1760,0,0,0,0
19364,17,2034,0,0,0,0
19365,6,1877,0,0,0,0
19366,0,1553,0,0,0,0
19367,0,1235,0,0,0,0
19368,0,1434,0,0,0,0
19369,13,2586,0,0,0,0
19370,10,3261,0,0,0,0
19371,58,1920,0,0,0,0
19372,35,305,0,0,0,0
19373,4,1212,0,0,0,0
19374,12,1134,0,0,0,0
19375,22,921,0,0,1,0
19376,11,1454,0,0,0,0
19377,8,3156,0,0,0,0
19378,14,4438,0,0,1,0
19379,0,6412,0,0,1,0
19380,0,7796,0,0,1,0
19381,0,8755,0,0,72,0
19382,0,8788,0,0,110,0
19383,24,8001,0,0,29,0
19384,54,7215,0,0,0,0
19385,69,5650,0,0,0,0
19386,168,4469,0,0,0,0
19387,216,3687,0,0,2,0
19388,167,2920,0,0,0,0
19389,18,2272,0,0,13,0
19390,2,1587,0,0,81,0
19391,0,933,0,0,427,0
19392,0,629,0,0,505,0
19393,0,466,0,0,34,0
19394,0,430,0,0,30,0
19395,0,796,0,0,7,0
19396,0,1347,0,0,0,0
19397,0,1906,0,0,0,0
19398,0,2472,0,0,3,0
19399,0,2938,0,0,0,0
19400,0,3298,0,0,0,0
19401,0,3698,0,0,0,0
19402,0,3882,0,0,0,0
19403,0,3864,0,0,26,0
19404,0,3736,0,0,15,0
19405,0,3218,0,0,2,0
19406,0,2795,0,0,85,0
19407,0,2593,0,0,23,0
19408,0,2272,0,26,103,0
19409,0,2190,0,1,79,0
19410,0,2199,0,0,85,0
19411,0,1745,0,1,72,0
19412,0,984,0,0,3,0
19413,0,557,0,0,0,0
19414,0,118,0,0,0,0
19415,0,7,0,0,0,0
19416,0,0,0,0,1,0
19417,0,36,0,0,0,0
19418,0,53,0,7,13,0
19419,0,91,0,44,0,0
19420,0,134,0,0,0,0
19421,0,132,0,0,0,0
19422,0,74,0,0,0,0
19423,0,6,0,0,0,0
19424,0,14,0,6,0,0
19425,0,187,0,0,0,0
19426,0,156,0,0,15,0
19427,0,37,0,1,0,0
19428,0,127,0,0,2,0
19429,0,806,0,0,0,0
19430,0,1500,0,0,0,0
19431,0,1918,0,0,0,0
19432,0,1976,0,0,5,0
19433,0,1825,0,0,0,0
19434,0,1593,0,0,2,0
19435,0,1414,0,0,3,0
19436,0,1163,0,0,48,0
19437,0,709,0,0,2,0
19438,0,150,0,2,11,0
19439,0,0,0,0,49,0
19440,0,317,0,0,8,0
19441,0,876,0,0,9,0
19442,9,1202,0,0,17,0
19443,5,1353,0,0,0,0
19444,21,1474,0,0,0,0
19445,41,1437,0,0,0,0
19446,57,1401,0,0,2,0
19447,13,1284,0,0,0,0
19448,22,1076,0,0,1,0
19449,0,671,0,0,0,0
19450,0,517,0,0,0,0
19451,0,199,0,0,0,0
19452,0,172,0,0,0,0
19453,0,122,0,8,9,0
19454,0,69,0,40,90,0
19455,0,13,0,0,3,0
19456,0,20,0,0,0,0
19457,0,15,0,0,7,0
19458,0,205,0,0,0,0
19459,0,382,0,0,0,0
19460,2,362,0,0,23,0
19461,4,158,0,0,0,0
19462,3,0,0,0,11,0
19463,10,75,0,10,4,0
19464,0,545,0,44,10,0
19465,0,643,0,0,2,0
19466,0,226,0,0,23,0
19467,0,2,0,0,20,0
19468,0,178,0,1,7,0
19469,0,915,0,1,3,0
19470,0,1497,0,0,2,0
19471,0,1267,0,0,8,0
19472,3,885,0,0,1,0
19473,0,566,0,0,0,0
19474,0,354,0,0,0,0
19475,0,993,0,0,0,0
19476,0,1402,0,0,0,0
19477,0,1594,0,0,0,0
19478,0,1536,0,0,0,0
19479,0,1183,0,0,0,0
19480,18,769,0,0,0,0
19481,0,304,0,0,0,0
19482,11,5,0,0,1,0
19483,37,6,0,0,16,0
19484,16,0,0,0,41,0
19485,38,0,0,0,7,0
19486,8,0,0,0,7,0
19487,0,3,0,0,6,0
19488,0,24,0,0,15,0
19489,0,6,0,0,8,0
19490,0,6,0,0,7,0
19491,0,0,0,0,0,0
19492,0,0,0,0,0,0
19493,0,0,0,0,2,0
19494,0,0,0,0,0,0
19495,0,6,0,0,0,0
19496,0,79,0,0,2,0
19497,0,189,0,0,2,0
19498,0,335,0,0,0,0
19499,0,596,0,0,0,0
19500,0,944,0,0,0,0
19501,0,1025,0,0,3,0
19502,0,1031,0,0,0,0
19503,0,1031,0,0,0,0
19504,0,979,0,0,0,0
19505,0,951,0,0,0,0
19506,0,957,0,0,0,0
19507,0,971,0,0,0,0
19508,0,1023,0,0,0,0
19509,0,1013,0,0,0,0
19510,0,1106,0,0,0,0
19511,0,1058,0,0,0,0
19512,0,1073,0,0,0,0
19513,0,1111,0,0,0,0
19514,0,1178,0,0,0,0
19515,0,1211,0,0,0,0
19516,0,1138,0,0,0,0
19517,0,1112,0,0,0,0
19518,0,1035,0,0,0,0
19519,0,918,0,0,0,0
19520,0,872,0,0,0,0
19521,0,886,0,0,0,0
19522,0,697,0,0,0,0
19523,0,564,0,0,0,0
19524,0,443,0,0,0,0
19525,0,356,0,0,0,0
19526,0,230,0,0,0,0
19527,0,224,0,0,0,0
19528,0,144,0,0,0,0
19529,0,106,0,0,0,0
19530,0,98,0,0,0,0
19531,23,249,0,0,0,0
19532,22,415,0,0,0,0
19533,0,640,0,0,0,0
19534,0,978,0,0,0,0
19535,0,1283,0,0,0,0
19536,0,1364,0,0,0,0
19537,0,1374,0,0,0,0
19538,13,1354,0,0,0,0
19539,16,1314,0,0,0,0
19540,4,1341,0,0,0,0
19541,0,1349,0,0,0,0
19542,0,1430,0,0,0,0
19543,0,1552,0,0,0,0
19544,0,1557,0,0,0,0
19545,0,1449,0,0,0,0
19546,25,1339,0,0,8,0
19547,11,1054,0,0,6,0
19548,0,676,0,0,0,0
19549,0,195,0,0,0,0
19550,0,0,0,0,3,0
19551,0,4,0,0,8,0
19552,0,112,0,0,14,0
19553,0,262,0,0,31,0
19554,0,418,0,0,0,0
19555,0,688,0,0,11,0
19556,0,945,0,0,56,0
19557,0,1086,0,0,6,0
19558,0,1315,0,0,0,0
19559,0,1504,0,0,31,0
19560,0,1513,0,0,18,0
19561,0,1550,0,0,33,0
19562,0,1551,0,0,39,0
19563,0,1432,0,0,75,0
19564,0,1404,0,0,80,0
19565,0,1323,0,0,46,0
19566,0,1331,0,17,18,0
19567,0,1312,0,58,1,0
19568,0,1292,0,3,8,0
19569,0,1256,0,25,0,0
19570,0,1209,0,24,0,0
19571,0,1277,0,62,0,0
19572,0,1240,0,23,0,0
19573,0,1232,0,6,2,0
19574,0,1203,0,16,44,0
19575,0,1092,0,15,54,0
19576,0,776,0,57,90,0
19577,0,510,0,100,92,0
19578,0,262,0,74,83,0
19579,4,64,0,37,52,0
19580,0,81,0,4,83,0
19581,0,215,0,0,105,0
19582,6,431,0,0,32,0
19583,4,643,0,0,62,0
19584,0,700,0,0,3,0
19585,8,706,0,0,3,0
19586,2,715,0,0,48,0
19587,0,789,0,0,0,0
19588,0,895,0,0,0,0
19589,0,837,0,0,0,0
19590,0,766,0,0,0,0
19591,0,534,0,0,0,0
19592,0,187,0,0,0,0
19593,0,0,0,0,2,0
19594,0,140,0,0,0,0
19595,0,420,0,0,0,0
19596,0,770,0,0,0,0
19597,0,999,0,0,0,0
19598,0,1052,0,0,0,0
19599,0,832,0,0,0,0
19600,9,396,0,0,5,0
19601,4,0,0,0,0,0
19602,0,133,0,0,0,0
19603,0,723,0,0,0,0
19604,0,995,0,0,0,0
19605,0,988,0,0,0,0
19606,0,575,0,0,0,0
19607,0,0,0,0,0,0
19608,0,91,0,0,0,0
19609,0,255,0,0,0,0
19610,0,174,0,0,0,0
19611,0,51,0,0,0,0
19612,0,0,0,0,0,0
19613,0,0,0,0,0,0
19614,0,0,0,0,0,0
19615,0,5,0,0,0,0
19616,0,1,0,0,0,0
19617,0,3,0,0,0,0
19618,0,0,0,0,0,0
19619,0,0,0,0,0,0
19620,0,0,0,0,0,0
19621,0,6,0,0,6,0
19622,0,10,0,0,3,0
19623,0,20,0,0,25,0
19624,0,22,0,0,57,0
19625,0,4,0,0,79,0
19626,0,0,0,0,73,0
19627,2,0,0,0,94,0
19628,0,0,0,2,82,0
19629,0,0,0,1,51,0
19630,0,0,0,0,28,0
19631,0,127,0,4,36,0
19632,0,204,0,0,8,0
19633,0,333,0,1,39,0
19634,0,426,0,0,11,0
19635,0,467,0,0,0,0
19636,0,317,0,0,3,1
19637,15,40,0,0,0,0
19638,2,12,0,0,0,0
19639,0,615,0,0,0,0
19640,0,1204,0,0,0,0
19641,0,1259,0,0,0,0
19642,0,815,0,0,0,0
19643,10,150,0,0,0,0
19644,18,0,0,0,0,0
19645,0,0,0,0,5,0
19646,0,0,0,0,25,0
19647,0,408,0,0,0,0
19648,0,899,0,0,1,0
19649,0,1187,0,0,30,0
19650,0,1353,0,0,4,0
19651,0,1272,0,0,24,0
19652,0,957,0,0,0,0
19653,0,559,0,0,5,0
19654,0,291,0,0,3,0
19655,0,101,0,0,44,0
19656,0,77,0,0,2,0
19657,0,147,0,0,32,0
19658,0,281,0,0,32,0
19659,0,317,0,0,1,0
19660,0,349,0,0,0,0
19661,0,312,0,0,0,0
19662,0,194,0,0,2,0
19663,0,33,0,0,1,0
19664,0,5,0,0,0,0
19665,0,71,0,0,0,0
19666,0,167,0,1,0,0
19667,0,311,0,0,0,0
19668,0,430,0,0,0,0
19669,0,480,0,0,0,0
19670,0,544,0,0,0,0
19671,0,484,0,0,0,0
19672,0,559,0,0,0,0
19673,0,559,0,0,0,0
19674,0,616,0,0,0,0
19675,0,634,0,0,0,0
19676,0,728,0,0,5,0
19677,0,855,0,0,0,0
19678,0,971,0,0,0,0
19679,0,1090,0,0,0,0
19680,0,1142,0,0,0,0
19681,0,1132,0,0,12,0
19682,0,1088,0,0,0,0
19683,0,851,0,0,2,0
19684,0,422,0,0,1,0
19685,0,51,0,0,0,0
19686,0,18,0,0,0,0
19687,0,487,0,0,3,0
19688,0,802,0,0,68,0
19689,0,916,0,0,17,0
19690,0,661,0,0,4,0
19691,0,129,0,0,40,0
19692,0,27,0,0,0,0
19693,0,403,0,2,2,0
19694,0,610,0,0,2,0
19695,0,752,0,0,0,0
19696,0,804,0,0,0,0
19697,0,728,0,4,0,0
19698,0,759,0,0,0,0
19699,0,601,0,0,0,0
19700,0,504,0,1,0,0
19701,0,395,0,62,0,0
19702,0,323,0,23,0,0
19703,0,281,0,0,0,0
19704,0,370,0,0,0,0
19705,0,639,0,0,0,0
19706,4,930,0,4,0,0
19707,28,1487,0,0,0,0
19708,25,2076,0,0,0,0
19709,0,2616,0,2,5,0
19710,0,3088,0,0,26,0
19711,0,3218,0,0,34,0
19712,0,3144,0,0,3,0
19713,0,2753,0,0,10,0
19714,0,2051,0,0,3,0
19715,0,1146,0,0,42,0
19716,0,1519,0,0,0,0
19717,0,2291,0,0,0,0
19718,0,2883,0,0,32,0
19719,0,3251,0,0,0,0
19720,0,3510,0,0,0,0
19721,0,3698,0,0,0,0
19722,2,3772,0,0,0,0
19723,0,3768,0,0,0,0
19724,0,3790,0,0,0,0
19725,0,3919,0,0,0,0
19726,18,3660,0,0,0,0
19727,14,3194,0,0,0,0
19728,0,2810,0,0,0,0
19729,0,2368,0,0,0,0
19730,0,2017,0,0,0,0
19731,0,1812,0,0,0,0
19732,0,1580,0,0,0,0
19733,0,1452,0,0,0,0
19734,0,1259,0,0,0,0
19735,4,1026,0,34,0,0
19736,11,969,0,56,0,0
19737,0,1431,0,0,0,0
19738,0,2071,0,0,0,0
19739,14,2663,0,1,0,0
19740,8,3110,0,0,0,0
19741,12,2931,0,6,0,0
19742,0,2132,0,0,0,0
19743,0,1499,0,0,2,0
19744,0,1073,0,0,0,0
19745,0,833,0,0,0,0
19746,21,884,0,0,0,0
19747,0,1101,0,0,0,0
19748,0,1411,0,0,0,0
19749,0,1687,0,0,0,0
19750,0,1668,0,0,0,0
19751,0,1228,0,0,0,0
19752,1,295,0,0,0,0
19753,0,157,0,0,0,0
19754,0,1072,0,0,0,0
19755,0,1635,0,0,0,0
19756,0,1974,0,0,6,0
19757,0,2198,0,0,0,0
19758,0,2362,0,0,0,0
19759,0,2302,0,0,0,0
19760,0,2187,0,0,0,0
19761,0,2010,0,0,0,0
19762,0,1733,0,0,0,0
19763,0,1320,0,0,2,0
19764,0,1205,0,0,1,0
19765,0,1132,0,0,0,0
19766,0,1017,0,0,0,0
19767,0,848,0,0,0,0
19768,0,650,0,0,0,0
19769,0,458,0,0,0,0
19770,0,535,0,0,0,0
19771,0,685,0,0,0,0
19772,0,984,0,0,0,0
19773,0,1018,0,0,0,0
19774,0,1131,0,0,0,0
19775,0,1184,0,0,0,0
19776,0,1139,0,0,0,0
19777,0,822,0,0,0,0
19778,0,238,0,0,0,0
19779,0,8,0,0,0,0
19780,0,8,0,0,0,0
19781,0,2,0,0,0,0
19782,0,0,0,0,0,0
19783,0,0,0,0,0,0
19784,0,23,0,0,0,0
19785,0,13,0,0,0,0
19786,0,4,0,0,6,0
19787,0,0,0,0,5,0
19788,0,55,0,0,0,0
19789,0,480,0,0,0,0
19790,0,858,0,0,5,0
19791,0,1084,0,0,0,0
19792,0,1162,0,0,0,0
19793,0,1135,0,0,0,0
19794,0,1011,0,0,0,0
19795,0,823,0,0,0,0
19796,0,593,0,0,0,0
19797,0,304,0,0,0,0
19798,0,77,0,0,0,0
19799,0,80,0,0,0,0
19800,0,314,0,0,0,0
19801,0,541,0,0,10,0
19802,0,444,0,0,0,0
19803,0,126,0,0,0,0
19804,0,23,0,0,0,0
19805,0,49,0,0,0,0
19806,0,70,0,0,0,0
19807,0,16,0,0,0,0
19808,0,0,0,0,0,0
19809,0,0,0,0,0,0
19810,0,0,0,0,0,0
19811,0,0,0,0,0,0
19812,0,0,0,0,0,0
19813,0,13,0,0,0,0
19814,0,44,0,0,0,0
19815,0,2,0,0,0,0
19816,0,0,0,0,0,0
19817,0,79,0,0,0,0
19818,0,300,0,0,0,0
19819,0,503,0,0,0,0
19820,0,682,0,0,0,0
19821,0,747,0,0,0,0
19822,6,931,0,0,0,0
19823,0,846,0,0,0,0
19824,24,772,0,0,0,0
19825,31,619,0,0,0,0
19826,74,641,0,0,10,0
19827,116,798,0,0,2,0
19828,106,926,0,14,2,0
19829,72,1467,0,13,43,0
19830,15,2092,0,0,1,0
19831,0,2427,0,0,19,0
19832,0,2626,0,0,57,0
19833,0,2812,0,0,12,0
19834,10,3382,0,0,2,0
19835,0,4354,0,0,0,0
19836,0,5335,3,0,2,0
19837,0,6095,77,0,0,0
19838,0,6540,148,0,0,0
19839,0,7525,91,0,0,0
19840,0,8017,0,0,0,0
19841,0,8194,0,0,0,0
19842,0,7239,0,0,0,0
19843,0,5700,0,0,0,0
19844,0,4500,0,0,0,0
19845,0,3554,0,0,0,0
19846,4,2587,0,0,2,0
19847,0,1532,0,0,15,0
19848,0,1843,0,0,0,0
19849,0,2694,0,0,3,0
19850,0,3111,0,0,9,0
19851,0,2917,0,0,25,0
19852,0,2723,0,0,9,0
19853,0,1771,0,0,0,0
19854,0,1249,0,0,0,0
19855,0,2135,0,0,2,0
19856,0,3380,0,0,0,0
19857,0,4360,0,0,0,0
19858,0,5152,0,0,0,0
19859,0,5350,0,0,0,0
19860,0,5856,0,0,0,0
19861,0,5620,0,1,4,0
19862,0,5262,0,0,0,0
19863,0,4686,0,0,0,0
19864,0,3716,0,0,0,0
19865,0,2826,0,0,0,0
19866,0,1876,0,0,0,0
19867,0,1136,0,0,0,0
19868,0,700,0,0,0,0
19869,0,312,0,0,0,0
19870,0,661,0,0,0,0
19871,0,1875,0,0,0,0
19872,0,2735,0,0,0,0
19873,0,3147,0,0,0,0
19874,0,3054,0,0,0,0
19875,0,2880,0,0,0,0
19876,0,2691,0,0,0,0
19877,0,2408,0,0,0,0
19878,0,2400,0,0,0,0
19879,0,2334,0,0,0,0
19880,0,1827,0,0,0,0
19881,0,619,0,0,0,0
19882,0,420,0,0,0,0
19883,0,502,0,0,0,0
19884,0,486,0,0,0,0
19885,0,503,0,0,0,0
19886,0,441,0,9,0,0
19887,0,369,0,20,0,0
19888,0,243,0,0,0,0
19889,0,186,0,0,0,0
19890,0,192,0,0,0,0
19891,0,167,0,1,0,0
19892,0,174,0,0,0,0
19893,0,696,0,0,0,0
19894,0,2476,0,0,0,0
19895,0,4197,0,0,0,0
19896,0,5315,0,0,0,0
19897,0,5798,0,0,0,0
19898,0,5876,0,0,0,0
19899,4,5837,0,0,0,0
19900,1,5244,0,0,0,0
19901,0,4490,0,0,0,0
19902,0,2993,0,0,0,0
19903,0,1356,0,0,1,0
19904,0,327,0,0,0,0
19905,0,2020,0,0,0,0
19906,0,2863,0,0,30,0
19907,0,3696,0,0,21,0
19908,0,4476,0,0,2,0
19909,0,4414,0,0,2,0
19910,3,3770,0,0,38,0
19911,0,1543,0,0,2,0
19912,0,468,0,0,0,0
19913,6,1278,0,0,35,0
19914,11,1084,0,0,0,0
19915,6,1251,0,0,0,0
19916,35,2526,0,0,0,0
19917,20,2758,0,0,0,0
19918,14,2389,0,0,0,0
19919,0,1236,0,0,0,0
19920,0,105,0,0,0,0
19921,0,1469,0,0,0,0
19922,0,2284,0,0,0,0
19923,0,2671,0,0,0,0
19924,0,2673,0,0,0,0
19925,0,2360,0,10,0,0
19926,0,1925,0,28,0,0
19927,0,1004,0,0,17,0
19928,0,131,0,0,59,0
19929,0,31,0,0,12,0
19930,0,79,0,8,0,0
19931,0,77,0,4,29,0
19932,0,24,0,0,8,0
19933,0,3,0,0,18,0
19934,0,8,0,0,113,0
19935,0,0,0,0,332,0
19936,0,20,0,0,75,0
19937,0,167,0,0,18,0
19938,0,1429,0,0,0,0
19939,0,2701,0,0,0,0
19940,0,3998,0,0,0,0
19941,8,5756,0,0,0,0
19942,5,7212,0,0,0,0
19943,37,7652,0,0,0,0
19944,3,8324,0,0,0,0
19945,0,8676,0,0,0,0
19946,0,9438,0,0,0,0
19947,0,9932,0,0,0,0
19948,35,9696,0,0,2,0
19949,63,7668,1,0,0,0
19950,83,6326,5,0,0,0
19951,67,5092,0,0,0,0
19952,22,3659,0,0,0,0
19953,0,2404,0,0,0,0
19954,0,1204,0,0,0,0
19955,0,742,0,0,0,0
19956,0,650,0,0,0,0
19957,0,564,0,0,7,0
19958,0,320,0,0,2,0
19959,0,26,0,0,0,0
19960,0,5,0,0,0,0
19961,0,13,0,0,0,0
19962,0,93,0,0,0,0
19963,0,635,0,0,0,0
19964,0,1285,0,0,0,0
19965,0,2005,0,0,0,0
19966,0,2544,0,0,0,0
19967,0,3246,0,0,0,0
19968,0,3646,0,0,0,0
19969,0,3929,0,0,0,0
19970,0,4191,0,3,36,0
19971,0,4329,0,2,10,0
19972,0,4344,0,21,18,0
19973,0,4299,0,104,28,0
19974,0,3885,0,73,48,0
19975,0,4153,0,118,176,0
19976,0,4120,45,79,109,0
19977,0,4063,162,105,168,0
19978,0,4331,205,120,170,0
19979,0,4221,128,109,234,0
19980,0,2978,4,72,154,0
19981,0,210,0,93,235,0
19982,0,1208,14,5,228,0
19983,0,1002,0,15,399,0
19984,0,956,0,76,193,0
19985,4,1922,0,151,289,0
19986,52,3391,19,332,134,0
19987,151,5143,266,515,216,0
19988,171,5909,973,716,158,0
19989,218,6988,878,760,264,0
19990,332,6682,579,651,236,0
19991,385,6356,154,697,512,0
19992,429,6118,0,654,267,0
19993,467,5417,0,744,493,0
19994,590,4866,0,761,340,0
19995,635,4812,0,799,598,0
19996,713,4596,0,710,136,0
19997,684,4045,0,707,42,0
19998,496,2666,0,556,4,0
19999,128,1081,0,423,22,0
20000,27,1732,0,256,129,0
20001,113,3903,3,92,103,0
20002,418,5130,12,10,40,8
20003,686,6711,10,0,33,0
20004,1017,8490,0,0,22,0
20005,1289,8332,6,0,3,0
20006,1264,6598,5,0,129,0
20007,1125,4166,2,7,419,0
20008,1077,1684,9,0,804,0
20009,752,3779,1,0,249,0
20010,536,5622,3,28,171,0
20011,518,7224,0,79,379,0
20012,328,8948,0,246,631,0
20013,188,10319,0,432,1298,0
20014,146,10739,0,413,2313,0
20015,89,10611,9,240,3735,0
20016,88,10701,0,26,4971,0
20017,32,9500,0,1,6784,24
20018,158,7528,0,180,9324,168
20019,30,5676,0,466,12219,171
20020,252,4664,0,259,14567,151
20021,369,3820,0,382,17187,80
20022,308,3087,0,634,20196,69
20023,262,2265,0,465,21645,14
20024,186,1802,0,791,21174,13
20025,163,1384,0,1187,19744,0
20026,154,1160,0,2288,18224,1
20027,120,879,0,3857,16525,0
20028,58,658,0,4728,15394,0
20029,50,338,0,5876,14793,0
20030,47,243,0,6735,13332,0
20031,6,152,0,7095,11791,0
20032,0,55,0,6621,10556,0
20033,0,1,0,5357,8312,0
20034,0,0,0,3714,3828,0
20035,0,7,0,2505,990,0
20036,65,203,0,1162,1002,0
20037,91,300,0,488,1301,0
20038,73,207,0,305,1240,30
20039,70,0,0,369,940,0
20040,42,0,0,11,440,0
20041,11,0,0,97,437,0
20042,4,33,0,563,653,0
20043,106,396,0,839,881,0
20044,295,540,0,639,1110,0
20045,370,794,0,486,948,0
20046,367,1038,0,353,773,0
20047,407,1243,0,220,355,0
20048,378,1250,0,113,112,0
20049,283,1402,0,176,88,0
20050,276,1253,0,185,357,0
20051,286,1147,0,165,888,0
20052,317,1002,0,72,1000,0
20053,277,898,0,9,521,0
20054,250,553,0,46,16,0
20055,319,292,0,213,0,0
20056,392,1,0,42,2,2
20057,478,0,0,82,5,0
20058,667,848,0,27,42,0
20059,843,2261,0,23,114,0
20060,650,3767,0,1,0,0
20061,595,4725,0,85,4,0
20062,442,5265,0,94,6,0
20063,484,4978,0,2,8,0
20064,547,4592,0,80,0,0
20065,430,3531,0,58,37,0
20066,343,2032,0,76,213,0
20067,347,958,0,94,180,0
20068,337,481,0,47,253,0
20069,127,440,0,125,204,0
20070,67,604,0,136,58,0
20071,18,674,0,259,24,0
20072,18,669,0,366,100,0
20073,25,469,0,399,198,0
20074,17,253,0,193,116,0
20075,1,144,0,188,72,0
20076,0,63,0,289,6,0
20077,0,0,0,24,9,0
20078,0,0,0,96,21,0
20079,0,0,0,68,37,0
20080,0,0,0,58,67,0
20081,0,0,0,121,139,0
20082,0,0,0,25,33,0
20083,0,0,0,62,0,0
20084,0,117,0,120,34,0
20085,21,760,0,96,20,0
20086,127,1454,0,151,61,0
20087,185,2716,0,167,6,0
20088,95,4616,0,9,17,0
20089,200,5833,0,14,87,0
20090,331,6853,1,64,52,0
20091,572,8526,0,59,194,0
20092,227,11016,0,0,28,0
20093,0,16069,112,43,31,0
20094,0,16057,533,122,0,0
20095,0,14389,189,212,32,0
20096,0,11957,159,247,58,0
20097,0,9157,167,347,106,0
20098,0,8012,181,192,142,0
20099,0,7276,86,110,235,0
20100,0,6620,62,92,23,0
20101,0,4809,50,2,4,0
20102,0,4123,48,10,27,0
20103,0,2042,174,61,77,0
20104,0,163,8,71,65,0
20105,0,1150,154,75,334,0
20106,0,632,114,129,321,0
20107,0,40,0,79,282,0
20108,0,317,54,25,114,0
20109,0,52,7,0,65,0
20110,0,15,5,0,14,0
20111,0,17,18,92,6,0
20112,0,0,0,30,9,0
20113,0,0,0,15,18,0
20114,0,0,0,42,0,0
20115,0,0,0,64,1,0
20116,0,0,0,89,6,0
20117,0,0,0,86,43,0
20118,0,0,0,36,6,0
20119,0,2,0,37,0,0
20120,0,0,0,29,0,0
20121,0,0,0,54,87,0
20122,0,0,0,309,557,0
20123,0,3,4,676,999,0
20124,0,4,0,645,1095,0
20125,0,5,3,506,927,0
20126,0,1,2,72,454,0
20127,0,0,0,104,506,0
20128,0,0,0,118,496,0
20129,0,0,0,283,501,0
20130,0,0,0,238,312,0
20131,0,0,0,222,280,0
20132,0,0,0,280,358,0
20133,0,0,0,318,633,0
20134,0,0,0,309,398,0
20135,0,0,0,583,976,0
20136,0,0,0,477,778,0
20137,0,9,0,646,1272,0
20138,0,0,0,539,1118,0
20139,0,0,0,585,1766,0
20140,0,4,0,746,2323,0
20141,0,0,0,1290,3584,0
20142,0,0,0,1504,4529,0
20143,0,7,0,1800,6023,0
20144,0,13,0,2023,6598,0
20145,0,0,0,2533,7939,0
20146,0,0,0,3013,9022,0
20147,0,0,0,3504,10894,0
20148,0,0,0,3753,12639,0
20149,0,0,0,3734,14412,0
20150,0,0,0,3416,16224,0
20151,0,0,0,2552,18191,0
20152,0,0,0,1820,19687,0
20153,0,0,6,680,20516,60
20154,0,1,12,241,21061,70
20155,0,3,28,109,19829,94
20156,0,8,36,68,16484,120
20157,0,11,45,13,14093,165
20158,0,11,32,5,11456,9
20159,0,2,19,129,6998,6
20160,0,0,11,120,5036,0
20161,0,0,4,33,3279,0
20162,0,0,0,9,2270,8
20163,0,0,0,35,3619,0
20164,0,0,0,65,5761,20
20165,0,0,0,175,6196,6
20166,0,0,0,181,4210,24
20167,0,0,0,79,1206,14
20168,0,0,0,22,606,1
20169,0,0,0,1,517,0
20170,0,0,0,20,362,0
20171,0,0,0,101,438,18
20172,0,0,0,212,263,11
20173,0,0,0,210,529,11
20174,0,0,0,21,1234,6
20175,0,0,0,36,608,9
20176,0,0,0,61,272,0
20177,0,0,2,13,288,0
20178,0,11,0,8,254,0
20179,0,20,12,12,70,0
20180,0,12,1,14,220,135
20181,0,1,16,46,207,119
20182,0,12,20,5,138,0
20183,0,44,12,31,186,0
20184,0,29,0,69,16,0
20185,0,0,0,43,19,0
20186,0,0,0,21,128,0
20187,0,0,0,40,190,0
20188,0,0,0,82,342,0
20189,0,0,0,54,232,0
20190,0,0,0,62,16,0
20191,0,0,0,34,3,0
20192,0,0,0,10,0,0
20193,0,0,0,16,10,0
20194,0,0,0,53,34,0
20195,0,0,0,103,33,0
20196,0,0,0,142,76,0
20197,0,0,0,101,98,0
20198,0,0,0,83,125,0
20199,0,0,0,2,76,0
20200,0,3,0,12,0,0
20201,0,1,0,73,143,0
20202,0,0,10,297,168,0
20203,0,10,0,340,78,0
20204,0,6,9,427,30,0
20205,0,1,4,538,6,0
20206,0,4,12,397,15,0
20207,0,0,14,243,7,0
20208,0,2,0,260,4,0
20209,0,0,0,125,0,0
20210,0,0,0,119,6,0
20211,0,0,0,14,17,0
20212,0,0,0,20,43,0
20213,0,0,7,23,44,0
20214,0,0,0,40,32,0
20215,0,0,0,21,14,0
20216,0,0,0,53,256,0
20217,0,0,0,73,2288,0
20218,0,0,0,50,5139,25
20219,0,0,0,10,6096,6
20220,0,0,0,25,6162,0
20221,12,0,3,3,6987,4
20222,0,0,5,0,7438,45
20223,0,1,5,6,7929,28
20224,0,1,0,37,8885,88
20225,0,5,0,115,8761,38
20226,0,9,9,145,7699,36
20227,0,31,11,120,6575,47
20228,0,46,14,84,5158,15
20229,0,10,1,57,3331,0
20230,0,3,0,12,2126,0
20231,0,2,0,140,1643,0
20232,0,1,0,327,1869,0
20233,0,0,0,433,3650,0
20234,0,0,0,460,6275,0
20235,0,0,0,427,7959,0
20236,0,0,0,412,8892,55
20237,0,0,0,453,8454,98
20238,0,0,0,596,7649,78
20239,0,0,0,257,6583,49
20240,0,16,7,133,5959,43
20241,0,20,0,154,4863,1
20242,0,1,0,393,5016,0
20243,0,68,26,507,6820,16
20244,0,33,14,555,6814,4
20245,0,8,6,739,6121,3
20246,0,15,0,910,2693,0
20247,0,0,0,938,1494,0
20248,0,0,0,829,1429,0
20249,0,0,0,705,724,0
20250,0,0,0,695,222,0
20251,0,0,0,610,417,2
20252,0,0,0,567,523,0
20253,0,0,0,485,354,0
20254,0,0,0,454,511,0
20255,0,0,0,359,937,0
20256,0,0,0,184,1313,0
20257,0,0,0,116,1483,0
20258,0,0,0,13,1289,0
20259,0,0,0,0,435,0
20260,0,0,0,5,1091,0
20261,0,0,0,20,802,0
20262,0,0,0,45,1145,0
20263,0,0,0,111,535,0
20264,0,0,0,141,513,0
20265,0,0,0,83,1,0
20266,0,0,0,70,20,0
20267,0,0,0,6,7,0
20268,0,0,0,0,0,0
20269,0,0,0,24,0,0
20270,0,0,0,128,0,0
20271,0,0,0,10,0,0
20272,0,0,0,0,0,0
20273,0,0,0,18,16,0
20274,0,0,0,0,8,0
20275,0,0,0,39,2,0
20276,0,0,0,90,0,0
20277,0,0,0,53,0,0
20278,0,0,0,16,7,0
20279,0,0,0,81,178,0
20280,0,0,0,86,246,0
20281,0,0,0,10,167,0
20282,0,0,0,64,131,0
20283,0,0,0,142,76,0
20284,0,0,0,119,113,0
20285,0,0,0,116,461,0
20286,0,0,0,51,357,0
20287,0,0,0,6,370,0
20288,0,0,0,20,88,0
20289,0,0,0,83,1,0
20290,0,0,0,36,127,0
20291,0,0,0,13,613,0
20292,0,0,0,2,521,0
20293,0,0,0,28,483,0
20294,0,0,0,136,271,0
20295,0,0,0,293,118,0
20296,0,0,0,515,180,0
20297,0,0,0,671,146,0
20298,0,0,0,579,60,0
20299,0,0,0,420,38,0
20300,0,0,0,467,163,0
20301,0,0,0,541,317,0
20302,0,0,0,529,789,0
20303,0,0,0,330,814,0
20304,0,0,0,287,683,0
20305,0,0,0,170,822,0
20306,0,0,0,41,847,0
20307,0,0,0,51,1086,0
20308,0,0,0,81,1138,0
20309,0,0,0,5,889,0
20310,0,0,0,0,552,0
20311,0,0,0,0,716,0
20312,0,0,0,10,2168,0
20313,0,0,0,100,4788,2
20314,0,0,0,113,6691,8
20315,0,0,0,225,7722,0
20316,0,0,0,255,8295,82
20317,0,0,20,573,6859,0
20318,0,0,0,706,5294,0
20319,0,0,12,773,5333,0
20320,0,0,0,994,7781,74
20321,0,0,0,1312,8474,139
20322,0,0,0,1608,7282,11
20323,0,0,0,1781,7309,0
20324,0,0,0,1823,9329,105
20325,0,0,0,1837,12157,163
20326,0,0,0,1627,14324,162
20327,0,0,0,926,16181,104
20328,0,0,0,193,16433,12
20329,0,0,0,145,15326,0
20330,0,0,0,333,14221,5
20331,0,0,0,348,12624,0
20332,0,0,0,253,11600,0
20333,0,0,0,268,9251,56
20334,0,0,0,398,8444,46
20335,0,0,0,414,10150,5
20336,0,0,0,364,11307,63
20337,0,0,0,296,11443,362
20338,0,0,0,283,11312,94
20339,0,0,0,410,11116,45
20340,0,0,0,322,10391,34
20341,0,0,0,359,8550,57
20342,0,0,0,477,7526,449
20343,0,0,0,431,2981,618
20344,0,0,0,540,3003,163
20345,0,0,0,683,693,0
20346,0,0,0,547,1077,11
20347,0,0,0,449,382,220
20348,0,0,0,617,1013,102
20349,0,0,0,445,2725,0
20350,4,0,0,278,4633,0
20351,0,0,0,204,6938,0
20352,0,0,0,145,7518,11
20353,0,0,0,151,7838,1
20354,0,0,0,106,8321,60
20355,0,0,0,95,8782,92
20356,0,0,0,78,8362,37
20357,0,0,0,58,7149,49
20358,0,0,0,56,5518,3
20359,0,0,0,72,5495,6
20360,0,0,0,59,5822,3
20361,0,0,0,50,5736,0
20362,0,0,0,25,5592,0
20363,0,0,0,56,5069,0
20364,0,0,0,82,4858,0
20365,0,0,0,140,4937,0
20366,0,0,0,162,4872,0
20367,0,0,0,256,4351,0
20368,0,0,0,250,3757,0
20369,0,0,0,340,3401,0
20370,0,0,0,223,2735,0
20371,0,0,0,247,3161,0
20372,0,0,0,88,3086,0
20373,0,0,0,45,3498,0
20374,0,0,0,96,4183,19
20375,0,0,0,189,5626,0
20376,0,0,0,69,6779,9
20377,0,0,0,145,7370,0
20378,0,0,0,611,6927,0
20379,0,0,0,738,7087,5
20380,0,0,0,879,6260,0
20381,0,0,0,658,8500,28
20382,0,0,0,368,7746,0
20383,0,0,0,192,7738,66
20384,0,0,0,182,2296,30
20385,0,0,0,210,3381,1
20386,0,0,0,124,1676,30
20387,0,0,0,99,1262,9
20388,0,0,0,163,1006,5
20389,0,0,0,51,382,0
20390,0,0,0,1,517,18
20391,0,0,0,98,260,0
20392,0,0,0,324,38,2
20393,0,0,0,207,123,0
20394,0,0,0,136,401,0
20395,0,0,0,56,200,0
20396,0,0,0,190,315,0
20397,0,0,0,160,142,0
20398,0,0,0,106,60,0
20399,0,0,0,7,191,53
20400,0,0,0,0,330,13
20401,0,0,0,1,185,1
20402,0,0,0,0,48,0
20403,0,0,0,12,44,0
20404,0,0,0,0,13,0
20405,0,0,0,0,11,0
20406,0,0,0,0,1,0
20407,0,0,0,78,6,0
20408,0,0,0,131,9,0
20409,0,0,0,63,0,0
20410,0,0,0,72,0,0
20411,0,0,0,0,0,0
20412,0,0,0,132,0,0
20413,0,0,0,249,0,0
20414,0,0,0,118,1,0
20415,0,0,0,0,0,0
20416,0,0,0,0,0,0
20417,0,0,0,31,0,0
20418,0,0,0,19,2,0
20419,0,0,0,10,0,0
20420,0,0,0,70,17,0
20421,0,0,0,148,30,0
20422,0,0,0,243,125,0
20423,0,0,0,182,143,0
20424,0,0,0,125,20,0
20425,0,0,0,51,9,0
20426,0,0,0,0,3,0
20427,0,0,0,0,0,0
20428,0,0,0,19,0,0
20429,0,0,0,56,0,0
20430,0,0,0,89,6,0
20431,0,0,0,184,11,0
20432,0,0,0,332,14,0
20433,0,0,0,436,0,0
20434,0,0,0,228,21,0
20435,0,0,0,209,303,0
20436,0,0,0,162,328,0
20437,0,0,0,123,170,0
20438,0,0,0,103,3,0
20439,0,0,0,107,78,0
20440,0,0,0,57,443,0
20441,0,0,0,113,526,0
20442,0,0,0,41,382,0
20443,0,0,0,94,10,0
20444,0,0,0,116,0,0
20445,0,0,0,60,17,0
20446,0,0,0,132,24,0
20447,0,0,0,152,12,0
20448,0,2,0,109,27,0
20449,0,0,0,61,30,0
20450,0,0,0,7,20,0
20451,0,0,0,3,155,0
20452,0,0,0,30,261,0
20453,0,0,0,21,196,0
20454,0,0,0,2,49,0
20455,0,0,0,17,0,0
20456,0,0,0,96,0,0
20457,0,0,0,110,0,0
20458,0,7,3,9,6,0
20459,0,0,0,25,26,0
20460,0,9,2,76,12,0
20461,0,0,0,119,18,0
20462,0,1,0,78,2,0
20463,0,0,0,13,1,0
20464,0,0,0,14,42,0
20465,0,0,0,41,183,0
20466,0,0,0,18,123,0
20467,0,0,0,14,53,0
20468,0,0,0,1,2,0
20469,0,2,0,0,0,0
20470,0,5,10,2,2,0
20471,0,0,0,0,0,0
20472,0,0,0,0,0,0
20473,0,0,0,0,0,0
20474,0,0,0,0,0,0
20475,0,0,0,0,0,0
20476,0,0,0,0,0,0
20477,0,0,0,0,0,0
20478,0,0,0,0,0,0
20479,0,0,0,0,0,0
20480,0,0,0,0,0,0
20481,18,0,0,0,0,0
20482,48,0,0,6,0,0
20483,100,0,0,2,0,0
20484,0,0,0,0,0,0
20485,0,0,0,0,0,0
20486,0,0,0,0,8,0
20487,7,0,0,0,22,0
20488,0,0,0,0,0,0
20489,0,4,0,0,8,0
20490,0,36,19,0,11,0
20491,0,90,45,1,17,0
20492,0,86,42,0,6,0
20493,0,26,26,0,3,0
20494,0,16,27,0,17,0
20495,0,11,20,0,7,0
20496,0,10,22,0,4,0
20497,0,16,9,13,3,0
20498,0,0,8,60,14,0
20499,0,0,7,204,52,0
20500,0,0,0,503,50,0
20501,0,0,0,492,14,0
20502,0,32,25,427,0,0
20503,0,62,129,444,229,0
20504,0,58,162,689,455,0
20505,0,56,134,829,577,0
20506,0,52,87,525,636,0
20507,0,25,29,119,307,0
20508,0,25,22,105,5,0
20509,0,37,30,254,11,0
20510,0,8,26,416,421,0
20511,0,0,4,513,689,0
20512,0,0,0,331,807,0
20513,0,0,0,77,610,0
20514,0,0,0,97,36,0
20515,0,0,0,302,232,0
20516,0,0,0,626,931,0
20517,0,0,0,430,972,0
20518,0,0,0,176,877,0
20519,0,0,0,44,255,0
20520,0,0,0,2,16,0
20521,0,0,0,93,254,0
20522,0,0,0,270,759,0
20523,0,0,0,100,628,0
20524,0,0,0,3,97,0
20525,0,0,0,149,32,0
20526,0,0,0,419,464,0
20527,0,0,0,449,833,0
20528,0,0,0,212,685,0
20529,0,0,0,12,5,0
20530,0,0,0,70,80,0
20531,0,0,0,144,476,0
20532,0,0,0,113,397,0
20533,0,0,0,32,9,0
20534,0,0,0,0,0,0
20535,0,0,0,5,5,0
20536,0,0,0,39,99,0
20537,0,0,0,13,147,2
20538,0,0,0,7,304,0
20539,0,0,0,19,739,0
20540,0,0,0,74,1163,0
20541,0,0,0,88,1666,2
20542,0,0,0,61,2175,0
20543,0,0,0,73,3452,0
20544,0,0,0,63,4468,0
20545,0,0,0,10,4404,0
20546,0,0,0,19,2471,0
20547,0,0,0,87,1698,0
20548,0,0,0,112,1386,0
20549,0,0,0,83,2228,0
20550,0,0,0,69,2300,0
20551,0,0,0,19,1491,0
20552,0,0,0,94,799,4
20553,0,0,0,86,99,0
20554,0,0,0,234,64,0
20555,0,0,0,371,189,0
20556,0,0,0,359,232,0
20557,0,0,0,325,194,0
20558,0,0,0,229,164,0
20559,0,0,0,133,231,0
20560,0,0,0,44,283,0
20561,0,0,0,12,219,0
20562,0,0,0,0,173,0
20563,0,0,0,0,144,0
20564,0,0,0,0,59,0
20565,0,0,0,3,20,0
20566,0,0,0,8,72,0
20567,0,0,0,2,137,0
20568,0,0,0,0,14,0
20569,0,0,0,49,32,0
20570,0,0,0,24,114,0
20571,0,0,0,6,161,0
20572,0,0,0,31,120,17
20573,0,0,0,4,38,0
20574,0,0,0,0,110,0
20575,0,0,0,65,14,0
20576,0,0,0,69,30,0
20577,0,0,0,17,186,0
20578,0,0,0,248,247,0
20579,0,0,0,81,487,56
20580,0,0,0,103,370,11
20581,0,0,0,157,184,15
20582,0,0,0,223,26,0
20583,0,0,0,275,48,0
20584,0,0,0,317,360,0
20585,0,0,0,458,2083,1
20586,0,0,0,334,2799,0
20587,0,0,0,361,2905,0
20588,0,0,0,350,3321,0
20589,0,0,0,269,4320,4
20590,0,0,0,208,4409,0
20591,0,0,0,254,3247,0
20592,0,0,0,433,1376,0
20593,0,0,0,320,1053,0
20594,0,0,0,410,1555,0
20595,0,0,0,332,1445,0
20596,0,0,0,334,1340,0
20597,0,0,0,203,1172,0
20598,0,0,0,120,956,0
20599,0,0,0,41,1258,0
20600,0,0,0,113,1570,0
20601,0,0,0,52,1870,0
20602,0,0,0,2,2340,0
20603,0,0,0,0,3137,0
20604,0,0,0,17,3068,0
20605,0,0,0,3,3134,4
20606,0,0,0,30,2590,11
20607,0,0,0,11,2026,0
20608,0,0,0,11,1536,0
20609,0,0,0,66,1743,0
20610,0,0,0,12,2282,0
20611,0,0,0,24,2695,7
20612,0,0,0,18,2563,1
20613,0,0,0,0,2906,0
20614,0,0,0,2,2792,0
20615,0,0,0,38,2857,0
20616,0,0,0,40,2820,0
20617,0,0,0,0,2862,0
20618,0,0,0,10,2953,0
20619,0,0,0,0,2952,0
20620,0,0,0,1,2881,0
20621,0,0,0,5,2526,0
20622,0,0,0,0,2076,0
20623,0,0,0,0,2056,0
20624,0,0,0,0,2108,0
20625,0,0,0,38,2008,0
20626,0,0,0,96,1700,0
20627,0,0,0,105,1203,4
20628,0,0,0,22,864,0
20629,0,0,0,56,764,0
20630,0,0,0,9,979,4
20631,0,0,0,1,1897,0
20632,0,0,0,2,2831,14
20633,0,0,0,17,3810,0
20634,0,0,0,48,5418,7
20635,0,0,0,4,6804,1
20636,0,0,0,6,7067,16
20637,0,0,0,41,7451,41
20638,0,0,0,100,7475,46
20639,0,0,0,123,6635,58
20640,0,0,0,100,6132,59
20641,0,0,0,80,5035,43
20642,0,0,0,50,3178,15
20643,0,0,0,47,967,43
20644,0,0,0,155,375,0
20645,0,0,0,51,1291,5
20646,0,0,0,26,2312,0
20647,0,0,0,0,2973,20
20648,0,0,0,0,3522,8
20649,0,0,0,20,3347,0
20650,0,0,0,0,3612,6
20651,0,0,0,0,3253,1
20652,0,0,0,0,2824,0
20653,0,0,0,0,2057,0
20654,0,0,0,0,1784,0
20655,0,0,0,0,1564,0
20656,0,0,0,30,1936,0
20657,0,0,0,18,1950,2
20658,0,0,0,16,2354,0
20659,0,0,0,2,2222,0
20660,0,0,0,54,1112,0
20661,0,0,0,1,675,0
20662,0,0,0,0,115,0
20663,0,0,0,10,463,0
20664,0,0,0,42,357,0
20665,0,0,0,1,640,0
20666,0,0,0,2,490,0
20667,0,0,0,1,653,0
20668,0,0,0,0,433,0
20669,0,0,0,0,666,0
20670,0,0,0,0,1028,0
20671,0,0,0,7,1128,0
20672,0,0,0,54,649,3
20673,0,0,0,77,313,0
20674,0,0,0,5,665,1
20675,0,0,0,0,488,0
20676,0,0,0,2,817,0
20677,0,0,0,51,1215,0
20678,0,0,0,28,1522,0
20679,0,0,0,7,1016,0
20680,0,0,0,0,557,0
20681,0,0,0,4,509,0
20682,0,0,0,8,451,0
20683,0,0,0,25,629,0
20684,0,0,0,0,817,0
20685,0,0,0,6,1005,0
20686,0,0,0,66,1724,0
20687,0,0,0,64,2839,0
20688,0,0,0,0,3966,0
20689,0,0,0,0,4637,8
20690,0,0,0,25,5370,59
20691,0,0,0,19,5521,24
20692,0,0,0,0,5346,25
20693,0,0,0,7,4826,13
20694,0,0,0,29,3853,22
20695,0,0,0,107,2770,0
20696,0,0,0,27,1043,0
20697,0,0,0,1,846,0
20698,0,0,0,50,1657,0
20699,0,0,0,95,2295,0
20700,0,0,0,155,2605,2
20701,0,0,0,144,2591,0
20702,0,0,0,149,2875,3
20703,0,0,0,46,3021,0
20704,0,0,0,56,3166,22
20705,0,0,0,25,3242,0
20706,0,0,0,45,3375,42
20707,0,0,0,16,3187,0
20708,0,0,0,49,3350,6
20709,0,0,0,0,3291,0
20710,0,0,0,32,3271,11
20711,0,0,0,14,3200,0
20712,0,0,0,0,2958,12
20713,0,0,0,5,2762,0
20714,0,0,0,6,2886,0
20715,0,0,0,1,2632,0
20716,0,0,0,0,3109,0
20717,0,0,0,5,2279,0
20718,0,0,0,0,1804,0
20719,0,0,0,3,1039,0
20720,0,0,0,16,612,0
20721,0,0,0,2,587,0
20722,0,0,0,0,762,0
20723,0,0,0,0,700,0
20724,0,0,0,0,913,0
20725,0,0,0,0,898,0
20726,0,0,0,52,987,0
20727,0,0,0,0,852,0
20728,0,0,0,15,1142,0
20729,0,0,0,42,1312,0
20730,0,0,0,3,1387,0
20731,0,0,0,66,1370,0
20732,0,0,0,6,1063,1
20733,0,0,0,36,928,2
20734,0,0,0,11,666,0
20735,0,0,0,55,1638,0
20736,0,0,0,8,1918,0
20737,0,0,0,10,2829,0
20738,0,0,0,55,3505,0
20739,0,0,0,127,4822,12
20740,0,14,0,72,5645,16
20741,0,36,0,46,6742,40
20742,0,0,0,15,6956,84
20743,0,0,0,95,7147,29
20744,0,0,0,135,5426,67
20745,0,0,0,90,3320,7
20746,0,0,0,18,1138,0
20747,0,0,0,0,1362,2
20748,0,0,0,0,2536,0
20749,0,0,0,0,2967,2
20750,0,0,0,32,3668,20
20751,0,0,0,42,3777,0
20752,0,0,0,37,3932,29
20753,0,0,0,55,3805,13
20754,0,0,0,97,3560,11
20755,0,0,0,378,3524,2
20756,0,0,0,855,3729,22
20757,0,0,0,918,2529,0
20758,0,0,0,453,2249,5
20759,0,0,0,101,2263,0
20760,0,0,0,71,2590,0
20761,0,0,0,105,3144,0
20762,0,0,0,272,3436,0
20763,0,0,0,393,3965,0
20764,0,0,0,98,5568,0
20765,0,0,0,103,7907,27
20766,0,0,0,74,8212,10
20767,0,0,0,46,8517,55
20768,0,0,0,8,8661,110
20769,0,0,0,37,8490,100
20770,0,0,0,92,8088,80
20771,0,0,0,127,7527,6
20772,0,0,0,64,6633,4
20773,0,0,0,20,6419,16
20774,0,0,0,52,6328,0
20775,0,0,0,15,4766,0
20776,0,0,0,11,4782,6
20777,0,0,0,0,6146,16
20778,0,0,0,1,6305,89
20779,0,0,0,11,5363,107
20780,0,0,0,23,2118,0
20781,0,0,0,0,1031,0
20782,0,0,0,15,677,0
20783,0,0,0,20,993,0
20784,0,0,0,13,828,0
20785,0,0,0,0,474,0
20786,0,0,0,32,441,0
20787,0,0,0,15,277,0
20788,0,0,0,64,164,0
20789,0,0,0,116,28,3
20790,0,0,0,221,67,0
20791,0,0,0,72,94,0
20792,0,0,0,66,162,0
20793,0,0,0,369,230,0
20794,0,0,0,111,125,0
20795,0,0,0,0,1,0
20796,0,0,0,29,48,0
20797,0,0,0,3,62,0
20798,0,0,0,2,328,0
20799,0,0,0,0,30,0
20800,0,0,0,4,3,0
20801,0,0,0,0,0,0
20802,0,0,0,27,11,0
20803,0,0,0,0,29,0
20804,0,0,0,0,31,0
20805,0,0,0,26,33,0
20806,0,0,0,0,10,0
20807,0,0,0,0,0,0
20808,0,0,0,0,0,0
20809,0,0,0,0,1,0
20810,0,0,0,0,45,0
20811,0,0,0,0,11,0
20812,0,0,0,0,190,0
20813,0,0,0,0,559,0
20814,0,0,0,0,1280,0
20815,0,0,0,1,2076,0
20816,0,0,0,31,3011,0
20817,0,0,0,45,3796,0
20818,0,0,0,75,4690,25
20819,0,0,0,30,5692,50
20820,0,0,0,0,6055,97
20821,0,0,0,2,6123,73
20822,0,0,0,0,6031,66
20823,0,0,0,0,4760,1
20824,0,0,0,0,3743,1
20825,0,0,0,7,2630,6
20826,0,0,0,3,1461,0
20827,0,0,0,3,1015,0
20828,0,0,0,38,573,0
20829,0,0,0,4,409,0
20830,0,0,0,16,718,0
20831,0,0,0,117,1664,0
20832,0,0,0,334,2478,0
20833,0,0,0,328,3300,0
20834,0,0,0,293,4304,0
20835,0,0,0,238,5054,0
20836,0,0,0,127,6206,1
20837,0,0,0,44,7180,17
20838,0,0,0,0,7963,15
20839,0,0,0,0,8237,27
20840,0,0,0,0,8314,30
20841,0,0,0,20,7677,0
20842,0,0,0,13,7933,5
20843,0,0,0,6,7577,0
20844,0,0,0,0,7360,0
20845,0,0,0,0,6786,0
20846,0,0,0,1,6834,0
20847,0,0,0,13,6412,0
20848,0,0,0,88,6092,0
20849,0,0,0,117,5907,15
20850,0,0,0,46,4305,0
20851,0,0,0,9,2268,0
20852,0,0,0,26,460,0
20853,0,0,0,42,1359,0
20854,0,0,0,77,3065,0
20855,0,0,0,17,5295,2
20856,0,0,0,41,6657,0
20857,0,0,0,97,7742,0
20858,0,0,0,97,7787,0
20859,0,0,0,111,8620,0
20860,0,0,0,55,7679,3
20861,0,0,0,20,7079,11
20862,0,0,0,21,5951,4
20863,0,0,0,69,3037,2
20864,0,0,0,36,1332,4
20865,0,0,0,17,3049,1
20866,0,0,0,25,4541,5
20867,0,0,0,25,5294,0
20868,0,0,0,24,4852,0
20869,0,0,0,16,3667,0
20870,0,0,0,94,2961,0
20871,0,0,0,37,3192,0
20872,0,0,0,19,3558,0
20873,0,0,0,14,3492,0
20874,0,0,0,20,3253,0
20875,0,0,0,2,2933,0
20876,0,0,0,34,2916,0
20877,0,0,0,5,2825,4
20878,0,0,0,0,5283,0
20879,0,0,0,21,6488,0
20880,0,0,0,1,7547,0
20881,0,0,0,3,7772,2
20882,0,0,0,22,7754,1
20883,0,0,0,0,7284,0
20884,0,0,0,17,8075,0
20885,0,0,0,9,9115,0
20886,0,0,0,87,9976,3
20887,0,0,0,18,9495,0
20888,0,0,0,97,9903,2
20889,0,0,0,120,8758,0
20890,0,0,0,142,8940,0
20891,0,0,0,198,8838,0
20892,0,0,0,133,8054,0
20893,0,0,0,107,6510,0
20894,0,0,0,11,4872,0
20895,0,0,0,0,3872,2
20896,0,0,0,5,4224,0
20897,0,0,0,2,5433,0
20898,0,0,0,24,6605,0
20899,0,0,0,180,8766,0
20900,0,0,0,201,10912,2
20901,0,0,0,221,12576,4
20902,0,0,0,82,13231,32
20903,0,0,0,130,13280,35
20904,0,0,0,63,13201,44
20905,0,0,0,104,12627,125
20906,0,0,0,250,11681,97
20907,0,0,0,675,10802,127
20908,0,0,0,1108,10486,138
20909,0,0,0,1471,10031,166
20910,0,0,0,1592,7538,33
20911,0,0,0,1757,6337,24
20912,0,0,0,1712,5836,2
20913,0,0,0,1575,5579,5
20914,0,0,0,1507,2567,22
20915,0,0,0,1251,1683,2
20916,0,0,0,961,1236,35
20917,0,0,0,1011,420,0
20918,0,0,0,926,289,0
20919,0,0,0,857,948,0
20920,0,0,0,294,360,24
20921,0,0,0,98,541,2
20922,0,0,0,2,139,0
20923,0,0,0,33,90,0
20924,0,0,0,52,25,0
20925,0,0,0,22,46,0
20926,0,0,0,5,27,0
20927,0,0,0,30,77,23
20928,0,0,0,128,314,122
20929,0,0,0,213,350,77
20930,0,0,0,281,395,0
20931,0,0,0,380,160,2
20932,0,0,0,477,443,0
20933,0,0,0,456,1018,2
20934,0,0,0,444,1024,0
20935,0,0,0,449,732,0
20936,0,0,0,442,329,0
20937,0,0,0,305,279,0
20938,0,0,0,197,3,0
20939,0,0,0,121,4,0
20940,2,0,0,41,4,0
20941,0,0,0,9,21,0
20942,0,0,0,0,0,0
20943,0,0,0,0,3,0
20944,0,0,0,0,1,0
20945,0,0,0,0,0,0
20946,0,0,0,0,0,0
20947,0,0,0,0,0,0
20948,0,0,0,0,0,0
20949,0,0,0,0,0,0
20950,6,0,0,0,0,0
20951,0,0,0,0,0,0
20952,0,0,0,0,0,0
20953,0,0,0,0,0,0
20954,0,0,0,0,0,0
20955,0,0,0,0,0,0
20956,0,0,0,0,0,0
20957,0,0,0,0,0,0
20958,0,0,0,0,0,0
20959,0,0,0,0,0,0
20960,0,0,0,0,0,0
20961,0,0,0,0,0,0
20962,0,0,0,0,0,0
20963,0,0,0,0,0,0
20964,0,0,0,0,0,0
20965,0,0,0,0,16,0
20966,0,0,0,1,244,0
20967,0,0,0,20,620,0
20968,0,0,0,98,1098,0
20969,0,0,0,534,1554,0
20970,0,0,0,761,1855,0
20971,0,0,0,978,2042,0
20972,0,0,0,950,1731,0
20973,0,0,0,797,1824,0
20974,0,0,0,799,2112,0
20975,0,0,0,795,2811,0
20976,0,0,0,899,3655,0
20977,0,0,0,1036,3583,0
20978,0,0,0,1085,2607,0
20979,0,0,0,1148,2459,0
20980,0,0,0,1086,1698,0
20981,0,0,0,962,1749,0
20982,0,0,0,653,1490,0
20983,0,0,0,449,1113,0
20984,0,0,0,244,1033,0
20985,0,0,0,68,969,0
20986,0,0,0,96,723,0
20987,0,0,0,88,462,0
20988,0,0,0,0,417,0
20989,0,0,0,59,376,0
20990,0,0,0,207,565,0
20991,0,0,0,216,545,0
20992,0,0,0,377,612,0
20993,0,0,0,427,715,0
20994,0,0,0,523,886,0
20995,0,0,0,619,891,0
20996,0,0,0,606,1075,0
20997,0,0,0,770,1033,0
20998,0,0,0,752,923,0
20999,0,0,0,701,1093,0
21000,0,0,0,441,1188,0
21001,0,0,0,266,1640,0
21002,0,0,0,83,2041,0
21003,0,0,0,1,1127,0
21004,0,0,0,0,406,0
21005,0,0,0,1,859,0
21006,0,0,0,0,1191,0
21007,0,0,0,4,822,0
21008,0,0,0,26,428,0
21009,0,0,0,140,277,0
21010,0,0,0,160,399,0
21011,0,0,0,120,332,0
21012,0,0,0,102,70,0
21013,0,0,0,132,306,0
21014,0,0,0,60,696,0
21015,0,0,0,2,1189,0
21016,0,0,0,0,1228,0
21017,0,0,0,47,1097,0
21018,0,0,0,97,509,0
21019,0,0,0,12,945,0
21020,0,0,0,32,918,0
21021,0,0,0,33,543,0
21022,0,0,0,12,447,0
21023,0,0,0,99,288,0
21024,0,0,0,106,359,0
21025,0,0,0,112,414,0
21026,0,0,0,86,367,0
21027,0,0,0,51,236,0
21028,0,0,0,98,291,0
21029,0,0,0,1,277,0
21030,0,0,0,0,109,0
21031,0,0,0,7,309,0
21032,0,0,0,0,654,0
21033,0,0,0,0,1231,0
21034,0,0,0,0,1282,0
21035,0,0,0,10,1216,0
21036,0,0,0,26,474,0
21037,0,0,0,3,685,0
21038,0,0,0,0,1172,0
21039,0,0,0,0,432,0
21040,0,0,0,0,334,0
21041,0,0,0,10,585,0
21042,0,0,0,63,629,0
21043,0,0,0,74,324,0
21044,0,0,0,31,355,0
21045,0,0,0,18,833,0
21046,0,0,0,12,1094,0
21047,0,0,0,9,1512,0
21048,0,0,0,0,1570,0
21049,0,0,0,0,1552,0
21050,0,0,0,1,1317,0
21051,0,0,0,0,785,0
21052,0,0,0,0,1135,0
21053,0,0,0,27,2440,0
21054,0,0,0,0,1618,0
21055,0,0,0,0,1721,0
21056,0,0,0,2,1543,0
21057,0,0,0,0,1091,0
21058,0,0,0,3,998,0
21059,0,0,0,45,1192,0
21060,0,0,0,117,657,0
21061,0,0,0,75,515,0
21062,0,0,0,69,823,0
21063,0,0,0,39,1389,0
21064,0,0,0,185,1812,0
21065,0,0,0,240,1759,0
21066,0,0,0,279,1766,0
21067,0,0,0,307,1007,0
21068,0,0,0,572,826,0
21069,0,0,0,662,1051,5
21070,0,0,0,240,1503,0
21071,0,0,0,83,752,0
21072,0,0,0,149,662,0
21073,0,0,0,206,612,0
21074,0,0,0,324,1242,0
21075,0,0,0,411,1009,0
21076,0,0,0,413,1596,0
21077,0,0,0,183,1534,0
21078,0,0,0,79,1135,0
21079,0,0,0,0,1180,0
21080,0,0,0,33,1049,0
21081,0,0,0,83,484,0
21082,0,0,0,103,109,0
21083,0,0,0,127,693,0
21084,0,0,0,51,860,0
21085,0,0,0,0,880,0
21086,0,0,0,0,781,0
21087,0,0,0,0,412,0
21088,0,0,0,0,109,0
21089,0,0,0,0,216,0
21090,0,0,0,0,487,0
21091,0,0,0,2,950,0
21092,0,0,0,0,895,0
21093,0,0,0,0,776,0
21094,0,0,0,0,661,0
21095,0,0,0,0,311,0
21096,0,0,0,0,692,0
21097,0,0,0,5,693,0
21098,0,0,0,15,290,0
21099,0,0,0,2,154,0
21100,0,0,0,4,225,0
21101,0,0,0,0,498,0
21102,0,0,0,0,420,0
21103,0,0,0,0,147,0
21104,0,0,0,0,189,0
21105,0,0,0,0,456,0
21106,0,0,0,5,699,0
21107,0,0,0,49,742,0
21108,0,0,0,46,604,0
21109,0,0,0,31,291,0
21110,0,0,0,69,9,0
21111,0,0,0,14,504,0
21112,0,0,0,0,620,0
21113,0,0,0,22,482,0
21114,0,0,0,85,365,0
21115,0,0,0,103,492,0
21116,0,0,0,1,616,0
21117,0,0,0,4,500,0
21118,0,0,0,0,162,0
21119,0,0,0,0,195,0
21120,0,0,0,0,455,0
21121,0,0,0,24,808,0
21122,0,0,0,29,703,0
21123,0,0,0,0,357,0
21124,0,0,0,0,0,0
21125,0,0,0,12,443,0
21126,0,0,0,132,707,0
21127,0,0,0,469,439,0
21128,0,0,0,790,348,0
21129,0,0,0,1331,194,0
21130,0,0,0,1705,188,0
21131,0,0,0,1708,183,0
21132,0,0,0,1022,186,0
21133,0,0,0,483,284,0
21134,0,0,0,418,592,0
21135,0,0,0,438,696,0
21136,0,0,0,715,917,0
21137,0,0,0,640,757,0
21138,0,0,0,407,427,0
21139,0,0,0,287,19,0
21140,0,0,0,305,207,0
21141,0,0,0,256,648,0
21142,0,0,0,132,819,0
21143,0,0,0,57,645,0
21144,0,0,0,1,381,0
21145,0,0,0,0,208,0
21146,0,0,0,3,46,4
21147,0,0,0,95,50,0
21148,0,0,0,95,189,0
21149,0,0,0,6,809,0
21150,0,0,0,0,2128,0
21151,0,0,0,0,3233,0
21152,0,0,0,0,3886,0
21153,0,0,0,3,3222,0
21154,0,0,0,10,3183,0
21155,0,0,0,14,2795,0
21156,0,0,0,10,3187,0
21157,0,0,0,5,3978,0
21158,0,0,0,5,4267,0
21159,0,0,0,1,4518,0
21160,0,0,0,2,4531,0
21161,0,0,0,0,4761,0
21162,0,0,0,34,4327,0
21163,0,0,0,50,4031,0
21164,0,0,0,116,3770,0
21165,0,0,0,221,3187,0
21166,0,0,0,371,2186,0
21167,0,0,0,633,1886,0
21168,0,0,0,709,1802,0
21169,0,0,0,568,1175,2
21170,0,0,0,370,2139,1
21171,0,0,0,115,3161,0
21172,0,0,0,128,3608,0
21173,0,0,0,161,4076,0
21174,0,0,0,87,3798,0
21175,0,0,0,45,3849,0
21176,0,0,0,31,4398,0
21177,0,0,0,332,4753,0
21178,0,0,0,671,5304,0
21179,0,0,0,638,5615,0
21180,0,0,0,521,5460,7
21181,0,0,0,420,5902,45
21182,0,0,0,330,6109,23
21183,0,0,0,202,5172,12
21184,0,0,0,157,3909,0
21185,0,0,0,103,2375,0
21186,0,0,0,117,417,0
21187,4,0,0,88,1188,0
21188,0,0,0,53,3097,0
21189,0,0,0,69,3743,0
21190,2,0,0,25,4050,0
21191,12,0,0,32,3884,0
21192,2,0,0,0,3916,0
21193,31,0,0,10,4267,4
21194,29,0,0,0,3901,10
21195,17,0,0,4,3186,0
21196,5,0,0,1,2683,0
21197,0,0,0,0,2461,0
21198,0,0,0,0,3022,0
21199,0,0,0,0,3591,0
21200,0,0,0,0,4247,2
21201,0,0,0,17,4809,0
21202,0,0,0,54,5122,0
21203,0,0,0,37,5481,0
21204,0,0,0,10,5166,0
21205,0,0,0,2,5351,0
21206,0,0,0,44,5343,2
21207,2,0,0,88,5118,0
21208,0,0,0,35,4724,0
21209,6,0,0,15,3132,0
21210,0,0,0,0,2445,0
21211,4,0,0,2,4069,0
21212,4,0,0,2,4675,2
21213,8,0,0,0,5519,0
21214,0,0,0,36,5749,0
21215,0,0,0,38,4669,0
21216,5,0,0,226,2134,0
21217,0,0,0,291,540,0
21218,0,0,0,235,2592,0
21219,0,0,0,116,3328,0
21220,0,0,0,47,4458,4
21221,0,0,0,29,4188,0
21222,0,0,0,15,4560,2
21223,0,0,0,5,3505,0
21224,0,0,0,2,2989,0
21225,0,0,0,2,1630,0
21226,0,0,0,24,3067,0
21227,0,0,0,33,4135,3
21228,0,0,0,5,4819,0
21229,0,0,0,10,5128,1
21230,0,0,0,25,5307,0
21231,0,0,0,107,5765,15
21232,0,0,0,145,5834,0
21233,0,0,0,193,6374,0
21234,0,0,0,218,6670,13
21235,0,0,0,151,6165,42
21236,0,0,0,117,5499,19
21237,0,0,0,68,5200,50
21238,0,0,0,55,4383,25
21239,0,0,0,26,3914,12
21240,0,0,0,20,2899,0
21241,0,0,0,60,4701,32
21242,0,0,0,130,4210,6
21243,0,0,0,175,3376,0
21244,0,0,0,109,2336,130
21245,0,0,0,82,1016,35
21246,0,0,0,0,385,86
21247,2,0,0,170,740,3
21248,0,0,0,119,344,12
21249,0,0,0,0,409,54
21250,0,0,0,12,308,51
21251,0,0,0,17,430,13
21252,0,0,0,45,317,45
21253,0,0,0,153,736,7
21254,0,0,0,202,429,79
21255,0,0,0,127,525,3
21256,0,0,0,30,125,7
21257,0,0,0,16,392,0
21258,0,0,0,3,33,0
21259,4,0,0,0,346,15
21260,0,0,0,166,473,3
21261,0,0,0,351,559,114
21262,0,0,0,629,1214,331
21263,0,0,0,695,1075,1219
21264,0,0,0,782,690,107
21265,0,0,0,809,175,10
21266,0,0,0,768,416,0
21267,0,0,0,530,88,0
21268,0,0,0,376,183,0
21269,0,0,0,99,204,0
21270,0,0,0,30,94,3
21271,0,0,0,12,34,2
21272,0,0,0,7,12,0
21273,0,0,0,33,139,1
21274,0,0,0,84,6,0
21275,0,0,0,2,93,0
21276,0,0,0,16,3,0
21277,0,0,0,8,70,0
21278,0,0,0,71,37,6
21279,0,0,0,52,21,0
21280,0,0,0,55,0,0
21281,0,0,0,14,85,0
21282,0,0,0,0,30,0
21283,0,0,0,0,359,3
21284,0,0,0,0,29,0
21285,0,0,0,0,68,5
21286,0,0,0,0,14,0
21287,0,0,0,0,6,1
21288,0,0,0,0,1,3
21289,0,0,0,0,27,0
21290,0,0,0,0,9,0
21291,0,0,0,13,11,0
21292,0,0,0,2,147,2
21293,0,0,0,18,127,0
21294,0,0,0,0,519,0
21295,0,0,0,3,176,0
21296,0,0,0,26,266,0
21297,0,0,0,22,107,0
21298,0,0,0,55,448,0
21299,0,0,0,119,327,0
21300,0,0,0,156,628,0
21301,0,0,0,233,935,46
21302,0,0,0,324,866,180
21303,0,0,0,392,760,215
21304,0,0,0,483,1158,19
21305,0,0,0,427,958,0
21306,0,0,0,347,1035,15
21307,0,0,0,248,1354,2
21308,0,0,0,313,2076,2
21309,0,0,0,152,4671,151
21310,0,0,0,137,4526,19
21311,0,0,0,69,2480,262
21312,0,0,0,284,3284,0
21313,0,0,0,576,3929,2
21314,0,0,0,906,3643,31
21315,0,0,0,998,3853,2
21316,0,0,0,967,4402,10
21317,0,0,0,836,3917,19
21318,0,0,0,1046,2756,154
21319,0,0,0,832,1445,379
21320,0,0,0,841,1889,232
21321,0,0,0,772,3507,0
21322,0,0,0,774,5365,30
21323,0,0,0,840,6702,133
21324,0,0,0,813,7008,90
21325,0,0,0,736,6648,242
21326,0,0,0,612,2658,50
21327,0,0,0,580,2614,34
21328,0,0,0,244,1246,80
21329,0,0,0,160,1257,0
21330,0,0,0,175,1253,10
21331,0,0,0,100,963,0
21332,0,0,0,73,995,0
21333,0,0,0,112,548,0
21334,0,0,0,121,299,0
21335,0,0,0,23,291,28
21336,0,0,0,39,120,37
21337,0,0,0,77,21,0
21338,0,0,0,25,240,0
21339,0,0,0,4,45,0
21340,0,0,0,19,89,0
21341,0,0,0,27,182,0
21342,0,0,0,2,87,0
21343,0,0,0,34,79,0
21344,0,0,0,0,82,0
21345,0,0,0,54,1,0
21346,0,0,0,37,2,1
21347,0,0,0,34,3,0
21348,0,0,0,2,5,0
21349,0,0,0,0,4,0
21350,0,0,0,7,146,0
21351,0,0,0,0,17,0
21352,0,0,0,19,0,0
21353,0,0,0,57,3,5
21354,0,0,0,135,152,0
21355,0,0,0,243,279,0
21356,0,0,0,269,116,0
21357,0,0,0,278,172,0
21358,0,0,0,369,211,0
21359,0,0,0,473,234,0
21360,0,0,0,488,276,0
21361,0,0,0,474,201,0
21362,0,0,0,364,125,1
21363,0,0,0,320,84,0
21364,0,0,0,300,120,0
21365,0,0,0,291,165,0
21366,0,0,0,199,71,0
21367,0,0,0,101,95,0
21368,0,0,0,73,96,23
21369,0,0,0,1,62,0
21370,0,0,0,4,10,0
21371,0,0,0,16,1,0
21372,0,0,0,0,0,0
21373,0,0,0,80,0,0
21374,0,0,0,81,15,0
21375,0,0,0,110,3,0
21376,0,0,0,191,10,0
21377,0,0,0,300,0,0
21378,0,0,0,208,0,0
21379,0,0,0,129,9,0
21380,0,0,0,28,3,0
21381,0,0,0,0,0,0
21382,0,0,0,26,0,0
21383,0,0,0,26,0,0
21384,0,0,0,0,0,0
21385,0,0,0,0,26,0
21386,0,0,0,6,290,0
21387,0,0,0,34,112,0
21388,0,0,0,56,56,0
21389,0,0,0,53,97,0
21390,0,0,0,51,0,0
21391,0,0,0,45,2,0
21392,0,0,0,33,0,0
21393,0,0,0,23,0,0
21394,0,0,0,18,0,0
21395,0,0,0,0,0,0
21396,0,0,0,7,0,0
21397,1,0,0,0,0,0
21398,0,0,0,0,0,0
21399,0,0,0,0,0,0
21400,0,0,0,0,0,0
21401,0,0,0,0,0,0
21402,0,0,0,0,2,0
21403,0,0,0,0,17,0
21404,0,0,0,0,70,0
21405,0,0,0,0,55,0
21406,0,0,0,0,0,0
21407,0,0,0,0,0,0
21408,0,0,0,0,0,0
21409,0,0,0,1,0,0
21410,0,0,0,24,62,0
21411,0,0,0,124,46,0
21412,0,0,0,452,14,0
21413,0,0,0,877,69,0
21414,0,0,0,1507,89,0
21415,0,0,0,1563,252,0
21416,0,0,0,1468,370,0
21417,0,0,0,1783,645,0
21418,0,0,0,1800,1111,0
21419,0,0,0,1924,1629,0
21420,0,0,0,1592,1938,0
21421,0,0,0,1347,1576,0
21422,0,0,0,847,1072,0
21423,0,0,0,444,306,0
21424,0,0,0,41,24,0
21425,0,0,0,18,26,0
21426,0,0,0,3,43,0
21427,0,0,0,370,146,0
21428,0,0,0,648,287,0
21429,0,0,0,908,246,0
21430,0,0,0,1255,96,0
21431,0,0,0,1297,67,0
21432,0,0,0,1366,47,0
21433,0,0,0,1117,58,0
21434,0,0,0,1063,268,0
21435,0,0,0,940,309,0
21436,0,0,0,808,294,0
21437,0,0,0,572,223,0
21438,0,0,0,438,105,0
21439,0,0,0,226,88,0
21440,0,0,0,54,55,0
21441,0,0,0,0,20,0
21442,0,0,0,3,58,0
21443,0,0,0,131,86,0
21444,0,0,0,367,42,0
21445,0,0,0,532,9,0
21446,0,0,0,512,135,0
21447,0,0,0,487,103,0
21448,0,0,0,422,84,0
21449,0,0,0,350,114,0
21450,0,0,0,221,90,0
21451,0,0,0,104,109,0
21452,0,0,0,54,163,0
21453,0,0,0,90,215,0
21454,0,0,0,107,163,0
21455,0,0,0,148,172,0
21456,0,0,0,209,107,0
21457,0,0,0,414,146,0
21458,0,0,0,485,377,0
21459,0,0,0,490,144,0
21460,0,0,0,492,201,0
21461,0,0,0,351,277,0
21462,0,0,0,182,329,0
21463,0,0,0,20,192,0
21464,0,0,0,12,133,0
21465,0,0,0,0,102,0
21466,0,0,0,0,108,0
21467,0,0,0,0,29,0
21468,0,0,0,0,0,0
21469,0,0,0,0,1,0
21470,0,0,0,0,80,0
21471,0,0,0,0,35,0
21472,0,0,0,7,49,0
21473,0,0,0,29,345,0
21474,0,0,0,58,720,0
21475,0,0,0,77,802,0
21476,0,0,0,33,906,0
21477,0,0,0,29,916,0
21478,0,0,0,21,885,0
21479,0,0,0,143,373,0
21480,0,0,0,249,92,0
21481,0,0,0,321,14,0
21482,0,0,0,348,271,0
21483,0,0,0,284,550,0
21484,0,0,0,208,242,0
21485,0,0,0,173,204,0
21486,0,0,0,319,27,0
21487,0,0,0,192,10,0
21488,0,0,0,16,10,0
21489,0,0,0,6,0,0
21490,0,0,0,79,44,0
21491,0,0,0,64,60,0
21492,0,0,0,45,34,0
21493,0,0,0,3,3,0
21494,0,0,0,0,154,0
21495,0,0,0,0,212,0
21496,0,0,0,32,280,0
21497,0,0,0,63,271,0
21498,0,0,0,191,227,0
21499,0,0,0,222,206,0
21500,0,0,0,248,73,0
21501,0,0,0,192,34,0
21502,0,0,0,100,109,0
21503,0,0,0,52,119,0
21504,0,0,0,110,52,0
21505,0,0,0,156,11,0
21506,0,0,0,151,57,0
21507,0,0,0,58,0,4
21508,0,0,0,23,24,7
21509,0,0,0,20,47,25
21510,0,0,0,45,101,31
21511,0,0,0,91,189,55
21512,0,0,0,81,100,75
21513,0,0,0,26,78,78
21514,0,0,0,130,24,56
21515,0,0,0,223,81,30
21516,0,0,0,93,27,5
21517,0,0,0,20,54,4
21518,0,0,0,73,42,0
21519,0,0,0,163,0,0
21520,0,0,0,202,28,0
21521,0,0,0,111,130,81
21522,0,0,0,211,425,599
21523,0,0,0,268,984,1011
21524,0,0,0,305,797,361
21525,0,0,0,274,775,18
21526,0,0,0,43,259,3
21527,0,0,0,6,45,26
21528,0,0,0,20,134,25
21529,0,0,0,159,0,0
21530,0,0,0,245,41,11
21531,0,0,0,206,3,0
21532,0,0,0,332,13,0
21533,0,0,0,386,48,0
21534,0,0,0,269,74,0
21535,0,0,0,145,4,0
21536,0,0,0,78,106,0
21537,0,0,0,53,49,0
21538,0,0,0,74,52,0
21539,0,0,0,196,32,0
21540,0,0,0,293,8,0
21541,0,0,0,416,76,0
21542,0,0,0,275,183,0
21543,0,0,0,49,91,0
21544,0,0,0,58,22,0
21545,0,0,0,87,12,0
21546,0,0,0,40,5,0
21547,0,0,0,32,101,0
21548,0,0,0,11,48,0
21549,0,0,0,14,0,0
21550,0,0,0,15,0,0
21551,0,0,0,4,0,0
21552,0,0,0,0,0,0
21553,0,0,0,0,0,0
21554,0,0,0,0,0,0
21555,0,0,0,0,0,0
21556,0,0,0,0,0,0
21557,0,0,0,4,0,0
21558,0,0,0,20,0,0
21559,0,0,0,27,0,0
21560,0,0,0,53,0,0
21561,0,0,0,0,0,0
21562,0,0,0,21,0,0
21563,0,0,0,0,0,0
21564,0,0,0,0,0,0
21565,0,0,0,0,0,0
21566,0,0,0,0,5,0
21567,0,0,0,1,26,0
21568,0,0,0,21,71,0
21569,0,0,0,51,65,0
21570,0,0,0,13,98,0
21571,0,0,0,12,218,0
21572,0,0,0,0,435,0
21573,0,0,0,0,397,0
21574,0,0,0,0,541,0
21575,0,0,0,3,538,0
21576,0,0,0,1,567,0
21577,0,0,0,24,684,0
21578,0,0,0,37,1001,0
21579,0,0,0,25,1294,0
21580,0,0,0,18,1512,0
21581,0,0,0,10,1652,0
21582,0,0,0,21,1540,0
21583,0,0,0,6,870,0
21584,0,0,0,18,814,11
21585,0,0,0,0,619,0
21586,0,0,0,13,516,1
21587,0,0,0,2,439,1
21588,0,0,0,8,356,2
21589,0,0,0,0,533,0
21590,0,0,0,0,813,0
21591,0,0,0,0,891,2
21592,0,0,0,2,895,0
21593,0,0,0,10,1193,1
21594,0,0,0,6,989,4
21595,0,0,0,33,903,5
21596,0,0,0,41,711,1
21597,0,0,0,55,900,0
21598,0,0,0,116,1028,0
21599,0,0,0,195,1189,0
21600,0,0,0,170,1825,0
21601,0,0,0,183,2127,0
21602,0,0,0,117,2870,0
21603,0,0,0,43,3093,0
21604,0,0,0,64,2650,0
21605,0,0,0,142,1944,17
21606,0,0,0,34,1237,0
21607,0,0,0,13,756,0
21608,0,0,0,62,528,0
21609,0,0,0,19,191,6
21610,0,0,0,0,252,61
21611,0,0,0,76,525,615
21612,0,0,0,180,875,1120
21613,0,0,0,207,776,558
21614,0,0,0,194,353,9
21615,0,0,0,132,190,3
21616,0,0,0,65,156,0
21617,0,0,0,26,324,0
21618,0,0,0,22,566,2
21619,0,0,0,44,551,2
21620,0,0,0,4,305,0
21621,0,0,0,0,192,0
21622,0,0,0,0,179,0
21623,0,0,0,22,103,6
21624,0,0,0,0,147,0
21625,0,0,0,0,144,0
21626,0,0,0,0,68,0
21627,0,0,0,0,1,0
21628,0,0,0,0,3,4
21629,0,0,0,12,0,0
21630,0,0,0,0,0,0
21631,0,0,0,0,10,1
21632,0,0,0,0,70,0
21633,0,0,0,2,113,0
21634,0,0,0,23,73,0
21635,0,0,0,15,21,0
21636,0,0,0,9,29,0
21637,0,0,0,3,51,0
21638,0,0,0,6,84,0
21639,0,0,0,0,33,0
21640,0,0,0,0,18,4
21641,0,0,0,0,32,0
21642,0,0,0,0,0,0
21643,0,0,0,1,0,0
21644,0,0,0,31,24,0
21645,0,0,0,14,59,0
21646,0,0,0,2,101,0
21647,0,0,0,0,125,0
21648,0,0,0,4,166,0
21649,0,0,0,0,240,0
21650,0,0,0,0,159,0
21651,0,0,0,0,106,0
21652,0,0,0,0,54,0
21653,0,0,0,46,16,0
21654,0,0,0,417,18,0
21655,0,0,0,1076,20,0
21656,0,0,0,1642,17,0
21657,0,0,0,1847,9,0
21658,0,0,0,1740,14,0
21659,0,0,0,1579,17,0
21660,0,0,0,1429,4,0
21661,0,0,0,1274,16,2
21662,0,0,0,1126,0,0
21663,0,0,0,995,0,0
21664,0,0,0,1000,14,0
21665,0,0,0,890,270,0
21666,0,0,0,792,150,0
21667,0,0,0,607,50,0
21668,0,0,0,545,37,0
21669,0,0,0,374,7,0
21670,0,0,0,237,2,0
21671,0,0,0,127,0,0
21672,0,0,0,0,0,0
21673,0,0,0,0,0,0
21674,0,0,0,0,7,0
21675,0,0,0,27,28,0
21676,0,0,0,117,11,0
21677,0,0,0,240,32,2
21678,0,0,0,489,164,0
21679,0,0,0,741,110,0
21680,0,0,0,647,44,0
21681,0,0,0,563,39,0
21682,0,0,0,586,297,0
21683,0,0,0,703,353,9
21684,0,0,0,797,43,0
21685,0,0,0,924,24,0
21686,0,0,0,1201,17,0
21687,0,0,0,1238,4,0
21688,0,0,0,443,0,7
21689,0,0,0,343,33,0
21690,0,0,0,603,74,0
21691,0,0,0,713,28,0
21692,0,0,0,376,1,0
21693,0,0,0,231,62,0
21694,0,0,0,217,61,0
21695,0,0,0,90,34,0
21696,0,0,0,66,24,2
21697,0,0,0,30,133,2
21698,0,0,0,9,256,18
21699,0,0,0,6,104,14
21700,0,0,0,27,37,0
21701,0,0,0,37,65,0
21702,0,0,0,37,0,21
21703,0,0,0,42,19,19
21704,0,0,0,56,46,0
21705,0,0,0,10,20,0
21706,0,0,0,10,9,0
21707,0,0,0,6,8,4
21708,0,0,0,0,5,0
21709,0,0,0,3,1,0
21710,0,0,0,3,3,0
21711,0,0,0,38,0,0
21712,0,0,0,32,0,3
21713,0,0,0,26,0,0
21714,0,0,0,17,0,0
21715,0,0,0,15,0,0
21716,0,0,0,4,0,0
21717,0,0,0,35,0,0
21718,0,0,0,43,11,0
21719,0,0,0,3,0,0
21720,0,0,0,0,0,0
21721,0,0,0,0,31,0
21722,0,0,0,51,55,0
21723,0,0,0,0,40,0
21724,0,0,0,21,8,0
21725,0,0,0,14,0,0
21726,0,0,0,39,0,0
21727,0,0,0,0,0,0
21728,0,0,0,20,3,0
21729,0,0,0,2,0,0
21730,0,0,0,0,0,0
21731,0,0,0,2,0,0
21732,0,0,0,0,0,0
21733,0,0,0,0,0,0
21734,0,0,0,0,0,0
21735,0,0,0,0,3,0
21736,0,0,0,0,1,0
21737,0,0,0,0,4,0
21738,0,0,0,0,0,0
21739,0,0,0,0,0,0
21740,0,0,0,6,0,0
21741,0,0,0,16,0,0
21742,0,0,0,17,26,0
21743,0,0,0,0,121,0
21744,0,0,0,0,473,0
21745,0,0,0,0,772,0
21746,0,0,0,8,785,0
21747,0,0,0,0,728,0
21748,0,0,0,0,832,0
21749,0,0,0,0,912,0
21750,0,0,0,0,956,0
21751,0,0,0,0,926,0
21752,0,0,0,60,944,0
21753,0,0,0,62,643,0
21754,0,0,0,107,314,0
21755,0,0,0,157,432,0
21756,0,0,0,197,372,0
21757,0,0,0,275,376,0
21758,0,0,0,196,431,0
21759,0,0,0,101,250,0
21760,0,0,0,11,4,0
21761,0,0,0,6,0,0
21762,0,0,0,107,33,0
21763,0,0,0,388,63,0
21764,0,0,0,546,278,0
21765,0,0,0,589,735,0
21766,0,0,0,552,1209,0
21767,0,0,0,461,1172,0
21768,0,0,0,258,1182,0
21769,0,0,0,157,1364,0
21770,0,0,0,122,1302,0
21771,0,0,0,3,1082,0
21772,0,0,0,6,743,0
21773,0,0,0,75,620,0
21774,0,0,0,115,841,0
21775,0,0,0,110,626,0
21776,0,0,0,88,554,0
21777,0,0,0,13,175,0
21778,0,0,0,42,10,0
21779,0,0,0,72,57,0
21780,0,0,0,54,54,0
21781,0,0,0,48,104,1
21782,0,0,0,34,67,0
21783,0,0,0,80,155,0
21784,0,0,0,99,464,0
21785,0,0,0,26,478,0
21786,0,0,0,0,521,0
21787,0,0,0,0,269,0
21788,0,0,0,0,91,0
21789,0,0,0,5,318,0
21790,0,0,0,3,406,0
21791,0,0,0,8,381,0
21792,0,0,0,0,44,0
21793,0,0,0,0,26,0
21794,0,0,0,119,57,0
21795,0,0,0,146,8,0
21796,0,0,0,29,43,0
21797,0,0,0,67,19,0
21798,0,0,0,23,0,1
21799,0,0,0,20,0,0
21800,0,0,0,21,0,0
21801,0,0,0,75,0,0
21802,0,0,0,84,10,0
21803,0,0,0,49,43,0
21804,0,0,0,0,63,0
21805,0,0,0,22,158,0
21806,0,0,0,160,278,0
21807,0,0,0,189,603,0
21808,0,0,0,0,283,0
21809,0,0,0,42,230,0
21810,0,0,0,99,169,0
21811,0,0,0,101,110,0
21812,0,0,0,50,110,0
21813,0,0,0,7,39,0
21814,0,0,0,0,0,0
21815,0,0,0,8,24,0
21816,0,0,0,0,83,0
21817,0,0,0,7,139,0
21818,0,0,0,61,68,0
21819,0,0,0,2,61,0
21820,0,0,0,1,108,0
21821,0,0,0,8,169,0
21822,0,0,0,24,49,0
21823,0,0,0,14,6,0
21824,0,0,0,7,41,0
21825,0,0,0,0,0,0
21826,0,0,0,0,3,0
21827,0,0,0,0,1,0
21828,0,0,0,0,0,0
21829,0,0,0,0,0,0
21830,0,0,0,0,62,0
21831,0,0,0,0,22,0
21832,2,0,0,0,45,0
21833,1,0,0,0,20,0
21834,6,0,0,0,16,0
21835,26,0,0,0,2,0
21836,5,0,0,0,17,0
21837,36,0,0,0,0,0
21838,41,0,0,0,0,0
21839,0,0,0,0,0,0
21840,0,0,0,0,0,0
21841,0,0,0,0,0,0
21842,0,0,0,0,0,0
21843,0,0,0,0,0,0
21844,0,0,0,0,0,0
21845,0,0,0,0,0,0
21846,0,0,0,0,0,0
21847,0,0,0,0,18,0
21848,0,0,0,0,21,0
21849,0,0,0,0,3,0
21850,0,0,0,0,2,0
21851,0,0,0,0,6,0
21852,0,0,0,0,6,0
21853,0,0,0,0,6,0
21854,0,0,0,0,16,0
21855,0,0,0,0,2,0
21856,0,0,0,1,17,0
21857,0,0,0,0,85,0
21858,0,0,0,0,69,0
21859,0,0,0,0,28,0
21860,0,0,0,0,26,0
21861,0,0,0,0,19,0
21862,0,0,0,0,1,0
21863,0,0,0,0,0,0
21864,0,0,0,0,0,0
21865,0,0,0,0,0,0
21866,0,0,0,0,2,0
21867,0,0,0,0,1,0
21868,0,0,0,0,0,0
21869,0,0,0,0,0,0
21870,0,0,0,0,0,0
21871,0,1,0,0,0,0
21872,0,2,0,0,4,0
21873,0,0,0,0,0,0
21874,0,9,30,0,0,0
21875,0,55,65,0,47,0
21876,0,25,26,0,0,0
21877,0,0,14,0,0,0
21878,0,0,10,31,0,0
21879,0,0,0,20,14,0
21880,0,0,0,0,24,0
21881,0,0,0,0,0,0
21882,0,0,0,0,0,0
21883,0,34,59,0,74,0
21884,0,40,116,7,122,0
21885,0,36,103,8,85,0
21886,0,12,53,0,37,0
21887,0,4,47,0,60,0
21888,0,0,24,0,53,0
21889,0,0,4,0,75,0
21890,0,0,0,0,162,0
21891,0,0,0,0,174,0
21892,0,0,0,0,191,0
21893,0,0,0,0,167,0
21894,0,0,0,0,173,0
21895,0,0,0,4,129,0
21896,0,0,0,0,102,0
21897,0,0,0,4,0,0
21898,0,0,0,0,0,0
21899,0,0,0,0,0,0
21900,0,0,0,0,1,0
21901,0,0,0,0,26,0
21902,0,0,0,0,66,0
21903,0,0,0,0,54,0
21904,0,0,0,0,102,0
21905,0,0,0,0,175,0
21906,0,0,0,0,156,0
21907,0,0,0,0,59,0
21908,0,0,0,0,121,0
21909,0,0,0,0,142,0
21910,0,0,0,1,118,0
21911,1,0,0,35,84,0
21912,8,0,0,0,58,0
21913,7,0,0,0,2,0
21914,12,0,0,0,0,0
21915,25,0,0,0,0,0
21916,36,0,0,0,36,0
21917,0,0,0,18,41,0
21918,0,0,0,29,37,0
21919,0,4,0,7,0,0
21920,0,0,2,0,0,0
21921,0,2,3,0,0,0
21922,0,0,0,0,0,0
21923,0,0,0,0,8,0
21924,0,0,0,0,4,0
21925,0,0,0,1,0,0
21926,0,0,0,0,0,0
21927,2,0,0,0,0,0
21928,0,0,0,4,83,0
21929,0,0,0,14,86,0
21930,0,0,0,2,0,0
21931,0,0,0,7,3,0
21932,0,0,0,0,116,0
21933,0,0,0,0,160,0
21934,0,0,0,1,165,0
21935,0,0,0,0,144,0
21936,13,0,0,0,8,0
21937,45,0,0,0,7,0
21938,55,0,0,0,0,0
21939,18,0,0,0,0,0
21940,32,0,0,0,2,0
21941,0,0,0,0,4,0
21942,0,0,0,0,2,0
21943,0,0,0,0,88,0
21944,0,0,0,0,132,0
21945,0,0,0,0,15,0
21946,0,0,0,0,18,0
21947,0,0,0,0,13,0
21948,0,0,0,0,10,0
21949,0,0,0,51,26,0
21950,0,0,0,32,82,0
21951,0,0,0,4,16,0
21952,0,0,0,13,3,0
21953,0,0,0,32,202,0
21954,0,0,0,91,34,0
21955,0,0,0,69,32,0
21956,0,0,0,56,178,0
21957,0,0,0,5,113,0
21958,0,0,0,0,65,0
21959,0,0,0,7,106,0
21960,0,0,0,28,83,0
21961,0,0,0,48,205,0
21962,2,0,0,56,172,0
21963,0,0,0,16,174,0
21964,0,0,0,0,164,0
21965,0,0,0,20,205,0
21966,0,0,0,0,87,0
21967,0,0,0,1,90,0
21968,0,0,0,9,58,0
21969,0,0,0,0,0,0
21970,0,0,0,51,5,0
21971,0,0,0,2,34,0
21972,0,0,0,0,4,0
21973,0,0,0,0,15,0
21974,0,0,0,0,2,0
21975,0,0,0,0,7,0
21976,0,0,0,0,12,0
21977,0,0,0,0,0,0
21978,0,0,0,11,0,0
21979,0,0,0,0,0,0
21980,0,0,0,1,0,0
21981,0,0,0,1,0,0
21982,0,0,0,2,4,0
21983,0,0,0,0,85,0
21984,0,0,0,0,77,0
21985,0,0,0,2,31,0
21986,0,0,0,0,25,0
21987,0,0,0,0,10,0
21988,0,0,0,0,10,0
21989,0,0,0,0,1,0
21990,0,0,0,0,0,0
21991,0,0,0,0,0,0
21992,0,0,0,0,2,0
21993,0,0,0,0,0,0
21994,0,0,0,0,0,0
21995,0,0,0,0,0,0
21996,0,0,0,0,0,0
21997,0,0,0,0,2,0
21998,0,0,0,0,36,0
21999,0,0,0,0,8,0
22000,0,0,0,0,0,0
22001,0,0,0,0,0,0
22002,0,0,0,0,0,0
22003,0,0,0,0,6,0
22004,0,0,0,0,0,0
22005,0,0,0,0,0,0
22006,10,0,0,0,32,0
22007,0,0,0,0,15,0
22008,0,0,0,0,38,0
22009,0,0,0,0,90,0
22010,0,0,0,0,141,0
22011,0,0,0,0,129,0
22012,0,0,0,0,86,0
22013,0,0,0,0,98,0
22014,0,0,0,0,49,0
22015,0,0,0,0,51,0
22016,0,0,0,0,20,0
22017,0,0,0,0,0,0
22018,0,0,0,0,0,0
22019,0,0,0,0,0,0
22020,0,0,0,0,0,0
22021,0,0,0,0,7,0
22022,0,0,0,3,0,0
22023,0,0,0,0,0,0
22024,0,0,0,0,0,0
22025,0,0,0,0,0,0
22026,0,0,0,0,3,0
22027,0,0,0,0,0,0
22028,0,0,0,8,0,0
22029,0,0,0,0,0,0
22030,0,0,0,18,1,0
22031,0,0,0,41,0,0
22032,0,0,0,0,0,0
22033,0,0,0,0,0,0
22034,0,0,0,2,40,0
22035,0,0,0,0,19,0
22036,0,0,0,0,24,0
22037,0,0,0,0,2,0
22038,0,0,0,0,0,0
22039,0,0,0,0,0,0
22040,0,0,0,0,0,0
22041,0,0,0,0,0,0
22042,0,0,0,0,0,0
22043,0,0,0,0,0,0
22044,0,0,0,0,0,1
22045,0,0,0,0,0,0
22046,0,0,0,0,0,0
22047,0,0,0,0,0,0
22048,0,0,0,0,6,0
22049,0,0,0,3,152,0
22050,0,0,0,1,106,0
22051,0,0,0,14,220,0
22052,0,0,0,5,225,0
22053,0,0,0,1,164,0
22054,0,0,0,2,91,0
22055,0,0,0,10,88,0
22056,0,0,0,0,4,0
22057,0,0,0,0,53,0
22058,0,0,0,7,309,0
22059,0,0,0,5,162,0
22060,0,0,0,0,147,0
22061,0,0,0,0,239,0
22062,0,0,0,42,34,0
22063,0,0,0,4,38,0
22064,0,0,0,0,40,0
22065,0,0,0,0,35,0
22066,0,0,0,0,22,0
22067,0,0,0,0,79,0
22068,0,0,0,0,18,0
22069,0,0,0,0,156,0
22070,0,0,0,0,113,0
22071,0,0,0,0,35,0
22072,0,0,0,0,29,0
22073,0,0,0,0,47,0
22074,0,0,0,0,7,0
22075,0,0,0,0,15,0
22076,0,0,0,0,190,0
22077,0,0,0,0,45,0
22078,0,0,0,1,25,0
22079,0,0,0,0,48,0
22080,0,0,0,0,5,0
22081,0,0,0,0,2,0
22082,0,0,0,2,18,0
22083,0,0,0,0,20,0
22084,0,0,0,0,3,0
22085,0,0,0,0,7,0
22086,0,0,0,0,34,0
22087,0,0,0,0,41,0
22088,0,0,0,12,71,0
22089,0,0,0,7,28,0
22090,0,0,0,36,66,0
22091,0,0,0,18,28,0
22092,0,0,0,33,11,0
22093,0,0,0,25,37,0
22094,0,0,0,13,40,0
22095,0,0,0,19,7,0
22096,0,0,0,0,24,0
22097,0,0,0,1,17,0
22098,0,0,0,0,1,0
22099,0,0,0,4,29,0
22100,0,0,0,24,51,0
22101,0,0,0,6,28,0
22102,0,0,0,28,5,0
22103,0,0,0,1,35,0
22104,0,0,0,4,0,0
22105,0,0,0,7,7,0
22106,9,0,0,18,10,0
22107,0,0,0,15,7,0
22108,0,0,0,39,0,0
22109,0,0,0,8,12,0
22110,0,0,0,6,3,0
22111,0,0,0,3,19,0
22112,0,0,0,0,20,0
22113,0,0,0,0,54,0
22114,0,0,0,0,13,0
22115,0,0,0,56,120,0
22116,0,0,0,0,0,0
22117,0,0,0,0,3,0
22118,0,0,0,0,15,0
22119,0,0,0,0,19,0
22120,0,0,0,0,4,0
22121,0,0,0,0,4,0
22122,0,0,0,0,3,0
22123,0,0,0,0,22,0
22124,0,0,0,0,74,0
22125,0,0,0,0,10,0
22126,0,0,0,0,35,0
22127,0,0,0,0,40,0
22128,0,0,0,0,22,1
22129,0,0,0,0,42,0
22130,0,0,0,0,50,0
22131,0,0,0,0,80,0
22132,0,0,0,0,26,0
22133,0,0,0,1,137,0
22134,0,0,0,0,11,0
22135,0,0,0,0,26,0
22136,0,0,0,1,4,0
22137,0,0,0,0,6,0
22138,0,0,0,0,7,0
22139,0,0,0,6,33,0
22140,0,0,0,0,0,0
22141,0,0,0,0,2,0
22142,0,0,0,0,7,0
22143,0,0,0,0,8,0
22144,0,0,0,0,4,0
22145,0,0,0,0,43,0
22146,0,0,0,0,12,0
22147,0,0,0,0,10,0
22148,0,0,0,0,48,0
22149,0,0,0,0,2,0
22150,0,0,0,0,9,0
22151,0,0,0,19,25,0
22152,0,0,0,16,6,0
22153,0,0,0,1,0,0
22154,0,0,0,16,153,0
22155,0,0,0,4,10,0
22156,0,0,0,6,74,0
22157,0,0,0,6,14,0
22158,0,0,0,7,13,0
22159,0,0,0,2,0,0
22160,0,0,0,7,53,0
22161,0,0,0,0,0,0
22162,0,0,0,0,0,0
22163,0,0,0,0,0,0
22164,0,0,0,0,11,0
22165,0,0,0,0,0,0
22166,0,0,0,0,0,0
22167,0,0,0,0,0,0
22168,0,0,0,0,0,0
22169,0,0,0,0,0,0
22170,0,0,0,0,0,0
22171,0,0,0,0,0,0
22172,0,0,0,0,1,0
22173,0,0,0,0,0,0
22174,0,0,0,0,0,0
22175,0,0,0,0,0,0
22176,0,0,0,0,0,0
22177,0,0,0,0,0,0
22178,0,0,0,0,0,0
22179,8,0,0,0,0,0
22180,0,7,0,4,0,0
22181,2,21,0,0,0,0
22182,0,29,11,0,0,0
22183,0,62,24,0,0,0
22184,0,61,27,0,0,0
22185,0,47,23,0,0,0
22186,0,99,43,0,0,0
22187,0,175,48,0,9,0
22188,0,197,61,0,37,0
22189,0,262,28,0,71,0
22190,0,311,10,0,112,0
22191,0,115,0,0,101,0
22192,0,38,0,0,153,0
22193,0,111,7,0,140,0
22194,0,70,0,0,160,0
22195,0,64,4,0,137,0
22196,0,76,0,0,132,0
22197,0,414,6,0,117,0
22198,0,1059,3,0,107,0
22199,0,1433,0,0,113,0
22200,0,1451,15,0,67,0
22201,0,1270,6,0,21,0
22202,0,536,0,0,0,0
22203,0,206,0,0,92,0
22204,0,597,0,0,138,0
22205,0,1018,0,0,156,0
22206,0,1362,0,0,170,0
22207,0,2394,0,0,128,0
22208,0,2614,41,0,31,0
22209,0,2595,145,0,7,0
22210,0,2225,232,0,22,0
22211,0,2501,116,0,60,0
22212,0,2940,102,0,85,0
22213,0,3264,121,0,89,0
22214,0,3092,178,0,60,0
22215,0,3332,28,0,12,0
22216,0,3712,24,0,9,0
22217,0,5105,0,0,2,0
22218,0,5894,0,0,9,0
22219,0,5401,0,0,54,0
22220,0,4577,0,0,154,0
22221,0,3206,0,0,109,0
22222,0,1473,0,0,110,0
22223,0,1075,0,0,70,0
22224,0,1472,0,0,0,0
22225,0,1608,0,0,0,0
22226,0,1731,0,0,0,0
22227,0,2048,0,0,0,0
22228,0,2371,0,0,0,0
22229,0,1922,0,0,0,0
22230,0,565,0,0,0,0
22231,0,3835,0,0,0,0
22232,2,5355,0,0,0,0
22233,4,5595,0,0,0,0
22234,59,5819,2,0,0,0
22235,74,3632,0,0,0,0
22236,67,1760,0,0,0,0
22237,9,1352,0,0,0,0
22238,0,1461,0,0,0,0
22239,0,2329,0,0,0,0
22240,2,2493,0,0,0,0
22241,0,906,0,0,0,0
22242,0,30,0,0,0,0
22243,0,2482,0,0,0,0
22244,0,5795,0,0,0,0
22245,0,7863,0,0,0,0
22246,0,8784,0,0,0,0
22247,0,7949,0,0,0,0
22248,0,6585,0,0,0,0
22249,0,6060,0,0,0,0
22250,0,5457,0,0,0,0
22251,0,4823,0,0,0,0
22252,0,4430,3,0,0,0
22253,0,4214,31,0,0,0
22254,0,3769,13,0,0,0
22255,0,2510,7,0,0,0
22256,6,2201,139,0,0,0
22257,0,2152,949,0,0,0
22258,0,1927,273,0,0,0
22259,0,1705,2,0,0,0
22260,0,1432,8,0,0,0
22261,0,1763,39,0,0,0
22262,0,2280,95,0,0,0
22263,0,2879,79,0,0,0
22264,0,2595,2,0,0,0
22265,0,1895,0,0,0,0
22266,0,2200,0,0,0,0
22267,0,4618,0,0,0,0
22268,0,6773,0,16,0,0
22269,4,8247,0,11,0,0
22270,0,6951,0,0,0,0
22271,0,2865,0,0,0,0
22272,0,1855,0,1,0,0
22273,0,2651,0,0,0,0
22274,0,3011,0,0,0,0
22275,0,3355,0,0,0,0
22276,0,3619,0,0,0,0
22277,0,3213,0,0,4,0
22278,0,2229,0,0,0,0
22279,0,880,0,0,4,0
22280,0,548,0,0,2,0
22281,56,1604,0,0,0,0
22282,98,3955,0,0,7,0
22283,78,5927,0,0,27,0
22284,55,7081,0,0,5,0
22285,30,6433,0,0,1,0
22286,6,5441,0,0,17,0
22287,0,5683,0,0,1,0
22288,0,5690,0,0,2,0
22289,0,4060,0,0,5,0
22290,0,1865,0,0,2,0
22291,0,2098,0,0,4,0
22292,0,5842,0,0,0,2
22293,0,9247,0,0,0,0
22294,0,9825,0,0,0,0
22295,16,8641,0,0,0,0
22296,0,6838,0,0,0,0
22297,0,5072,0,0,0,0
22298,0,3439,0,0,0,0
22299,0,2071,0,0,0,0
22300,0,1645,0,0,0,0
22301,0,1296,0,0,4,0
22302,0,947,0,0,0,0
22303,0,920,0,0,0,0
22304,0,752,0,0,0,0
22305,0,864,0,0,0,0
22306,0,1060,0,0,8,0
22307,0,1071,0,0,0,0
22308,0,1049,0,0,0,0
22309,0,943,0,0,0,0
22310,0,783,0,0,0,0
22311,0,588,0,0,0,0
22312,0,395,0,0,0,0
22313,0,264,0,0,0,0
22314,0,275,0,0,0,0
22315,0,370,0,0,0,0
22316,0,525,0,0,0,0
22317,0,753,0,0,0,0
22318,0,1057,0,0,0,0
22319,0,1219,0,0,0,0
22320,0,1374,0,0,0,0
22321,0,1448,0,0,2,0
22322,0,1468,0,0,0,0
22323,0,1298,0,0,0,0
22324,0,1126,0,0,0,0
22325,0,791,0,0,0,0
22326,0,491,0,0,0,0
22327,0,279,0,0,0,0
22328,0,280,0,0,0,0
22329,0,400,0,0,0,0
22330,0,492,0,0,0,0
22331,0,663,0,0,0,0
22332,0,895,0,0,0,0
22333,0,1004,0,0,0,0
22334,0,983,0,0,0,0
22335,0,1076,0,0,0,0
22336,0,1152,0,0,0,0
22337,0,1013,0,0,0,0
22338,0,835,0,39,0,0
22339,0,491,0,0,0,0
22340,0,363,0,0,0,0
22341,0,241,0,0,0,0
22342,0,1333,0,0,0,0
22343,0,3474,186,0,0,0
22344,0,6690,0,0,0,0
22345,0,8112,766,0,0,0
22346,33,9375,514,0,0,0
22347,27,6374,0,0,0,0
22348,19,3863,0,0,0,0
22349,0,1410,0,0,0,0
22350,0,973,0,0,0,0
22351,0,867,0,0,0,0
22352,10,2036,0,0,0,0
22353,17,3687,72,0,0,0
22354,16,4552,290,0,0,0
22355,31,4151,182,0,0,0
22356,9,3110,0,0,0,0
22357,0,2120,37,0,0,0
22358,0,1319,1,0,0,0
22359,0,1064,0,0,0,0
22360,0,761,0,0,0,0
22361,0,404,0,0,0,0
22362,0,377,0,0,0,0
22363,0,356,0,0,0,0
22364,0,561,0,0,0,0
22365,0,752,3,0,0,0
22366,0,432,0,0,0,0
22367,0,2,0,0,0,0
22368,0,0,0,0,0,0
22369,0,0,0,0,0,0
22370,0,0,0,0,0,0
22371,0,0,0,0,0,0
22372,0,0,0,0,0,0
22373,0,12,0,0,0,0
22374,0,0,0,0,0,0
22375,0,0,0,0,0,0
22376,0,0,0,0,0,0
22377,0,21,0,0,0,0
22378,0,14,0,0,0,0
22379,0,11,0,0,0,0
22380,0,7,0,0,0,0
22381,0,0,0,0,0,0
22382,0,0,0,0,0,0
22383,0,0,0,0,0,0
22384,0,0,0,0,0,0
22385,0,0,0,0,0,0
22386,0,5,0,0,0,0
22387,0,27,0,0,0,0
22388,0,108,0,0,0,0
22389,4,123,0,0,0,0
22390,4,250,0,0,0,0
22391,8,352,0,0,0,0
22392,0,428,16,0,0,0
22393,0,706,71,0,0,0
22394,0,574,41,0,0,0
22395,0,200,30,0,0,0
22396,0,21,6,0,5,0
22397,0,11,23,0,24,0
22398,0,0,0,0,3,0
22399,0,73,10,0,0,0
22400,0,53,6,0,24,0
22401,0,16,0,0,1,0
22402,0,3,2,0,12,0
22403,0,0,0,0,11,0
22404,0,0,0,0,2,0
22405,0,0,0,0,0,0
22406,0,0,2,0,10,0
22407,0,0,0,0,0,0
22408,0,0,0,0,0,0
22409,0,0,9,0,57,0
22410,0,0,2,0,1,0
22411,0,7,14,0,26,0
22412,0,0,8,0,7,0
22413,0,0,2,0,10,0
22414,0,16,19,0,0,0
22415,0,47,17,0,47,0
22416,0,13,1,0,8,0
22417,0,33,1,0,17,0
22418,0,57,9,0,28,0
22419,0,87,1,0,15,0
22420,0,104,3,0,3,0
22421,0,39,2,9,2,0
22422,0,0,0,0,10,0
22423,0,0,0,9,0,0
22424,0,0,0,3,0,0
22425,0,0,0,12,0,0
22426,0,0,0,20,3,0
22427,0,0,0,23,0,0
22428,0,0,0,33,0,0
22429,0,0,0,0,0,0
22430,0,0,0,0,0,0
22431,0,0,0,7,0,0
22432,0,0,0,4,2,0
22433,0,0,0,13,52,0
22434,0,0,0,0,14,0
22435,0,0,0,0,3,0
22436,0,0,0,0,34,0
22437,0,0,0,0,5,0
22438,0,0,0,0,6,0
22439,0,0,0,0,4,0
22440,0,0,0,0,1,0
22441,0,0,0,0,7,0
22442,0,0,0,0,22,0
22443,0,0,0,0,0,0
22444,0,0,0,0,3,0
22445,0,0,0,0,36,0
22446,0,0,0,6,2,0
22447,0,0,0,85,5,0
22448,0,0,0,0,47,0
22449,0,0,0,0,0,0
22450,0,0,0,0,0,0
22451,0,0,0,9,0,0
22452,0,0,0,3,0,0
22453,0,0,0,60,0,0
22454,0,0,0,86,0,0
22455,0,0,0,99,0,0
22456,0,0,0,131,4,0
22457,0,1,0,100,1,0
22458,24,102,0,40,0,0
22459,1,295,7,7,0,0
22460,0,1035,16,0,0,0
22461,0,1623,40,0,0,0
22462,17,2493,178,0,0,0
22463,68,4489,466,0,0,0
22464,80,6474,707,0,0,0
22465,62,8651,865,0,0,0
22466,5,10035,622,0,0,0
22467,0,10477,637,0,0,0
22468,0,10939,937,0,0,0
22469,0,9952,642,5,0,0
22470,0,9027,243,0,0,0
22471,0,6301,125,0,0,0
22472,0,3880,52,8,0,0
22473,2,2305,12,0,0,0
22474,19,1409,0,0,0,0
22475,15,2215,0,0,0,0
22476,0,4535,0,0,0,0
22477,9,6844,0,0,0,0
22478,0,8244,0,0,0,0
22479,0,8332,0,0,0,0
22480,0,7714,7,0,0,0
22481,13,6192,361,0,0,0
22482,16,4695,485,0,0,0
22483,0,2978,568,0,0,0
22484,0,1802,60,0,0,0
22485,0,1181,0,0,0,0
22486,0,544,0,2,0,0
22487,0,139,0,0,0,0
22488,0,63,0,0,0,0
22489,0,252,0,0,0,0
22490,0,471,0,0,0,0
22491,0,725,0,0,0,0
22492,5,1061,0,0,0,0
22493,7,1368,0,0,0,0
22494,4,1692,0,0,0,0
22495,9,1789,0,0,0,0
22496,0,2127,0,0,0,0
22497,2,2387,0,0,0,0
22498,0,2637,0,0,0,0
22499,1,3126,0,0,0,0
22500,0,3608,0,0,0,0
22501,0,4158,0,0,0,0
22502,0,4872,0,0,0,0
22503,0,5284,0,0,0,0
22504,0,5350,0,0,0,0
22505,0,5011,0,0,0,0
22506,0,4449,0,0,0,0
22507,17,3480,0,0,0,0
22508,0,2236,0,0,0,0
22509,0,1449,0,0,0,0
22510,0,1390,0,0,0,0
22511,0,1602,0,17,0,0
22512,0,1871,0,17,0,0
22513,0,1996,0,0,0,0
22514,0,2073,0,0,0,0
22515,0,1832,0,0,0,0
22516,0,1489,0,0,1,0
22517,0,1113,0,0,0,0
22518,0,551,0,0,0,0
22519,0,132,0,0,0,0
22520,0,138,0,0,0,0
22521,0,455,0,0,0,0
22522,0,701,0,0,0,0
22523,0,952,0,0,0,0
22524,0,1091,0,0,0,0
22525,0,1496,0,0,0,0
22526,0,2139,0,0,0,0
22527,0,2927,0,0,0,0
22528,0,3657,0,0,0,0
22529,0,3645,0,0,0,0
22530,0,3250,0,0,0,0
22531,0,2264,0,0,4,0
22532,0,1591,0,0,0,0
22533,0,1123,0,0,0,0
22534,18,922,0,0,0,0
22535,5,1195,0,0,0,0
22536,2,2553,0,0,0,0
22537,22,6314,0,0,0,0
22538,1,8909,0,0,0,0
22539,0,8824,0,0,0,0
22540,14,7451,0,0,0,0
22541,107,5311,0,0,0,0
22542,109,4084,0,0,0,0
22543,5,3821,0,0,0,0
22544,2,3800,0,0,0,0
22545,2,3818,3,0,0,0
22546,0,3144,60,0,0,0
22547,4,1910,45,0,0,0
22548,20,996,0,0,0,0
22549,34,398,0,0,0,0
22550,16,104,0,3,0,0
22551,12,8,0,0,0,0
22552,0,6,0,0,0,0
22553,0,61,0,0,21,0
22554,0,206,0,0,16,0
22555,0,318,0,21,4,0
22556,0,380,0,108,37,0
22557,0,526,0,136,0,0
22558,0,692,0,114,1,0
22559,0,857,16,140,34,0
22560,0,941,2,92,26,0
22561,0,1062,0,85,10,0
22562,0,965,0,109,29,0
22563,0,834,0,148,124,0
22564,0,762,0,82,20,0
22565,0,559,0,65,37,0
22566,0,394,0,26,0,0
22567,0,98,0,22,0,0
22568,0,11,0,65,54,0
22569,0,35,0,115,72,0
22570,0,162,0,298,17,0
22571,0,555,0,345,2,0
22572,0,914,0,186,10,0
22573,0,1568,0,683,368,0
22574,0,2211,0,1321,592,0
22575,0,2426,19,1627,291,0
22576,0,2577,45,918,274,0
22577,0,2564,21,1165,8,0
22578,0,2719,1,1435,944,0
22579,0,2568,0,1158,1655,0
22580,0,2406,0,766,1285,0
22581,0,2205,0,375,43,0
22582,0,2023,0,174,296,0
22583,0,1798,0,133,1042,0
22584,0,1411,0,334,1173,0
22585,0,1126,0,567,1142,0
22586,0,772,0,431,685,0
22587,0,415,0,87,27,0
22588,0,372,0,119,43,0
22589,0,614,0,266,893,0
22590,0,958,0,296,931,0
22591,0,1984,0,194,778,5
22592,0,3356,0,44,121,0
22593,10,4197,3,0,14,2
22594,1,4779,0,39,445,6
22595,0,4405,3,104,577,0
22596,0,3527,0,161,347,0
22597,6,2948,0,225,60,0
22598,63,2883,0,215,0,0
22599,34,2759,0,105,0,0
22600,0,2379,0,186,3,0
22601,0,1581,0,387,29,0
22602,9,1170,0,588,18,0
22603,12,961,0,604,23,0
22604,1,823,0,432,80,0
22605,0,744,0,309,11,0
22606,8,761,0,257,167,0
22607,0,708,0,334,169,0
22608,0,623,0,633,115,0
22609,0,627,0,680,27,0
22610,0,486,0,657,15,0
22611,0,323,0,870,54,4
22612,0,186,0,1371,753,0
22613,0,178,0,1631,1412,0
22614,0,350,0,801,1852,0
22615,0,438,0,160,1538,0
22616,0,571,0,74,206,9
22617,0,636,20,521,32,0
22618,0,666,59,1076,975,0
22619,0,881,52,975,1367,0
22620,0,604,54,755,1087,0
22621,6,20,0,122,393,0
22622,0,114,41,0,16,0
22623,0,3,0,151,622,0
22624,0,12,4,582,1002,0
22625,0,0,0,688,982,0
22626,0,10,0,312,507,0
22627,0,1,0,92,3,0
22628,0,0,0,86,74,0
22629,0,4,0,212,715,0
22630,0,21,0,233,845,0
22631,0,6,0,98,732,0
22632,0,0,0,0,82,0
22633,0,0,0,0,5,0
22634,0,0,0,64,313,0
22635,0,0,0,137,461,0
22636,0,0,14,141,371,0
22637,0,17,6,35,117,0
22638,0,1,6,0,0,0
22639,0,90,8,16,72,0
22640,0,173,12,70,511,0
22641,0,121,11,24,536,0
22642,0,136,9,9,252,0
22643,0,88,11,12,0,0
22644,0,25,0,50,2,0
22645,0,0,0,68,4,0
22646,0,0,0,1,0,0
22647,0,7,0,57,0,0
22648,0,0,0,112,33,0
22649,0,0,0,20,256,0
22650,0,0,0,4,91,0
22651,0,0,0,0,66,0
22652,0,0,0,11,21,0
22653,0,0,0,15,28,0
22654,0,0,0,9,63,0
22655,0,0,0,0,38,0
22656,0,0,0,0,0,0
22657,0,0,0,34,1,0
22658,0,0,0,6,48,0
22659,0,0,0,0,130,0
22660,0,32,7,18,2,0
22661,0,39,0,0,13,0
22662,0,40,11,6,2,0
22663,0,64,0,0,1,0
22664,0,58,0,0,128,0
22665,0,70,0,0,1,0
22666,0,43,0,0,2,0
22667,0,1,0,0,0,0
22668,0,0,0,0,0,0
22669,0,0,0,0,0,0
22670,0,0,0,0,0,0
22671,0,0,0,0,0,0
22672,0,0,0,0,9,0
22673,0,0,0,0,13,0
22674,0,0,0,0,1,0
22675,0,0,0,0,0,0
22676,0,0,0,0,38,0
22677,0,0,0,0,12,0
22678,0,0,0,0,10,0
22679,0,0,0,6,17,0
22680,0,0,0,0,2,0
22681,0,0,0,4,63,0
22682,0,0,0,0,6,0
22683,0,0,0,0,0,0
22684,0,0,0,0,0,0
22685,0,0,0,1,44,0
22686,0,0,0,35,17,0
22687,0,0,0,5,14,0
22688,0,0,0,0,20,0
22689,0,0,0,0,15,0
22690,0,0,0,0,1,0
22691,0,0,0,0,3,0
22692,0,0,0,0,0,0
22693,0,0,0,0,0,0
22694,0,0,0,0,0,0
22695,0,0,0,0,0,0
22696,0,0,0,0,0,0
22697,0,0,0,3,0,0
22698,0,0,0,10,0,0
22699,0,0,0,0,0,0
22700,2,0,0,0,0,0
22701,17,0,0,0,0,0
22702,0,0,0,0,0,0
22703,0,0,0,0,0,0
22704,0,0,0,0,0,0
22705,0,0,0,0,0,0
22706,0,0,0,0,0,0
22707,0,0,0,0,0,0
22708,0,0,0,0,0,0
22709,0,0,0,0,0,0
22710,0,0,0,0,0,0
22711,0,0,0,0,6,0
22712,0,0,0,0,3,0
22713,0,0,0,0,0,0
22714,0,0,0,0,0,0
22715,0,0,0,0,0,0
22716,0,0,0,0,0,0
22717,0,0,0,0,0,0
22718,0,0,0,0,0,0
22719,0,0,0,0,0,0
22720,0,0,0,0,0,0
22721,0,0,0,0,0,0
22722,0,0,0,0,0,0
22723,0,0,0,0,0,0
22724,0,0,0,0,0,0
22725,0,0,0,0,0,0
22726,0,0,0,0,1,0
22727,0,0,0,0,0,0
22728,0,0,0,0,0,0
22729,0,0,0,0,0,0
22730,0,0,0,0,0,0
22731,0,0,0,0,0,0
22732,0,0,8,0,0,0
22733,0,23,21,65,0,0
22734,0,52,23,0,0,0
22735,0,56,17,0,0,0
22736,0,53,6,0,0,0
22737,0,72,0,0,0,0
22738,0,111,0,0,0,0
22739,4,132,0,0,0,0
22740,0,283,17,0,0,0
22741,0,567,28,0,3,0
22742,0,877,22,0,1,0
22743,0,1303,5,0,0,0
22744,0,1810,346,0,0,0
22745,0,3199,953,0,0,0
22746,0,4856,987,0,0,0
22747,0,6651,564,0,0,0
22748,0,7245,1142,0,0,0
22749,0,7758,996,0,0,0
22750,0,8768,400,0,0,0
22751,0,8721,1,0,0,0
22752,0,7651,0,0,0,0
22753,0,6301,0,0,0,0
22754,0,4206,0,0,0,0
22755,0,2302,0,0,2,0
22756,0,565,0,0,0,0
22757,0,1079,0,0,0,0
22758,0,2230,0,0,0,0
22759,0,2671,0,0,0,0
22760,0,2728,0,0,0,0
22761,0,2680,0,0,0,0
22762,0,2582,0,0,0,0
22763,0,2139,0,0,0,0
22764,0,1717,0,0,0,0
22765,0,857,0,0,0,0
22766,0,17,0,0,0,0
22767,0,14,0,0,0,0
22768,0,245,0,0,0,0
22769,0,544,0,0,0,0
22770,0,748,0,0,0,0
22771,0,941,0,0,0,0
22772,0,1094,0,0,0,0
22773,0,1483,0,0,0,0
22774,0,1692,0,0,0,0
22775,0,2082,0,0,0,0
22776,0,2327,0,31,0,0
22777,0,2644,0,11,0,0
22778,0,2656,0,0,0,0
22779,0,2700,0,0,0,0
22780,0,2397,0,0,0,0
22781,0,2193,0,0,0,0
22782,0,1959,0,0,0,0
22783,0,1761,0,0,0,0
22784,0,1444,0,0,0,0
22785,0,1002,0,0,0,0
22786,0,318,0,0,0,0
22787,0,0,0,0,0,0
22788,0,695,0,0,0,0
22789,0,1411,0,0,0,0
22790,0,1516,0,0,0,0
22791,0,982,0,0,0,0
22792,0,537,0,0,0,0
22793,0,2263,0,0,0,0
22794,0,4621,0,0,0,0
22795,4,4831,0,0,0,0
22796,0,3744,0,0,0,0
22797,0,1973,0,0,0,0
22798,0,4973,0,0,0,0
22799,1,8668,0,0,0,0
22800,0,10926,0,0,0,0
22801,1,9847,1,0,0,2
22802,0,5766,0,0,0,0
22803,36,4752,0,0,0,0
22804,53,6913,0,0,0,0
22805,28,6021,0,0,0,0
22806,10,2276,0,0,0,0
22807,0,3866,0,0,0,0
22808,0,7372,0,0,0,0
22809,0,9931,0,0,0,0
22810,0,10839,0,55,0,0
22811,11,9347,0,22,0,0
22812,8,6834,0,17,0,0
22813,0,5135,0,33,2,0
22814,10,3900,0,28,34,0
22815,0,1962,0,31,5,0
22816,0,1127,0,28,59,0
22817,0,550,0,1,74,0
22818,0,200,0,0,4,0
22819,0,84,0,0,39,0
22820,0,56,0,0,5,0
22821,0,3,0,0,15,0
22822,0,1,0,0,6,1
22823,0,16,0,0,2,0
22824,8,0,0,0,0,0
22825,0,2,0,0,1,0
22826,0,11,0,0,0,0
22827,0,1,0,0,0,0
22828,0,143,0,0,0,0
22829,0,539,0,0,0,0
22830,0,972,0,0,0,0
22831,0,1223,0,0,21,0
22832,0,1488,0,0,0,0
22833,0,1671,0,0,2,0
22834,0,1806,0,0,0,0
22835,0,1885,0,1,28,0
22836,0,1968,0,2,0,0
22837,0,2070,0,5,0,0
22838,0,2119,0,8,1,0
22839,0,2176,0,0,7,0
22840,0,2058,0,0,4,0
22841,0,2055,0,0,4,0
22842,0,2087,0,0,0,0
22843,0,1980,0,0,0,0
22844,0,2018,0,0,13,0
22845,0,2122,0,0,3,0
22846,0,2078,0,0,0,0
22847,0,1997,0,0,2,0
22848,0,1620,0,0,0,0
22849,0,1149,0,9,0,0
22850,0,560,0,9,0,0
22851,0,283,0,0,0,0
22852,0,424,0,0,0,0
22853,0,918,0,0,0,0
22854,2,1405,0,0,0,0
22855,0,1927,0,0,0,0
22856,0,2462,0,0,0,0
22857,0,2829,0,7,2,0
22858,0,3236,0,0,0,0
22859,20,3667,0,9,0,0
22860,0,3762,0,37,0,0
22861,0,3791,0,0,1,0
22862,0,3069,0,0,0,0
22863,0,2293,0,0,0,0
22864,0,1418,0,1,0,0
22865,0,448,0,6,0,0
22866,0,3,0,11,0,0
22867,0,251,0,0,0,0
22868,0,599,0,4,0,0
22869,0,995,0,0,0,0
22870,0,1287,0,0,0,0
22871,0,1480,0,0,0,0
22872,0,1637,0,0,0,0
22873,0,1747,0,0,0,0
22874,0,1885,0,0,0,0
22875,0,1945,0,0,0,0
22876,0,2083,0,0,0,0
22877,0,2067,0,0,0,0
22878,0,2170,0,0,4,0
22879,0,2156,0,0,0,0
22880,0,2166,0,0,0,0
22881,0,2186,0,0,0,0
22882,0,2075,0,6,0,0
22883,0,2136,0,12,0,0
22884,0,2183,0,0,0,0
22885,0,2254,0,0,0,0
22886,0,2429,0,0,0,0
22887,0,2546,0,0,0,0
22888,0,2584,0,0,0,0
22889,0,2666,0,5,0,0
22890,8,2669,0,10,0,0
22891,37,2414,0,46,4,0
22892,245,2138,0,47,0,0
22893,447,1734,0,0,0,0
22894,615,1425,0,0,0,0
22895,661,1015,0,0,0,0
22896,444,557,0,0,0,0
22897,187,200,0,11,0,0
22898,18,76,0,0,0,0
22899,0,38,0,13,0,0
22900,0,22,0,22,0,0
22901,0,23,0,1,0,0
22902,0,10,0,0,0,0
22903,0,5,0,0,0,0
22904,0,0,0,0,0,0
22905,0,0,0,0,0,0
22906,0,0,0,0,3,0
22907,0,0,0,0,0,0
22908,0,0,0,0,0,0
22909,0,1,0,0,0,0
22910,0,7,0,0,0,0
22911,0,32,0,0,0,0
22912,0,48,0,0,0,0
22913,0,75,0,0,0,0
22914,10,68,0,0,0,0
22915,10,219,0,0,0,0
22916,0,546,0,0,0,0
22917,47,1075,0,0,0,0
22918,225,1299,0,0,0,0
22919,352,1246,0,0,0,0
22920,473,1399,0,0,0,0
22921,418,1994,0,0,0,0
22922,254,2557,0,0,0,0
22923,54,2835,0,0,0,0
22924,74,3105,0,0,0,0
22925,211,3772,0,0,0,0
22926,407,4168,0,0,0,0
22927,513,4002,0,0,0,0
22928,568,3115,0,0,0,0
22929,678,2176,0,0,0,0
22930,557,1497,0,0,0,0
22931,384,732,0,0,0,0
22932,252,414,0,0,0,0
22933,128,480,0,0,0,0
22934,60,617,0,0,0,0
22935,66,803,0,0,0,0
22936,65,1251,0,0,0,0
22937,68,1874,0,0,0,0
22938,19,2954,0,0,0,0
22939,0,3887,0,0,0,0
22940,0,4240,0,0,0,0
22941,0,4872,0,0,0,0
22942,0,4560,0,0,0,0
22943,0,3638,0,0,0,0
22944,0,2821,0,0,0,0
22945,0,3666,0,0,0,0
22946,0,4698,0,0,0,0
22947,34,5359,0,0,0,0
22948,28,4160,0,0,0,0
22949,0,6648,0,0,0,0
22950,0,9454,0,0,0,0
22951,0,10223,0,0,0,0
22952,43,8992,0,0,0,0
22953,98,7074,0,0,0,0
22954,122,5524,0,0,0,0
22955,122,4576,0,0,0,0
22956,73,4125,0,0,0,0
22957,5,4010,0,0,0,0
22958,0,3828,0,0,0,0
22959,0,3285,0,0,0,0
22960,0,2451,0,0,0,0
22961,20,1786,0,0,0,0
22962,1,3094,0,0,0,0
22963,2,4154,0,0,0,0
22964,6,3827,0,0,0,0
22965,0,4284,0,0,0,0
22966,0,5175,0,0,0,0
22967,0,5304,0,0,0,0
22968,0,5669,0,0,0,0
22969,6,5794,4,0,0,0
22970,0,5168,0,0,0,0
22971,0,4428,0,0,0,0
22972,0,3279,0,0,0,0
22973,0,2217,0,0,0,0
22974,0,1512,0,0,0,0
22975,0,3005,0,0,0,0
22976,0,3712,0,0,0,0
22977,0,4108,0,0,0,0
22978,0,4822,0,0,0,0
22979,0,5193,0,0,0,0
22980,0,4875,0,0,0,0
22981,0,5125,0,29,11,0
22982,0,5258,0,8,42,0
22983,0,4451,0,0,12,0
22984,0,3879,0,0,0,0
22985,0,3697,0,1,22,0
22986,0,3232,0,0,0,0
22987,0,3187,0,0,0,0
22988,0,3077,0,0,0,0
22989,0,3006,0,0,0,0
22990,0,2637,0,0,0,0
22991,0,3568,0,0,0,0
22992,0,5202,0,0,0,0
22993,0,4626,4,0,0,0
22994,0,4101,0,0,0,0
22995,0,3640,0,0,0,0
22996,0,3441,0,0,13,0
22997,0,2951,0,0,0,0
22998,0,1838,0,0,0,0
22999,0,1143,0,0,0,0
23000,0,1052,0,0,0,0
23001,0,1376,0,0,0,0
23002,0,1856,0,0,0,0
23003,0,2440,0,0,0,0
23004,0,3349,0,0,0,0
23005,2,3358,0,0,0,0
23006,0,2848,0,0,0,0
23007,0,2133,0,0,0,0
23008,0,1164,0,0,2,0
23009,0,903,0,0,2,0
23010,0,1278,0,0,0,0
23011,24,1618,0,0,9,0
23012,9,2256,0,0,0,0
23013,2,2827,0,0,0,0
23014,0,2535,0,0,0,0
23015,0,1514,0,0,0,0
23016,0,1549,0,0,0,0
23017,0,2380,0,0,0,0
23018,2,2545,0,0,0,0
23019,0,2111,0,0,0,0
23020,0,1053,0,0,0,0
23021,0,82,0,0,0,0
23022,0,359,0,0,0,0
23023,0,501,0,0,0,0
23024,0,366,0,0,0,0
23025,0,583,0,0,0,0
23026,0,1067,0,0,0,0
23027,0,1398,0,0,0,0
23028,0,1234,0,0,0,0
23029,0,990,0,0,0,0
23030,0,838,0,0,0,0
23031,0,940,0,0,0,0
23032,0,907,0,0,0,0
23033,0,901,0,0,0,0
23034,0,952,0,0,0,0
23035,0,904,0,0,13,0
23036,0,753,0,0,52,0
23037,0,845,0,0,0,0
23038,0,812,0,0,12,0
23039,0,745,0,0,54,0
23040,0,578,0,0,13,0
23041,0,580,0,0,11,0
23042,0,533,0,0,25,0
23043,0,477,0,0,7,0
23044,0,480,0,0,31,0
23045,0,451,0,0,35,0
23046,0,428,0,0,19,0
23047,0,413,0,0,0,0
23048,0,352,0,0,86,0
23049,0,315,0,0,6,0
23050,0,299,0,0,8,0
23051,0,233,0,0,23,0
23052,0,184,0,0,6,0
23053,0,125,0,52,0,0
23054,0,65,0,20,58,0
23055,0,0,0,0,8,0
23056,0,0,0,0,125,0
23057,0,2,0,0,6,0
23058,0,10,0,0,77,0
23059,0,18,0,0,0,0
23060,0,23,0,0,143,0
23061,0,31,0,0,0,0
23062,0,6,0,0,30,0
23063,0,38,0,0,0,0
23064,0,0,0,0,8,0
23065,0,4,0,0,0,0
23066,0,0,0,0,0,0
23067,0,9,0,0,0,0
23068,0,4,0,0,0,0
23069,0,33,0,0,33,0
23070,0,91,0,0,0,0
23071,0,107,0,0,82,0
23072,0,157,0,0,9,0
23073,0,123,0,0,79,0
23074,0,62,0,0,0,0
23075,0,82,0,0,84,0
23076,0,19,0,0,6,0
23077,0,31,0,0,69,0
23078,0,9,0,0,3,3
23079,0,2,0,0,58,0
23080,0,3,0,0,6,0
23081,0,5,0,0,100,0
23082,0,43,0,0,2,0
23083,0,28,0,0,118,0
23084,0,99,0,0,30,0
23085,0,87,0,0,68,0
23086,0,239,0,0,2,0
23087,0,199,0,0,5,0
23088,0,226,0,0,1,0
23089,0,112,0,0,12,0
23090,0,188,0,0,0,0
23091,0,417,0,0,65,0
23092,0,473,0,0,2,0
23093,0,649,0,0,144,0
23094,0,525,0,0,0,0
23095,0,597,0,0,28,0
23096,0,360,0,0,7,0
23097,0,235,0,0,16,0
23098,0,94,0,0,0,0
23099,0,112,0,0,1,0
23100,0,525,0,0,0,0
23101,0,910,0,0,89,0
23102,0,1244,0,0,1,0
23103,0,1338,0,0,46,0
23104,0,1544,0,0,0,0
23105,0,1575,0,0,1,0
23106,0,1740,0,0,1,0
23107,0,1651,0,0,1,0
23108,0,1742,0,0,6,0
23109,0,1381,0,0,2,0
23110,0,1044,0,0,0,0
23111,0,453,0,0,4,0
23112,0,403,0,0,4,0
23113,0,1148,0,0,2,0
23114,0,1376,0,0,0,0
23115,0,1327,0,0,0,0
23116,0,1084,0,0,12,0
23117,0,916,0,0,11,0
23118,0,374,0,0,4,0
23119,0,235,0,0,5,0
23120,0,467,0,0,7,0
23121,0,814,0,0,5,0
23122,0,1355,0,0,5,0
23123,0,1338,0,0,1,0
23124,0,1618,0,0,3,0
23125,0,1573,0,0,5,0
23126,0,1706,0,0,3,0
23127,0,1562,0,0,0,0
23128,0,1351,0,0,0,0
23129,0,976,0,0,4,4
23130,0,745,0,0,0,0
23131,0,288,0,0,10,6
23132,0,112,0,0,0,1
23133,0,0,0,0,1,0
23134,0,0,0,0,1,0
23135,0,65,0,0,1,0
23136,0,79,0,0,3,0
23137,0,257,0,0,0,2
23138,0,199,0,0,0,0
23139,0,406,0,0,2,0
23140,0,334,0,0,44,0
23141,0,402,0,0,65,0
23142,0,627,0,0,97,0
23143,0,1016,0,0,113,0
23144,0,1150,0,0,97,0
23145,0,867,0,0,109,0
23146,0,943,0,0,138,0
23147,0,2163,0,0,170,0
23148,0,3282,0,0,185,0
23149,4,4186,0,0,225,0
23150,0,4358,0,0,298,0
23151,0,4233,0,0,144,0
23152,0,4225,0,1,124,0
23153,2,4258,0,13,140,0
23154,0,4374,0,39,62,0
23155,0,4444,0,0,20,0
23156,0,4334,0,0,20,0
23157,0,4144,0,0,7,0
23158,0,3598,0,0,0,0
23159,0,3038,0,0,0,0
23160,0,2544,0,0,0,0
23161,0,1894,0,0,0,0
23162,0,1183,0,0,0,0
23163,0,348,0,0,0,0
23164,0,857,0,0,0,0
23165,0,2471,0,0,0,0
23166,0,3585,0,0,0,0
23167,0,4256,0,0,0,0
23168,0,4492,0,0,0,0
23169,0,4694,0,0,0,0
23170,0,4854,0,0,0,0
23171,0,4991,0,0,8,0
23172,0,4761,0,0,47,0
23173,0,4496,0,9,87,0
23174,0,4175,0,28,99,0
23175,0,3625,0,0,0,0
23176,0,3285,0,0,11,0
23177,0,2740,0,0,2,0
23178,0,2509,0,0,4,0
23179,0,2188,0,0,0,0
23180,0,1826,0,0,4,0
23181,0,1481,0,38,0,0
23182,0,1003,0,75,27,0
23183,0,412,0,65,72,0
23184,0,18,0,24,36,0
23185,0,0,0,0,0,0
23186,0,18,0,0,0,0
23187,0,289,0,0,0,0
23188,0,834,0,0,0,0
23189,0,1225,0,2,0,0
23190,0,1397,0,3,0,0
23191,0,1253,0,3,6,0
23192,0,1079,0,1,4,0
23193,0,898,0,0,5,0
23194,0,756,0,0,8,0
23195,0,742,0,0,0,0
23196,0,834,0,0,0,0
23197,0,816,0,0,19,0
23198,0,678,0,0,24,0
23199,0,444,0,0,4,0
23200,0,115,0,0,0,0
23201,0,47,0,0,0,0
23202,0,12,0,0,0,0
23203,0,3,0,0,0,0
23204,0,30,0,0,0,0
23205,0,24,0,0,0,0
23206,0,37,0,0,1,0
23207,0,83,0,0,3,0
23208,0,48,0,0,0,0
23209,0,4,0,0,0,0
23210,0,1,0,0,0,0
23211,0,3,0,0,10,0
23212,0,0,0,0,14,0
23213,0,0,0,0,0,0
23214,0,2,0,0,1,0
23215,0,8,0,0,0,0
23216,0,5,0,0,0,0
23217,0,44,0,0,20,0
23218,0,58,0,0,0,0
23219,0,168,0,0,0,0
23220,0,233,0,0,0,0
23221,0,423,0,0,0,0
23222,0,473,0,0,0,0
23223,0,466,0,0,0,0
23224,0,513,0,0,0,0
23225,0,443,0,0,3,0
23226,0,397,0,0,3,0
23227,0,338,0,0,0,0
23228,0,197,0,0,0,0
23229,0,108,0,0,0,0
23230,0,40,0,0,0,0
23231,0,38,0,0,0,0
23232,0,22,0,0,0,0
23233,0,11,0,0,0,0
23234,0,3,0,0,0,0
23235,0,0,0,0,0,0
23236,0,0,0,0,0,0
23237,0,0,0,0,2,0
23238,0,0,0,0,0,0
23239,0,0,0,0,0,0
23240,0,0,0,0,0,0
23241,0,0,0,0,0,0
23242,0,0,0,0,0,0
23243,0,0,0,0,0,0
23244,0,0,0,0,0,0
23245,0,0,0,0,0,0
23246,0,0,0,0,0,0
23247,0,5,0,0,0,0
23248,0,23,0,0,0,0
23249,0,113,0,0,0,0
23250,0,313,0,0,0,0
23251,0,750,0,0,0,0
23252,0,1302,0,0,0,0
23253,0,1759,0,0,0,0
23254,0,2115,0,0,0,0
23255,0,2347,0,0,0,0
23256,0,2606,0,0,0,0
23257,0,2619,0,0,0,0
23258,0,2749,0,0,0,0
23259,0,2745,0,0,0,0
23260,0,2789,0,0,0,0
23261,0,2576,0,0,0,0
23262,0,2421,0,0,0,0
23263,0,2109,0,0,0,0
23264,0,1763,0,0,0,0
23265,0,1323,0,0,0,0
23266,2,1117,0,0,0,0
23267,5,1304,0,0,0,0
23268,15,1650,0,0,0,0
23269,2,2567,0,0,0,0
23270,0,4037,0,0,0,0
23271,0,4960,0,0,0,0
23272,0,5626,0,0,0,0
23273,0,6078,0,0,0,0
23274,0,6219,0,0,0,0
23275,0,5980,0,0,51,0
23276,1,5235,0,36,18,0
23277,3,4173,0,0,7,0
23278,0,2431,0,0,0,0
23279,14,732,0,0,0,0
23280,1,353,0,0,0,0
23281,0,1776,0,0,0,0
23282,15,2385,0,0,0,0
23283,3,2611,0,0,0,0
23284,0,2866,0,0,0,0
23285,2,3019,0,0,0,0
23286,0,3227,0,0,0,0
23287,0,3134,0,0,0,0
23288,0,2933,0,0,0,1
23289,0,2837,0,0,0,0
23290,0,2744,0,0,0,0
23291,0,2883,0,0,5,0
23292,0,2879,0,0,3,0
23293,0,2820,0,0,20,0
23294,0,2638,0,0,21,0
23295,0,2686,0,0,25,0
23296,0,2593,0,0,4,1
23297,0,2262,0,0,0,0
23298,0,1971,0,0,0,0
23299,0,1779,0,0,0,0
23300,13,1866,0,0,0,0
23301,26,2248,0,0,0,0
23302,58,3419,0,0,0,0
23303,63,4154,0,0,0,0
23304,110,4957,0,0,4,0
23305,62,5672,0,0,0,0
23306,13,6440,0,0,0,0
23307,0,7039,0,0,0,0
23308,0,7397,0,0,0,0
23309,0,7440,0,0,5,0
23310,0,6380,0,0,1,0
23311,15,4652,0,0,14,0
23312,104,2861,0,0,31,0
23313,89,2645,0,0,2,0
23314,120,3773,0,0,0,0
23315,93,4411,0,0,0,0
23316,101,4627,0,0,0,0
23317,87,5285,0,0,0,0
23318,37,5492,0,0,0,0
23319,29,5399,0,0,0,0
23320,7,5589,0,0,0,0
23321,0,5593,0,0,0,0
23322,0,5290,0,8,0,0
23323,0,4814,0,20,0,0
23324,2,4357,0,0,0,0
23325,0,3664,0,0,0,0
23326,0,3068,0,0,12,0
23327,0,2261,0,0,0,0
23328,0,1629,0,0,0,0
23329,0,2174,0,0,0,0
23330,0,2694,0,0,0,0
23331,0,3003,0,0,0,0
23332,0,3531,0,0,0,0
23333,0,3994,0,0,0,0
23334,0,4176,0,0,0,0
23335,0,4217,0,0,0,0
23336,0,3982,0,0,0,0
23337,0,3298,0,0,0,0
23338,11,2918,0,0,0,0
23339,0,2613,0,0,0,0
23340,0,2164,0,0,0,0
23341,0,1298,0,0,0,0
23342,0,1096,0,0,4,0
23343,0,2446,0,0,0,0
23344,0,3366,0,0,0,0
23345,0,3660,0,0,0,0
23346,0,3637,0,0,0,0
23347,0,3243,0,0,0,0
23348,11,2391,0,0,0,0
23349,0,1863,0,0,0,0
23350,0,1689,0,0,0,0
23351,0,1392,0,0,0,0
23352,0,1685,0,0,0,0
23353,0,2508,0,0,0,0
23354,0,2702,0,0,0,0
23355,0,1950,0,0,0,0
23356,0,1122,0,0,0,0
23357,0,557,0,0,0,0
23358,0,203,0,0,0,0
23359,0,470,0,0,0,0
23360,0,837,0,0,0,0
23361,0,1383,0,0,0,0
23362,0,1756,0,0,2,0
23363,0,2104,0,0,0,0
23364,0,2430,0,0,0,0
23365,0,2651,0,0,0,0
23366,0,3038,0,0,43,0
23367,0,2999,0,0,9,0
23368,0,3211,0,0,4,0
23369,0,3204,0,0,60,0
23370,0,3290,0,0,4,0
23371,0,3289,0,0,13,0
23372,0,2996,0,0,4,0
23373,0,2515,0,0,2,0
23374,3,1800,0,0,0,0
23375,37,1121,0,0,0,0
23376,52,745,0,0,0,0
23377,52,634,0,0,0,0
23378,76,754,0,0,0,0
23379,119,1053,0,0,0,0
23380,160,1285,0,0,0,0
23381,260,1381,0,0,0,0
23382,365,1492,0,0,0,0
23383,550,1438,0,0,10,0
23384,659,1271,0,0,0,0
23385,733,923,0,0,0,0
23386,724,438,0,30,10,0
23387,474,190,0,24,7,0
23388,132,507,0,0,0,0
23389,627,753,0,0,0,0
23390,943,1296,0,0,0,0
23391,915,1664,0,0,0,0
23392,817,1792,0,3,3,0
23393,626,1752,0,0,0,0
23394,455,1288,0,0,0,0
23395,301,734,0,0,0,0
23396,191,235,0,0,0,0
23397,71,253,0,0,0,0
23398,27,449,0,0,0,0
23399,3,598,0,0,0,0
23400,0,745,0,0,0,0
23401,0,800,0,0,0,0
23402,1,881,0,0,0,0
23403,33,1155,0,0,0,0
23404,158,1274,0,0,0,0
23405,278,1324,0,0,0,0
23406,403,1356,0,0,1,0
23407,506,1215,0,0,0,0
23408,633,1084,0,0,0,0
23409,659,816,0,0,0,0
23410,593,416,0,0,0,0
23411,326,150,0,0,0,0
23412,22,17,0,0,0,0
23413,0,5,0,0,0,0
23414,14,0,0,0,0,0
23415,76,1,0,0,0,0
23416,69,47,0,0,0,0
23417,84,116,0,0,0,0
23418,155,255,0,0,0,0
23419,204,278,0,0,0,0
23420,286,282,0,0,0,0
23421,230,532,0,0,0,0
23422,375,1142,0,0,0,0
23423,731,2235,0,0,0,0
23424,724,3141,0,0,0,0
23425,454,4090,0,0,0,0
23426,213,4166,0,0,0,0
23427,36,4048,0,0,0,0
23428,6,3696,0,0,0,0
23429,0,3595,0,0,0,0
23430,0,3779,0,0,0,0
23431,0,4057,0,0,0,0
23432,0,4221,0,0,0,0
23433,0,4480,0,0,0,0
23434,0,4788,0,0,0,0
23435,0,5096,0,0,0,0
23436,0,5367,0,0,0,0
23437,0,5425,0,0,0,0
23438,0,5344,0,0,0,0
23439,0,5110,0,0,0,0
23440,0,4449,0,0,0,0
23441,0,3913,0,0,0,0
23442,0,3398,0,0,0,0
23443,0,3097,0,0,0,0
23444,0,2832,0,0,0,0
23445,0,2633,0,0,0,0
23446,0,2587,0,0,0,0
23447,0,2494,0,0,0,0
23448,0,2277,0,0,0,0
23449,0,2165,0,0,0,0
23450,0,1810,0,11,0,0
23451,0,1269,0,21,0,0
23452,0,663,0,63,2,0
23453,0,261,0,35,18,0
23454,0,76,0,55,0,0
23455,0,2,0,51,0,0
23456,0,0,0,39,36,0
23457,0,0,0,14,6,0
23458,0,8,0,22,23,0
23459,0,3,0,9,17,0
23460,0,8,0,19,25,0
23461,0,16,0,100,14,0
23462,0,1,0,50,26,0
23463,0,2,0,67,5,0
23464,0,0,0,57,11,0
23465,0,0,0,118,12,0
23466,0,0,0,20,55,0
23467,0,0,0,27,0,0
23468,0,20,0,0,166,0
23469,0,1,0,1,0,0
23470,0,60,0,2,84,0
23471,0,51,0,0,2,0
23472,0,149,0,0,35,0
23473,0,218,0,0,0,0
23474,0,453,0,13,2,0
23475,0,447,0,0,8,0
23476,0,579,0,20,4,0
23477,0,472,0,49,65,0
23478,0,482,0,0,0,0
23479,0,323,0,15,13,0
23480,0,345,0,1,0,0
23481,0,142,0,0,8,0
23482,0,86,0,6,9,0
23483,0,2,0,5,7,0
23484,0,0,0,0,3,0
23485,0,0,0,0,98,0
23486,0,3,0,2,8,0
23487,0,2,0,0,79,0
23488,0,26,0,0,2,0
23489,0,54,0,0,73,0
23490,0,41,0,0,1,1
23491,0,8,0,0,125,2
23492,0,2,0,0,0,0
23493,0,0,0,0,22,0
23494,0,0,0,0,0,0
23495,0,6,0,0,220,0
23496,0,53,0,0,6,0
23497,0,102,0,9,365,0
23498,0,267,0,24,48,0
23499,0,259,0,6,207,0
23500,0,272,0,28,79,0
23501,0,447,0,13,124,0
23502,0,497,0,0,0,0
23503,0,758,0,0,14,0
23504,0,1102,0,1,236,0
23505,0,1571,0,0,102,0
23506,0,1998,0,9,191,0
23507,0,2829,0,9,162,0
23508,0,3408,0,0,73,0
23509,0,3232,0,1,4,0
23510,2,2993,0,19,37,0
23511,26,4396,0,1,33,0
23512,16,6125,0,3,22,0
23513,53,6427,0,39,37,0
23514,168,6013,0,7,42,0
23515,274,5371,0,43,44,0
23516,258,4574,0,6,38,0
23517,33,3666,0,0,9,0
23518,0,2931,0,4,0,0
23519,4,2226,0,65,89,0
23520,2,1756,0,215,4,0
23521,0,1256,0,249,93,0
23522,0,898,0,167,151,0
23523,0,525,0,125,166,0
23524,0,154,0,42,30,0
23525,0,4,0,7,84,0
23526,0,1,0,0,0,0
23527,0,5,0,0,5,0
23528,0,73,0,0,56,0
23529,0,290,0,0,30,0
23530,0,371,0,0,49,0
23531,0,349,0,0,327,0
23532,0,494,0,0,22,0
23533,0,524,0,0,84,0
23534,0,441,0,0,82,0
23535,0,345,0,0,0,0
23536,0,219,0,0,14,0
23537,0,128,0,0,25,0
23538,0,8,0,1,1,0
23539,0,1,0,1,6,0
23540,0,0,0,7,28,0
23541,0,0,0,11,1,0
23542,0,11,0,20,0,0
23543,0,67,0,19,0,0
23544,0,55,0,27,0,0
23545,0,43,0,10,0,0
23546,0,36,0,7,0,0
23547,0,70,0,0,0,0
23548,0,42,0,0,0,0
23549,0,21,0,9,0,0
23550,0,23,0,0,0,0
23551,0,4,0,0,0,0
23552,0,0,0,0,0,0
23553,0,2,0,0,0,0
23554,0,0,0,0,0,0
23555,0,0,0,0,27,0
23556,0,0,0,0,6,0
23557,0,12,0,0,5,0
23558,0,0,0,0,42,0
23559,0,5,0,0,2,0
23560,0,0,0,0,0,0
23561,0,8,0,0,32,0
23562,0,2,0,0,9,0
23563,0,0,0,0,0,0
23564,0,11,0,0,55,0
23565,0,8,0,0,5,0
23566,0,4,0,0,16,0
23567,0,16,0,0,6,0
23568,0,39,0,0,0,0
23569,0,156,0,0,0,0
23570,0,478,0,0,10,0
23571,0,1219,0,0,1,0
23572,0,1840,0,0,3,0
23573,0,2173,0,0,0,0
23574,0,2021,0,0,0,0
23575,0,1320,0,0,0,0
23576,0,935,0,0,0,0
23577,0,999,0,0,0,0
23578,0,1117,0,0,0,0
23579,0,1133,0,0,0,0
23580,0,866,0,0,0,0
23581,0,661,0,0,9,0
23582,0,451,0,0,0,0
23583,0,234,0,0,0,0
23584,0,81,0,0,0,0
23585,0,5,0,0,0,0
23586,0,0,0,0,0,0
23587,1,0,0,0,0,0
23588,0,25,0,0,0,0
23589,0,355,0,0,0,0
23590,0,1126,0,0,0,0
23591,0,1728,0,0,0,0
23592,0,2379,0,0,0,0
23593,0,3192,0,0,0,0
23594,0,3659,0,0,0,0
23595,0,3832,0,0,0,0
23596,0,4063,0,0,0,0
23597,0,4472,0,0,0,0
23598,0,4526,0,0,0,0
23599,0,4562,0,0,0,0
23600,0,4914,0,0,0,0
23601,0,5008,0,0,0,0
23602,0,4393,0,0,0,0
23603,0,4484,0,0,0,0
23604,0,5378,0,0,0,0
23605,0,6041,0,0,0,0
23606,0,6036,0,0,0,0
23607,0,5485,0,0,0,0
23608,0,4084,0,0,0,0
23609,0,2265,0,0,0,0
23610,0,612,0,0,0,0
23611,0,162,0,0,8,0
23612,0,154,0,0,2,0
23613,0,277,0,0,3,0
23614,0,520,0,0,3,0
23615,0,722,0,0,39,0
23616,0,1019,0,42,0,0
23617,0,1506,0,0,2,0
23618,0,1996,0,0,41,0
23619,0,2650,0,0,10,0
23620,0,3432,0,0,8,0
23621,0,4510,0,0,58,0
23622,0,5044,0,2,2,0
23623,0,5357,17,0,5,0
23624,0,5440,0,0,10,0
23625,0,5401,0,0,0,0
23626,0,5704,0,0,2,0
23627,0,6530,0,0,0,0
23628,0,6909,0,0,0,0
23629,0,6399,0,0,0,0
23630,0,5898,0,0,0,0
23631,0,6341,0,0,0,0
23632,0,6015,0,0,0,0
23633,0,5219,0,0,0,0
23634,0,4429,0,0,0,0
23635,0,3681,0,0,0,0
23636,0,3434,0,0,0,0
23637,0,3515,0,0,2,0
23638,0,3471,0,0,2,0
23639,0,3805,0,0,11,0
23640,0,3421,0,0,0,0
23641,0,3333,0,0,114,0
23642,0,2839,0,0,2,0
23643,0,2831,0,0,23,2
23644,0,2834,0,0,14,0
23645,0,2983,0,0,76,0
23646,0,3619,0,0,0,1
23647,0,4447,0,0,36,0
23648,0,4744,0,0,0,0
23649,6,4813,0,0,8,0
23650,0,4815,0,0,0,0
23651,0,4844,0,0,0,1
23652,0,4583,0,0,0,0
23653,0,4100,0,0,12,1
23654,4,3418,0,0,0,0
23655,0,2675,0,0,16,6
23656,0,2111,0,0,0,0
23657,0,2428,0,0,15,3
23658,0,2368,0,0,3,0
23659,0,2615,0,0,3,0
23660,0,2275,0,0,4,0
23661,0,2595,0,0,2,0
23662,0,2574,0,0,0,0
23663,0,2513,0,0,0,0
23664,0,2093,0,0,0,0
23665,0,1460,0,0,0,0
23666,0,1038,0,0,0,0
23667,0,2325,0,0,3,0
23668,0,3344,0,0,0,0
23669,0,3718,0,0,0,0
23670,0,3168,0,0,0,0
23671,0,1897,0,0,29,0
23672,0,1212,0,0,0,1
23673,0,2089,0,0,0,0
23674,0,2824,0,0,0,10
23675,0,2902,0,0,1,0
23676,0,2786,0,0,0,1
23677,0,2812,0,0,1,0
23678,0,2643,0,0,0,0
23679,0,2518,0,0,0,0
23680,0,2062,0,0,0,1
23681,0,1719,0,0,0,0
23682,0,747,0,0,0,0
23683,0,8,0,0,0,0
23684,0,965,0,0,0,0
23685,0,1898,0,0,0,0
23686,0,2383,0,0,1,0
23687,0,2471,0,0,0,0
23688,2,2201,0,0,1,0
23689,45,1680,0,0,0,0
23690,103,1529,0,0,0,0
23691,85,1882,0,0,0,0
23692,64,3199,0,0,0,0
23693,85,3784,0,0,0,0
23694,216,3297,0,0,0,0
23695,482,2846,0,0,0,0
23696,499,2623,0,0,0,0
23697,351,2382,0,0,0,0
23698,70,1910,0,0,0,0
23699,12,1683,0,0,0,0
23700,0,2960,0,0,2,0
23701,9,4150,0,0,4,0
23702,3,4867,0,0,0,0
23703,10,5337,0,0,0,0
23704,40,5819,0,0,0,0
23705,131,7797,0,0,43,0
23706,102,9996,0,0,0,0
23707,61,11234,0,0,7,0
23708,71,11251,0,0,29,0
23709,47,10268,0,0,3,0
23710,59,7851,179,0,0,0
23711,26,5262,401,0,53,0
23712,20,2936,179,18,2,0
23713,0,1743,8,8,0,0
23714,0,1012,0,0,4,0
23715,0,605,0,0,2,0
23716,0,424,0,0,4,0
23717,0,250,0,4,1,0
23718,0,185,0,0,0,0
23719,0,258,0,0,0,0
23720,0,425,0,0,0,0
23721,0,488,0,0,0,0
23722,0,520,0,0,0,0
23723,0,575,0,0,0,0
23724,0,496,0,0,0,0
23725,0,396,0,0,0,0
23726,0,247,0,0,56,0
23727,0,45,0,0,12,0
23728,0,6,0,0,23,0
23729,0,0,0,0,65,0
23730,0,6,0,0,3,0
23731,0,18,0,0,13,0
23732,0,8,0,0,14,0
23733,0,0,0,0,3,0
23734,0,0,0,0,0,0
23735,0,22,0,0,2,0
23736,0,168,0,0,2,0
23737,0,248,0,0,0,0
23738,0,249,0,0,0,0
23739,0,331,0,0,0,0
23740,0,322,0,0,0,0
23741,0,291,0,0,0,0
23742,0,163,0,0,0,0
23743,0,40,0,0,0,0
23744,0,0,0,0,0,0
23745,0,0,0,0,0,0
23746,0,0,0,0,0,0
23747,0,5,0,0,2,0
23748,0,8,0,0,0,0
23749,0,308,0,0,0,0
23750,0,876,0,0,0,0
23751,0,1236,0,0,0,0
23752,0,1575,0,0,0,0
23753,0,1668,0,0,0,0
23754,0,1822,0,0,0,0
23755,0,1747,0,0,0,0
23756,0,1590,0,0,0,0
23757,0,1329,0,0,0,0
23758,0,1017,0,0,0,0
23759,0,651,0,0,0,0
23760,0,131,0,0,0,0
23761,0,0,0,0,0,0
23762,4,0,0,0,0,0
23763,0,9,0,0,0,0
23764,0,174,0,0,0,0
23765,0,643,0,0,0,0
23766,0,1132,0,0,0,0
23767,0,872,0,0,0,0
23768,20,323,0,0,0,0
23769,180,2933,0,0,0,0
23770,394,4754,0,0,0,0
23771,535,6444,0,0,0,0
23772,200,7872,0,0,0,0
23773,0,8239,0,0,0,0
23774,7,9443,0,0,0,0
23775,137,10629,0,0,0,0
23776,462,10322,0,0,2,0
23777,779,9147,0,0,0,0
23778,782,7269,0,0,0,0
23779,799,6169,0,0,0,0
23780,844,6064,0,0,0,0
23781,725,6893,0,0,0,0
23782,668,6642,0,0,0,0
23783,818,6365,0,0,0,0
23784,984,5511,0,0,0,0
23785,1249,4242,0,0,0,0
23786,1322,2985,0,0,0,0
23787,1186,2275,0,0,0,0
23788,794,1508,0,0,0,0
23789,34,434,0,0,0,0
23790,12,56,0,0,0,0
23791,132,191,0,0,1,0
23792,207,303,0,0,8,0
23793,314,703,0,0,1,0
23794,422,1410,0,0,1,0
23795,435,2185,0,0,8,0
23796,354,2964,0,0,8,0
23797,447,3876,0,0,2,0
23798,545,5304,0,0,57,0
23799,703,6020,0,0,7,0
23800,796,5626,0,0,3,0
23801,734,4535,0,0,2,0
23802,693,3684,0,0,0,0
23803,559,3649,0,12,0,0
23804,402,3911,0,29,0,0
23805,335,4345,0,0,0,0
23806,210,4471,0,0,0,0
23807,141,4293,0,0,0,0
23808,115,3973,0,0,0,0
23809,74,3819,0,0,0,0
23810,34,3392,0,0,2,0
23811,14,2862,0,0,0,0
23812,4,2040,0,0,0,0
23813,0,477,0,0,3,0
23814,3,2404,0,0,5,0
23815,0,3160,0,0,1,0
23816,2,2291,0,0,5,0
23817,4,1408,0,0,8,0
23818,4,3115,0,0,0,0
23819,3,3599,0,0,0,0
23820,0,3576,0,0,0,0
23821,0,3202,0,0,6,0
23822,0,2855,0,0,0,0
23823,0,2510,0,0,0,0
23824,0,1935,0,0,0,0
23825,0,1239,0,0,0,0
23826,7,274,0,0,0,0
23827,11,1223,0,0,0,0
23828,11,2459,0,0,0,0
23829,0,3619,0,0,0,0
23830,0,4588,0,0,0,0
23831,0,3852,0,0,0,0
23832,0,2317,0,0,0,0
23833,0,494,0,0,0,0
23834,0,2245,0,0,0,0
23835,0,3678,0,0,0,0
23836,18,4402,0,0,0,0
23837,41,4853,0,0,0,0
23838,35,4878,0,0,0,0
23839,66,4744,0,0,0,0
23840,53,4568,0,0,0,0
23841,51,4103,0,0,0,0
23842,26,3097,0,0,0,0
23843,14,1778,0,0,0,0
23844,0,1166,0,0,0,0
23845,0,1470,0,0,0,0
23846,0,1862,0,0,0,0
23847,0,2354,0,0,0,0
23848,2,2827,0,0,0,0
23849,20,3181,0,0,0,0
23850,25,3193,0,0,0,0
23851,12,2509,0,0,4,0
23852,0,1205,0,0,0,0
23853,0,31,0,0,0,0
23854,0,748,0,0,0,0
23855,0,853,0,0,0,0
23856,0,415,0,0,0,0
23857,0,19,0,0,0,0
23858,0,4,0,0,0,0
23859,0,508,0,0,0,0
23860,0,834,0,0,0,0
23861,0,1098,0,0,0,0
23862,0,1545,0,0,6,0
23863,0,2007,0,6,68,0
23864,0,2438,0,39,104,0
23865,0,2492,0,11,112,0
23866,0,1178,0,0,111,0
23867,0,142,0,0,37,0
23868,0,1325,0,0,10,0
23869,0,1880,0,0,19,0
23870,0,2060,0,0,18,0
23871,0,2045,0,0,26,0
23872,0,1964,0,0,60,0
23873,0,1782,0,0,87,0
23874,0,1786,0,0,56,0
23875,0,1602,0,0,52,0
23876,0,1510,0,0,31,0
23877,0,1505,0,0,0,0
23878,0,1519,0,0,0,0
23879,0,1417,0,0,35,0
23880,0,1300,0,0,1,0
23881,0,1155,0,0,2,0
23882,0,938,0,0,6,0
23883,0,704,0,0,7,0
23884,0,591,0,0,0,0
23885,0,426,0,0,3,0
23886,0,132,0,0,3,0
23887,0,38,0,0,2,0
23888,0,0,0,0,59,0
23889,0,0,0,0,0,0
23890,0,0,0,0,0,0
23891,0,0,0,0,0,0
23892,0,0,0,0,0,0
23893,0,0,0,0,8,0
23894,0,0,0,0,6,0
23895,0,0,0,0,0,0
23896,0,0,0,0,3,0
23897,0,0,0,0,0,0
23898,0,0,0,0,0,0
23899,0,0,0,0,0,0
23900,0,0,0,0,0,0
23901,0,0,0,0,0,0
23902,0,0,0,0,3,0
23903,0,0,0,0,0,0
23904,0,0,0,0,0,0
23905,0,0,0,0,0,0
23906,0,0,0,0,6,0
23907,0,0,0,0,0,0
23908,0,0,0,0,0,3
23909,0,0,0,0,0,0
23910,0,0,0,0,0,0
23911,0,0,0,0,0,0
23912,0,0,0,0,1,0
23913,0,4,0,0,1,0
23914,0,217,0,0,0,0
23915,0,1237,0,0,0,0
23916,0,2747,0,0,0,0
23917,2,4723,0,0,0,0
23918,2,7039,67,0,0,0
23919,43,8319,1060,0,0,0
23920,62,8745,1083,0,0,0
23921,52,8828,649,0,0,0
23922,54,8167,148,0,0,0
23923,29,6671,0,0,0,0
23924,0,5299,0,0,0,0
23925,0,4322,0,0,0,0
23926,0,3204,0,0,0,1
23927,0,2524,0,0,0,0
23928,0,1873,0,0,0,0
23929,0,1036,0,0,0,0
23930,0,173,0,0,0,0
23931,0,154,0,0,0,0
23932,0,1335,0,0,0,0
23933,0,2159,0,0,0,0
23934,0,2205,0,0,0,0
23935,0,4177,0,0,0,0
23936,0,7508,0,0,0,0
23937,0,10997,0,0,0,0
23938,0,13530,5,0,0,0
23939,23,14427,0,0,0,0
23940,47,14977,0,0,0,0
23941,92,14253,0,0,2,0
23942,40,11398,0,0,0,0
23943,16,7248,0,0,0,0
23944,0,3562,0,0,0,0
23945,0,1043,0,7,0,0
23946,0,534,0,10,0,0
23947,4,1198,0,42,3,0
23948,47,2127,0,52,20,0
23949,60,2201,0,4,6,0
23950,20,1632,0,3,1,0
23951,0,1018,0,4,0,0
23952,169,426,0,2,0,0
23953,555,200,0,0,0,0
23954,835,109,0,7,0,0
23955,1001,59,0,17,0,1
23956,704,62,0,2,83,1
23957,372,153,0,0,7,0
23958,19,179,0,0,106,1
23959,0,445,0,0,0,0
23960,0,511,0,0,196,0
23961,0,539,0,0,0,0
23962,3,383,0,0,31,0
23963,0,489,0,0,23,0
23964,0,378,0,0,50,2
23965,0,303,0,0,0,0
23966,7,117,0,0,122,0
23967,0,93,0,0,0,0
23968,0,20,0,0,139,0
23969,0,163,0,0,0,0
23970,0,254,0,0,15,0
23971,0,468,0,0,4,2
23972,0,434,0,0,4,0
23973,0,537,0,0,7,0
23974,0,410,0,0,0,0
23975,0,513,0,0,0,0
23976,0,694,0,0,0,0
23977,0,1032,0,0,0,0
23978,0,1375,0,0,0,0
23979,3,1994,0,0,3,0
23980,2,3790,4,0,0,0
23981,0,7768,39,0,45,0
23982,6,8943,50,0,23,0
23983,9,7257,8,0,58,0
23984,10,3913,0,0,8,0
23985,3,4465,0,0,36,2
23986,13,6750,0,0,11,0
23987,78,9236,0,2,33,0
23988,133,9809,0,0,0,0
23989,180,8870,0,0,33,0
23990,289,6986,0,0,10,0
23991,248,6067,0,0,15,0
23992,17,4540,0,0,0,0
23993,0,3690,0,0,8,0
23994,0,2518,0,0,4,8
23995,0,1518,0,0,0,0
23996,5,981,0,0,9,0
23997,0,1184,0,0,158,3
23998,0,1119,0,0,0,0
23999,0,1012,0,0,0,0
24000,0,858,0,0,0,0
24001,2,959,0,0,7,0
24002,23,1508,0,0,0,0
24003,76,2869,0,0,0,0
24004,129,3058,0,0,0,0
24005,194,3095,0,0,0,0
24006,322,5122,0,0,0,0
24007,321,7036,0,0,0,0
24008,257,6198,0,0,0,0
24009,268,4998,0,0,0,0
24010,256,3428,0,0,0,0
24011,181,929,0,0,0,0
24012,186,2252,0,0,0,0
24013,137,3373,0,0,0,0
24014,107,3832,0,0,0,0
24015,60,3704,0,0,0,0
24016,60,3376,0,0,0,0
24017,25,3030,0,0,0,0
24018,6,2446,0,0,0,0
24019,0,2013,0,0,0,0
24020,0,1575,0,0,0,0
24021,0,1207,0,0,0,0
24022,0,917,0,0,0,0
24023,0,568,0,0,0,0
24024,0,283,0,0,55,0
24025,0,229,0,0,7,0
24026,0,89,0,0,53,0
24027,0,60,0,0,4,0
24028,0,40,0,0,4,0
24029,0,29,0,0,25,0
24030,0,0,0,0,2,0
24031,0,4,0,0,0,0
24032,0,0,0,0,5,0
24033,0,0,0,0,0,0
24034,0,0,0,0,0,0
24035,0,0,0,0,0,0
24036,0,0,0,0,0,0
24037,0,0,0,0,0,0
24038,0,0,0,0,0,0
24039,0,0,0,0,0,0
24040,0,0,0,0,0,0
24041,0,0,0,0,0,0
24042,0,0,0,0,0,0
24043,0,0,0,0,0,0
24044,0,0,0,0,0,0
24045,0,7,0,0,0,0
24046,0,16,0,0,1,0
24047,0,6,0,0,0,0
24048,0,1,0,0,0,0
24049,0,0,0,0,0,0
24050,0,0,0,0,0,0
24051,0,0,0,0,0,0
24052,0,0,0,0,4,0
24053,0,0,0,0,17,0
24054,0,0,0,0,4,0
24055,0,5,0,0,0,0
24056,0,4,0,0,22,0
24057,0,10,0,0,3,0
24058,0,38,0,0,1,0
24059,0,19,0,0,0,0
24060,0,31,0,0,0,0
24061,0,5,0,0,7,0
24062,0,4,0,0,0,0
24063,0,0,0,0,0,0
24064,0,0,0,0,0,0
24065,0,0,0,0,0,0
24066,0,0,0,0,0,0
24067,0,0,0,0,0,0
24068,0,0,0,0,0,0
24069,0,12,0,0,0,0
24070,0,106,0,0,0,0
24071,0,434,0,0,0,0
24072,0,800,0,0,0,0
24073,0,991,0,0,0,0
24074,0,715,0,0,0,0
24075,0,238,0,0,0,0
24076,0,38,0,0,0,0
24077,0,0,0,0,0,0
24078,0,341,0,48,0,0
24079,0,865,0,4,0,0
24080,0,699,0,0,0,0
24081,0,327,0,0,0,0
24082,0,51,0,0,0,0
24083,0,0,0,0,0,0
24084,0,37,0,0,0,0
24085,0,426,0,0,0,0
24086,0,1008,0,0,0,0
24087,15,1771,0,1,0,0
24088,40,3357,0,0,0,0
24089,80,4932,0,0,0,0
24090,90,5704,0,0,0,0
24091,146,5863,0,0,5,0
24092,294,5343,0,0,0,0
24093,545,4534,0,0,0,0
24094,926,4186,0,0,0,0
24095,1313,4543,0,0,0,0
24096,1542,6729,0,0,0,0
24097,1672,8961,0,0,0,0
24098,1401,11238,0,0,43,0
24099,1165,12782,0,0,0,0
24100,730,13825,0,0,5,0
24101,295,14360,0,0,34,0
24102,20,12847,0,0,9,0
24103,4,10117,0,0,11,0
24104,0,6772,0,0,54,0
24105,0,4161,0,0,0,0
24106,26,1232,0,0,17,0
24107,123,119,0,0,8,0
24108,174,763,0,0,3,0
24109,259,2497,0,0,0,0
24110,338,4547,0,0,1,0
24111,336,5732,0,0,0,0
24112,286,6272,0,0,0,0
24113,238,5824,0,0,0,0
24114,186,4399,0,0,0,0
24115,146,1218,0,0,0,0
24116,51,3501,0,0,0,0
24117,7,5066,0,0,0,0
24118,0,4767,0,0,0,0
24119,1,3235,0,0,0,0
24120,0,969,0,0,0,0
24121,0,352,0,4,1,0
24122,0,481,0,0,0,0
24123,0,225,0,0,0,0
24124,0,244,0,0,0,0
24125,0,420,0,0,4,0
24126,0,407,0,0,0,0
24127,0,288,0,0,0,0
24128,0,383,0,0,0,0
24129,0,268,0,0,0,0
24130,0,25,0,0,2,0
24131,0,0,0,0,0,0
24132,0,49,0,37,0,0
24133,0,124,0,0,2,0
24134,0,148,0,0,0,0
24135,0,209,0,0,0,0
24136,0,147,0,0,0,0
24137,0,53,0,0,0,0
24138,0,1,0,0,0,0
24139,0,0,0,0,0,0
24140,0,1,0,0,0,0
24141,0,0,0,0,0,0
24142,0,0,0,0,0,0
24143,0,0,0,2,0,0
24144,0,0,0,0,0,0
24145,0,70,0,0,0,0
24146,3,236,0,0,0,0
24147,0,303,0,0,0,0
24148,0,343,0,0,0,0
24149,0,432,0,0,0,0
24150,0,738,0,0,0,0
24151,3,1488,0,0,0,1
24152,0,2978,0,0,0,0
24153,0,7310,0,0,0,0
24154,0,8859,0,0,0,0
24155,0,7796,0,0,0,0
24156,0,5892,0,0,0,0
24157,0,3061,0,0,0,0
24158,0,860,0,0,0,0
24159,75,737,0,0,0,0
24160,158,2171,0,0,0,0
24161,182,3825,0,0,0,0
24162,73,5783,0,1,0,0
24163,26,7241,0,0,0,0
24164,5,8151,0,3,1,0
24165,27,9925,0,0,0,0
24166,15,9661,0,0,0,0
24167,49,7459,0,0,0,0
24168,346,5179,0,0,0,0
24169,582,3581,0,0,0,0
24170,499,2123,0,0,0,0
24171,238,999,0,0,0,0
24172,319,309,0,0,0,0
24173,358,208,0,0,0,0
24174,514,344,0,0,0,0
24175,360,1049,0,0,0,0
24176,380,1762,0,0,0,0
24177,305,2390,0,0,0,0
24178,271,2607,0,0,0,0
24179,293,1833,0,0,0,0
24180,160,1164,0,0,0,0
24181,36,1906,0,0,12,4
24182,0,2164,0,0,29,0
24183,0,1886,0,0,0,0
24184,0,3245,0,0,15,0
24185,0,6965,0,0,64,0
24186,0,9095,0,0,3,0
24187,0,8439,0,0,6,0
24188,0,7030,0,0,49,0
24189,0,5760,0,0,5,0
24190,0,5827,0,0,11,0
24191,2,6072,0,0,22,0
24192,6,6528,0,0,0,0
24193,2,6912,0,0,0,0
24194,6,7308,0,0,0,0
24195,2,7509,0,0,0,0
24196,23,7367,0,0,0,0
24197,0,7231,0,0,6,0
24198,0,5188,0,0,0,0
24199,0,3551,0,0,0,0
24200,0,3362,0,0,0,0
24201,0,2885,0,0,0,0
24202,0,1939,0,0,0,1
24203,0,2030,0,0,0,0
24204,0,2558,0,0,0,0
24205,0,3062,0,40,49,0
24206,0,3441,21,18,130,0
24207,0,3236,5,8,102,0
24208,0,3099,6,0,10,0
24209,0,2572,2,32,8,0
24210,0,1943,0,28,0,0
24211,0,1263,0,31,20,0
24212,0,914,0,1,29,0
24213,0,838,0,0,0,0
24214,0,877,0,0,0,0
24215,0,637,0,6,54,0
24216,0,326,0,3,16,0
24217,0,183,0,3,45,0
24218,0,471,0,0,5,0
24219,0,852,0,0,0,0
24220,0,974,0,0,0,0
24221,0,1027,0,0,0,0
24222,0,1244,0,0,0,0
24223,0,1349,0,0,0,0
24224,0,1510,0,0,0,0
24225,0,1747,0,0,0,0
24226,4,2396,0,0,5,0
24227,2,2562,9,0,1,0
24228,0,2211,18,0,0,0
24229,0,3378,666,0,0,0
24230,0,3676,96,0,0,0
24231,0,3954,0,0,0,0
24232,0,4434,0,0,0,0
24233,0,4406,0,0,0,2
24234,0,4215,0,0,0,60
24235,0,4674,0,0,5,0
24236,0,4623,0,0,0,0
24237,0,4333,0,0,0,50
24238,0,3918,0,0,0,156
24239,0,3363,0,0,0,90
24240,0,2420,0,0,0,0
24241,0,1165,0,0,1,0
24242,0,79,0,0,8,16
24243,13,744,0,0,2,100
24244,10,1317,0,0,1,21
24245,0,1580,0,0,245,0
24246,0,1838,0,0,18,0
24247,0,2814,0,0,10,2
24248,15,3144,0,0,5,9
24249,0,1155,0,0,0,0
24250,0,248,0,0,5,0
24251,0,893,0,0,44,0
24252,0,652,0,0,4,3
24253,0,56,0,0,15,0
24254,0,56,0,0,65,0
24255,0,222,0,0,8,0
24256,0,165,0,0,2,0
24257,0,190,0,0,7,0
24258,0,456,0,0,0,0
24259,0,801,0,0,0,0
24260,0,959,0,0,0,0
24261,0,1096,0,0,0,0
24262,0,1071,0,0,0,0
24263,0,1048,0,0,0,0
24264,0,782,0,0,0,0
24265,0,565,0,0,5,0
24266,0,303,0,0,11,0
24267,0,71,0,0,11,0
24268,0,12,0,0,8,0
24269,0,5,0,0,24,0
24270,0,0,0,1,0,0
24271,0,0,0,0,56,3
24272,0,0,0,0,18,0
24273,0,3,0,0,62,0
24274,0,1,0,0,0,0
24275,0,0,0,0,147,2
24276,0,0,0,0,0,0
24277,0,0,0,0,87,0
24278,0,0,0,0,19,0
24279,0,0,0,0,48,0
24280,0,0,0,0,0,0
24281,0,0,0,0,3,0
24282,0,0,0,0,0,0
24283,0,0,0,0,55,0
24284,0,0,0,0,0,0
24285,0,0,0,0,3,0
24286,0,0,0,0,0,0
24287,0,0,0,0,12,0
24288,0,0,0,0,0,0
24289,0,0,0,0,4,0
24290,0,0,0,0,0,0
24291,0,0,0,0,24,2
24292,0,0,0,0,8,0
24293,0,0,0,0,0,0
24294,0,0,0,0,0,0
24295,0,0,0,0,0,0
24296,0,0,0,0,0,0
24297,0,0,0,0,0,0
24298,0,0,0,0,0,0
24299,0,0,0,0,0,0
24300,0,0,0,0,0,0
24301,0,0,0,4,0,0
24302,0,0,0,0,0,0
24303,0,0,0,8,0,0
24304,0,0,0,0,0,0
24305,0,183,0,22,0,0
24306,0,552,0,18,0,0
24307,0,835,0,25,0,0
24308,0,1078,0,35,0,0
24309,0,1258,0,21,0,0
24310,0,1201,0,27,0,0
24311,0,368,0,13,0,0
24312,0,132,0,12,0,0
24313,0,441,0,0,0,0
24314,0,858,0,6,0,0
24315,0,1073,0,0,0,0
24316,5,1092,0,0,0,0
24317,8,1094,0,0,0,0
24318,0,1693,0,0,0,0
24319,0,2842,0,0,1,0
24320,0,2845,0,0,0,0
24321,0,2621,0,0,0,0
24322,0,2592,0,0,0,0
24323,0,2657,0,0,0,0
24324,0,2399,0,0,0,0
24325,0,1420,0,0,0,0
24326,0,874,0,0,56,0
24327,0,421,0,0,1,7
24328,0,160,0,18,0,0
24329,0,219,0,9,58,0
24330,0,430,0,0,14,0
24331,0,518,0,0,10,0
24332,0,636,0,0,2,0
24333,0,759,0,0,4,0
24334,0,974,0,0,1,0
24335,0,1241,0,0,34,1
24336,0,1728,0,0,0,0
24337,6,4046,0,0,0,0
24338,36,4806,0,0,0,0
24339,220,4529,0,0,0,0
24340,269,3964,0,0,0,0
24341,257,2502,0,0,0,0
24342,145,1151,0,0,0,0
24343,68,892,0,0,0,0
24344,23,2015,0,0,0,0
24345,166,4155,1,0,0,0
24346,385,7500,8,0,0,0
24347,588,10803,3,0,0,0
24348,699,13314,1,0,0,0
24349,488,15527,0,0,0,0
24350,298,17854,0,0,0,0
24351,169,18916,0,0,0,0
24352,57,18014,0,0,0,0
24353,6,15812,244,0,0,0
24354,1,11758,403,0,0,0
24355,0,6464,187,0,0,0
24356,2,6727,0,0,45,0
24357,0,8287,0,0,3,0
24358,12,8554,224,0,15,0
24359,1,7774,15,1,34,0
24360,32,7337,0,0,15,0
24361,101,7709,15,0,5,0
24362,215,7835,64,0,6,0
24363,323,7861,0,0,0,0
24364,354,7392,0,0,6,0
24365,71,5764,0,0,3,0
24366,9,4964,0,0,0,0
24367,2,3765,0,0,0,0
24368,91,3839,0,0,0,0
24369,117,5663,0,0,0,0
24370,183,8353,0,0,0,0
24371,103,12890,0,0,0,0
24372,95,16748,12,0,0,0
24373,74,18699,0,0,0,0
24374,40,19488,0,0,0,0
24375,29,19483,0,0,0,0
24376,17,17469,882,0,0,0
24377,0,13424,667,0,0,0
24378,0,10063,277,0,0,0
24379,0,6443,393,0,0,0
24380,0,4317,0,0,0,0
24381,0,2581,0,0,0,0
24382,0,2070,2,0,0,0
24383,0,1849,0,0,0,0
24384,0,2078,0,0,0,0
24385,0,2037,0,0,0,0
24386,0,1789,0,0,0,0
24387,0,1880,0,0,0,0
24388,0,2025,0,0,0,0
24389,0,2262,6,0,0,0
24390,0,2447,1,0,0,0
24391,0,2455,0,0,0,0
24392,0,2269,0,0,0,0
24393,0,2306,0,0,0,0
24394,0,2099,0,0,0,0
24395,0,2028,0,0,0,0
24396,0,2111,0,0,0,0
24397,0,2088,0,0,0,0
24398,0,2076,0,0,0,0
24399,0,2023,0,0,0,0
24400,0,1869,0,0,0,0
24401,0,1877,0,0,0,0
24402,0,1676,0,0,0,0
24403,0,1588,0,0,0,0
24404,0,1467,0,0,0,0
24405,0,1372,0,0,0,0
24406,0,1280,0,0,7,0
24407,0,1190,0,0,0,0
24408,0,1061,0,0,3,0
24409,0,1035,0,0,0,0
24410,0,969,0,0,0,0
24411,0,891,0,0,2,0
24412,0,902,0,0,0,0
24413,0,864,0,0,0,0
24414,0,893,0,0,4,0
24415,0,953,0,0,3,0
24416,0,1124,0,0,14,0
24417,0,1189,0,0,4,0
24418,0,1339,0,0,0,0
24419,0,1498,0,0,80,0
24420,0,1641,0,0,6,0
24421,0,1427,0,0,42,0
24422,0,1471,0,0,16,0
24423,0,1172,0,0,6,0
24424,0,1066,0,0,8,0
24425,0,865,0,0,32,0
24426,0,674,0,0,14,0
24427,0,504,0,0,3,0
24428,0,220,0,0,0,0
24429,0,40,0,3,0,0
24430,0,5,0,39,0,0
24431,0,66,0,0,0,0
24432,0,79,0,3,0,0
24433,0,87,0,14,0,0
24434,0,62,0,63,0,0
24435,0,10,0,12,0,0
24436,0,4,0,4,0,0
24437,0,103,0,0,0,0
24438,0,238,0,0,3,0
24439,0,275,0,0,0,0
24440,0,273,0,0,31,0
24441,0,187,0,0,0,0
24442,0,145,0,0,5,0
24443,0,379,0,0,18,0
24444,0,888,0,0,21,0
24445,6,1755,0,1,0,0
24446,100,2257,0,0,32,0
24447,75,2301,0,0,0,0
24448,15,2631,0,0,3,0
24449,38,2824,0,0,4,0
24450,121,2653,0,0,6,0
24451,215,2471,0,0,4,0
24452,248,2915,0,0,18,0
24453,342,4366,0,0,11,0
24454,328,5587,0,0,0,0
24455,278,6481,0,0,0,0
24456,250,7464,0,0,1,0
24457,152,8561,0,0,0,0
24458,31,9492,0,0,0,0
24459,0,9554,0,0,0,0
24460,0,8199,0,0,0,0
24461,0,6717,0,0,0,0
24462,0,5270,0,0,0,0
24463,0,2980,0,0,0,0
24464,0,3200,0,0,0,0
24465,0,4563,0,0,0,0
24466,0,5511,0,0,4,0
24467,0,5673,0,0,0,0
24468,0,5360,0,0,0,0
24469,0,5248,0,0,0,0
24470,0,4777,0,0,0,0
24471,0,4240,0,0,0,0
24472,0,3884,0,0,0,0
24473,0,3477,0,0,0,0
24474,0,2960,0,6,0,0
24475,0,2463,0,0,0,5
24476,0,2028,0,0,0,0
24477,1,1508,0,0,0,0
24478,2,993,0,0,0,0
24479,2,642,0,0,0,10
24480,0,568,0,0,4,0
24481,0,1066,0,0,19,0
24482,0,1410,0,0,40,0
24483,1,1695,0,0,0,0
24484,0,2166,0,0,0,0
24485,6,2701,0,0,14,0
24486,2,3436,0,0,6,0
24487,0,4217,0,0,10,0
24488,0,4856,0,0,31,0
24489,0,5298,0,0,2,0
24490,0,5370,0,0,5,0
24491,0,5010,0,0,38,0
24492,0,4542,0,0,9,0
24493,0,4193,0,0,8,0
24494,0,3599,0,0,47,0
24495,0,2539,0,0,0,0
24496,0,1375,0,0,6,0
24497,0,886,0,0,3,0
24498,0,1152,0,0,0,0
24499,0,1838,0,0,0,0
24500,0,2353,0,0,0,0
24501,0,2582,0,0,0,0
24502,0,2648,0,0,0,0
24503,0,2534,0,0,0,0
24504,0,2336,0,40,0,0
24505,0,2022,0,0,0,0
24506,0,1627,0,0,1,0
24507,0,1242,0,0,0,0
24508,0,793,0,2,0,0
24509,0,389,0,1,32,0
24510,0,131,0,0,0,0
24511,0,6,0,0,2,0
24512,0,0,0,0,9,0
24513,0,0,0,0,0,0
24514,0,0,0,0,2,0
24515,0,2,0,0,33,0
24516,0,0,0,0,2,0
24517,0,0,0,0,2,0
24518,0,0,0,0,23,0
24519,0,6,0,0,0,0
24520,0,20,0,0,0,0
24521,0,108,0,0,0,0
24522,0,83,0,0,19,0
24523,0,46,0,0,4,0
24524,0,4,0,0,3,0
24525,0,0,0,0,0,0
24526,0,23,0,0,6,0
24527,0,183,0,0,6,0
24528,0,337,0,0,0,0
24529,0,428,0,0,0,0
24530,0,437,0,0,0,0
24531,0,350,0,0,0,0
24532,0,264,0,0,0,0
24533,0,104,0,0,0,0
24534,0,103,0,0,0,0
24535,0,18,0,0,0,0
24536,0,18,0,0,0,0
24537,0,6,0,0,0,0
24538,0,10,0,0,0,0
24539,0,8,0,0,0,0
24540,0,2,0,0,0,0
24541,0,57,0,0,0,0
24542,0,96,0,0,0,0
24543,0,34,0,0,0,0
24544,0,51,0,0,0,0
24545,0,258,0,0,0,0
24546,0,339,0,0,0,0
24547,0,656,0,0,0,0
24548,0,912,0,0,0,0
24549,0,1109,0,0,0,0
24550,0,1265,0,0,0,0
24551,0,1191,0,0,0,0
24552,0,1260,0,0,0,0
24553,0,1218,0,0,0,0
24554,0,1097,0,0,0,0
24555,0,1036,0,0,0,0
24556,0,1002,0,0,0,0
24557,0,995,0,0,0,0
24558,0,1098,0,0,0,0
24559,0,1186,0,0,0,0
24560,0,1188,0,0,0,0
24561,0,1130,0,0,0,0
24562,0,1220,0,0,0,0
24563,0,1324,0,0,0,0
24564,0,1430,0,0,8,0
24565,0,1393,0,0,0,0
24566,0,1074,0,0,0,0
24567,0,673,0,0,1,0
24568,0,244,0,0,0,0
24569,0,81,0,0,1,0
24570,0,138,0,0,0,0
24571,0,265,0,0,1,0
24572,0,442,0,0,0,0
24573,0,623,0,0,0,0
24574,0,699,0,0,0,0
24575,0,808,0,0,0,0
24576,0,829,0,0,0,0
24577,0,639,0,0,0,0
24578,0,480,0,0,0,0
24579,0,398,0,0,0,0
24580,0,301,0,0,0,0
24581,0,121,0,0,0,0
24582,0,42,0,0,0,0
24583,0,0,0,0,0,0
24584,0,3,0,0,0,0
24585,0,24,0,0,0,0
24586,0,51,0,0,0,0
24587,0,38,0,0,0,0
24588,0,16,0,0,0,0
24589,0,20,0,0,1,0
24590,0,10,0,0,0,0
24591,0,80,0,0,0,0
24592,0,73,0,0,0,0
24593,0,103,0,0,26,0
24594,0,27,0,0,0,0
24595,0,11,0,3,0,0
24596,0,1,0,56,32,0
24597,0,0,0,1,4,0
24598,0,0,0,0,4,0
24599,0,0,0,0,20,0
24600,0,0,0,15,3,0
24601,0,1,0,7,14,0
24602,0,0,0,0,4,0
24603,0,0,0,0,0,0
24604,0,0,0,0,0,0
24605,0,0,0,0,0,0
24606,0,0,0,0,0,0
24607,0,2,0,0,0,0
24608,0,6,0,47,0,0
24609,0,7,0,34,0,0
24610,0,0,0,0,0,0
24611,0,0,0,0,0,0
24612,0,0,0,0,0,0
24613,0,0,0,0,0,0
24614,0,0,0,0,0,0
24615,0,0,0,0,0,0
24616,0,0,0,0,10,0
24617,0,0,0,0,0,0
24618,0,0,0,0,0,0
24619,0,0,0,0,0,0
24620,0,0,0,0,0,0
24621,0,0,0,0,0,0
24622,0,0,0,0,0,0
24623,0,0,0,0,0,0
24624,0,0,0,0,0,0
24625,0,0,0,0,0,0
24626,0,0,0,0,0,0
24627,0,0,0,0,0,0
24628,0,0,0,0,0,0
24629,0,0,0,0,82,0
24630,0,10,0,0,100,0
24631,0,169,0,12,429,0
24632,0,721,0,64,531,0
24633,0,1288,0,210,970,0
24634,0,1902,0,232,1234,0
24635,0,2456,0,128,1589,0
24636,0,2782,0,45,1845,0
24637,0,2854,0,49,1686,0
24638,0,3094,0,21,2616,18
24639,0,3435,0,139,2473,0
24640,0,3678,0,614,2924,0
24641,0,4114,0,1215,3018,0
24642,0,4388,0,1534,3081,54
24643,0,4213,0,1585,3432,87
24644,0,4115,0,1564,5099,92
24645,0,4106,0,1338,5960,110
24646,0,4498,0,1450,7193,78
24647,0,5079,0,1278,9239,53
24648,0,5467,0,1234,10680,87
24649,0,5825,3,1019,11390,81
24650,0,6138,4,726,12714,80
24651,0,6132,0,339,13134,55
24652,0,6096,0,126,14536,19
24653,0,6088,6,65,15385,5
24654,0,6025,0,38,15525,3
24655,0,5790,0,206,14677,0
24656,0,5803,0,687,14739,0
24657,0,5687,0,1202,13553,0
24658,0,5541,0,2071,12537,0
24659,0,5379,0,2551,11749,0
24660,0,5074,0,2310,10057,0
24661,0,4877,0,2112,8493,3
24662,0,4750,0,1779,6675,0
24663,0,4294,0,1207,4557,0
24664,0,4266,55,568,2774,0
24665,0,3846,274,217,1617,0
24666,0,3503,333,64,744,0
24667,0,2975,347,55,57,0
24668,0,2143,364,45,52,0
24669,0,833,5,20,312,0
24670,0,1018,114,25,747,0
24671,0,1126,118,48,947,0
24672,0,1317,0,8,727,0
24673,0,1752,120,11,598,0
24674,0,1598,212,40,594,0
24675,0,2405,0,5,35,0
24676,0,4064,9,17,17,0
24677,0,6203,2,41,169,0
24678,0,9032,0,9,198,0
24679,0,10736,0,31,85,0
24680,0,9057,23,0,6,0
24681,0,5455,45,50,14,0
24682,0,3372,20,13,140,0
24683,0,1730,0,15,129,0
24684,0,1059,0,52,24,0
24685,0,822,0,19,10,0
24686,19,574,0,18,48,0
24687,0,301,0,0,1,0
24688,0,16,0,16,18,0
24689,0,0,0,28,27,0
24690,0,0,0,4,1,0
24691,0,4,0,15,22,0
24692,0,3,0,46,74,0
24693,0,0,0,0,120,0
24694,0,0,0,10,191,0
24695,0,0,0,15,204,0
24696,0,0,0,2,10,0
24697,0,0,0,0,0,0
24698,0,0,0,7,0,0
24699,0,0,0,44,69,0
24700,0,0,0,93,148,0
24701,0,0,0,16,47,0
24702,0,0,0,14,9,0
24703,0,0,0,33,10,0
24704,0,0,0,52,347,0
24705,0,0,0,47,159,0
24706,0,0,0,24,8,0
24707,0,0,0,16,7,0
24708,0,0,0,26,0,0
24709,0,0,0,3,164,0
24710,0,0,0,0,309,0
24711,0,0,0,14,2,0
24712,0,0,0,18,3,0
24713,0,0,0,73,169,0
24714,0,0,0,141,1271,0
24715,0,0,0,222,2150,0
24716,0,0,0,251,2235,0
24717,0,0,0,454,3038,0
24718,0,0,0,721,4976,0
24719,0,0,0,1138,7267,0
24720,0,0,0,1505,9018,0
24721,0,0,0,1888,10206,2
24722,0,0,0,2122,11525,0
24723,0,0,0,1882,12707,0
24724,0,0,0,1045,12615,0
24725,0,0,0,552,13046,0
24726,0,6,0,31,13038,0
24727,0,1,0,59,14005,0
24728,0,0,0,84,15044,0
24729,0,0,0,226,14825,0
24730,0,1,0,424,13709,0
24731,0,8,0,473,11887,0
24732,0,105,0,488,9552,0
24733,0,161,0,654,6171,0
24734,0,234,0,538,4236,0
24735,0,366,0,576,2337,0
24736,0,477,0,612,2360,2
24737,0,550,0,500,3577,0
24738,0,612,0,405,4452,0
24739,0,691,0,468,2469,0
24740,0,850,0,398,1967,85
24741,0,1296,0,460,1840,84
24742,0,1805,0,435,2081,202
24743,4,2260,0,247,1922,165
24744,2,3101,0,121,3423,445
24745,8,4680,0,150,3433,177
24746,17,6374,0,127,2209,669
24747,41,7429,0,68,2767,17
24748,53,7392,0,113,3288,105
24749,37,6054,0,134,4278,96
24750,55,5380,0,96,2692,314
24751,110,5408,0,60,2114,50
24752,166,5610,0,106,1319,3
24753,291,6204,0,19,2172,123
24754,425,6549,0,90,1595,269
24755,595,6509,0,284,2616,210
24756,745,6061,0,409,2237,1
24757,843,6168,0,520,3373,0
24758,948,5672,0,187,2811,1
24759,842,5432,0,83,3252,0
24760,746,4790,0,35,1250,21
24761,540,4248,0,113,826,6
24762,298,3461,0,230,346,6
24763,310,3102,0,101,720,196
24764,180,2353,0,67,1040,26
24765,77,2279,0,8,537,0
24766,12,2065,0,6,120,2
24767,0,2024,0,0,50,0
24768,0,2143,0,20,37,0
24769,0,2835,0,41,167,4
24770,0,3112,0,22,202,0
24771,15,3242,0,0,6,0
24772,44,3737,0,0,0,0
24773,0,5680,0,0,1,16
24774,0,9291,0,0,0,4
24775,0,12877,0,0,25,9
24776,0,14305,0,0,93,0
24777,0,14826,0,0,14,2
24778,0,12050,0,2,0,10
24779,7,8657,0,14,0,3
24780,0,4797,0,0,0,0
24781,11,1814,0,3,8,1
24782,4,2144,0,0,41,30
24783,0,2155,0,0,28,39
24784,0,2052,0,0,39,0
24785,1,2897,0,0,27,0
24786,0,4382,0,0,0,0
24787,0,6153,0,0,0,0
24788,0,8813,93,0,65,31
24789,0,11301,69,8,6,0
24790,5,12642,0,0,0,0
24791,23,13695,59,0,0,0
24792,151,15191,204,0,0,13
24793,184,16458,283,0,0,0
24794,76,17110,83,0,0,0
24795,2,16212,12,0,0,0
24796,0,13957,0,0,10,0
24797,0,10162,0,0,2,0
24798,116,8099,0,0,0,0
24799,273,10280,0,0,0,0
24800,360,9822,0,0,0,0
24801,457,9040,0,0,0,0
24802,476,8177,0,0,0,0
24803,439,7603,0,42,0,0
24804,457,7316,0,0,0,0
24805,472,6480,0,0,0,0
24806,436,5367,0,0,16,0
24807,376,4777,94,0,0,0
24808,283,4725,413,1,0,0
24809,207,5058,128,0,0,0
24810,126,5667,0,0,0,0
24811,102,6217,0,0,0,0
24812,166,5614,0,0,0,0
24813,268,3039,0,0,0,0
24814,298,4772,0,0,0,0
24815,300,6249,0,0,0,0
24816,174,6144,0,0,0,0
24817,111,6647,0,0,0,0
24818,54,7180,0,0,8,0
24819,17,6214,0,0,16,0
24820,2,5313,0,0,10,0
24821,0,3751,0,0,67,0
24822,0,6984,0,0,5,0
24823,0,8490,0,0,2,0
24824,0,9345,0,3,19,0
24825,0,9435,0,22,3,0
24826,0,9193,0,39,56,0
24827,0,9283,0,30,81,0
24828,0,9883,0,15,58,0
24829,0,9928,0,13,13,0
24830,0,9470,69,0,150,0
24831,0,9244,2,0,129,0
24832,0,8895,0,0,136,0
24833,0,8206,2,2,146,0
24834,0,7560,24,0,141,0
24835,0,7005,74,0,290,0
24836,0,6526,84,11,496,0
24837,0,5687,112,0,125,0
24838,0,5243,730,20,347,0
24839,4,5395,784,20,200,0
24840,0,5652,247,6,123,0
24841,4,2321,223,3,58,0
24842,0,596,48,3,29,0
24843,0,727,217,3,7,0
24844,0,45,33,26,0,0
24845,1,401,35,43,74,0
24846,0,106,0,48,12,0
24847,0,33,0,23,11,0
24848,0,0,0,18,0,21
24849,0,0,0,48,7,0
24850,0,0,0,116,4,0
24851,0,0,0,171,89,0
24852,0,0,0,236,18,0
24853,0,1,0,251,11,0
24854,0,0,0,246,38,0
24855,0,0,0,139,0,0
24856,0,0,0,71,1,0
24857,0,14,0,63,0,0
24858,0,144,62,7,0,0
24859,0,239,90,1,0,0
24860,0,319,68,0,0,0
24861,0,233,13,0,0,0
24862,0,190,3,0,0,0
24863,0,203,70,9,0,0
24864,0,220,21,12,0,0
24865,1,154,0,24,0,0
24866,4,94,0,21,0,0
24867,0,32,0,5,0,0
24868,0,0,0,0,0,0
24869,0,0,0,5,0,0
24870,0,4,0,64,0,0
24871,0,0,0,38,3,0
24872,0,0,0,38,0,0
24873,0,0,0,6,0,0
24874,0,0,0,0,0,0
24875,0,0,0,68,0,0
24876,0,0,0,17,0,0
24877,0,26,0,6,14,0
24878,0,18,0,13,55,0
24879,0,0,0,14,22,0
24880,0,0,0,0,2,0
24881,0,0,31,0,23,0
24882,0,39,52,8,647,0
24883,0,102,54,4,2977,3
24884,0,139,69,42,6101,111
24885,0,101,52,114,7621,806
24886,0,117,7,29,7977,248
24887,0,119,10,27,8053,21
24888,0,92,0,118,9612,0
24889,8,47,0,94,10040,0
24890,2,14,0,125,11039,0
24891,0,0,0,146,10970,0
24892,0,0,0,276,11079,3
24893,0,0,0,270,10434,1
24894,0,0,0,149,9329,0
24895,0,0,0,86,8383,56
24896,0,0,0,78,8850,12
24897,0,0,0,78,8287,0
24898,0,0,0,58,6977,0
24899,0,0,0,51,4149,8
24900,0,0,0,20,4056,3
24901,0,0,0,39,3574,2
24902,0,0,0,151,3922,6
24903,0,0,0,92,2995,19
24904,0,0,0,42,2262,0
24905,0,0,0,15,2035,3
24906,0,0,0,98,1708,3
24907,0,0,0,12,1636,0
24908,0,0,0,0,1143,0
24909,0,0,0,0,813,0
24910,0,0,0,5,470,0
24911,0,6,3,0,304,0
24912,0,30,1,0,227,0
24913,0,101,32,0,352,0
24914,0,23,4,1,332,0
24915,0,22,0,24,659,18
24916,0,5,0,15,681,24
24917,0,1,0,24,759,79
24918,0,19,0,37,270,15
24919,0,1,0,79,295,1
24920,0,0,0,256,509,21
24921,0,0,3,451,674,215
24922,0,0,0,231,1097,237
24923,0,0,0,181,1392,0
24924,0,0,0,284,1847,0
24925,0,0,0,188,1998,0
24926,0,0,7,117,2239,77
24927,0,0,0,54,1483,8
24928,0,0,4,0,1227,0
24929,0,0,0,64,1384,0
24930,0,0,0,91,1322,0
24931,0,0,0,25,1528,1
24932,0,0,0,15,1446,8
24933,0,0,0,3,1209,6
24934,0,0,0,11,1163,0
24935,0,0,0,0,1163,0
24936,0,18,0,0,1103,1
24937,0,9,0,0,1366,0
24938,0,18,19,0,1411,0
24939,0,0,0,30,1279,0
24940,0,36,0,112,1115,0
24941,0,46,0,110,1130,0
24942,0,40,0,24,1102,0
24943,0,80,0,65,1176,0
24944,2,118,0,47,794,0
24945,0,113,0,17,637,0
24946,0,78,0,1,307,0
24947,2,22,0,26,300,0
24948,0,0,0,42,57,0
24949,0,12,0,100,85,0
24950,0,5,0,106,10,2
24951,0,0,0,91,6,0
24952,0,0,0,21,39,0
24953,0,0,0,2,499,0
24954,0,0,0,81,111,0
24955,0,0,0,89,770,0
24956,0,0,0,101,285,0
24957,0,0,0,98,598,0
24958,0,0,0,145,745,0
24959,0,0,0,65,1237,0
24960,0,0,0,39,1735,0
24961,0,0,0,1,2648,0
24962,0,0,0,0,3187,0
24963,0,3,0,19,3836,0
24964,0,5,0,5,4389,0
24965,0,8,0,0,4602,0
24966,0,45,0,5,4343,0
24967,0,25,0,0,4025,0
24968,0,0,0,0,3280,0
24969,0,0,0,0,2722,0
24970,0,0,0,0,2324,0
24971,0,0,0,0,2389,0
24972,0,0,0,0,2690,0
24973,6,0,0,12,3103,0
24974,19,0,0,3,3363,0
24975,18,0,0,0,3650,0
24976,50,0,0,0,3677,0
24977,66,0,0,18,3263,0
24978,95,0,0,12,4020,0
24979,131,0,0,13,4938,0
24980,200,0,0,0,5485,0
24981,268,0,0,13,7169,0
24982,319,0,0,129,9331,3
24983,361,0,0,98,9559,0
24984,372,0,0,27,8105,1
24985,381,0,0,115,7248,0
24986,375,0,0,2,5942,1
24987,472,0,0,0,5070,0
24988,432,0,0,76,6387,0
24989,439,0,0,41,7035,0
24990,346,0,0,62,6852,0
24991,246,0,0,41,5906,0
24992,60,0,0,0,5676,0
24993,0,0,0,3,5809,13
24994,0,0,0,9,3665,0
24995,0,0,0,17,2741,0
24996,0,0,0,96,2675,0
24997,0,0,0,252,3847,0
24998,16,0,0,339,3528,42
24999,36,0,0,372,3438,16
25000,126,0,0,460,1462,12
25001,223,0,0,466,341,0
25002,212,0,0,507,929,4
25003,367,0,0,559,1578,0
25004,382,3,0,590,3170,0
25005,363,0,0,565,3825,0
25006,348,0,0,653,4968,7
25007,328,1,0,603,4324,0
25008,298,4,0,642,4814,2
25009,212,0,0,574,3686,0
25010,158,0,0,569,3697,0
25011,117,0,0,494,2870,0
25012,41,0,0,518,3266,0
25013,8,4,0,437,3272,0
25014,0,2,0,501,4037,0
25015,0,140,5,434,4260,0
25016,0,340,38,512,4350,0
25017,0,317,33,454,4256,0
25018,0,69,6,459,4117,0
25019,0,32,16,468,4060,0
25020,0,0,0,262,3907,0
25021,0,0,0,155,4349,14
25022,0,0,0,28,3824,0
25023,0,0,0,4,3900,0
25024,0,0,0,3,3104,3
25025,0,0,0,68,3600,0
25026,0,0,0,241,3683,0
25027,0,0,0,467,3686,0
25028,0,0,0,767,3941,0
25029,0,0,0,957,4224,0
25030,0,0,0,1141,4477,4
25031,0,0,0,1388,4826,0
25032,0,0,0,1269,4876,0
25033,0,0,0,1448,4431,0
25034,0,0,0,1320,3151,12
25035,0,0,0,1370,2404,7
25036,0,0,0,1106,2482,0
25037,0,0,0,1004,1258,0
25038,0,0,0,777,523,0
25039,0,0,0,566,111,5
25040,0,0,0,408,113,0
25041,0,0,0,237,502,46
25042,0,0,0,39,5,0
25043,0,0,0,20,45,0
25044,0,0,0,10,34,0
25045,0,0,0,35,109,0
25046,0,0,0,150,6,0
25047,0,0,0,99,7,0
25048,0,0,0,92,0,0
25049,0,0,0,34,26,0
25050,0,0,0,24,6,0
25051,0,0,0,0,199,1
25052,0,0,0,0,3,0
25053,0,0,0,0,36,0
25054,0,0,0,0,17,0
25055,0,0,0,0,40,0
25056,0,0,0,0,51,0
25057,0,0,0,0,121,0
25058,0,0,0,3,455,0
25059,0,0,0,6,270,0
25060,0,0,0,16,666,0
25061,0,0,0,10,987,0
25062,0,0,0,34,1137,0
25063,0,0,0,54,1139,0
25064,0,0,0,72,1133,0
25065,0,0,0,63,736,0
25066,0,0,0,104,439,0
25067,0,0,0,3,209,0
25068,0,0,0,54,501,0
25069,0,0,0,31,471,0
25070,0,0,0,0,488,0
25071,0,0,0,14,361,0
25072,0,0,0,27,272,0
25073,0,0,0,80,352,0
25074,0,0,0,136,106,0
25075,0,0,0,197,135,0
25076,0,0,0,233,85,0
25077,0,0,0,217,9,0
25078,0,0,0,129,42,0
25079,0,0,0,86,20,0
25080,0,0,0,0,29,0
25081,0,0,0,37,56,0
25082,0,0,0,62,96,0
25083,0,10,0,33,287,0
25084,0,0,0,14,544,0
25085,0,0,0,0,583,0
25086,0,0,0,0,300,0
25087,0,0,0,1,197,4
25088,0,0,0,0,126,158
25089,0,0,0,0,76,146
25090,0,0,0,0,28,0
25091,0,0,0,0,25,0
25092,0,0,0,7,7,9
25093,0,0,0,34,0,71
25094,0,0,0,27,0,2
25095,0,0,0,0,2,0
25096,0,0,0,0,17,0
25097,0,0,0,36,0,5
25098,0,0,0,20,0,0
25099,0,0,0,10,0,0
25100,0,0,0,40,0,0
25101,0,0,0,96,0,0
25102,0,0,0,131,0,0
25103,0,0,0,87,10,0
25104,0,0,0,0,0,0
25105,0,0,0,38,63,0
25106,0,0,0,15,17,0
25107,0,0,0,7,4,0
25108,0,0,0,75,0,0
25109,0,0,0,0,0,0
25110,0,0,0,0,2,0
25111,0,0,0,0,20,0
25112,0,0,0,11,9,0
25113,0,0,0,39,15,0
25114,0,0,0,141,91,0
25115,0,0,0,216,70,0
25116,0,0,0,266,39,0
25117,0,0,0,348,137,0
25118,0,0,0,270,165,1
25119,0,0,0,52,131,1
25120,0,0,0,17,33,0
25121,0,0,0,31,74,0
25122,0,0,0,0,6,0
25123,0,0,0,0,19,0
25124,0,0,0,0,27,0
25125,0,0,0,9,90,0
25126,0,0,0,31,528,0
25127,0,0,0,61,909,0
25128,0,0,0,100,1045,0
25129,0,0,0,158,1552,0
25130,0,0,0,169,1623,0
25131,0,0,0,120,1900,0
25132,0,0,0,128,2392,0
25133,0,0,0,217,2607,3
25134,0,0,0,122,2722,8
25135,0,0,0,78,2849,0
25136,0,0,0,11,2850,20
25137,0,0,0,0,2678,24
25138,0,0,0,0,2501,0
25139,0,0,0,45,2249,0
25140,0,0,0,2,1810,0
25141,0,0,0,6,1523,0
25142,0,0,0,9,1243,0
25143,0,0,0,0,884,0
25144,0,0,0,0,647,0
25145,0,0,0,0,1194,0
25146,0,0,0,0,1854,0
25147,0,0,0,0,2480,0
25148,0,0,0,0,3068,0
25149,0,0,0,0,3502,0
25150,0,0,0,0,3564,0
25151,0,0,0,0,3556,0
25152,0,0,0,0,3410,0
25153,0,0,0,2,2944,0
25154,0,0,0,13,2560,0
25155,0,0,0,0,1957,0
25156,0,0,0,12,1566,0
25157,0,0,0,0,1593,0
25158,0,0,0,0,1862,0
25159,0,0,0,0,1998,0
25160,0,0,0,0,2028,0
25161,0,0,0,21,2071,0
25162,0,0,0,34,2067,0
25163,0,0,0,22,2030,0
25164,0,0,0,10,1903,0
25165,0,0,0,11,1682,0
25166,0,0,0,180,1074,0
25167,0,0,0,39,269,0
25168,0,0,0,0,224,0
25169,0,0,0,0,410,0
25170,0,0,0,0,263,0
25171,0,0,0,0,142,0
25172,0,0,0,0,74,0
25173,0,0,0,9,60,0
25174,0,0,0,21,12,0
25175,0,0,0,27,36,0
25176,0,0,0,4,2,0
25177,0,0,0,0,3,0
25178,0,0,0,0,47,0
25179,0,0,0,0,2,0
25180,0,0,0,47,0,0
25181,0,0,0,58,0,0
25182,0,0,0,38,5,0
25183,0,0,0,36,1,0
25184,0,0,0,0,210,0
25185,0,0,0,0,61,0
25186,0,0,0,2,535,2
25187,0,0,0,0,110,0
25188,0,0,0,0,542,0
25189,0,0,0,0,148,0
25190,0,0,0,42,487,0
25191,0,0,0,16,33,0
25192,0,0,0,44,243,0
25193,0,0,0,75,172,0
25194,0,0,0,45,31,0
25195,0,0,0,5,227,0
25196,0,0,0,1,0,2
25197,0,0,0,0,76,0
25198,0,0,0,10,47,4
25199,0,0,0,6,9,0
25200,0,0,0,5,236,0
25201,0,0,0,4,28,4
25202,0,0,0,0,135,0
25203,0,0,0,2,8,0
25204,0,0,0,0,9,0
25205,0,0,0,4,0,0
25206,0,0,0,0,0,0
25207,0,0,0,0,17,0
25208,0,0,0,0,0,0
25209,0,0,0,0,1,0
25210,0,0,0,0,0,0
25211,0,0,0,0,0,0
25212,0,0,0,98,0,1
25213,0,0,0,9,6,0
25214,0,0,0,33,0,0
25215,0,0,0,0,94,0
25216,0,0,0,12,0,0
25217,0,0,0,11,153,0
25218,0,0,0,426,5,0
25219,0,0,0,1314,32,0
25220,0,0,0,1586,40,0
25221,0,0,0,1253,15,0
25222,0,0,0,770,21,0
25223,0,0,0,541,210,0
25224,0,0,0,565,10,0
25225,0,0,0,632,50,0
25226,0,0,0,777,47,0
25227,0,0,0,798,35,0
25228,0,0,0,867,244,0
25229,0,0,0,943,58,0
25230,0,0,0,984,124,0
25231,0,0,0,1104,174,4
25232,0,0,0,1071,152,0
25233,0,0,0,955,4,0
25234,0,0,0,726,232,0
25235,0,0,0,672,23,0
25236,0,0,0,344,94,0
25237,0,0,0,371,11,0
25238,0,0,0,357,0,0
25239,0,0,0,609,21,0
25240,0,0,0,706,64,1
25241,0,0,0,677,61,2
25242,0,0,0,517,9,2
25243,0,0,0,355,178,0
25244,0,0,0,316,0,0
25245,0,0,0,264,39,0
25246,0,0,0,175,0,0
25247,0,0,0,78,35,0
25248,0,0,0,6,28,0
25249,0,0,0,6,8,0
25250,0,0,0,11,1,0
25251,0,0,0,83,0,0
25252,0,0,0,60,1,0
25253,0,0,0,71,1,0
25254,0,0,0,49,0,0
25255,0,0,0,115,17,0
25256,0,0,0,117,2,0
25257,0,0,0,231,21,0
25258,0,0,0,251,48,0
25259,0,0,0,274,140,0
25260,0,0,0,131,42,0
25261,0,0,0,54,78,0
25262,0,0,0,48,149,0
25263,0,0,0,184,17,0
25264,0,0,0,153,2,0
25265,0,0,0,6,0,0
25266,0,0,0,6,0,0
25267,0,0,0,16,38,0
25268,0,0,0,0,5,0
25269,0,0,0,7,177,0
25270,0,0,0,28,0,0
25271,0,0,0,2,0,0
25272,0,0,0,17,0,0
25273,0,0,0,0,1,0
25274,0,0,0,5,7,0
25275,0,0,0,0,4,0
25276,0,0,0,42,30,2
25277,0,0,0,70,22,0
25278,0,0,0,123,336,0
25279,0,0,0,166,1199,1
25280,0,0,0,140,1841,0
25281,0,0,0,129,1707,0
25282,0,0,0,239,1449,0
25283,0,0,0,99,995,0
25284,0,0,0,32,947,1
25285,0,0,0,22,784,3
25286,0,0,0,73,760,0
25287,0,0,0,110,1188,0
25288,6,0,0,88,1374,0
25289,6,0,0,75,1638,0
25290,0,0,0,129,767,0
25291,0,0,0,294,1203,4
25292,0,0,0,178,1225,0
25293,0,0,0,130,1361,0
25294,0,0,0,110,641,1
25295,0,0,0,249,312,0
25296,0,0,0,353,183,0
25297,0,0,0,120,221,0
25298,0,0,0,5,27,0
25299,0,0,0,6,0,0
25300,0,0,0,1,56,0
25301,0,0,0,16,325,0
25302,0,0,0,54,111,0
25303,0,0,0,72,44,0
25304,0,0,0,19,0,0
25305,0,0,0,178,0,0
25306,6,0,0,62,5,0
25307,0,0,0,24,6,0
25308,2,0,0,0,1,0
25309,0,0,0,0,17,0
25310,0,0,0,0,61,0
25311,0,0,0,0,127,0
25312,0,0,0,0,77,0
25313,0,0,0,10,72,0
25314,0,0,0,17,9,0
25315,0,0,0,74,20,0
25316,0,0,0,203,38,0
25317,0,0,0,116,12,0
25318,0,0,0,55,5,0
25319,0,0,0,167,12,0
25320,0,0,0,321,9,0
25321,0,0,0,170,24,0
25322,0,0,0,2,0,0
25323,0,0,0,16,0,0
25324,0,0,0,4,0,0
25325,0,0,0,24,0,9
25326,0,0,0,35,0,0
25327,0,0,0,35,0,0
25328,0,0,0,25,50,0
25329,4,0,0,39,144,0
25330,0,0,0,0,347,0
25331,0,0,0,0,459,0
25332,0,0,0,1,312,0
25333,0,0,0,0,300,0
25334,0,0,0,20,358,0
25335,0,0,0,42,376,0
25336,0,0,0,0,422,0
25337,0,0,0,4,455,1
25338,0,0,0,56,494,3
25339,0,0,0,127,295,28
25340,0,0,0,358,316,36
25341,0,0,0,366,227,164
25342,0,0,0,279,220,302
25343,0,0,0,220,133,181
25344,0,0,0,146,182,48
25345,0,0,0,6,281,7
25346,0,0,0,182,419,0
25347,0,0,0,228,406,0
25348,0,0,0,53,522,9
25349,0,0,0,9,674,2
25350,0,0,0,6,632,84
25351,0,0,0,93,717,49
25352,0,0,0,158,831,30
25353,0,0,0,34,462,11
25354,0,0,0,1,176,27
25355,0,0,0,0,526,61
25356,0,0,0,0,649,32
25357,0,0,0,3,774,3
25358,0,0,0,58,928,0
25359,0,0,0,60,1509,0
25360,0,0,0,4,2280,12
25361,0,0,0,4,2744,7
25362,0,0,0,0,2842,0
25363,0,0,0,0,2930,0
25364,0,0,0,0,3372,0
25365,0,0,0,0,3336,0
25366,0,0,0,16,3350,0
25367,0,1,0,53,2336,0
25368,0,0,0,57,1987,0
25369,0,0,0,46,1657,0
25370,0,0,0,44,2183,0
25371,0,0,0,43,2542,0
25372,0,73,2,79,2404,0
25373,0,72,0,82,1525,0
25374,0,513,45,129,771,0
25375,4,1294,67,157,1192,0
25376,0,2740,90,190,2665,0
25377,0,4180,61,176,3363,0
25378,0,5351,7,74,4615,0
25379,0,7278,294,58,5006,1
25380,0,9272,2337,19,4819,0
25381,0,10850,1121,44,3408,6
25382,0,12494,786,7,521,0
25383,0,14491,645,173,4363,2
25384,0,16214,494,240,5561,0
25385,0,16367,509,331,5993,0
25386,0,17375,72,194,3243,0
25387,54,15544,8,163,779,0
25388,632,11771,7,220,2027,0
25389,627,7945,3,117,3820,0
25390,922,6543,1,11,5412,0
25391,871,5104,3,54,6479,4
25392,632,3625,0,107,7585,41
25393,463,2299,5,15,8300,161
25394,365,1365,6,34,8887,184
25395,351,692,4,51,8665,97
25396,162,377,9,44,8882,81
25397,57,72,2,17,8389,52
25398,0,6,0,25,8121,11
25399,6,2,20,15,7681,12
25400,1,0,32,27,8146,27
25401,6,0,50,3,8079,0
25402,0,0,73,20,9285,7
25403,28,6,101,61,9600,8
25404,37,0,0,112,9055,0
25405,44,0,0,79,8334,0
25406,126,309,0,60,8309,0
25407,237,659,0,107,7374,0
25408,269,1318,0,381,6314,0
25409,228,1708,0,377,5858,0
25410,283,2296,0,323,8197,0
25411,204,2730,4,137,10344,0
25412,224,3173,0,20,10533,0
25413,151,3269,0,16,9938,0
25414,58,3380,0,244,8518,0
25415,136,3060,0,583,5214,0
25416,298,2633,0,632,3376,0
25417,461,2029,0,741,2683,0
25418,397,1604,0,505,4146,0
25419,398,1061,0,360,6880,0
25420,361,611,0,162,9579,0
25421,312,135,0,64,12128,21
25422,263,15,0,0,14525,25
25423,32,0,0,0,14200,39
25424,62,0,0,22,11867,105
25425,65,0,0,192,9831,104
25426,170,0,0,288,7086,37
25427,283,0,0,347,4034,0
25428,441,0,0,320,3825,0
25429,596,0,0,287,3567,0
25430,639,12,0,320,4788,0
25431,826,149,0,306,6228,3
25432,945,288,0,486,7255,31
25433,1159,310,0,542,7489,159
25434,1346,77,0,199,6800,162
25435,1627,22,0,103,7011,220
25436,1688,2,0,56,5374,60
25437,1723,2,0,76,1436,93
25438,1582,4,0,94,2193,85
25439,1458,46,0,31,279,0
25440,1136,48,0,36,928,0
25441,1224,126,0,251,841,2
25442,947,212,0,553,781,0
25443,1011,425,0,988,908,13
25444,999,610,0,842,626,0
25445,850,1008,0,284,696,0
25446,679,1412,0,62,211,3
25447,493,2349,0,542,499,0
25448,632,3326,0,699,1628,39
25449,936,4578,0,145,1243,0
25450,1132,5262,0,59,642,13
25451,1267,6172,0,5,568,5
25452,1351,6898,0,17,880,0
25453,1169,7743,0,80,1545,0
25454,1057,8477,6,66,925,0
25455,1066,9711,12,0,501,0
25456,1111,11709,7,94,526,1
25457,138,17068,115,40,271,0
25458,0,21117,1069,19,397,2
25459,0,18131,1896,1,22,0
25460,0,16077,1105,0,61,0
25461,0,12658,845,0,261,1
25462,0,11405,826,0,129,1
25463,0,10690,400,1,121,102
25464,42,9320,276,26,106,2
25465,63,7588,131,42,119,1
25466,152,6440,75,50,109,0
25467,165,5185,62,0,57,0
25468,221,4521,124,0,235,0
25469,246,1505,162,124,593,0
25470,219,1030,142,10,558,0
25471,213,1074,283,46,505,0
25472,164,771,175,83,56,0
25473,156,365,3,77,0,0
25474,131,79,55,147,24,0
25475,82,2,19,366,12,0
25476,7,33,50,407,12,0
25477,0,0,66,507,4,0
25478,0,11,107,558,5,0
25479,0,0,130,567,8,0
25480,0,15,94,553,0,0
25481,0,9,52,548,22,0
25482,4,6,0,541,26,0
25483,8,10,0,685,90,0
25484,2,21,17,615,453,0
25485,0,52,12,573,643,0
25486,0,104,176,527,740,0
25487,3,157,114,476,687,0
25488,3,151,17,390,516,0
25489,7,77,60,385,201,0
25490,0,242,80,363,63,0
25491,0,413,26,302,85,0
25492,0,606,53,315,87,0
25493,0,249,44,280,25,0
25494,0,45,24,264,4,0
25495,0,9,7,206,0,0
25496,0,0,9,104,29,0
25497,0,0,0,107,7,0
25498,0,0,1,24,0,0
25499,0,5,3,2,2,0
25500,0,4,10,0,13,0
25501,0,0,33,0,10,0
25502,0,0,98,15,3,0
25503,0,18,104,44,12,0
25504,0,73,143,59,6,0
25505,0,147,170,157,3,0
25506,0,39,65,260,120,0
25507,0,0,32,331,241,0
25508,0,0,11,383,219,0
25509,0,0,0,357,172,0
25510,0,0,0,319,115,0
25511,0,0,0,313,102,0
25512,0,0,0,235,59,0
25513,0,0,0,202,36,0
25514,0,0,0,107,33,0
25515,0,0,0,34,125,0
25516,0,9,0,2,84,0
25517,0,0,0,37,36,0
25518,0,0,0,34,47,0
25519,0,0,0,39,73,0
25520,0,0,0,9,387,0
25521,0,0,0,0,201,0
25522,0,7,0,35,17,0
25523,0,1,0,4,86,0
25524,0,1,0,0,30,0
25525,0,0,0,16,97,0
25526,0,0,0,11,504,0
25527,0,0,0,0,759,0
25528,0,0,0,1,773,0
25529,0,0,0,2,593,0
25530,0,0,0,11,469,0
25531,0,0,0,2,337,0
25532,0,0,0,0,287,0
25533,0,1,0,0,324,0
25534,0,0,0,0,426,0
25535,0,0,0,31,477,0
25536,0,0,0,17,372,0
25537,0,0,0,41,308,0
25538,0,0,0,18,227,0
25539,0,0,0,14,192,0
25540,0,0,0,28,179,0
25541,0,0,0,40,170,0
25542,0,0,0,58,96,0
25543,0,0,0,7,70,0
25544,0,0,0,43,56,0
25545,0,0,0,44,24,0
25546,0,0,0,38,20,0
25547,0,0,0,35,80,0
25548,0,0,0,10,78,0
25549,0,0,0,0,25,0
25550,0,0,0,0,35,0
25551,0,0,0,0,246,0
25552,0,0,0,58,0,0
25553,0,0,0,69,244,0
25554,0,0,0,241,25,0
25555,0,0,0,447,89,0
25556,0,0,0,560,310,0
25557,0,0,0,725,110,0
25558,0,0,0,683,376,0
25559,0,0,0,599,112,9
25560,0,0,0,641,372,0
25561,0,0,0,517,171,26
25562,0,0,0,414,181,0
25563,0,0,0,173,97,0
25564,0,0,0,38,39,0
25565,0,0,0,107,64,0
25566,0,0,0,154,0,0
25567,0,0,0,85,77,0
25568,0,0,0,1,4,0
25569,0,0,0,0,393,7
25570,0,0,0,203,308,2
25571,0,0,0,95,845,0
25572,0,0,0,24,954,0
25573,0,0,0,107,1073,0
25574,0,0,0,20,1383,0
25575,0,0,0,1,1167,3
25576,0,0,0,45,1173,4
25577,0,0,0,9,985,1
25578,0,0,0,4,935,0
25579,0,0,0,0,978,0
25580,0,0,0,9,821,0
25581,0,0,0,34,672,0
25582,0,0,0,35,575,4
25583,0,0,0,53,413,1
25584,0,0,0,86,341,0
25585,0,0,0,57,206,0
25586,0,0,0,103,379,0
25587,0,0,0,36,124,0
25588,0,0,0,21,730,0
25589,0,0,0,5,1081,0
25590,0,0,0,0,1291,0
25591,0,0,0,0,967,0
25592,0,0,0,1,1007,2
25593,0,0,0,3,940,0
25594,0,0,0,9,738,0
25595,0,0,0,53,916,0
25596,0,0,0,133,463,0
25597,0,0,0,119,254,0
25598,0,0,0,96,262,0
25599,0,0,0,154,389,0
25600,0,0,0,240,2036,0
25601,0,0,0,482,3070,0
25602,0,0,0,915,4513,0
25603,0,0,0,1248,4261,8
25604,0,0,0,1486,5836,5
25605,0,0,0,1445,3939,11
25606,0,0,0,1431,3058,16
25607,0,0,0,1383,1337,2
25608,0,0,0,1075,830,0
25609,0,0,0,731,808,0
25610,0,0,0,536,2995,0
25611,0,0,0,401,4401,0
25612,0,0,0,171,5266,53
25613,0,0,0,26,4892,50
25614,0,0,0,48,3546,94
25615,0,0,0,90,1339,17
25616,0,0,0,82,1170,0
25617,0,0,0,235,966,0
25618,0,0,0,551,657,8
25619,0,0,0,678,620,78
25620,0,0,0,749,271,0
25621,0,0,0,595,942,2
25622,0,0,0,499,836,0
25623,0,0,0,306,269,1
25624,0,0,0,156,53,6
25625,0,0,0,39,56,0
25626,0,0,0,39,4,0
25627,0,0,0,39,28,0
25628,0,0,0,84,128,0
25629,0,0,0,153,12,2
25630,0,0,0,185,0,0
25631,0,0,0,7,0,0
25632,0,0,0,84,0,0
25633,0,0,0,40,72,1
25634,0,0,0,5,132,2
25635,0,0,0,0,5,0
25636,0,0,0,0,0,1
25637,0,0,0,0,0,0
25638,0,0,0,0,0,0
25639,0,0,0,0,0,0
25640,0,0,0,0,0,0
25641,0,0,0,28,0,0
25642,0,0,0,142,9,0
25643,0,0,0,98,30,0
25644,0,0,0,50,1,0
25645,0,0,0,108,0,0
25646,0,0,0,190,0,0
25647,0,0,0,193,0,0
25648,0,0,0,241,0,0
25649,0,0,0,165,39,0
25650,0,0,0,90,0,0
25651,0,0,0,176,5,0
25652,0,0,0,229,2,0
25653,0,0,0,93,0,2
25654,0,0,0,7,80,0
25655,0,0,0,0,114,0
25656,0,0,0,5,83,0
25657,0,0,0,45,4,0
25658,0,0,0,94,19,0
25659,0,0,0,185,16,3
25660,0,0,0,193,79,0
25661,0,0,0,128,112,0
25662,0,0,0,49,147,0
25663,0,0,0,12,179,0
25664,0,0,0,1,173,0
25665,0,0,0,2,148,0
25666,0,0,0,33,127,15
25667,0,0,0,16,209,142
25668,0,0,0,2,139,42
25669,0,0,0,1,15,0
25670,0,0,0,53,40,0
25671,0,0,0,57,76,0
25672,0,0,0,62,37,0
25673,0,0,0,0,9,4
25674,0,0,0,19,9,0
25675,0,0,0,4,88,0
25676,0,0,0,23,11,0
25677,0,0,0,1,55,0
25678,0,0,0,6,126,0
25679,0,0,0,9,286,0
25680,0,0,0,0,578,0
25681,0,0,0,6,651,0
25682,0,0,0,16,555,0
25683,0,0,0,16,349,0
25684,0,0,0,91,385,0
25685,0,0,0,93,391,0
25686,0,0,0,59,226,0
25687,0,0,0,0,20,0
25688,2,0,0,1,44,0
25689,2,0,0,1,40,0
25690,4,0,0,0,36,0
25691,0,0,0,0,142,0
25692,0,0,0,0,219,0
25693,0,0,0,2,236,0
25694,0,0,0,18,390,0
25695,0,0,0,6,506,0
25696,0,0,0,8,607,0
25697,2,0,0,0,659,0
25698,0,0,0,0,517,0
25699,0,0,0,0,547,0
25700,0,0,0,0,235,0
25701,0,0,0,25,275,0
25702,0,0,0,0,564,0
25703,4,0,0,0,280,0
25704,0,0,0,46,175,0
25705,0,0,0,81,337,0
25706,0,0,0,326,354,0
25707,0,0,0,558,47,0
25708,0,0,0,444,130,0
25709,0,0,0,98,295,0
25710,0,0,0,1,520,0
25711,0,0,0,58,716,1
25712,0,0,0,69,924,0
25713,0,0,0,88,822,0
25714,0,0,0,79,527,0
25715,0,0,0,98,273,0
25716,0,0,0,103,68,0
25717,0,0,0,91,62,0
25718,0,0,0,253,408,3
25719,0,0,0,304,686,0
25720,0,0,0,437,775,0
25721,0,0,0,377,665,0
25722,0,0,0,368,233,0
25723,0,0,0,374,31,0
25724,0,0,0,230,29,0
25725,0,0,0,136,0,0
25726,0,0,0,128,96,0
25727,0,0,0,35,160,0
25728,0,0,0,0,228,0
25729,0,0,0,0,345,0
25730,0,0,0,2,614,0
25731,0,0,0,39,901,0
25732,0,0,0,21,1302,0
25733,0,0,0,202,2015,42
25734,0,0,0,71,3171,8
25735,0,0,0,87,4315,0
25736,0,0,0,103,4335,0
25737,0,0,0,190,3486,66
25738,1,0,0,241,3377,446
25739,0,0,0,314,3364,30
25740,4,0,0,297,3100,0
25741,0,0,0,225,2967,0
25742,2,0,0,127,3326,2
25743,0,0,0,69,2456,0
25744,0,0,0,424,2696,0
25745,0,0,0,1618,2940,0
25746,0,0,0,2073,3373,0
25747,0,0,0,1465,4299,0
25748,0,0,0,525,4229,0
25749,0,0,0,214,4094,0
25750,0,0,0,243,3883,0
25751,0,0,0,168,4188,0
25752,0,0,0,83,4180,0
25753,0,0,0,148,4172,0
25754,0,0,0,288,3984,0
25755,0,0,0,64,3341,0
25756,0,0,0,6,2445,4
25757,0,0,0,88,2553,0
25758,0,0,0,45,2332,0
25759,0,0,0,4,2034,2
25760,0,0,0,2,1964,0
25761,0,0,0,18,2080,0
25762,0,0,0,51,2136,0
25763,0,0,0,65,1894,0
25764,0,0,0,52,1360,0
25765,0,0,0,2,1449,0
25766,0,0,0,3,725,0
25767,0,0,0,3,723,0
25768,0,0,0,0,484,0
25769,0,0,0,1,593,47
25770,0,0,0,3,659,398
25771,0,0,0,1,786,288
25772,0,0,0,20,784,55
25773,0,0,0,52,482,0
25774,0,0,0,244,685,0
25775,0,0,0,320,700,32
25776,0,0,0,660,785,45
25777,0,0,0,785,754,3
25778,0,0,0,944,336,0
25779,0,0,0,964,442,0
25780,0,0,0,1087,866,0
25781,0,0,0,1099,877,0
25782,0,0,0,1004,1357,0
25783,0,0,0,908,1155,0
25784,0,0,0,786,1526,0
25785,0,0,0,783,1059,0
25786,0,0,0,669,1283,0
25787,0,0,0,637,1269,0
25788,0,0,0,631,1409,0
25789,0,0,0,708,1598,0
25790,0,0,0,715,1534,0
25791,0,0,0,797,1600,0
25792,0,0,0,679,1231,0
25793,0,0,0,559,912,0
25794,0,0,0,408,298,0
25795,0,0,0,317,101,0
25796,0,0,0,111,44,0
25797,0,0,0,38,34,0
25798,0,0,0,0,75,0
25799,0,0,0,0,260,0
25800,0,0,0,0,315,0
25801,0,0,0,2,103,0
25802,0,0,0,39,172,0
25803,0,0,0,1,439,0
25804,0,0,0,15,669,1
25805,0,0,0,22,883,0
25806,0,0,0,50,1697,0
25807,0,0,0,58,2491,0
25808,0,0,0,155,3267,0
25809,0,0,0,162,3337,0
25810,0,0,0,168,4001,0
25811,0,0,0,74,3092,0
25812,0,0,0,37,3046,0
25813,0,0,0,0,1528,0
25814,0,0,0,20,1396,0
25815,0,0,0,60,510,0
25816,0,0,0,340,1118,0
25817,0,0,0,511,1191,0
25818,0,0,0,639,1745,0
25819,0,0,0,668,1795,0
25820,0,0,0,799,3208,3
25821,0,0,0,624,2488,0
25822,0,0,0,592,2604,1
25823,0,0,0,406,2206,1
25824,0,0,0,194,1480,5
25825,0,0,0,31,1348,0
25826,0,0,0,11,641,0
25827,0,0,0,36,1952,0
25828,0,0,0,85,2843,0
25829,0,49,8,282,4012,35
25830,0,92,0,523,4150,7
25831,0,268,28,711,4459,1
25832,0,98,19,714,4385,79
25833,0,34,5,696,2991,1
25834,0,0,0,496,1574,5
25835,0,0,0,377,756,23
25836,0,0,0,227,650,0
25837,0,0,0,107,391,11
25838,0,0,0,1,257,81
25839,0,0,0,10,295,154
25840,0,0,0,29,73,0
25841,0,0,0,207,383,9
25842,0,0,0,660,2,0
25843,0,0,0,1067,266,0
25844,0,0,0,1051,103,49
25845,0,0,0,819,463,0
25846,0,0,0,685,244,0
25847,0,0,0,618,529,0
25848,0,0,0,537,130,0
25849,0,0,0,448,158,0
25850,0,0,0,352,67,0
25851,0,0,0,210,334,0
25852,0,0,0,34,150,0
25853,0,0,0,43,215,0
25854,0,0,0,3,140,0
25855,0,0,0,2,41,0
25856,0,0,0,64,61,0
25857,0,0,0,67,123,0
25858,0,0,0,10,119,0
25859,0,0,0,0,22,1
25860,0,0,0,0,51,72
25861,0,0,0,12,71,8
25862,0,0,0,71,163,1
25863,0,0,0,58,200,1
25864,0,0,0,74,300,0
25865,0,0,0,111,283,0
25866,8,0,0,212,36,0
25867,0,0,0,118,29,0
25868,0,0,0,100,45,18
25869,0,0,0,194,2,0
25870,0,0,0,297,60,0
25871,0,0,0,409,137,0
25872,0,0,0,424,127,0
25873,0,0,0,405,166,0
25874,0,0,0,294,51,0
25875,0,0,0,104,49,0
25876,0,0,0,33,123,2
25877,0,0,0,4,79,0
25878,0,0,0,0,121,0
25879,0,0,0,2,130,0
25880,0,0,0,27,7,0
25881,0,0,0,64,5,0
25882,0,0,0,108,198,0
25883,0,0,0,91,525,0
25884,0,0,0,167,765,0
25885,0,0,0,105,1282,1
25886,0,0,0,58,1391,0
25887,0,0,0,33,695,0
25888,0,0,0,14,422,0
25889,0,0,0,55,137,0
25890,0,0,0,11,53,0
25891,0,0,0,37,111,0
25892,0,0,0,66,190,0
25893,0,0,0,79,365,0
25894,0,0,0,68,485,0
25895,0,0,0,19,602,0
25896,0,0,0,60,873,0
25897,0,0,0,72,1115,0
25898,0,0,0,50,1055,0
25899,0,0,0,81,429,0
25900,0,0,0,54,64,0
25901,0,0,0,24,58,0
25902,0,0,0,2,105,0
25903,0,0,0,94,43,0
25904,0,0,0,150,153,0
25905,0,0,0,73,46,0
25906,0,0,0,89,70,0
25907,0,0,0,139,23,0
25908,0,0,0,51,28,0
25909,0,0,0,18,2,0
25910,0,0,0,32,67,0
25911,0,0,0,14,105,0
25912,0,0,0,6,37,0
25913,0,0,0,69,40,0
25914,0,0,0,114,151,0
25915,0,0,0,35,165,0
25916,0,0,0,0,124,0
25917,0,0,0,0,42,0
25918,0,0,0,0,271,0
25919,0,0,0,16,367,0
25920,0,0,0,32,204,0
25921,0,0,0,32,230,0
25922,0,0,0,25,277,0
25923,0,0,0,0,193,0
25924,4,0,0,13,183,0
25925,0,0,0,19,24,0
25926,0,0,0,4,170,0
25927,0,0,0,35,103,0
25928,0,0,0,6,112,2
25929,0,0,0,13,43,0
25930,0,0,0,11,80,0
25931,0,0,0,19,174,0
25932,0,0,0,38,186,6
25933,0,0,0,36,176,6
25934,0,0,0,67,184,0
25935,0,0,0,28,182,0
25936,0,0,0,68,12,0
25937,0,0,0,41,236,0
25938,0,0,0,174,257,0
25939,0,0,0,274,239,0
25940,0,0,0,76,309,0
25941,0,0,0,46,18,2
25942,0,0,0,141,11,0
25943,0,0,0,115,60,0
25944,0,0,0,5,102,0
25945,0,0,0,0,176,0
25946,0,0,0,59,191,0
25947,0,0,0,37,193,0
25948,0,0,0,0,12,0
25949,0,0,0,0,154,0
25950,0,0,0,0,169,0
25951,0,0,0,5,157,0
25952,0,0,0,14,177,0
25953,0,0,0,50,124,0
25954,0,0,0,45,110,0
25955,0,0,0,15,110,0
25956,0,0,0,1,60,0
25957,0,0,0,0,82,0
25958,0,0,0,0,59,0
25959,0,0,0,7,1,0
25960,0,0,0,13,0,0
25961,0,0,0,8,32,0
25962,0,0,0,3,11,0
25963,0,0,0,13,17,0
25964,0,0,0,11,11,0
25965,0,0,0,0,2,0
25966,0,0,0,0,5,0
25967,0,0,0,0,2,0
25968,0,0,0,0,0,0
25969,0,0,0,0,46,0
25970,0,0,0,10,114,0
25971,0,0,0,1,0,0
25972,0,0,0,7,69,0
25973,0,0,0,18,154,0
25974,0,0,0,6,220,0
25975,0,0,0,39,255,0
25976,0,0,0,45,232,0
25977,0,0,0,12,157,0
25978,0,0,0,2,99,0
25979,0,0,0,21,5,0
25980,0,0,0,0,149,0
25981,0,0,0,1,148,0
25982,0,0,0,0,129,0
25983,0,0,0,0,59,0
25984,0,0,0,0,91,0
25985,0,0,0,13,220,0
25986,0,0,0,10,258,0
25987,0,0,0,23,210,0
25988,0,0,0,23,178,0
25989,0,0,0,12,15,0
25990,0,0,0,2,36,0
25991,0,0,0,6,0,0
25992,0,0,0,2,0,0
25993,0,0,0,0,0,0
25994,0,0,0,0,4,0
25995,0,0,0,2,0,0
25996,0,0,0,2,0,0
25997,0,0,0,3,0,0
25998,0,0,0,0,0,0
25999,0,0,0,0,8,0
26000,0,0,0,0,103,0
26001,0,0,0,3,182,0
26002,0,0,0,0,183,0
26003,0,0,0,5,315,0
26004,0,0,0,0,652,0
26005,0,0,0,0,1461,0
26006,0,0,0,20,2002,0
26007,0,0,0,1,1600,0
26008,0,0,0,63,832,0
26009,0,0,0,64,571,0
26010,0,0,0,142,730,0
26011,0,0,0,138,533,0
26012,0,0,0,120,357,0
26013,0,0,0,124,236,0
26014,0,0,0,168,90,0
26015,0,0,0,47,108,0
26016,0,0,0,26,88,0
26017,0,0,0,3,113,0
26018,0,0,0,0,173,0
26019,0,0,0,0,191,0
26020,0,0,0,0,144,0
26021,0,0,0,0,130,0
26022,0,0,0,0,22,0
26023,0,0,0,0,11,0
26024,0,0,0,51,166,0
26025,0,0,0,129,40,0
26026,0,0,0,186,96,0
26027,0,0,0,313,137,0
26028,0,0,0,334,107,0
26029,0,0,0,404,24,0
26030,0,0,0,263,45,0
26031,0,0,0,211,11,0
26032,0,0,0,83,32,0
26033,0,0,0,28,37,0
26034,0,0,0,0,210,0
26035,0,0,0,0,266,0
26036,0,0,0,0,239,0
26037,0,0,0,0,190,0
26038,0,0,0,4,140,0
26039,0,0,0,17,146,0
26040,0,0,0,0,121,0
26041,0,0,0,0,210,0
26042,0,0,0,0,159,0
26043,0,0,0,0,43,0
26044,0,0,0,50,191,0
26045,0,0,0,47,605,0
26046,0,0,0,56,783,0
26047,0,0,0,129,1055,0
26048,0,0,0,234,941,0
26049,0,0,0,179,725,0
26050,0,0,0,83,405,0
26051,0,0,0,9,188,0
26052,0,0,0,54,248,0
26053,0,0,0,153,369,0
26054,0,0,0,127,274,0
26055,0,0,0,95,179,0
26056,0,0,0,93,48,0
26057,0,0,0,11,140,0
26058,0,0,0,0,343,0
26059,0,0,0,9,309,0
26060,0,0,0,16,39,0
26061,0,0,0,9,0,0
26062,0,0,0,0,141,0
26063,0,0,0,0,308,0
26064,0,0,0,37,382,0
26065,0,0,0,112,192,0
26066,0,0,0,29,129,0
26067,0,0,0,0,64,0
26068,0,0,0,0,64,0
26069,0,0,0,0,298,0
26070,0,0,0,0,262,0
26071,0,0,0,0,211,0
26072,0,0,0,35,153,0
26073,0,0,0,105,196,0
26074,0,0,0,162,268,0
26075,0,0,0,56,382,0
26076,0,0,0,4,194,0
26077,0,0,0,0,7,0
26078,0,0,0,0,52,0
26079,0,0,0,28,84,0
26080,0,0,0,29,351,0
26081,0,0,0,2,403,0
26082,0,0,0,0,305,0
26083,0,0,0,16,65,0
26084,0,0,0,0,222,0
26085,0,0,0,0,186,0
26086,0,0,0,0,38,0
26087,0,0,0,0,3,0
26088,0,0,0,0,1,0
26089,0,0,0,55,4,0
26090,0,0,0,91,40,0
26091,0,0,0,37,1,0
26092,0,0,0,37,0,0
26093,0,0,0,123,3,0
26094,0,0,0,185,6,0
26095,0,0,0,183,0,0
26096,0,0,0,107,13,0
26097,0,0,0,226,5,0
26098,0,0,0,186,73,0
26099,0,0,0,148,227,0
26100,0,0,0,174,137,0
26101,0,0,0,177,238,0
26102,0,0,0,186,231,0
26103,0,0,0,135,262,0
26104,0,0,0,198,297,0
26105,0,0,0,218,210,0
26106,0,0,0,221,103,0
26107,0,0,0,210,0,0
26108,0,0,0,208,21,0
26109,0,0,0,260,150,0
26110,0,0,0,287,172,0
26111,0,0,0,253,188,0
26112,0,0,0,268,73,0
26113,0,0,0,228,28,0
26114,0,0,0,185,131,0
26115,0,0,0,137,106,0
26116,0,0,0,116,370,0
26117,0,0,0,113,700,0
26118,0,0,0,75,760,0
26119,0,0,0,78,501,0
26120,0,0,0,50,156,0
26121,0,0,0,18,145,0
26122,0,0,0,83,718,0
26123,0,0,0,234,1712,0
26124,0,0,0,397,1428,0
26125,0,0,0,531,1084,0
26126,0,0,0,408,936,0
26127,0,0,0,766,1850,0
26128,0,0,0,1402,2388,0
26129,0,0,0,1104,1607,0
26130,0,0,0,537,1474,0
26131,0,0,0,223,2550,12
26132,0,0,0,59,1997,34
26133,0,0,0,48,246,1
26134,0,0,0,0,47,0
26135,0,0,0,19,708,0
26136,0,0,0,41,833,8
26137,0,0,0,121,562,1
26138,0,0,0,106,459,1
26139,0,0,0,129,257,0
26140,0,0,0,115,371,0
26141,0,0,0,124,1115,0
26142,0,0,0,68,1649,0
26143,0,0,0,35,1490,0
26144,0,0,0,26,957,0
26145,0,0,0,27,1141,0
26146,0,0,0,72,1277,0
26147,0,0,0,28,896,0
26148,0,0,0,12,406,0
26149,0,0,0,0,163,0
26150,0,0,0,19,56,0
26151,0,0,0,25,20,0
26152,0,0,0,0,5,0
26153,0,0,0,3,4,0
26154,0,0,0,0,9,0
26155,0,0,0,1,80,0
26156,0,0,0,0,281,0
26157,0,0,0,45,25,0
26158,0,0,0,38,8,0
26159,0,0,0,0,0,0
26160,0,0,0,0,0,0
26161,0,0,0,6,4,0
26162,0,0,0,4,0,0
26163,0,0,0,0,0,0
26164,0,0,0,0,3,0
26165,1,0,0,0,110,0
26166,0,0,0,0,282,0
26167,0,0,0,2,578,0
26168,0,0,0,9,508,0
26169,0,0,0,42,213,0
26170,0,0,0,73,73,0
26171,0,0,0,170,56,0
26172,0,0,0,108,94,0
26173,0,0,0,11,71,0
26174,0,0,0,11,66,0
26175,0,0,0,76,32,0
26176,0,0,0,93,23,0
26177,0,0,0,69,33,0
26178,0,0,0,14,95,0
26179,0,0,0,0,149,0
26180,0,0,0,0,98,0
26181,0,0,0,0,19,0
26182,0,0,0,0,0,0
26183,0,0,0,0,11,0
26184,0,0,0,0,1,0
26185,0,0,0,0,16,0
26186,0,0,0,0,0,40
26187,0,0,0,0,0,0
26188,0,0,0,0,63,0
26189,0,0,0,0,130,0
26190,0,0,0,5,300,0
26191,0,0,0,43,413,4
26192,0,0,0,37,347,0
26193,0,0,0,58,398,0
26194,0,0,0,71,477,0
26195,0,0,0,41,377,0
26196,0,0,0,0,40,0
26197,0,0,0,0,0,0
26198,0,0,0,17,71,0
26199,0,0,0,45,100,0
26200,0,0,0,5,107,0
26201,0,0,0,0,115,0
26202,0,0,0,0,137,0
26203,0,0,0,0,161,0
26204,0,0,0,0,304,6
26205,0,0,0,0,64,55
26206,0,0,0,0,289,0
26207,0,0,0,0,330,6
26208,0,0,0,0,448,397
26209,0,0,0,0,311,672
26210,0,0,0,0,558,313
26211,0,0,0,0,146,52
26212,0,0,0,6,82,43
26213,0,0,0,52,343,298
26214,0,0,0,27,246,721
26215,0,0,0,21,151,808
26216,0,0,0,46,186,539
26217,0,0,0,50,115,251
26218,0,0,0,25,222,119
26219,0,0,0,11,150,162
26220,0,0,0,21,158,140
26221,0,0,0,4,240,62
26222,0,0,0,0,115,28
26223,0,0,0,0,63,18
26224,0,0,0,0,92,43
26225,0,0,0,4,139,0
26226,0,0,0,28,34,13
26227,0,0,0,190,192,13
26228,0,0,0,374,285,0
26229,0,0,0,495,96,2
26230,0,0,0,792,43,0
26231,0,0,0,1111,119,4
26232,0,0,0,1261,31,7
26233,0,0,0,1298,34,0
26234,0,0,0,1356,71,0
26235,0,0,0,1278,175,73
26236,0,0,0,1272,286,136
26237,0,0,0,1083,567,366
26238,0,0,0,753,808,864
26239,0,0,0,370,1033,602
26240,0,0,0,106,836,324
26241,0,0,0,233,722,581
26242,0,0,0,170,509,637
26243,0,0,0,21,627,544
26244,0,0,0,19,681,190
26245,0,0,0,35,375,3
26246,0,0,0,100,241,0
26247,0,0,0,239,10,0
26248,0,0,0,306,6,0
26249,0,0,0,261,14,0
26250,0,0,0,90,17,0
26251,0,0,0,28,66,0
26252,0,0,0,0,33,1
26253,0,0,0,0,70,0
26254,0,0,0,0,42,0
26255,0,0,0,0,41,0
26256,0,0,0,10,12,0
26257,0,0,0,87,79,0
26258,0,0,0,53,88,0
26259,0,0,0,36,20,0
26260,0,0,0,1,26,0
26261,0,0,0,90,29,0
26262,0,0,0,110,26,0
26263,0,0,0,36,48,0
26264,0,0,0,45,12,0
26265,0,0,0,0,19,0
26266,0,0,0,6,40,0
26267,0,0,0,0,131,0
26268,0,0,0,48,22,0
26269,0,0,0,153,29,0
26270,0,0,0,182,48,0
26271,0,0,0,286,285,0
26272,0,0,0,351,264,0
26273,0,0,0,336,386,0
26274,0,0,0,316,482,0
26275,0,0,0,181,215,0
26276,0,0,0,198,119,0
26277,0,0,0,148,0,0
26278,0,0,0,90,35,0
26279,0,0,0,77,66,0
26280,0,0,0,34,49,0
26281,0,0,0,0,171,0
26282,0,0,0,0,128,0
26283,0,0,0,0,110,0
26284,0,0,0,0,207,0
26285,0,0,0,0,170,0
26286,0,0,0,0,149,0
26287,0,0,0,0,108,0
26288,0,0,0,1,25,0
26289,0,0,0,0,16,0
26290,0,0,0,0,19,0
26291,0,0,0,5,27,0
26292,0,0,0,1,80,0
26293,0,0,0,0,91,0
26294,0,0,0,0,61,0
26295,0,0,0,0,36,0
26296,0,0,0,0,41,0
26297,0,0,0,0,6,0
26298,0,0,0,0,0,0
26299,0,0,0,0,2,0
26300,0,0,0,0,4,0
26301,0,0,0,0,48,0
26302,0,0,0,0,167,0
26303,0,0,0,0,252,0
26304,0,0,0,5,389,0
26305,0,0,0,5,288,0
26306,0,0,0,0,240,0
26307,0,0,0,0,41,0
26308,0,0,0,0,65,0
26309,0,0,0,0,111,0
26310,0,0,0,0,72,0
26311,0,0,0,0,168,0
26312,0,0,0,0,245,0
26313,0,0,0,0,108,0
26314,0,0,0,0,102,0
26315,0,4,0,0,95,0
26316,0,2,0,0,20,0
26317,0,0,0,0,36,0
26318,0,0,0,5,80,0
26319,0,0,0,38,48,0
26320,0,0,0,0,26,0
26321,0,0,0,127,67,0
26322,0,0,0,66,0,0
26323,0,0,0,0,2,0
26324,0,0,0,0,8,0
26325,0,0,0,0,18,0
26326,0,0,0,2,9,0
26327,0,0,0,4,0,0
26328,0,0,0,71,0,0
26329,0,0,0,185,0,0
26330,0,0,0,348,0,0
26331,0,0,0,414,0,0
26332,0,0,0,375,65,0
26333,0,0,0,287,68,0
26334,0,0,0,131,26,0
26335,0,0,0,68,0,0
26336,0,0,0,53,0,0
26337,0,0,0,71,0,0
26338,0,0,0,95,41,0
26339,0,0,0,111,323,13
26340,0,0,0,103,429,0
26341,0,0,0,42,152,2
26342,0,0,0,0,1,0
26343,0,0,0,0,2,0
26344,0,0,0,3,88,0
26345,0,0,0,26,365,8
26346,0,0,0,72,324,0
26347,0,0,0,66,193,0
26348,0,0,0,5,74,0
26349,0,0,0,2,153,0
26350,0,0,0,0,403,0
26351,0,0,0,47,810,2
26352,0,0,0,160,684,1
26353,0,0,0,845,72,0
26354,0,0,0,1357,111,0
26355,0,0,0,1068,87,1
26356,0,0,0,371,70,0
26357,0,0,0,328,45,17
26358,0,0,0,556,78,0
26359,0,0,0,419,345,0
26360,0,0,0,169,322,0
26361,0,0,0,28,1,13
26362,0,0,0,7,36,0
26363,0,0,0,116,238,0
26364,0,0,0,107,90,0
26365,0,0,0,135,70,0
26366,0,0,0,205,73,0
26367,0,0,0,157,54,0
26368,0,0,0,153,60,0
26369,0,0,0,95,218,0
26370,0,0,0,103,354,0
26371,0,0,0,318,669,0
26372,0,0,0,555,434,0
26373,0,0,0,614,88,0
26374,0,0,0,635,30,0
26375,0,0,0,745,516,0
26376,0,0,0,748,865,0
26377,0,0,0,753,1280,0
26378,0,0,0,396,1099,0
26379,0,0,0,134,384,0
26380,0,0,0,42,1,0
26381,0,0,0,24,206,0
26382,0,0,0,45,768,0
26383,0,0,0,114,950,0
26384,0,0,0,121,695,4
26385,0,0,0,244,263,0
26386,0,0,0,446,18,0
26387,0,0,0,503,46,0
26388,0,0,0,510,262,0
26389,0,0,0,437,46,0
26390,0,0,0,430,2,0
26391,0,0,0,289,1,0
26392,0,0,0,321,16,0
26393,0,0,0,315,271,0
26394,0,0,0,249,167,0
26395,0,0,0,219,88,0
26396,0,0,0,75,0,0
26397,0,0,0,47,0,0
26398,0,0,0,9,29,0
26399,0,0,0,14,115,0
26400,0,0,0,0,17,0
26401,0,0,0,17,45,0
26402,0,0,0,19,125,0
26403,0,0,0,7,34,0
26404,0,0,0,0,10,0
26405,0,0,0,0,5,0
26406,0,0,0,0,9,0
26407,0,0,0,13,16,0
26408,0,0,0,44,58,0
26409,0,0,0,75,72,0
26410,0,0,0,88,154,0
26411,0,0,0,23,124,0
26412,0,0,0,12,34,0
26413,0,0,0,1,47,0
26414,0,0,0,8,72,0
26415,0,0,0,7,63,0
26416,0,0,0,4,132,0
26417,0,0,0,22,106,0
26418,0,0,0,38,45,0
26419,0,0,0,61,36,0
26420,0,0,0,86,16,0
26421,0,0,0,37,0,0
26422,0,0,0,59,0,0
26423,0,0,0,43,17,0
26424,0,0,0,36,0,0
26425,0,0,0,4,5,0
26426,0,0,0,24,0,0
26427,0,0,0,1,0,0
26428,0,0,0,0,5,0
26429,0,0,0,8,30,0
26430,0,0,0,0,0,0
26431,0,0,0,0,5,0
26432,0,0,0,0,2,0
26433,0,0,0,0,2,0
26434,0,0,0,4,0,0
26435,0,0,0,1,2,0
26436,0,0,0,0,0,0
26437,0,0,0,0,0,0
26438,0,0,0,32,0,0
26439,0,0,0,0,0,0
26440,0,0,0,0,0,0
26441,0,0,0,0,0,0
26442,0,0,0,0,0,0
26443,12,0,0,0,0,0
26444,17,0,0,0,0,0
26445,0,0,0,0,0,0
26446,0,0,0,2,0,0
26447,0,0,0,0,0,0
26448,0,0,0,0,0,0
26449,13,0,0,0,0,0
26450,0,0,0,0,0,0
26451,0,0,0,0,0,0
26452,0,0,0,0,0,0
26453,0,0,0,0,0,0
26454,0,0,0,0,0,0
26455,0,0,0,0,0,0
26456,0,0,0,44,0,0
26457,0,0,0,207,2,0
26458,0,0,0,797,12,0
26459,0,0,0,1233,77,0
26460,0,0,0,806,62,0
26461,0,0,0,270,57,0
26462,0,0,0,146,305,0
26463,0,0,0,652,591,0
26464,0,0,0,1194,648,0
26465,0,0,0,1158,546,0
26466,0,0,0,348,444,0
26467,0,0,0,0,119,0
26468,0,0,0,110,104,0
26469,0,0,0,539,50,0
26470,0,0,0,733,25,0
26471,0,0,0,505,19,0
26472,0,0,0,184,71,0
26473,0,0,0,113,183,0
26474,0,0,0,69,130,0
26475,0,0,0,206,63,0
26476,0,0,0,283,22,0
26477,0,0,0,3,0,0
26478,0,0,0,104,0,0
26479,0,0,0,321,158,0
26480,0,0,0,76,632,0
26481,0,0,0,20,464,0
26482,0,0,0,0,1,0
26483,0,0,0,85,0,0
26484,0,0,0,59,2,0
26485,0,0,0,0,65,0
26486,0,0,0,0,2,0
26487,0,0,0,0,10,0
26488,0,0,0,31,0,0
26489,0,0,0,76,0,0
26490,0,0,0,104,0,0
26491,0,0,0,45,0,0
26492,0,0,0,17,1,0
26493,0,0,0,0,78,0
26494,0,0,0,2,204,0
26495,0,0,0,43,215,0
26496,0,0,0,3,229,0
26497,0,0,0,0,115,0
26498,0,0,0,0,40,0
26499,0,0,0,0,8,0
26500,0,0,0,0,10,0
26501,0,0,0,0,0,0
26502,0,0,0,0,0,0
26503,0,0,0,27,0,0
26504,0,0,0,97,1,0
26505,0,0,0,114,2,0
26506,0,0,0,103,1,1
26507,0,0,0,128,2,0
26508,0,0,0,167,10,0
26509,0,0,0,135,70,0
26510,0,0,0,131,238,0
26511,0,0,0,18,799,0
26512,0,0,0,0,1117,0
26513,0,0,0,1,1585,0
26514,0,0,0,34,2341,0
26515,0,0,0,136,2713,0
26516,0,0,0,269,2983,0
26517,0,0,0,393,3775,0
26518,0,0,0,465,4285,9
26519,0,0,0,392,4708,76
26520,0,0,0,388,5727,240
26521,0,0,0,257,7638,182
26522,0,0,0,132,7994,117
26523,0,0,0,20,8323,5
26524,0,0,0,0,8072,21
26525,0,0,0,0,7334,43
26526,0,0,0,7,6680,4
26527,0,0,0,13,6558,4
26528,0,0,0,67,6488,5
26529,0,0,0,20,7015,0
26530,0,0,0,36,7173,0
26531,0,0,0,15,7489,5
26532,0,0,0,20,6901,0
26533,0,0,0,33,6271,0
26534,0,0,0,0,4696,0
26535,0,0,0,0,3727,0
26536,0,0,0,3,3059,0
26537,0,0,0,45,2626,0
26538,0,0,0,67,3411,0
26539,0,0,0,149,5784,0
26540,0,0,0,290,8771,0
26541,0,0,0,371,10330,0
26542,0,0,0,200,11118,8
26543,0,0,0,332,11161,30
26544,0,0,0,929,11307,11
26545,0,0,0,1247,11037,81
26546,0,0,0,1219,10723,68
26547,0,0,0,154,9907,91
26548,0,0,0,152,7994,24
26549,0,0,0,669,6183,0
26550,0,0,0,1244,4811,0
26551,0,0,0,1418,6580,15
26552,0,0,0,1394,4669,0
26553,0,0,0,1247,3117,4
26554,0,0,0,1013,1157,0
26555,0,0,0,696,1202,0
26556,0,0,0,433,763,0
26557,0,0,0,120,461,0
26558,0,0,0,223,682,0
26559,0,0,0,372,1025,0
26560,0,0,0,203,864,10
26561,0,0,0,132,478,0
26562,0,0,0,92,76,0
26563,0,0,0,152,160,0
26564,0,0,0,85,959,0
26565,0,0,0,0,242,0
26566,0,0,0,0,295,0
26567,0,0,0,56,20,0
26568,0,0,0,154,168,0
26569,0,0,0,109,591,0
26570,0,0,0,84,196,0
26571,0,0,0,37,271,9
26572,0,0,0,51,237,0
26573,0,0,0,76,217,0
26574,0,0,0,261,506,0
26575,0,0,0,166,163,0
26576,0,0,0,163,207,0
26577,0,0,0,61,230,0
26578,0,0,0,154,191,0
26579,0,0,0,220,710,0
26580,0,0,0,204,544,0
26581,0,0,0,280,825,0
26582,0,0,0,233,347,0
26583,0,0,0,202,126,0
26584,0,0,0,73,66,0
26585,0,0,0,8,31,0
26586,0,0,0,122,1,0
26587,0,0,0,179,54,0
26588,0,0,0,196,59,0
26589,0,0,0,44,1,0
26590,0,0,0,1,2,0
26591,0,0,0,17,0,0
26592,0,0,0,23,1,0
26593,0,0,0,20,7,0
26594,0,0,0,24,137,0
26595,21,0,0,8,74,0
26596,5,0,0,0,126,0
26597,11,0,0,0,48,0
26598,15,0,0,0,153,0
26599,8,0,0,0,457,0
26600,0,0,0,0,1119,0
26601,0,0,0,0,2268,0
26602,0,0,0,17,3107,0
26603,0,0,0,57,3253,0
26604,0,0,0,9,3011,2
26605,0,0,0,0,2572,0
26606,0,0,0,0,2555,0
26607,0,0,0,0,2822,0
26608,0,0,0,26,2497,0
26609,2,0,0,121,2368,0
26610,2,0,0,123,1495,0
26611,28,0,0,226,1088,0
26612,9,0,0,142,1156,0
26613,8,0,0,26,1802,0
26614,20,0,0,30,2471,0
26615,0,0,0,19,2600,0
26616,0,0,0,2,2810,0
26617,0,0,0,177,2864,0
26618,0,0,0,373,1998,0
26619,0,0,0,560,814,0
26620,0,0,0,593,1571,0
26621,0,0,0,554,2031,0
26622,0,0,0,469,1881,0
26623,0,0,0,268,1452,0
26624,0,0,0,53,1311,0
26625,0,0,0,1,1253,0
26626,0,0,0,74,1701,0
26627,0,0,0,129,2142,0
26628,0,0,0,247,2192,0
26629,0,0,0,381,2757,0
26630,0,0,0,479,3386,2
26631,0,0,0,608,3404,0
26632,0,0,0,221,2521,0
26633,0,0,0,3,1059,0
26634,0,0,0,16,454,0
26635,0,0,0,118,284,0
26636,0,0,0,51,343,0
26637,0,0,0,3,291,0
26638,0,0,0,0,181,0
26639,0,0,0,15,165,3
26640,0,0,0,38,107,0
26641,0,0,0,115,122,0
26642,0,0,0,221,176,0
26643,0,0,0,298,68,0
26644,0,0,0,277,305,0
26645,0,0,0,184,341,1
26646,0,0,1,352,336,0
26647,0,0,0,305,132,0
26648,0,0,0,118,131,0
26649,0,0,0,114,648,0
26650,0,0,0,188,192,0
26651,0,0,0,245,458,0
26652,0,0,0,254,57,0
26653,0,0,0,205,3,0
26654,0,0,0,171,0,0
26655,0,0,0,42,57,0
26656,0,0,0,14,3,0
26657,0,0,0,0,139,0
26658,0,0,0,3,73,0
26659,0,0,0,3,231,0
26660,0,0,0,7,3,0
26661,0,0,0,14,55,0
26662,0,0,0,0,52,0
26663,0,0,0,13,107,0
26664,0,0,0,288,188,0
26665,0,0,0,412,81,0
26666,0,0,0,235,49,0
26667,0,0,0,194,9,0
26668,0,0,0,295,28,0
26669,0,0,0,317,590,0
26670,0,0,0,129,388,0
26671,0,0,0,39,611,0
26672,0,0,0,27,23,0
26673,0,0,0,78,34,1
26674,0,0,0,41,13,0
26675,0,0,0,4,0,0
26676,0,0,0,103,111,0
26677,0,0,0,219,4,0
26678,0,0,0,119,37,0
26679,0,0,0,1,3,0
26680,0,0,0,6,0,0
26681,0,0,0,12,24,0
26682,0,0,0,14,0,0
26683,0,0,0,25,6,0
26684,0,0,0,32,30,0
26685,0,0,0,1,21,0
26686,0,0,0,0,43,0
26687,0,0,0,1,13,0
26688,0,0,0,0,8,0
26689,0,0,0,0,109,0
26690,0,0,0,15,9,0
26691,0,0,0,23,36,0
26692,0,0,0,6,330,0
26693,0,0,0,8,722,0
26694,0,0,0,1,1498,0
26695,0,0,0,5,2117,6
26696,0,0,0,52,3762,18
26697,0,0,0,197,7636,168
26698,0,0,0,212,11311,263
26699,0,0,0,223,14449,175
26700,0,0,0,561,17162,161
26701,0,0,0,1352,19938,122
26702,0,0,0,1973,20866,39
26703,0,0,0,2281,21381,2
26704,0,0,0,2632,21320,0
26705,0,0,0,3303,19937,1
26706,0,0,0,3347,19100,0
26707,0,0,0,3215,18223,31
26708,0,0,0,2798,16003,76
26709,0,0,0,2318,13280,39
26710,0,0,0,1853,9638,72
26711,0,0,0,1315,4253,58
26712,0,0,0,1274,1067,1
26713,0,0,0,1182,770,15
26714,0,0,0,961,1007,0
26715,0,0,0,791,1411,0
26716,0,0,0,882,2055,0
26717,0,0,0,871,2457,0
26718,0,0,0,817,2079,6
26719,0,0,0,585,1608,174
26720,0,0,0,492,2769,1165
26721,0,0,0,503,3235,1152
26722,0,0,0,425,4908,1023
26723,0,0,0,61,3992,192
26724,0,0,0,102,2890,6
26725,0,0,0,192,1827,8
26726,0,0,0,403,5109,154
26727,0,0,0,291,9039,762
26728,0,0,0,466,9139,288
26729,0,0,0,500,8859,248
26730,0,0,0,536,6618,31
26731,0,0,0,754,4260,13
26732,0,0,0,1024,663,0
26733,0,0,0,1231,921,0
26734,0,0,0,973,2648,0
26735,0,0,0,847,4087,4
26736,0,0,0,668,6210,17
26737,0,0,0,542,5984,65
26738,0,0,0,516,7953,441
26739,0,0,0,715,8906,184
26740,0,0,0,427,10817,611
26741,0,0,0,291,9467,1629
26742,0,0,0,310,8763,2866
26743,0,0,0,577,7640,3061
26744,0,0,0,980,6755,3389
26745,0,0,0,1339,5925,2465
26746,0,0,0,1509,5144,2434
26747,0,0,0,1673,2893,2160
26748,0,0,0,1592,3491,2552
26749,0,0,0,1615,3519,2293
26750,0,0,0,1459,4892,2028
26751,0,0,0,1262,2734,527
26752,0,0,0,1111,1950,438
26753,0,0,0,809,528,92
26754,0,0,0,934,1003,12
26755,0,0,0,1032,827,100
26756,0,0,0,1194,1197,165
26757,0,0,0,1133,305,147
26758,0,0,0,1064,199,24
26759,0,0,0,553,310,106
26760,0,0,0,324,43,172
26761,0,0,0,379,186,83
26762,0,0,0,288,160,148
26763,0,0,0,213,347,139
26764,0,0,0,269,1209,113
26765,0,0,0,343,1954,267
26766,0,0,0,331,1429,279
26767,0,0,0,304,1000,95
26768,0,0,0,483,1564,0
26769,0,0,0,422,574,0
26770,0,0,0,580,56,0
26771,0,0,0,419,30,0
26772,0,0,0,517,93,0
26773,0,0,0,686,203,0
26774,0,0,0,687,213,0
26775,0,0,0,772,348,0
26776,0,0,0,855,410,45
26777,0,0,0,809,147,69
26778,0,0,0,696,634,10
26779,0,0,0,493,415,0
26780,0,0,0,271,115,0
26781,0,0,0,284,818,41
26782,0,0,0,179,662,0
26783,0,0,0,266,298,0
26784,0,0,0,560,274,0
26785,0,0,0,600,789,0
26786,0,0,0,543,1402,32
26787,0,0,0,360,769,76
26788,0,0,0,254,427,46
26789,0,0,0,183,852,2
26790,0,0,0,134,116,0
26791,0,0,0,114,282,0
26792,0,0,0,151,350,0
26793,0,0,0,217,108,0
26794,0,0,0,183,93,0
26795,0,0,0,155,195,0
26796,0,0,0,553,692,0
26797,0,0,0,645,807,20
26798,0,0,0,478,695,32
26799,0,0,0,213,947,0
26800,0,0,0,95,198,0
26801,0,0,0,120,557,0
26802,0,0,0,343,475,0
26803,0,0,0,679,140,0
26804,0,0,0,462,177,0
26805,0,0,0,174,566,0
26806,0,0,0,168,759,0
26807,0,0,0,89,799,16
26808,0,0,0,63,183,1
26809,0,0,0,157,187,48
26810,0,0,0,70,127,0
26811,0,0,0,90,188,0
26812,0,0,0,31,34,0
26813,0,0,0,42,70,0
26814,0,0,0,31,72,0
26815,0,0,0,22,60,0
26816,0,0,0,0,13,1
26817,0,0,0,49,253,44
26818,0,0,0,10,19,0
26819,0,0,0,99,616,0
26820,0,0,0,192,307,0
26821,0,0,0,748,264,11
26822,0,0,0,1055,355,0
26823,0,0,0,716,38,0
26824,0,0,0,627,150,0
26825,0,0,0,563,183,0
26826,0,0,0,455,18,2
26827,0,0,0,485,145,0
26828,0,0,0,346,37,0
26829,0,0,0,357,262,0
26830,0,0,0,439,201,0
26831,0,0,0,482,323,0
26832,0,0,0,761,1177,20
26833,0,0,0,693,1346,4
26834,0,0,0,780,1775,0
26835,0,0,0,508,272,0
26836,0,0,0,217,246,0
26837,0,0,0,13,1,0
26838,0,0,0,54,18,0
26839,0,0,0,13,11,0
26840,0,0,0,14,3,0
26841,0,0,0,130,407,0
26842,0,0,0,70,458,0
26843,0,0,0,69,305,0
26844,0,0,0,9,20,0
26845,0,0,0,1,49,0
26846,0,0,0,138,784,0
26847,0,0,0,26,515,0
26848,0,0,0,42,1302,0
26849,0,0,0,96,3076,155
26850,0,0,0,239,4467,2195
26851,0,0,0,453,7302,2838
26852,0,0,0,605,7592,919
26853,0,0,0,604,9392,541
26854,0,0,0,850,10622,310
26855,0,0,0,867,12553,249
26856,0,0,0,998,13204,0
26857,0,0,0,1135,15324,0
26858,0,0,0,1383,16682,0
26859,0,0,0,1212,16508,0
26860,0,0,0,1286,16504,0
26861,0,0,0,1249,17936,22
26862,0,0,0,1036,18315,0
26863,0,0,0,642,18056,9
26864,0,0,0,659,17950,1
26865,0,0,0,524,17029,5
26866,0,0,0,835,16386,2
26867,0,0,0,1333,16894,8
26868,0,0,0,1540,16627,6
26869,0,0,0,1776,16021,85
26870,0,0,0,1279,16119,17
26871,0,0,0,841,19030,192
26872,0,0,0,477,20890,247
26873,0,0,0,211,22216,675
26874,0,0,0,399,22288,1072
26875,0,0,0,341,22886,2800
26876,0,0,0,822,20875,7133
26877,0,0,0,1846,17689,11238
26878,0,0,0,3077,15070,11091
26879,0,0,0,3971,13061,12205
26880,0,0,0,4558,12941,14384
26881,0,0,0,4870,11635,13679
26882,0,0,0,5096,10151,12552
26883,0,0,0,5430,9057,10628
26884,0,0,0,5200,8668,8373
26885,0,0,0,4888,7697,6367
26886,0,0,0,4175,6619,4242
26887,0,0,0,3589,5727,2519
26888,0,0,0,3305,5687,1910
26889,0,0,0,3101,5556,1741
26890,0,0,0,3040,5569,1577
26891,0,0,0,3233,5532,1358
26892,0,0,0,3179,5083,1514
26893,0,0,0,3337,4940,1643
26894,0,0,0,3284,5176,2263
26895,0,0,0,3187,5199,2436
26896,0,0,0,3226,5638,2299
26897,0,0,0,3120,5848,2381
26898,0,0,0,3171,6355,2244
26899,0,0,0,3234,6568,2292
26900,0,0,0,3270,7446,2319
26901,0,0,0,3291,7693,2284
26902,0,0,0,3310,8392,2321
26903,0,0,0,3246,8491,2024
26904,0,0,0,3167,9086,1440
26905,0,0,0,3188,9366,764
26906,0,0,0,3170,10208,459
26907,0,0,0,3091,10186,549
26908,0,0,0,3182,11611,553
26909,0,0,0,3210,12130,1067
26910,0,0,0,3151,13338,1327
26911,0,0,0,3086,13508,1870
26912,0,0,0,2755,14403,2212
26913,0,0,0,2629,14235,2489
26914,15,0,0,2316,13941,1694
26915,76,0,0,1977,13579,1703
26916,77,0,0,1779,15340,1340
26917,68,0,0,1482,17363,2402
26918,79,0,0,1399,18791,3117
26919,64,0,0,1213,18847,2591
26920,43,18,0,893,18355,3348
26921,30,1,0,787,16092,3588
26922,87,21,0,802,15705,2919
26923,216,36,0,1051,14568,3059
26924,419,13,0,1059,13589,4143
26925,541,17,0,1028,12226,4706
26926,677,7,0,1056,10685,6649
26927,408,0,0,928,8869,7755
26928,36,48,0,748,7086,9443
26929,0,32,0,646,5929,10219
26930,0,5,0,521,6028,10200
26931,0,15,0,910,4728,8252
26932,0,168,0,1239,5519,5840
26933,0,85,0,1506,7862,5787
26934,0,0,0,1247,8945,5091
26935,0,0,0,1255,8043,3447
26936,0,51,0,1131,8136,2590
26937,0,37,0,1581,10122,3118
26938,0,8,0,1836,12354,3251
26939,0,0,0,1886,13495,3214
26940,0,0,0,1772,14721,3125
26941,0,3,0,1995,17187,3599
26942,0,15,2,2316,19089,3617
26943,0,15,0,2718,19104,3069
26944,0,31,0,3022,18381,2436
26945,0,8,0,3421,16424,1805
26946,0,8,0,3586,13930,3181
26947,0,9,0,3773,13205,6813
26948,0,3,0,3793,10329,8940
26949,0,0,0,3921,9357,10708
26950,0,1,0,3777,11155,10628
26951,0,2,0,3461,12552,10262
26952,0,0,0,3287,13435,10320
26953,0,0,0,3177,14219,9372
26954,0,0,0,3099,13968,9319
26955,0,0,0,3098,13170,9163
26956,0,2,0,2951,11126,5343
26957,0,0,0,2677,7243,4350
26958,0,0,0,2388,5875,3650
26959,0,0,0,2248,5336,2682
26960,0,0,0,1886,4474,1937
26961,0,0,0,1476,3092,1816
26962,0,0,0,781,1630,1835
26963,0,0,0,516,1302,871
26964,0,0,0,206,1620,1297
26965,0,0,0,376,3919,1703
26966,0,0,0,732,6560,2267
26967,0,3,2,1066,8869,2656
26968,0,0,0,1081,8805,3222
26969,0,11,0,878,6049,3961
26970,0,0,0,681,4009,5620
26971,0,0,0,926,5854,7313
26972,0,0,0,2117,8205,7246
26973,0,0,0,3305,11058,4595
26974,0,0,0,4448,12836,5582
26975,0,0,0,5044,14170,7446
26976,0,0,0,5595,15444,7934
26977,0,0,0,5862,17363,5762
26978,0,0,0,5787,17048,4695
26979,0,0,0,5591,16461,4933
26980,0,0,0,5248,15319,3907
26981,0,0,0,4837,14947,3240
26982,0,0,0,4037,14895,1319
26983,0,0,0,3301,13164,1613
26984,0,0,0,2568,12149,2460
26985,0,0,0,1855,10632,3236
26986,0,0,0,1436,8021,2796
26987,0,0,0,1128,5216,1617
26988,0,0,0,755,2728,629
26989,0,0,0,481,1118,179
26990,0,0,0,73,1146,914
26991,0,0,0,106,2402,1254
26992,0,0,0,472,3865,907
26993,0,0,0,700,4723,485
26994,0,0,0,1114,5484,1604
26995,0,0,0,1459,6693,2626
26996,0,0,0,1807,7546,2493
26997,0,0,0,2245,8681,2399
26998,0,0,0,2698,9923,2048
26999,0,0,0,3158,11760,2451
27000,0,0,0,3505,14177,4600
27001,0,0,0,4067,16038,7105
27002,0,0,0,4487,16811,7090
27003,0,0,0,4814,17285,6400
27004,0,0,0,5359,18403,6226
27005,0,0,0,5865,19718,6878
27006,0,0,0,6262,20935,6809
27007,0,0,0,6599,21683,6147
27008,0,0,0,6990,21282,5376
27009,0,0,0,7360,20088,4302
27010,0,0,0,7385,19198,3187
27011,0,0,0,7500,17870,2209
27012,0,0,0,7614,16884,1654
27013,0,6,0,7435,15596,1491
27014,0,3,0,6836,15337,1530
27015,0,0,0,6509,12878,1041
27016,0,0,0,5877,10002,1089
27017,0,0,0,5040,7754,255
27018,0,0,0,3807,8536,418
27019,0,0,0,2445,7310,494
27020,0,0,0,1051,6658,523
27021,0,0,0,716,5868,63
27022,0,0,0,1505,7223,2
27023,0,0,0,1663,6712,8
27024,0,0,0,2258,5383,7
27025,0,0,0,2478,6852,7
27026,0,0,0,3068,8688,229
27027,0,0,0,3044,9032,155
27028,0,0,0,3258,7506,40
27029,0,0,0,2933,7065,53
27030,0,0,0,2660,5124,2
27031,0,0,0,2028,5932,70
27032,0,0,0,1609,6655,63
27033,0,0,0,1255,7240,90
27034,0,0,0,737,5144,84
27035,0,0,0,623,3287,2
27036,0,0,0,68,1255,577
27037,0,0,0,215,1572,969
27038,0,0,0,103,1274,669
27039,0,0,0,357,1141,443
27040,0,0,0,529,653,26
27041,0,0,0,456,324,38
27042,0,0,0,384,282,72
27043,0,0,0,394,817,200
27044,0,0,0,535,1775,701
27045,0,0,0,573,1885,145
27046,0,0,0,624,1595,290
27047,0,0,0,636,735,123
27048,0,0,0,721,597,419
27049,0,0,0,682,1085,1517
27050,0,0,0,713,2525,1280
27051,0,0,0,624,3715,133
27052,0,0,0,795,2636,126
27053,0,0,0,853,1256,542
27054,0,0,0,844,1424,262
27055,0,0,0,993,1853,56
27056,0,0,0,772,2144,21
27057,0,0,0,615,2497,0
27058,0,0,0,874,3131,71
27059,0,0,0,859,2187,524
27060,0,0,0,588,800,1759
27061,0,0,0,308,1298,2002
27062,0,0,0,75,1638,1117
27063,0,0,0,29,1588,717
27064,0,0,0,74,1012,207
27065,0,0,0,25,130,497
27066,0,0,0,2,22,916
27067,0,0,0,133,112,297
27068,0,0,0,152,452,3
27069,0,0,0,143,453,0
27070,0,0,0,38,1171,0
27071,0,0,0,16,1503,10
27072,0,0,0,2,1510,7
27073,0,0,0,0,113,1
27074,0,0,0,0,274,11
27075,0,0,0,0,904,9
27076,0,0,0,6,1348,7
27077,0,0,0,2,578,22
27078,0,0,0,0,32,0
27079,0,0,0,0,2,0
27080,0,0,0,1,44,0
27081,0,0,0,24,0,0
27082,0,0,0,52,0,0
27083,0,0,0,83,0,0
27084,0,0,0,119,0,1
27085,0,0,0,116,0,0
27086,0,0,0,74,0,0
27087,0,0,0,33,0,0
27088,0,0,0,21,0,0
27089,0,0,0,2,0,0
27090,0,0,0,5,0,0
27091,0,0,0,2,0,0
27092,0,0,0,0,0,0
27093,0,0,0,4,0,0
27094,0,0,0,0,0,0
27095,0,0,0,2,0,0
27096,0,0,0,0,0,0
27097,0,0,0,0,0,0
27098,0,0,0,0,0,0
27099,0,0,0,0,0,0
27100,0,0,0,0,0,0
27101,0,0,0,0,16,0
27102,0,0,0,6,0,0
27103,0,0,0,0,0,0
27104,0,0,0,3,0,0
27105,0,0,0,0,0,0
27106,0,0,0,4,5,0
27107,0,0,0,0,2,0
27108,0,0,0,0,0,0
27109,0,0,0,0,0,0
27110,0,0,0,0,0,0
27111,0,0,0,0,0,0
27112,0,0,0,0,6,0
27113,0,0,0,41,24,0
27114,0,0,0,8,0,0
27115,0,0,0,7,0,0
27116,0,0,0,45,38,0
27117,0,12,0,5,14,0
27118,0,19,0,2,12,0
27119,0,19,0,86,47,0
27120,0,16,0,8,8,0
27121,0,8,0,31,12,0
27122,0,8,0,39,52,0
27123,0,7,0,13,17,0
27124,0,0,0,37,12,0
27125,0,0,0,66,58,0
27126,0,0,0,77,0,0
27127,0,0,0,37,0,0
27128,0,0,0,27,0,0
27129,0,0,0,56,0,0
27130,0,0,0,24,0,0
27131,0,5,0,79,0,0
27132,0,10,0,45,0,0
27133,0,24,0,34,2,0
27134,0,17,0,5,0,0
27135,0,0,0,7,3,0
27136,0,0,0,15,5,0
27137,0,0,0,19,5,0
27138,0,0,0,48,17,0
27139,0,0,0,103,6,0
27140,0,0,0,120,26,0
27141,0,0,0,20,8,0
27142,0,0,0,13,32,0
27143,0,0,0,1,68,0
27144,0,0,0,1,5,0
27145,0,0,0,5,11,0
27146,0,0,0,0,0,0
27147,0,0,0,25,13,0
27148,0,0,0,0,10,0
27149,0,0,0,0,0,0
27150,0,3,0,0,0,0
27151,0,0,0,1,0,0
27152,0,7,0,0,0,0
27153,0,2,0,0,0,0
27154,0,0,0,0,0,0
27155,0,0,0,0,0,0
27156,0,0,0,0,0,0
27157,0,0,0,0,0,0
27158,0,0,0,0,0,0
27159,0,0,0,17,0,0
27160,0,0,0,0,0,0
27161,0,0,0,13,0,0
27162,0,0,0,15,0,0
27163,0,0,0,106,0,0
27164,0,0,0,182,0,0
27165,0,0,0,230,0,0
27166,0,0,0,306,6,4
27167,0,0,0,439,6,0
27168,0,0,0,392,0,0
27169,0,0,0,440,0,0
27170,0,0,0,459,0,0
27171,0,14,0,481,0,0
27172,0,16,1,438,0,0
27173,0,23,0,552,41,0
27174,0,24,1,397,80,0
27175,0,3,0,404,114,0
27176,0,0,0,246,180,0
27177,0,0,0,170,65,0
27178,0,0,0,73,49,0
27179,0,28,2,19,32,0
27180,0,31,0,0,7,0
27181,0,57,0,0,10,0
27182,0,75,12,0,0,0
27183,0,51,11,0,0,0
27184,0,39,1,0,25,0
27185,0,18,0,0,51,0
27186,0,0,0,0,35,0
27187,0,0,0,0,6,0
27188,0,0,0,0,4,0
27189,0,0,0,0,0,0
27190,0,0,0,0,0,0
27191,0,16,0,0,9,0
27192,0,0,0,4,0,0
27193,0,0,0,0,0,0
27194,0,0,0,0,4,0
27195,0,0,0,0,0,0
27196,0,20,0,0,7,0
27197,0,10,0,0,0,0
27198,0,10,0,0,0,0
27199,0,3,0,0,0,0
27200,0,2,0,0,0,0
27201,0,0,0,0,0,0
27202,0,1,0,0,0,0
27203,0,0,0,0,0,0
27204,0,12,0,0,0,0
27205,0,9,0,6,0,0
27206,0,11,0,0,0,0
27207,0,11,0,2,0,0
27208,0,5,0,2,0,0
27209,0,3,0,0,0,0
27210,0,7,0,0,0,0
27211,0,0,0,30,12,0
27212,0,0,0,89,0,0
27213,0,0,0,141,0,0
27214,0,5,0,129,7,0
27215,0,19,0,32,0,0
27216,0,193,0,0,0,0
27217,0,43,0,0,0,0
27218,0,0,0,24,4,0
27219,0,8,0,5,2,0
27220,0,0,0,3,3,0
27221,0,0,0,51,111,0
27222,0,0,0,7,0,0
27223,0,0,0,0,0,0
27224,0,0,0,0,0,0
27225,0,0,0,8,0,0
27226,0,0,0,0,6,0
27227,0,0,0,0,0,0
27228,0,0,0,2,0,0
27229,0,0,0,72,0,0
27230,0,0,0,52,0,0
27231,0,0,0,31,0,0
27232,0,0,0,0,0,0
27233,0,0,0,15,0,0
27234,0,0,0,3,0,0
27235,0,0,0,37,0,0
27236,0,0,0,48,0,0
27237,0,0,0,135,0,0
27238,0,0,0,195,1,0
27239,0,0,0,227,0,0
27240,0,0,0,217,0,0
27241,0,0,0,187,1,0
27242,0,0,0,217,0,0
27243,0,0,0,120,0,0
27244,0,0,0,128,0,0
27245,0,0,0,31,5,0
27246,0,0,0,1,0,0
27247,0,0,0,2,0,0
27248,0,0,0,4,32,0
27249,0,0,0,0,0,0
27250,0,0,0,0,0,0
27251,0,0,0,0,0,0
27252,0,0,0,0,0,0
27253,0,0,0,0,0,0
27254,0,0,0,0,0,0
27255,0,0,0,0,0,0
27256,0,0,0,0,0,1
27257,0,0,0,4,4,0
27258,0,0,0,0,0,0
27259,0,0,0,0,0,0
27260,0,0,0,0,18,0
27261,0,0,0,0,0,0
27262,0,0,0,0,0,0
27263,0,0,0,0,0,0
27264,0,0,0,0,0,0
27265,0,0,0,0,0,0
27266,0,0,0,0,0,0
27267,0,0,0,0,0,0
27268,0,0,0,0,0,0
27269,0,0,0,0,0,0
27270,0,0,0,0,0,0
27271,0,0,0,3,2,0
27272,0,0,0,0,4,0
27273,0,0,0,0,0,0
27274,0,0,0,0,2,0
27275,0,0,0,1,15,0
27276,0,0,0,11,0,0
27277,0,0,0,5,0,0
27278,0,0,0,48,0,0
27279,0,0,0,28,0,0
27280,0,0,0,28,0,0
27281,0,0,0,14,0,0
27282,0,0,0,0,0,0
27283,0,0,0,0,0,0
27284,0,0,0,0,0,0
27285,0,0,0,0,0,0
27286,0,0,0,0,0,0
27287,0,0,0,0,0,0
27288,0,0,0,0,0,0
27289,0,0,0,0,2,0
27290,0,0,0,0,0,0
27291,0,0,0,0,4,0
27292,0,0,0,0,0,0
27293,0,0,0,0,0,0
27294,0,0,0,0,0,0
27295,0,0,0,0,13,0
27296,0,0,0,49,12,0
27297,0,0,0,23,6,0
27298,0,0,0,64,23,0
27299,0,0,0,83,66,0
27300,0,0,0,74,1,0
27301,0,0,0,73,26,0
27302,0,0,0,23,18,0
27303,0,0,0,14,2,0
27304,0,0,0,4,1,0
27305,0,0,0,0,46,0
27306,0,0,0,0,0,0
27307,0,0,0,4,0,0
27308,0,0,0,2,0,0
27309,0,0,0,0,0,0
27310,0,0,0,0,0,0
27311,0,0,0,0,0,0
27312,0,0,0,0,0,0
27313,0,0,0,8,0,0
27314,0,0,0,7,2,0
27315,0,0,0,1,0,0
27316,0,0,0,0,0,0
27317,0,0,0,0,0,0
27318,0,0,0,6,0,0
27319,0,0,0,29,0,0
27320,0,0,0,0,0,0
27321,0,0,0,0,0,0
27322,0,0,0,0,0,0
27323,0,0,0,2,0,0
27324,0,0,0,6,0,0
27325,0,0,0,17,0,0
27326,0,0,0,18,0,0
27327,0,0,0,0,0,0
27328,0,0,0,0,0,0
27329,0,0,0,8,0,0
27330,0,0,0,5,0,0
27331,0,0,0,4,1,0
27332,0,0,0,0,0,0
27333,0,0,0,2,0,0
27334,0,0,0,0,0,0
27335,0,0,0,17,0,0
27336,0,1,0,89,0,0
27337,0,0,0,125,0,0
27338,0,21,0,164,0,0
27339,0,9,0,195,0,0
27340,0,18,0,222,0,0
27341,0,3,0,295,49,0
27342,0,0,0,203,24,0
27343,0,0,0,130,7,0
27344,0,0,0,146,0,0
27345,0,0,0,77,0,0
27346,0,0,0,74,9,0
27347,0,0,0,13,0,0
27348,0,0,0,5,0,0
27349,0,0,0,0,0,0
27350,0,0,0,0,0,0
27351,0,0,0,0,0,0
27352,0,9,0,0,0,0
27353,0,0,0,0,0,0
27354,0,0,0,0,0,0
27355,0,2,0,0,6,0
27356,0,0,0,2,128,0
27357,0,4,0,0,41,0
27358,0,0,0,0,136,0
27359,0,2,0,0,308,0
27360,0,0,0,0,211,0
27361,0,0,0,0,148,0
27362,0,0,0,3,212,0
27363,0,0,0,48,103,0
27364,0,0,0,9,58,0
27365,0,0,0,112,63,0
27366,0,0,0,36,46,0
27367,0,0,0,130,77,0
27368,0,0,0,57,74,0
27369,0,0,0,138,110,0
27370,0,0,0,132,99,0
27371,0,0,0,224,174,0
27372,0,0,0,263,163,0
27373,0,0,0,211,198,0
27374,0,0,0,153,193,0
27375,0,0,0,157,123,0
27376,0,0,0,45,43,0
27377,0,0,0,2,24,0
27378,0,0,0,0,0,0
27379,0,0,0,0,0,0
27380,0,0,0,0,0,0
27381,0,0,0,0,0,0
27382,0,0,0,12,27,0
27383,0,0,0,5,16,0
27384,0,0,0,0,7,0
27385,0,0,0,2,0,0
27386,0,0,0,10,0,0
27387,0,0,0,9,0,0
27388,0,0,0,18,5,0
27389,0,0,0,20,83,0
27390,0,0,0,13,68,0
27391,0,0,0,35,55,0
27392,0,0,0,90,158,0
27393,0,0,0,75,52,0
27394,0,0,0,55,26,0
27395,0,0,0,23,1,0
27396,0,0,0,0,0,0
27397,0,0,0,0,0,0
27398,0,0,0,0,0,0
27399,0,0,0,0,0,0
27400,0,0,0,0,0,0
27401,0,0,0,0,1,0
27402,0,0,0,0,0,0
27403,0,0,0,0,0,0
27404,0,0,0,0,0,0
27405,0,0,0,0,0,0
27406,0,0,0,1,0,0
27407,0,0,0,11,0,0
27408,0,0,0,0,0,0
27409,0,0,0,0,9,0
27410,0,0,0,15,40,0
27411,0,0,0,90,176,0
27412,0,0,0,93,137,0
27413,0,0,0,192,192,0
27414,0,0,0,100,52,0
27415,0,0,0,117,71,0
27416,0,0,0,158,41,0
27417,0,0,0,122,70,0
27418,0,0,0,110,89,0
27419,4,0,0,127,56,0
27420,0,0,0,89,0,0
27421,0,0,0,235,6,0
27422,0,0,0,261,0,0
27423,0,0,0,90,0,0
27424,0,0,0,33,0,0
27425,0,0,0,31,0,0
27426,0,0,0,30,0,0
27427,0,0,0,14,0,0
27428,0,0,0,4,0,0
27429,0,0,0,0,0,0
27430,0,0,0,0,0,0
27431,0,0,0,0,0,0
27432,0,0,0,0,1,0
27433,0,0,0,0,0,0
27434,0,0,0,7,14,0
27435,0,0,0,0,17,0
27436,0,0,0,0,51,0
27437,0,0,0,0,11,0
27438,0,0,0,0,3,0
27439,0,0,0,2,16,0
27440,0,0,0,0,442,0
27441,0,0,0,0,728,0
27442,0,232,0,0,747,0
27443,0,995,0,7,533,0
27444,0,1714,0,0,515,0
27445,0,2428,0,0,490,0
27446,0,2948,0,0,399,0
27447,0,3248,0,0,339,0
27448,0,3678,11,0,326,0
27449,0,3925,3,71,396,0
27450,0,4164,9,9,292,0
27451,0,4277,17,28,261,0
27452,0,4467,6,71,211,0
27453,0,4776,0,115,73,0
27454,0,5072,0,135,63,0
27455,0,4922,0,173,65,0
27456,0,4952,0,245,42,0
27457,0,5068,0,403,97,0
27458,0,4705,0,575,52,0
27459,0,4505,0,729,12,0
27460,0,4372,0,782,5,0
27461,0,4053,0,867,5,0
27462,0,3815,0,825,0,0
27463,0,3582,0,886,10,0
27464,0,3345,0,884,155,0
27465,0,3123,0,945,54,0
27466,0,2956,0,946,79,0
27467,0,2721,0,917,24,0
27468,0,2508,0,838,15,0
27469,0,2229,0,639,5,0
27470,0,1865,0,446,137,0
27471,0,1573,0,214,5,0
27472,0,1200,0,106,0,0
27473,0,792,0,78,57,0
27474,0,206,0,3,0,0
27475,0,75,0,0,0,0
27476,0,14,0,0,0,0
27477,0,5,0,0,0,0
27478,0,11,0,0,0,0
27479,0,23,0,0,0,0
27480,0,9,0,0,0,0
27481,0,71,0,0,8,0
27482,0,119,0,0,0,0
27483,0,169,0,0,0,0
27484,0,364,0,0,0,0
27485,0,1005,0,0,0,0
27486,0,2223,0,0,0,0
27487,0,3371,0,0,0,0
27488,0,3644,0,0,0,0
27489,0,4405,21,0,0,0
27490,0,7236,425,0,0,0
27491,10,10887,553,0,0,0
27492,11,10404,303,0,0,0
27493,26,8994,4,0,0,0
27494,27,7134,0,0,0,0
27495,18,4850,0,0,0,0
27496,0,4183,0,0,0,0
27497,0,4375,0,0,0,0
27498,0,4692,0,0,0,0
27499,0,4176,0,0,0,0
27500,0,3185,0,0,0,0
27501,0,2191,0,3,0,0
27502,0,1380,0,6,0,0
27503,0,1166,0,14,0,0
27504,0,1209,0,3,0,0
27505,0,1649,0,2,0,0
27506,0,2523,0,11,0,0
27507,0,3198,0,2,0,0
27508,0,3964,0,6,0,0
27509,0,4584,0,8,0,0
27510,0,4898,0,0,0,0
27511,0,5057,0,0,0,0
27512,0,5242,0,6,0,0
27513,0,5231,0,0,0,0
27514,0,5191,0,5,0,0
27515,0,5393,0,10,0,0
27516,0,5320,0,0,7,0
27517,0,5362,0,0,16,0
27518,15,5012,0,0,9,0
27519,14,4675,0,0,0,0
27520,2,4197,0,0,0,0
27521,3,3401,0,0,0,0
27522,2,2853,0,0,0,0
27523,0,2201,0,0,0,0
27524,0,1789,0,0,3,0
27525,0,1377,3,0,4,0
27526,0,1088,0,0,0,0
27527,0,405,0,0,0,0
27528,0,180,0,0,0,0
27529,0,362,0,0,0,0
27530,0,517,0,0,0,0
27531,0,481,0,0,0,0
27532,0,219,0,0,0,0
27533,0,53,0,5,8,0
27534,0,2,0,8,7,0
27535,0,2,0,1,1,0
27536,0,2,0,0,2,0
27537,0,0,0,4,0,0
27538,0,0,0,0,0,0
27539,0,0,0,0,13,0
27540,0,0,0,0,4,0
27541,0,0,0,1,12,0
27542,0,38,0,0,0,0
27543,0,257,0,0,0,0
27544,0,630,0,5,0,0
27545,0,1320,6,24,0,0
27546,0,1997,0,0,0,0
27547,0,2532,0,0,0,0
27548,0,2931,0,2,0,0
27549,0,3191,3,0,0,0
27550,0,3312,4,3,0,0
27551,0,3295,7,9,28,0
27552,0,3192,1,3,0,0
27553,0,2892,0,41,0,0
27554,0,2473,0,67,0,0
27555,0,2059,0,0,0,0
27556,0,1604,0,58,0,0
27557,0,1109,0,87,0,0
27558,0,768,0,11,0,0
27559,0,752,0,13,0,0
27560,0,784,0,24,0,0
27561,0,573,0,10,0,0
27562,0,265,0,12,0,0
27563,0,414,0,8,0,0
27564,0,466,0,21,0,0
27565,0,589,0,0,0,0
27566,0,662,0,0,0,0
27567,0,613,0,0,0,0
27568,0,532,0,0,0,0
27569,0,286,0,3,0,0
27570,0,302,0,0,0,0
27571,0,401,0,12,18,0
27572,0,730,0,0,4,0
27573,0,1129,0,0,0,0
27574,0,1485,0,0,0,0
27575,0,1688,0,0,0,0
27576,0,1653,0,0,0,0
27577,0,1249,0,0,1,0
27578,0,442,0,5,0,0
27579,0,144,0,27,6,0
27580,0,1057,0,0,0,0
27581,0,1658,0,0,4,0
27582,0,1917,0,0,0,0
27583,0,1899,0,59,70,19
27584,0,1740,0,43,2,0
27585,0,1598,0,0,4,0
27586,0,1589,0,2,0,0
27587,0,1343,0,6,0,0
27588,0,1334,0,4,1,0
27589,0,1182,0,51,3,0
27590,0,1282,0,20,5,0
27591,0,1239,0,15,0,0
27592,0,1286,0,0,0,0
27593,0,1119,0,0,0,0
27594,0,1081,0,1,0,0
27595,0,841,0,1,0,0
27596,0,866,0,0,0,0
27597,0,686,0,18,0,0
27598,0,840,0,9,0,0
27599,0,679,0,1,0,0
27600,0,755,0,2,0,0
27601,0,595,0,0,0,0
27602,0,639,0,1,0,0
27603,0,499,0,0,0,0
27604,0,619,0,0,0,0
27605,0,282,0,0,0,0
27606,0,573,0,0,0,0
27607,0,2442,0,0,0,0
27608,0,5678,0,0,57,0
27609,0,10633,0,0,0,0
27610,0,12345,0,0,39,0
27611,0,10075,0,13,6,0
27612,0,5549,0,3,177,0
27613,0,3444,0,0,57,0
27614,0,2485,0,20,238,0
27615,0,2189,0,55,1,0
27616,0,1908,0,71,95,0
27617,0,1913,0,172,16,0
27618,0,1689,0,130,25,0
27619,0,1903,0,147,12,0
27620,0,1733,0,121,0,0
27621,0,1660,0,56,91,1
27622,0,1845,0,30,2,0
27623,0,2573,0,23,6,1
27624,0,3754,0,24,0,0
27625,0,4763,0,10,5,0
27626,0,6567,0,54,0,0
27627,0,8063,0,0,9,0
27628,0,9140,3,0,0,0
27629,0,9644,88,1,0,0
27630,0,9620,443,2,0,0
27631,0,8979,663,4,10,0
27632,0,7320,709,15,2,0
27633,0,6073,0,0,0,0
27634,0,6127,0,0,0,0
27635,0,5345,0,5,0,0
27636,0,3814,0,0,0,0
27637,0,3064,0,0,0,0
27638,0,2728,0,0,0,0
27639,0,2480,0,0,0,0
27640,0,2701,0,0,0,0
27641,0,4481,0,0,0,0
27642,0,4479,0,0,0,0
27643,0,2636,0,0,0,0
27644,0,906,0,0,0,0
27645,0,1083,0,0,0,0
27646,0,834,0,0,4,0
27647,0,73,0,0,0,0
27648,0,46,0,0,0,0
27649,0,204,0,0,0,0
27650,0,286,0,0,9,0
27651,0,190,0,0,0,0
27652,0,346,0,0,0,0
27653,0,696,0,0,0,0
27654,0,1021,0,0,0,0
27655,0,980,0,5,0,0
27656,0,291,0,0,2,0
27657,0,186,0,0,0,0
27658,0,790,0,0,0,0
27659,0,1140,0,0,0,0
27660,0,1223,0,0,0,0
27661,0,1011,0,0,11,0
27662,0,671,0,0,4,0
27663,0,652,0,0,0,0
27664,0,753,0,0,0,0
27665,0,879,0,0,1,0
27666,0,911,0,0,0,0
27667,0,994,0,6,0,0
27668,0,1069,0,6,0,0
27669,0,1371,0,10,0,0
27670,0,1510,0,3,0,0
27671,0,1718,0,0,0,0
27672,0,1732,0,0,0,0
27673,0,1974,0,0,0,0
27674,0,1978,0,0,25,0
27675,0,1719,0,0,0,0
27676,0,1418,0,2,22,0
27677,0,1340,0,0,4,0
27678,0,1203,0,0,0,0
27679,0,1315,0,0,0,0
27680,0,1228,0,2,0,0
27681,0,1306,0,0,0,0
27682,0,1398,0,8,0,0
27683,0,1052,0,28,10,0
27684,0,864,0,36,10,0
27685,0,1097,0,38,2,0
27686,0,1774,0,6,12,0
27687,0,2257,0,0,21,0
27688,0,2527,0,0,50,0
27689,0,2685,0,0,49,0
27690,0,2382,0,0,7,0
27691,0,1833,0,22,5,0
27692,0,740,0,0,1,0
27693,0,198,0,1,7,0
27694,0,725,0,0,13,0
27695,0,1522,0,0,74,0
27696,0,2357,0,0,76,0
27697,0,2837,0,0,46,0
27698,0,3292,0,4,86,0
27699,0,3424,0,46,0,0
27700,0,3014,0,0,0,0
27701,0,2605,0,0,0,0
27702,0,2509,0,0,0,0
27703,0,1781,0,0,0,0
27704,0,1297,0,10,0,0
27705,0,971,0,0,1,0
27706,0,759,0,0,0,0
27707,0,687,0,0,2,0
27708,0,717,0,0,0,0
27709,0,848,0,0,0,0
27710,0,802,0,0,0,0
27711,0,640,0,0,0,0
27712,0,689,0,0,0,0
27713,0,608,0,0,0,0
27714,0,569,0,0,0,0
27715,0,560,0,0,0,0
27716,0,496,0,0,0,0
27717,0,506,0,0,0,0
27718,0,555,0,1,0,0
27719,0,468,0,11,14,0
27720,0,455,0,18,31,0
27721,0,468,0,10,16,0
27722,0,339,0,46,35,0
27723,0,272,0,4,12,0
27724,0,211,0,5,1,0
27725,0,147,0,0,23,0
27726,0,63,0,0,0,0
27727,0,31,0,0,0,0
27728,0,22,0,0,0,0
27729,0,0,0,0,0,0
27730,0,3,0,57,7,0
27731,0,0,0,0,0,0
27732,0,7,0,1,3,0
27733,0,6,0,0,5,0
27734,0,0,0,17,0,0
27735,0,0,0,0,1,0
27736,0,5,0,0,11,0
27737,0,0,0,0,0,0
27738,0,4,0,41,0,0
27739,0,0,0,4,0,0
27740,0,9,0,0,0,0
27741,0,14,0,0,0,0
27742,0,14,0,0,0,0
27743,0,3,0,0,0,0
27744,0,16,0,4,0,0
27745,0,5,0,0,0,0
27746,0,13,0,0,0,0
27747,0,21,0,0,0,0
27748,0,59,0,0,0,0
27749,0,41,0,0,1,0
27750,0,34,0,0,1,0
27751,0,66,0,0,0,0
27752,0,10,0,0,0,0
27753,0,18,0,0,0,0
27754,0,15,0,0,0,0
27755,0,29,0,0,0,0
27756,0,27,0,3,0,0
27757,0,12,0,1,0,0
27758,0,10,0,9,6,0
27759,0,0,0,0,1,0
27760,0,4,0,0,0,0
27761,0,4,0,0,0,0
27762,0,0,0,0,0,0
27763,0,0,0,0,0,0
27764,0,0,0,0,0,0
27765,0,0,0,0,0,0
27766,0,0,0,0,2,0
27767,0,0,0,0,0,0
27768,0,0,0,0,0,0
27769,0,0,0,0,0,0
27770,0,0,0,0,0,0
27771,0,0,0,0,0,0
27772,0,0,0,0,0,0
27773,0,0,0,0,0,0
27774,0,0,0,0,0,0
27775,0,0,0,0,0,0
27776,0,0,0,0,0,0
27777,0,0,0,0,0,0
27778,0,0,0,0,0,0
27779,0,0,0,0,0,0
27780,0,0,0,0,0,0
27781,0,0,0,0,2,0
27782,0,0,0,0,0,0
27783,0,0,0,0,0,0
27784,0,0,0,0,0,0
27785,0,0,0,0,0,0
27786,0,0,0,0,0,0
27787,0,0,0,0,0,0
27788,0,4,0,0,0,0
27789,0,0,0,0,0,0
27790,0,0,0,0,0,0
27791,0,0,0,0,0,0
27792,0,0,0,0,0,0
27793,0,0,0,0,0,0
27794,0,0,0,0,0,0
27795,0,0,0,0,0,0
27796,0,0,0,0,0,0
27797,0,0,0,0,0,0
27798,0,0,0,0,0,0
27799,0,0,0,0,0,0
27800,0,0,0,0,0,0
27801,0,0,0,0,0,0
27802,0,0,0,0,0,0
27803,0,0,0,0,0,0
27804,0,0,0,0,0,0
27805,0,0,0,0,0,0
27806,0,11,0,0,0,0
27807,0,28,0,0,0,0
27808,0,164,0,0,0,0
27809,0,338,0,0,0,0
27810,0,403,0,0,0,0
27811,0,412,0,0,0,0
27812,0,411,0,0,0,0
27813,0,466,0,0,0,0
27814,0,486,0,0,0,0
27815,0,812,0,11,0,0
27816,0,1075,0,0,0,0
27817,0,1431,0,0,0,0
27818,0,1736,0,0,0,0
27819,0,2031,0,0,0,0
27820,0,2212,0,0,0,0
27821,0,2196,0,0,0,0
27822,0,2037,0,0,0,0
27823,0,1668,0,0,0,0
27824,0,1248,0,0,0,0
27825,0,630,0,0,0,0
27826,0,198,0,0,0,0
27827,0,34,0,0,0,0
27828,0,16,0,0,0,0
27829,0,13,0,0,0,0
27830,0,23,0,0,0,0
27831,0,25,0,0,0,0
27832,0,92,0,0,0,0
27833,0,170,0,0,0,0
27834,0,353,0,0,0,0
27835,0,692,0,0,0,0
27836,0,916,0,0,0,0
27837,0,1304,0,0,0,0
27838,0,1450,0,0,0,0
27839,0,1442,0,0,0,0
27840,0,1461,0,0,0,0
27841,0,1542,0,0,0,0
27842,0,1372,0,0,0,0
27843,0,1160,0,0,0,0
27844,0,1113,0,0,0,0
27845,0,940,0,0,0,0
27846,0,861,0,0,0,0
27847,0,720,0,0,0,0
27848,0,610,0,0,0,0
27849,0,514,0,0,0,0
27850,0,447,0,0,0,0
27851,0,294,0,0,8,0
27852,0,153,0,0,0,0
27853,0,138,0,0,0,0
27854,0,19,0,0,0,0
27855,0,58,0,0,2,0
27856,0,26,0,2,8,0
27857,0,27,0,0,0,0
27858,0,13,0,0,13,0
27859,0,19,0,0,8,0
27860,0,2,0,0,0,0
27861,0,1,0,0,5,0
27862,0,21,0,0,0,0
27863,0,40,0,0,1,0
27864,0,29,0,0,0,0
27865,0,53,0,0,0,0
27866,0,84,0,0,0,0
27867,0,156,0,0,0,0
27868,0,141,0,0,0,0
27869,0,170,0,0,0,0
27870,0,88,0,0,0,0
27871,0,59,0,0,0,0
27872,0,6,0,0,0,0
27873,0,0,0,0,0,0
27874,0,0,0,0,1,0
27875,0,0,0,0,0,0
27876,0,0,0,0,0,0
27877,0,0,0,0,1,0
27878,0,0,0,0,0,0
27879,0,0,0,0,0,0
27880,0,0,0,0,0,0
27881,0,0,0,0,0,0
27882,0,0,0,0,1,0
27883,0,0,0,0,0,0
27884,0,0,0,0,0,0
27885,0,0,0,0,0,0
27886,0,0,0,2,3,0
27887,0,0,0,0,0,0
27888,0,0,0,0,0,0
27889,0,0,0,0,0,0
27890,0,0,0,0,0,0
27891,0,0,0,0,0,0
27892,0,0,0,0,0,0
27893,0,21,0,0,0,0
27894,0,0,0,0,0,0
27895,0,4,0,0,0,0
27896,0,0,0,0,0,0
27897,0,0,0,0,0,0
27898,0,0,0,0,0,0
27899,0,0,0,0,0,0
27900,0,0,0,0,0,0
27901,0,0,0,0,0,0
27902,0,0,0,0,0,0
27903,0,2,0,0,0,0
27904,0,5,0,0,0,0
27905,0,49,0,0,0,0
27906,0,71,0,0,0,0
27907,0,58,0,0,0,0
27908,0,11,0,0,0,0
27909,0,15,0,60,0,0
27910,0,0,0,5,0,0
27911,0,0,0,0,0,0
27912,0,0,0,24,0,0
27913,0,1,0,133,0,0
27914,0,11,0,221,0,0
27915,0,134,0,110,0,0
27916,0,232,0,44,1,0
27917,0,255,0,23,0,0
27918,0,203,0,19,0,0
27919,0,109,0,7,0,0
27920,0,93,0,0,0,0
27921,0,50,0,0,0,0
27922,0,32,0,0,0,0
27923,0,133,0,2,0,0
27924,0,263,0,0,0,0
27925,0,706,0,0,0,0
27926,0,1443,0,0,0,0
27927,0,2057,0,0,0,0
27928,0,3361,0,0,0,0
27929,0,4202,0,0,0,0
27930,0,3819,0,0,0,0
27931,5,2039,0,0,0,0
27932,14,3423,0,0,0,0
27933,2,6310,0,0,0,0
27934,0,6430,0,0,0,0
27935,0,4903,0,0,0,0
27936,14,3906,0,2,0,0
27937,0,1212,0,0,0,0
27938,0,3531,0,0,0,0
27939,0,4864,0,0,0,0
27940,0,5267,0,0,0,0
27941,0,4408,0,0,0,0
27942,0,1997,0,0,0,0
27943,0,1400,0,0,0,0
27944,0,2374,0,0,1,0
27945,0,1717,0,0,0,0
27946,0,3455,0,0,24,0
27947,0,3886,0,4,10,0
27948,0,4016,0,0,0,0
27949,0,4351,0,0,2,0
27950,0,3250,0,1,40,0
27951,0,2473,0,0,0,0
27952,0,4557,0,0,3,0
27953,0,5762,0,6,26,0
27954,0,5342,0,0,6,0
27955,0,2459,0,0,9,0
27956,0,1939,0,0,2,0
27957,0,2833,0,0,3,0
27958,0,2430,0,0,0,0
27959,0,2245,0,0,0,0
27960,0,4543,0,0,0,0
27961,0,4928,0,0,2,0
27962,0,4311,0,0,0,0
27963,0,4658,0,0,0,0
27964,0,3671,0,0,0,0
27965,0,688,0,0,0,0
27966,0,2188,0,0,0,0
27967,0,2957,0,0,0,0
27968,0,2668,0,0,0,0
27969,0,975,0,0,0,0
27970,0,1046,0,0,1,0
27971,0,2282,0,0,12,0
27972,0,3131,0,0,9,0
27973,0,3001,0,0,1,0
27974,0,2716,0,0,39,0
27975,0,2217,0,0,5,0
27976,0,2312,0,0,7,0
27977,0,3246,0,0,11,0
27978,0,4040,0,0,7,0
27979,0,3973,0,0,0,0
27980,0,3029,0,0,0,0
27981,0,4484,0,1,0,0
27982,0,5134,0,2,0,0
27983,0,5339,0,3,0,0
27984,0,5249,0,0,0,0
27985,0,4858,0,0,0,0
27986,0,4387,0,0,0,0
27987,0,2769,0,0,0,0
27988,0,2451,0,6,0,0
27989,0,1548,0,61,0,0
27990,0,3845,0,3,0,0
27991,0,4835,0,2,2,0
27992,0,5328,0,0,0,0
27993,0,5709,0,0,0,0
27994,0,4534,0,0,0,0
27995,0,3554,0,1,0,0
27996,0,3158,0,0,0,0
27997,0,3648,0,0,0,0
27998,0,4775,0,0,0,0
27999,0,5640,0,0,0,0
28000,0,5815,0,0,11,0
28001,0,5185,0,0,4,0
28002,0,4222,0,0,0,0
28003,0,3291,0,0,0,0
28004,0,4936,0,0,0,0
28005,0,5149,0,0,0,0
28006,0,4699,0,0,11,0
28007,0,2032,0,0,3,0
28008,0,5196,0,0,0,0
28009,0,4625,0,0,0,0
28010,0,4692,0,0,5,0
28011,0,5499,0,0,0,0
28012,0,5470,0,0,2,0
28013,0,4789,0,0,9,0
28014,0,3915,0,0,11,0
28015,0,3200,0,0,2,0
28016,0,3683,0,0,41,0
28017,0,7801,0,0,4,0
28018,0,7213,0,0,1,0
28019,1,6583,67,0,77,0
28020,47,6482,386,0,13,0
28021,49,4582,0,0,13,0
28022,48,3166,6,0,2,0
28023,22,5957,635,0,0,0
28024,0,7003,398,0,1,0
28025,1,7047,0,0,37,0
28026,0,6116,0,2,0,0
28027,0,5505,0,0,1,0
28028,2,4712,0,0,39,0
28029,25,4526,0,0,0,0
28030,41,4426,0,0,3,0
28031,17,4456,0,0,0,0
28032,16,4521,0,1,0,0
28033,0,4472,0,3,2,0
28034,0,4419,0,0,19,0
28035,0,4459,0,2,5,0
28036,0,4327,0,0,10,0
28037,0,3976,0,0,2,0
28038,5,3275,0,0,11,0
28039,27,2513,0,0,0,0
28040,13,1642,0,0,0,0
28041,0,833,0,0,2,0
28042,0,654,0,34,4,0
28043,0,613,0,3,0,0
28044,0,555,0,0,15,0
28045,0,581,0,2,2,0
28046,0,524,0,0,121,0
28047,0,500,0,0,1,0
28048,0,575,0,5,0,0
28049,0,748,0,11,4,0
28050,0,918,0,0,4,0
28051,0,859,0,5,2,0
28052,0,505,0,1,0,0
28053,0,179,0,0,0,0
28054,0,74,0,0,0,0
28055,0,22,0,0,0,0
28056,0,36,0,0,0,0
28057,0,20,0,1,4,0
28058,0,19,0,39,52,0
28059,0,31,0,24,0,0
28060,0,19,0,9,1,0
28061,0,59,0,48,16,0
28062,0,64,0,19,0,0
28063,0,103,0,11,1,0
28064,0,159,0,31,14,0
28065,0,198,0,0,0,0
28066,0,202,0,19,35,0
28067,0,181,0,6,27,0
28068,0,100,0,2,3,0
28069,0,68,0,31,2,0
28070,0,48,0,29,36,0
28071,0,54,0,2,0,0
28072,0,24,0,0,0,0
28073,0,41,0,0,0,0
28074,0,110,0,0,0,0
28075,0,338,0,0,3,0
28076,0,552,0,0,0,0
28077,0,612,0,2,0,0
28078,0,737,0,22,0,0
28079,0,865,0,7,1,0
28080,0,840,0,0,0,0
28081,0,961,0,0,0,0
28082,0,1225,0,0,0,0
28083,0,1262,0,1,0,0
28084,0,1351,0,0,0,0
28085,0,1339,0,0,0,0
28086,0,1447,0,0,0,0
28087,0,1561,0,0,0,0
28088,0,1732,0,2,0,0
28089,0,1982,0,2,0,0
28090,0,2242,0,0,0,0
28091,0,2621,0,0,0,0
28092,0,3075,0,0,0,0
28093,0,3479,0,0,0,0
28094,0,3602,0,0,0,0
28095,0,3591,0,0,0,0
28096,0,3740,0,11,3,0
28097,0,3473,0,6,19,0
28098,0,2956,0,3,0,0
28099,0,2618,6,0,0,0
28100,0,2159,10,0,0,0
28101,0,1789,2,0,0,0
28102,0,1724,0,0,8,0
28103,0,1669,7,0,0,0
28104,0,1505,10,0,0,0
28105,0,1432,24,0,0,0
28106,0,1451,18,0,11,0
28107,0,1467,55,0,0,0
28108,0,1228,93,0,0,0
28109,0,296,46,0,31,0
28110,0,618,62,0,1,0
28111,0,342,30,1,6,0
28112,0,119,32,0,0,0
28113,0,48,11,0,0,0
28114,0,108,27,0,0,0
28115,0,217,22,0,0,0
28116,0,143,46,0,0,0
28117,0,172,52,0,0,0
28118,0,103,43,0,0,0
28119,0,44,21,0,0,0
28120,0,8,14,0,0,0
28121,0,0,0,0,0,0
28122,0,0,5,0,0,0
28123,0,8,7,0,0,0
28124,0,0,19,0,0,0
28125,0,0,0,0,0,0
28126,0,1,0,0,0,0
28127,0,3,0,0,0,0
28128,0,0,0,0,0,0
28129,0,2,0,0,0,0
28130,0,0,2,0,0,0
28131,0,0,0,0,0,0
28132,0,0,0,0,0,0
28133,0,0,0,0,0,0
28134,0,0,0,0,0,0
28135,0,0,0,0,0,0
28136,0,0,0,0,0,0
28137,0,0,0,0,0,0
28138,0,0,0,0,0,0
28139,0,25,8,0,0,0
28140,0,52,11,0,0,0
28141,0,50,32,0,0,0
28142,0,45,34,0,0,0
28143,0,73,42,0,0,0
28144,0,65,45,0,0,0
28145,0,64,76,1,0,0
28146,0,46,66,56,0,0
28147,0,10,45,101,0,0
28148,0,36,50,232,0,0
28149,0,32,37,372,15,0
28150,0,19,22,428,4,0
28151,0,0,0,293,165,0
28152,0,0,5,244,5,0
28153,0,1,5,122,37,0
28154,0,10,8,113,128,0
28155,0,5,3,15,60,0
28156,0,13,1,48,70,0
28157,0,13,6,65,174,0
28158,0,8,1,77,9,0
28159,0,37,11,51,0,0
28160,0,112,27,0,39,0
28161,0,123,24,0,0,0
28162,0,107,15,0,0,0
28163,0,210,41,0,0,0
28164,0,198,51,0,0,0
28165,0,119,55,0,0,0
28166,0,105,50,0,0,0
28167,0,251,48,13,0,0
28168,0,303,32,22,0,0
28169,0,298,1,1,0,0
28170,0,643,13,38,0,0
28171,0,753,19,78,8,0
28172,0,954,8,8,0,0
28173,0,1257,0,2,0,0
28174,0,1361,0,6,0,0
28175,0,1462,0,2,0,0
28176,0,2103,0,18,0,0
28177,0,2589,0,8,0,0
28178,0,2973,0,6,0,0
28179,0,3230,0,1,0,0
28180,0,3356,0,0,0,0
28181,0,3288,0,0,0,0
28182,0,3003,0,0,0,0
28183,0,2775,0,0,0,0
28184,0,2952,0,0,0,0
28185,0,2873,0,0,0,0
28186,0,2920,0,0,0,0
28187,0,3121,0,41,0,0
28188,0,3407,0,12,0,0
28189,0,3491,0,0,0,0
28190,0,3446,0,0,0,0
28191,0,3575,0,0,0,0
28192,0,3341,0,0,0,0
28193,0,3027,0,0,0,0
28194,0,2906,0,0,0,0
28195,0,2893,0,0,0,0
28196,0,2492,0,0,0,0
28197,0,1537,0,0,0,0
28198,0,1019,0,0,0,0
28199,0,1116,0,0,0,0
28200,0,1468,0,0,0,0
28201,0,1721,0,26,1,0
28202,0,2441,0,37,0,0
28203,0,3114,0,47,0,0
28204,0,3194,0,0,0,0
28205,0,2986,0,0,0,0
28206,0,2971,0,0,0,0
28207,0,2679,0,0,0,0
28208,0,2465,0,0,0,0
28209,0,2421,0,0,0,0
28210,0,2353,0,0,0,0
28211,0,2328,0,0,0,0
28212,0,2077,0,0,0,0
28213,0,1873,0,44,0,0
28214,0,1775,0,20,0,0
28215,0,1601,0,0,0,0
28216,0,1498,0,0,2,0
28217,0,1109,0,0,0,0
28218,0,815,0,2,8,0
28219,0,403,0,14,28,0
28220,0,125,0,26,85,0
28221,0,24,0,2,6,0
28222,0,12,0,2,0,0
28223,0,80,0,0,0,0
28224,0,753,0,0,0,0
28225,0,1506,0,0,5,0
28226,0,2004,0,12,2,0
28227,0,2343,0,0,7,0
28228,0,2321,0,2,0,0
28229,0,2402,0,3,32,0
28230,0,2278,0,4,0,0
28231,0,2035,0,2,15,0
28232,0,1874,0,0,0,0
28233,0,1427,0,0,0,0
28234,0,1154,0,0,0,0
28235,0,719,0,0,0,0
28236,0,310,0,0,0,0
28237,0,90,0,0,0,0
28238,12,358,0,0,0,0
28239,5,854,0,0,0,0
28240,0,2169,0,0,0,0
28241,2,3017,0,0,0,0
28242,0,3497,0,0,0,0
28243,0,3338,0,0,0,0
28244,0,3014,0,0,0,0
28245,0,2429,0,0,0,0
28246,0,1941,0,0,0,0
28247,0,1483,0,0,0,0
28248,0,1308,0,0,0,0
28249,0,1226,0,0,0,0
28250,1,1331,0,0,0,0
28251,0,2388,0,0,0,0
28252,29,3714,0,0,0,0
28253,17,4843,0,0,0,0
28254,0,5689,0,0,0,0
28255,4,6571,0,0,0,0
28256,0,7425,0,0,0,0
28257,9,7846,0,0,0,0
28258,4,7764,0,0,0,0
28259,6,7278,0,0,0,0
28260,2,6582,0,0,4,0
28261,27,5862,0,1,0,0
28262,0,4713,0,4,4,0
28263,2,3045,0,0,1,0
28264,0,1459,0,0,0,0
28265,0,156,0,2,4,0
28266,0,0,0,0,0,0
28267,0,0,0,0,1,0
28268,0,21,0,0,102,0
28269,0,194,0,3,2,0
28270,0,628,0,1,24,0
28271,0,577,0,0,1,0
28272,0,699,0,0,0,0
28273,0,1319,0,0,0,0
28274,0,3056,0,0,0,0
28275,2,3941,0,35,0,0
28276,0,4671,0,11,1,0
28277,0,5179,0,0,0,0
28278,0,4939,0,0,0,0
28279,0,3988,0,0,0,0
28280,0,2096,0,0,0,0
28281,0,80,0,0,0,0
28282,0,120,0,0,0,0
28283,0,1120,0,0,0,0
28284,0,1981,0,0,0,0
28285,0,2405,0,0,0,0
28286,0,2590,0,0,0,0
28287,0,2694,0,0,0,0
28288,0,2917,0,0,0,0
28289,0,2974,0,4,0,0
28290,0,3239,0,0,0,0
28291,0,3505,0,0,0,0
28292,0,3974,0,0,0,0
28293,0,4023,0,0,0,0
28294,0,4032,0,0,0,0
28295,0,3818,0,0,0,0
28296,0,3286,0,0,1,0
28297,0,2206,0,0,0,0
28298,0,475,0,0,0,0
28299,0,391,0,0,0,0
28300,0,1028,0,0,0,0
28301,0,150,0,0,0,0
28302,0,1187,0,0,0,0
28303,0,2516,0,0,0,0
28304,0,2935,0,0,0,0
28305,0,3020,0,0,0,0
28306,0,2884,0,2,0,0
28307,0,2746,0,0,0,0
28308,0,2660,0,0,0,0
28309,0,2562,0,0,0,0
28310,0,2650,0,0,0,0
28311,0,2698,0,0,0,0
28312,0,2775,0,0,0,0
28313,0,2842,0,0,0,0
28314,0,2854,0,0,0,0
28315,0,2968,0,0,0,0
28316,0,3233,0,0,0,0
28317,0,3247,0,0,0,0
28318,0,3348,0,0,0,0
28319,0,3376,0,0,0,0
28320,0,3281,0,0,0,0
28321,0,3067,0,0,0,0
28322,0,2715,0,0,0,0
28323,0,2406,0,0,0,0
28324,0,2052,0,0,0,0
28325,0,1507,0,0,0,0
28326,0,1102,0,0,0,0
28327,0,708,0,0,0,0
28328,0,288,0,0,0,0
28329,0,163,0,0,0,0
28330,0,181,0,0,0,0
28331,0,284,0,0,0,0
28332,0,384,0,0,0,0
28333,0,555,0,0,0,0
28334,0,757,0,0,13,0
28335,0,830,0,0,0,0
28336,0,861,0,1,10,0
28337,0,829,0,0,27,0
28338,0,742,0,0,11,0
28339,0,598,0,0,2,0
28340,0,506,0,0,39,0
28341,0,265,0,0,0,0
28342,0,102,0,0,1,0
28343,0,940,0,0,0,0
28344,0,2933,0,0,0,0
28345,0,4895,0,0,0,0
28346,0,6899,0,0,0,0
28347,0,8789,0,0,0,0
28348,0,10280,0,0,0,0
28349,0,11476,0,0,0,0
28350,0,12028,0,0,0,0
28351,0,11888,0,4,17,0
28352,0,10810,0,0,0,0
28353,0,8427,0,0,0,0
28354,0,5164,0,0,0,0
28355,0,2319,0,0,0,0
28356,0,2340,0,0,10,0
28357,0,3939,0,0,0,0
28358,0,4901,0,0,0,0
28359,0,5617,0,0,0,0
28360,0,6170,0,0,0,0
28361,0,6231,0,13,16,0
28362,0,6012,1,0,4,0
28363,0,5765,0,0,0,0
28364,0,5397,0,0,0,0
28365,0,4870,0,0,0,0
28366,0,4186,0,2,5,9
28367,0,3652,0,0,1,0
28368,0,3009,0,4,0,0
28369,0,3767,0,1,0,0
28370,5,5383,11,0,0,0
28371,12,7976,235,2,0,0
28372,0,9420,65,0,0,0
28373,0,10134,0,0,0,0
28374,0,10348,0,0,0,0
28375,0,10271,0,0,0,0
28376,0,9688,0,1,0,0
28377,0,8968,0,44,0,0
28378,0,8304,0,0,0,0
28379,0,7398,0,0,0,0
28380,0,6761,0,1,0,0
28381,0,6214,0,2,2,3
28382,0,5615,0,1,4,0
28383,0,5149,0,0,0,0
28384,0,4832,0,2,0,0
28385,0,4650,0,0,0,0
28386,0,3953,0,0,0,0
28387,0,3843,0,0,0,0
28388,0,3107,0,7,1,0
28389,0,3094,0,0,0,0
28390,0,2734,0,0,0,0
28391,0,2658,0,3,0,0
28392,0,2245,0,0,0,0
28393,0,2063,0,7,3,1
28394,0,1573,0,0,0,0
28395,0,1090,0,0,0,0
28396,0,16,0,0,2,1
28397,0,3,0,0,0,0
28398,0,9,0,0,2,0
28399,0,9,0,0,2,0
28400,0,0,0,0,0,0
28401,0,0,0,3,0,0
28402,0,2,0,0,2,0
28403,0,0,0,5,0,0
28404,0,0,0,0,2,0
28405,0,10,0,2,0,0
28406,0,70,0,0,8,0
28407,0,0,0,0,0,0
28408,0,0,0,15,49,0
28409,0,0,0,9,14,0
28410,0,0,0,15,42,0
28411,0,0,0,43,14,0
28412,0,0,0,12,24,0
28413,0,0,0,0,10,0
28414,0,0,0,0,3,0
28415,0,0,0,1,63,0
28416,0,0,0,0,0,0
28417,0,0,0,9,0,0
28418,0,0,0,1,0,0
28419,0,0,0,0,0,0
28420,0,0,0,0,0,0
28421,0,0,0,0,0,0
28422,0,0,0,0,0,0
28423,0,0,0,7,2,0
28424,0,0,0,34,15,0
28425,0,0,0,51,0,0
28426,0,0,0,70,4,0
28427,0,0,0,72,8,0
28428,0,0,0,52,2,0
28429,0,0,0,29,0,0
28430,0,0,0,48,0,0
28431,0,0,0,34,0,0
28432,0,0,0,35,2,0
28433,0,0,0,23,0,0
28434,0,0,0,11,0,0
28435,0,0,0,5,0,0
28436,0,0,0,0,0,0
28437,0,0,0,0,0,0
28438,0,0,0,0,0,0
28439,0,0,0,0,0,0
28440,0,0,0,0,0,0
28441,0,0,0,0,7,0
28442,0,0,0,0,0,0
28443,0,0,0,0,2,0
28444,0,0,0,0,0,0
28445,0,0,0,0,0,0
28446,0,0,0,0,0,0
28447,0,0,0,0,15,0
28448,0,0,0,0,0,0
28449,0,0,0,0,0,0
28450,0,0,0,0,0,0
28451,0,0,0,3,0,0
28452,0,0,0,3,0,0
28453,0,0,0,0,0,0
28454,0,0,0,0,0,0
28455,0,0,0,0,0,0
28456,0,0,0,3,9,3
28457,0,0,0,0,2,5
28458,0,0,0,0,0,0
28459,0,0,0,0,0,0
28460,0,0,0,0,0,5
28461,0,0,0,0,0,0
28462,0,0,0,0,0,0
28463,0,0,0,0,0,0
28464,0,0,0,0,0,0
28465,0,0,0,0,0,0
28466,0,0,0,0,0,0
28467,0,0,0,0,0,0
28468,0,0,0,0,0,0
28469,0,0,0,0,0,0
28470,0,0,0,0,0,0
28471,0,0,0,0,4,7
28472,0,0,0,18,10,10
28473,0,0,0,0,0,1
28474,0,0,0,0,2,3
28475,0,0,0,0,3,0
28476,0,0,0,0,7,0
28477,0,0,0,0,3,0
28478,0,0,0,0,9,0
28479,0,0,0,0,0,0
28480,0,0,0,0,0,0
28481,0,0,0,0,0,0
28482,0,0,0,0,0,0
28483,0,0,0,0,26,0
28484,0,0,0,0,16,0
28485,0,0,0,1,0,0
28486,0,0,0,53,3,0
28487,0,0,0,5,2,0
28488,0,0,0,0,0,0
28489,0,0,0,0,0,0
28490,0,0,0,4,0,0
28491,0,0,0,0,0,0
28492,0,0,0,0,2,0
28493,0,0,0,0,0,0
28494,0,0,0,0,0,0
28495,0,0,0,0,0,0
28496,0,0,0,0,0,0
28497,0,0,0,0,0,0
28498,0,0,0,0,0,0
28499,0,54,0,0,0,0
28500,0,108,0,0,0,0
28501,0,367,0,0,0,0
28502,0,813,0,0,0,0
28503,0,1162,0,0,0,0
28504,0,1478,0,0,0,0
28505,0,1885,0,0,0,0
28506,0,2074,0,0,0,0
28507,0,2219,0,0,0,25
28508,0,2456,0,0,0,46
28509,0,2563,0,0,0,9
28510,0,2858,0,0,0,5
28511,0,3073,0,32,52,67
28512,0,3211,0,30,70,51
28513,0,3285,0,17,136,10
28514,0,3196,0,91,127,10
28515,0,3196,8,16,89,0
28516,0,3044,0,37,24,0
28517,0,2669,0,34,26,6
28518,0,2333,0,4,10,6
28519,0,1989,0,0,2,5
28520,0,1772,0,0,4,0
28521,0,1465,0,0,0,0
28522,0,1363,0,0,0,0
28523,0,980,0,0,0,0
28524,0,625,0,0,0,0
28525,0,302,0,0,0,0
28526,0,14,0,0,11,0
28527,0,0,0,0,1,0
28528,0,159,0,0,2,0
28529,0,411,0,0,5,0
28530,0,360,0,0,0,0
28531,0,93,0,1,30,0
28532,0,0,0,0,0,0
28533,0,0,0,0,0,0
28534,0,0,0,0,0,0
28535,0,0,0,0,0,0
28536,0,3,0,0,1,0
28537,0,0,0,0,18,0
28538,0,1,0,0,0,0
28539,0,28,0,1,0,0
28540,0,48,0,0,0,0
28541,0,64,0,0,3,0
28542,0,150,0,0,0,0
28543,0,412,0,1,0,0
28544,0,518,0,0,0,0
28545,0,1011,0,0,0,0
28546,0,1927,0,2,4,0
28547,0,3362,0,0,0,0
28548,0,4804,0,0,0,0
28549,0,6367,0,0,0,0
28550,0,6895,0,0,0,0
28551,0,6884,0,0,0,0
28552,0,6377,0,0,0,0
28553,0,5558,3,0,0,0
28554,0,4643,0,0,0,0
28555,0,3590,0,0,0,0
28556,0,2351,0,0,0,0
28557,0,2424,0,0,0,0
28558,0,4798,0,0,0,0
28559,0,6354,3,0,0,0
28560,0,7282,6,0,0,0
28561,0,7098,0,0,0,0
28562,0,6873,0,0,0,0
28563,0,6946,0,0,0,0
28564,0,6143,0,0,0,0
28565,0,5905,0,0,0,0
28566,0,4770,0,0,0,0
28567,0,3539,0,0,0,0
28568,0,2836,0,0,0,0
28569,2,2331,0,0,0,0
28570,0,2259,0,0,0,0
28571,0,2487,0,0,20,0
28572,0,2527,0,0,0,0
28573,0,2679,0,0,0,0
28574,0,2783,0,0,0,0
28575,0,2907,0,0,3,0
28576,4,2968,0,0,2,0
28577,0,2836,0,0,0,0
28578,0,2593,0,0,0,0
28579,0,2382,0,0,0,0
28580,0,2193,0,22,0,0
28581,0,2012,0,5,0,0
28582,0,1705,0,0,0,0
28583,0,1320,0,0,0,0
28584,0,1027,0,0,0,0
28585,0,820,0,0,0,0
28586,0,358,0,0,0,0
28587,0,0,0,0,0,0
28588,0,0,0,0,0,0
28589,0,0,0,0,0,0
28590,0,57,0,0,0,0
28591,0,298,0,2,14,0
28592,0,209,0,0,3,0
28593,0,16,0,0,2,0
28594,0,0,0,0,0,0
28595,0,0,0,0,0,0
28596,0,0,0,0,0,0
28597,0,0,0,0,0,0
28598,0,0,0,0,0,0
28599,0,0,0,0,0,0
28600,0,0,0,0,0,0
28601,0,0,0,0,0,0
28602,0,0,0,0,0,0
28603,0,0,0,0,0,0
28604,0,0,0,0,0,0
28605,0,0,0,0,0,0
28606,0,0,0,0,1,0
28607,0,0,0,0,0,0
28608,0,0,0,0,0,0
28609,0,0,0,0,0,0
28610,0,0,0,0,0,0
28611,0,0,0,0,0,0
28612,0,0,0,0,0,0
28613,0,0,0,0,0,0
28614,0,0,0,0,0,0
28615,0,0,0,0,0,0
28616,0,0,0,0,0,0
28617,0,0,0,0,0,0
28618,0,0,0,0,0,0
28619,0,0,0,0,0,0
28620,0,0,0,0,0,0
28621,0,0,0,0,0,0
28622,0,0,0,0,0,0
28623,0,0,0,0,0,0
28624,0,0,0,0,0,0
28625,0,0,0,0,0,0
28626,0,0,0,0,0,0
28627,0,0,0,0,0,0
28628,0,0,0,0,0,0
28629,0,0,0,0,0,0
28630,0,0,0,0,0,0
28631,0,0,0,0,0,0
28632,0,0,0,0,0,0
28633,0,0,0,0,0,0
28634,0,0,0,0,0,0
28635,0,0,0,0,0,0
28636,0,0,0,0,0,0
28637,0,8,0,0,0,0
28638,0,15,0,0,0,0
28639,0,68,0,0,0,0
28640,0,206,0,0,0,0
28641,0,135,0,0,0,0
28642,0,172,0,0,0,0
28643,0,281,0,0,0,0
28644,0,259,0,0,0,0
28645,0,361,0,0,0,0
28646,0,395,0,0,0,0
28647,0,407,0,0,0,0
28648,0,541,0,0,0,0
28649,0,727,0,0,0,0
28650,0,905,0,0,0,0
28651,0,1199,0,0,0,0
28652,0,1114,0,0,0,0
28653,0,1133,0,0,0,0
28654,0,1080,0,0,0,0
28655,0,1086,0,0,0,0
28656,0,980,0,0,0,0
28657,0,564,0,0,0,0
28658,4,150,0,0,0,0
28659,11,236,0,0,0,0
28660,10,969,0,0,0,0
28661,2,1881,0,0,0,0
28662,23,2571,0,0,0,0
28663,52,2908,0,0,0,0
28664,72,3076,0,0,0,0
28665,72,3089,0,0,0,0
28666,47,2976,0,0,2,0
28667,4,1961,0,0,2,0
28668,0,190,0,0,0,0
28669,0,431,0,0,0,0
28670,0,335,0,0,15,0
28671,0,0,0,0,1,0
28672,0,62,0,0,0,0
28673,0,111,0,0,0,0
28674,0,0,0,0,0,0
28675,0,68,0,0,0,0
28676,0,54,0,0,0,0
28677,0,0,0,0,0,0
28678,0,0,0,0,0,0
28679,0,0,0,16,0,0
28680,0,0,0,4,0,0
28681,0,0,0,0,0,0
28682,0,0,0,0,0,0
28683,0,3,0,0,0,0
28684,0,0,0,0,0,0
28685,0,0,0,0,0,0
28686,0,0,0,0,0,0
28687,0,0,0,0,0,0
28688,0,0,0,0,0,0
28689,0,0,0,0,0,0
28690,0,0,0,0,0,0
28691,0,0,0,0,0,0
28692,0,0,0,0,0,0
28693,0,0,0,0,0,0
28694,0,0,0,0,0,0
28695,0,0,0,35,0,0
28696,0,0,0,76,0,0
28697,0,0,0,22,12,0
28698,0,0,0,4,0,0
28699,0,0,0,0,0,0
28700,0,0,0,0,0,0
28701,0,0,0,0,0,0
28702,0,0,0,0,0,0
28703,0,22,0,0,0,0
28704,0,2,0,0,0,0
28705,0,24,0,0,0,0
28706,0,76,0,4,0,0
28707,0,62,0,0,5,0
28708,0,39,0,0,0,0
28709,0,25,0,0,0,0
28710,0,19,0,0,0,0
28711,0,69,0,2,2,0
28712,0,108,0,0,0,0
28713,0,223,0,0,0,0
28714,0,427,0,0,0,0
28715,0,733,0,0,0,0
28716,0,1132,0,0,0,0
28717,0,1764,0,0,0,0
28718,0,2260,0,19,0,0
28719,0,2477,0,56,0,0
28720,0,2907,0,0,0,0
28721,0,3037,0,0,0,0
28722,0,3194,0,5,0,0
28723,0,3142,0,0,8,0
28724,0,3042,0,0,0,0
28725,0,3214,0,0,0,0
28726,0,3111,0,4,19,0
28727,0,3230,0,0,0,0
28728,0,3070,0,0,0,0
28729,0,3055,0,0,0,0
28730,0,3019,0,0,7,0
28731,0,2749,0,0,4,0
28732,0,2612,0,0,0,0
28733,0,2073,0,0,39,0
28734,0,1440,0,0,2,0
28735,0,819,0,0,0,0
28736,0,153,0,0,0,0
28737,0,303,0,0,0,0
28738,0,1332,0,0,2,0
28739,4,2379,0,0,7,0
28740,3,3169,0,0,0,0
28741,42,3671,0,0,3,0
28742,3,3741,0,0,0,0
28743,0,3011,0,0,2,0
28744,0,2033,0,0,10,0
28745,0,910,0,0,0,0
28746,6,338,0,0,0,0
28747,0,93,0,9,0,0
28748,0,10,0,2,0,0
28749,0,18,0,0,0,0
28750,0,13,0,0,0,0
28751,0,32,0,0,0,0
28752,9,99,0,0,0,0
28753,23,249,0,0,0,0
28754,11,1050,0,0,0,0
28755,0,1790,0,0,0,0
28756,0,2370,0,1,2,0
28757,0,2683,0,1,0,0
28758,0,2524,0,0,0,0
28759,0,1768,0,4,0,0
28760,0,1600,0,0,0,0
28761,0,2249,0,0,0,0
28762,0,2235,0,0,0,0
28763,0,1312,0,0,0,0
28764,0,1946,0,0,0,0
28765,0,2972,0,0,0,0
28766,0,3338,0,56,10,0
28767,0,3506,0,0,0,0
28768,0,3589,0,0,0,0
28769,0,3836,0,0,0,0
28770,0,4349,0,0,4,0
28771,0,4385,0,2,5,0
28772,0,4409,0,0,3,0
28773,0,4465,0,6,0,0
28774,0,4231,0,35,0,0
28775,0,3683,0,19,0,0
28776,0,2890,0,11,0,0
28777,0,1971,0,0,0,0
28778,0,1261,0,0,0,0
28779,0,1448,0,0,0,0
28780,0,2181,0,7,1,0
28781,0,2969,0,5,0,0
28782,0,4118,0,0,0,0
28783,0,4955,0,21,0,0
28784,0,5702,0,0,0,0
28785,0,6200,0,2,0,0
28786,0,6879,0,0,10,0
28787,0,7372,0,0,0,0
28788,0,7600,0,0,0,0
28789,0,7535,0,0,0,0
28790,0,7138,0,0,0,0
28791,0,6624,0,0,0,0
28792,0,5967,0,0,0,0
28793,0,4844,0,0,0,0
28794,0,2630,0,0,0,0
28795,0,250,0,3,0,0
28796,0,1461,0,7,0,0
28797,0,3002,0,1,0,0
28798,0,3891,0,2,0,0
28799,0,4160,0,12,0,0
28800,0,3862,0,2,0,0
28801,4,2904,0,3,0,0
28802,2,1859,0,0,0,0
28803,4,1309,0,0,0,0
28804,0,2324,0,0,0,0
28805,0,3744,0,6,0,0
28806,0,4659,0,0,0,0
28807,0,5085,0,69,0,0
28808,0,5574,0,0,0,0
28809,7,6243,0,0,0,0
28810,0,6726,13,0,0,0
28811,0,7411,370,0,0,0
28812,0,9557,1114,0,0,0
28813,1,10535,233,0,0,0
28814,0,10486,655,2,0,0
28815,0,10507,940,6,0,0
28816,0,10981,322,1,0,0
28817,0,9235,0,0,0,0
28818,0,7204,0,0,0,0
28819,0,6185,0,0,0,0
28820,0,5765,0,0,0,0
28821,0,5616,0,0,0,0
28822,0,5322,0,0,0,0
28823,0,4668,0,0,0,0
28824,12,5166,0,0,0,0
28825,8,5739,0,0,0,0
28826,25,6291,0,0,0,0
28827,12,6780,0,0,0,0
28828,11,7030,0,0,0,0
28829,2,6734,0,0,0,0
28830,0,6559,0,0,0,0
28831,0,6496,0,0,0,0
28832,0,5945,0,0,0,0
28833,0,5169,0,0,0,0
28834,0,4171,0,0,0,0
28835,0,2696,0,0,0,0
28836,0,1733,0,0,0,0
28837,4,3867,0,0,0,0
28838,2,6121,0,0,0,0
28839,4,7782,0,0,0,0
28840,12,9122,0,0,0,0
28841,0,9940,0,0,0,0
28842,0,10402,0,0,0,0
28843,0,10224,0,0,0,0
28844,0,9243,0,0,0,0
28845,0,7465,0,0,0,0
28846,0,5673,0,0,2,0
28847,0,4710,0,0,0,0
28848,0,3870,0,0,0,0
28849,0,3432,0,2,0,0
28850,0,3225,0,0,0,0
28851,0,2978,0,0,0,0
28852,0,3554,0,0,0,0
28853,0,4834,0,0,0,0
28854,1,6544,0,0,0,0
28855,0,8304,0,0,0,0
28856,0,9123,0,0,0,0
28857,0,9437,0,0,0,0
28858,0,8404,0,0,0,0
28859,0,6829,0,0,0,0
28860,0,4451,26,0,0,0
28861,0,2840,5,4,1,0
28862,0,2228,1,0,0,0
28863,0,1726,0,0,0,0
28864,0,1476,0,0,0,0
28865,0,1240,0,0,0,0
28866,0,1119,0,0,0,0
28867,0,1057,0,0,0,0
28868,0,1210,0,0,0,0
28869,0,1300,0,0,0,0
28870,0,1506,0,0,0,0
28871,0,2207,0,0,0,0
28872,12,3616,0,0,0,0
28873,0,5253,0,0,1,0
28874,0,7274,0,0,0,0
28875,0,8789,0,0,0,0
28876,12,10005,0,0,0,0
28877,0,10545,0,0,0,0
28878,0,10641,0,0,1,0
28879,0,10429,0,0,0,0
28880,0,10242,0,0,0,0
28881,0,10003,0,0,0,0
28882,0,9529,0,0,0,0
28883,0,8561,0,0,0,0
28884,0,7465,0,0,0,0
28885,4,5933,0,0,0,0
28886,12,3085,0,0,0,0
28887,3,933,0,0,0,0
28888,35,4107,0,0,0,0
28889,5,6024,0,0,0,0
28890,38,7913,0,0,0,0
28891,14,9580,0,0,0,0
28892,0,10521,0,0,0,0
28893,0,10675,0,0,0,0
28894,0,10448,0,0,0,0
28895,0,9569,0,0,0,0
28896,0,8190,0,0,0,0
28897,7,6611,0,0,0,0
28898,3,5107,0,0,0,0
28899,0,2811,0,0,0,0
28900,0,234,0,0,0,0
28901,0,2357,0,15,19,0
28902,0,5206,0,0,0,0
28903,0,6775,0,0,0,0
28904,0,7792,0,0,0,0
28905,0,8269,0,0,0,0
28906,0,7909,0,0,0,0
28907,0,7112,0,0,0,0
28908,0,6078,0,0,1,0
28909,0,3939,0,0,0,0
28910,0,1621,0,15,103,0
28911,0,3370,0,3,3,0
28912,0,5388,0,66,22,0
28913,0,6147,0,0,17,0
28914,0,6721,0,0,0,0
28915,0,6840,0,0,0,0
28916,0,6389,0,0,0,0
28917,0,5831,0,0,0,0
28918,0,5146,0,0,0,0
28919,0,4640,0,0,0,0
28920,0,3870,0,0,0,0
28921,0,3357,0,0,2,0
28922,0,2824,0,0,1,0
28923,0,2557,0,0,0,0
28924,0,2533,0,0,0,0
28925,0,2758,0,0,0,0
28926,0,3525,0,0,0,0
28927,0,4812,0,0,0,0
28928,0,5220,0,1,0,0
28929,2,5127,117,0,0,0
28930,0,5808,345,0,0,0
28931,0,6187,99,4,0,0
28932,0,6944,5,0,0,0
28933,0,7049,84,0,0,0
28934,4,6432,263,0,0,0
28935,0,5703,13,2,0,0
28936,6,5727,0,8,14,0
28937,2,5688,0,0,9,0
28938,23,5741,0,0,0,0
28939,62,6368,0,0,0,0
28940,101,6998,0,0,0,0
28941,183,7980,0,0,0,0
28942,239,9060,0,0,0,0
28943,253,10041,0,0,0,0
28944,196,10565,0,0,0,0
28945,168,10225,0,0,0,0
28946,40,8836,0,0,0,0
28947,19,7259,0,0,0,0
28948,17,6128,0,0,0,0
28949,0,4727,0,0,0,0
28950,0,3609,0,0,0,0
28951,7,2341,0,0,0,0
28952,47,284,0,0,0,0
28953,56,4573,0,0,0,0
28954,31,9920,0,0,0,0
28955,15,12636,0,0,0,0
28956,0,13360,0,0,0,0
28957,0,11286,0,0,0,0
28958,4,8320,0,9,0,0
28959,0,4533,0,12,0,0
28960,2,1405,0,0,0,0
28961,8,2306,0,0,0,0
28962,12,5384,0,0,0,0
28963,2,7734,0,0,0,0
28964,0,8029,0,0,0,0
28965,0,6806,0,0,0,0
28966,0,4148,0,0,2,0
28967,0,2622,0,0,0,0
28968,0,1614,0,0,0,0
28969,0,475,0,0,0,0
28970,0,877,0,0,0,0
28971,0,1531,0,0,0,0
28972,0,2060,0,0,0,0
28973,0,2220,0,0,0,0
28974,0,2266,0,0,0,0
28975,0,2424,0,0,0,0
28976,0,2689,0,0,0,0
28977,0,2778,0,0,0,0
28978,0,2440,0,0,0,0
28979,0,2041,0,0,1,0
28980,0,1913,0,0,0,0
28981,0,2921,0,0,3,0
28982,0,4277,0,0,0,0
28983,0,5316,0,0,0,0
28984,0,4652,0,0,0,0
28985,0,3759,0,0,13,0
28986,0,3828,0,0,5,0
28987,0,5219,0,0,0,0
28988,0,6549,0,0,0,0
28989,0,6547,0,0,0,0
28990,0,5869,0,0,0,0
28991,0,3756,0,0,0,0
28992,0,194,0,0,0,0
28993,0,2721,0,0,0,0
28994,0,5290,0,0,0,0
28995,0,6619,0,48,0,0
28996,0,6505,0,79,0,0
28997,0,4364,0,182,0,0
28998,0,1560,0,221,0,0
28999,0,1080,0,367,18,0
29000,0,2939,0,355,0,0
29001,0,5032,0,414,0,0
29002,0,5474,0,424,0,0
29003,0,4597,0,323,15,0
29004,0,1945,0,355,5,0
29005,0,1702,0,246,39,0
29006,0,3857,0,142,84,0
29007,0,4569,0,56,6,0
29008,0,4443,0,0,0,0
29009,0,4476,0,0,0,0
29010,0,5429,0,3,64,0
29011,0,6050,0,34,120,0
29012,0,7189,0,35,70,0
29013,0,7594,107,5,57,0
29014,0,7108,575,43,0,0
29015,0,6135,832,16,0,0
29016,0,5439,212,0,0,0
29017,0,4711,10,0,0,0
29018,0,3683,6,0,0,0
29019,0,3100,10,0,0,0
29020,0,2401,0,0,0,0
29021,0,2159,0,0,0,0
29022,0,1732,0,0,0,0
29023,0,1465,0,0,0,0
29024,0,1200,0,0,0,0
29025,0,948,0,0,0,0
29026,0,750,0,0,0,0
29027,0,633,0,0,0,0
29028,0,608,0,0,0,0
29029,0,711,0,0,0,0
29030,0,636,0,0,0,0
29031,0,468,0,0,0,0
29032,0,347,0,0,0,0
29033,0,22,0,0,0,0
29034,0,72,0,0,0,0
29035,0,302,0,0,1,0
29036,0,392,0,0,9,0
29037,0,271,0,2,0,0
29038,0,236,0,0,0,0
29039,0,168,0,0,0,0
29040,0,173,0,0,0,0
29041,0,169,0,0,0,0
29042,0,136,0,0,0,0
29043,0,122,0,0,0,0
29044,0,122,0,0,0,0
29045,0,58,0,0,0,0
29046,0,2,0,0,0,0
29047,0,2,0,0,0,0
29048,0,1,0,0,0,0
29049,0,0,0,0,0,0
29050,0,0,0,0,0,0
29051,0,3,0,0,0,0
29052,0,11,0,0,0,0
29053,0,16,0,0,0,0
29054,0,25,0,0,0,0
29055,0,0,0,0,0,0
29056,0,0,0,0,3,0
29057,0,0,0,0,0,0
29058,0,0,0,0,0,0
29059,0,0,0,0,0,0
29060,0,0,0,0,0,0
29061,0,0,0,0,0,0
29062,0,0,0,0,0,0
29063,0,0,0,0,0,0
29064,0,0,0,0,0,0
29065,0,0,0,0,0,0
29066,0,0,0,0,0,0
29067,0,0,0,0,0,0
29068,0,0,0,0,0,0
29069,0,0,0,0,0,0
29070,0,0,0,0,0,0
29071,0,0,0,0,0,2
29072,0,0,0,0,0,0
29073,0,0,0,0,0,0
29074,0,0,0,0,0,0
29075,0,0,0,0,0,0
29076,0,0,0,0,0,0
29077,0,0,0,0,0,0
29078,0,0,0,0,0,0
29079,0,15,0,0,0,0
29080,0,109,0,0,0,0
29081,0,200,0,0,0,0
29082,0,180,0,0,0,0
29083,0,44,0,0,0,0
29084,0,7,0,0,0,0
29085,0,0,0,0,0,0
29086,0,0,0,0,0,0
29087,0,20,0,0,0,0
29088,0,32,0,0,0,0
29089,0,185,0,0,0,0
29090,0,123,0,0,0,0
29091,0,17,0,0,0,0
29092,0,13,0,0,0,0
29093,0,7,0,0,0,0
29094,0,8,0,0,0,0
29095,0,4,0,0,0,0
29096,0,4,0,0,0,0
29097,0,0,0,0,0,0
29098,0,0,0,0,0,0
29099,0,0,0,0,0,0
29100,0,0,0,0,0,0
29101,0,3,0,0,0,0
29102,0,2,0,0,0,0
29103,0,0,0,0,0,0
29104,0,71,0,0,0,0
29105,0,297,0,0,0,0
29106,0,160,0,0,0,0
29107,0,7,0,0,0,0
29108,0,11,0,0,0,0
29109,0,26,0,0,0,0
29110,0,0,0,0,0,0
29111,0,0,0,0,0,0
29112,0,0,0,0,0,0
29113,0,0,0,0,0,0
29114,0,0,0,0,0,0
29115,0,0,0,0,0,0
29116,0,0,0,0,0,0
29117,0,0,0,0,0,0
29118,0,0,0,0,0,0
29119,0,0,0,0,0,0
29120,0,0,0,0,0,0
29121,0,0,0,0,0,0
29122,0,0,0,0,0,0
29123,0,0,0,0,0,0
29124,0,0,0,0,0,0
29125,0,0,0,0,0,0
29126,0,0,0,0,0,0
29127,0,0,0,0,0,0
29128,0,0,0,0,0,0
29129,0,0,0,0,0,0
29130,0,0,0,0,0,0
29131,0,0,0,0,0,0
29132,0,3,0,0,0,0
29133,0,0,0,0,0,0
29134,0,0,0,0,0,0
29135,0,0,0,0,0,0
29136,0,0,0,0,0,0
29137,0,0,0,0,0,0
29138,0,0,0,0,0,0
29139,0,0,0,0,0,0
29140,0,0,0,0,0,0
29141,0,0,0,0,0,0
29142,0,0,0,0,0,0
29143,0,0,0,0,0,0
29144,0,0,0,0,0,0
29145,0,0,0,0,0,0
29146,0,0,0,0,0,0
29147,0,0,0,0,0,0
29148,0,0,0,0,0,0
29149,0,0,0,0,0,0
29150,0,0,0,0,0,0
29151,0,0,0,0,0,0
29152,0,0,0,0,5,0
29153,0,11,0,0,325,0
29154,0,0,0,0,856,0
29155,0,0,0,0,956,0
29156,0,0,0,0,844,0
29157,0,0,0,0,596,0
29158,0,0,0,0,544,0
29159,0,0,0,90,749,0
29160,0,0,0,112,869,0
29161,0,0,0,256,1281,0
29162,0,0,0,405,2064,0
29163,0,0,0,461,2570,1
29164,0,0,0,665,2740,36
29165,0,0,0,910,3518,0
29166,0,0,0,1133,4022,0
29167,0,0,0,1090,4500,0
29168,0,0,0,1006,5801,0
29169,0,0,0,912,8150,34
29170,0,0,0,654,11217,115
29171,0,0,0,423,12682,208
29172,0,0,0,421,14734,195
29173,0,0,0,772,16563,146
29174,0,0,0,996,18297,63
29175,0,0,0,1165,18620,0
29176,0,0,0,1231,18142,0
29177,0,0,0,972,17958,0
29178,0,0,0,559,17290,0
29179,0,0,0,586,15459,0
29180,0,0,0,1134,14490,0
29181,0,0,0,1548,13588,0
29182,0,0,0,2199,12120,0
29183,0,0,0,2540,10404,0
29184,0,0,0,2764,7740,0
29185,0,0,0,2338,4863,0
29186,0,0,0,1819,1358,0
29187,0,0,0,1027,271,0
29188,0,1,0,544,243,0
29189,0,0,0,416,393,0
29190,0,0,0,446,248,0
29191,0,0,0,416,248,0
29192,0,0,0,316,313,0
29193,0,0,0,192,318,0
29194,0,0,0,211,172,0
29195,0,0,0,195,71,0
29196,0,0,0,60,5,0
29197,0,0,0,153,0,0
29198,0,0,0,152,8,0
29199,0,0,0,99,123,2
29200,0,0,0,109,10,0
29201,0,0,0,210,210,0
29202,0,0,0,152,37,0
29203,0,0,0,106,71,0
29204,0,0,0,52,0,0
29205,0,0,0,130,50,0
29206,0,0,0,187,118,0
29207,0,0,0,3,664,0
29208,0,0,0,14,3,0
29209,0,0,0,100,1,0
29210,0,0,0,168,50,0
29211,0,0,0,87,7,0
29212,0,18,0,85,16,0
29213,0,0,0,99,132,0
29214,0,0,0,257,351,0
29215,0,0,0,124,160,0
29216,0,0,0,123,80,0
29217,0,0,0,77,49,0
29218,0,0,0,0,0,0
29219,0,0,0,32,67,0
29220,0,0,0,2,1,0
29221,0,0,0,79,137,2
29222,0,0,0,198,15,0
29223,0,0,0,127,21,0
29224,0,0,0,45,9,0
29225,0,0,0,214,146,0
29226,0,0,0,157,90,0
29227,0,0,0,167,91,0
29228,0,0,0,17,0,0
29229,0,0,0,14,0,0
29230,0,0,0,10,6,0
29231,0,0,0,3,0,0
29232,0,0,0,1,5,0
29233,0,0,0,2,0,0
29234,0,0,0,20,0,0
29235,0,0,0,69,0,0
29236,0,0,0,120,5,0
29237,0,0,0,41,55,0
29238,0,0,0,44,0,0
29239,0,0,0,33,89,0
29240,0,0,0,21,53,0
29241,0,0,0,7,14,0
29242,0,0,0,0,5,0
29243,0,0,0,10,25,0
29244,0,0,0,0,10,0
29245,0,0,0,2,26,0
29246,0,0,0,0,29,0
29247,0,0,0,2,15,0
29248,0,0,0,70,29,0
29249,0,0,0,252,3,0
29250,0,0,0,289,3,0
29251,0,0,0,543,126,0
29252,0,0,0,677,589,0
29253,0,0,0,399,1054,0
29254,0,0,0,419,1902,0
29255,0,0,0,704,2011,0
29256,0,0,0,894,1407,0
29257,0,0,0,1208,526,0
29258,0,0,0,196,75,0
29259,0,0,0,175,39,0
29260,0,0,0,216,94,0
29261,0,0,0,189,111,0
29262,0,0,0,68,11,0
29263,0,0,0,65,0,0
29264,0,0,0,60,0,0
29265,0,0,0,103,0,0
29266,0,0,0,69,37,0
29267,0,0,0,38,1,0
29268,0,0,0,16,5,0
29269,0,0,0,43,4,0
29270,0,0,0,8,44,0
29271,0,0,0,10,0,0
29272,0,0,0,0,0,0
29273,0,0,0,25,17,0
29274,0,0,0,41,0,0
29275,0,0,0,19,0,0
29276,0,0,0,22,0,0
29277,0,0,0,56,0,0
29278,0,0,0,52,0,0
29279,0,0,0,94,0,0
29280,0,0,0,45,0,0
29281,0,0,0,1,3,0
29282,0,0,0,2,0,0
29283,0,0,0,2,0,0
29284,0,0,0,3,3,0
29285,0,0,0,4,24,0
29286,0,0,0,7,55,0
29287,0,0,0,10,52,0
29288,0,0,0,3,67,0
29289,0,0,0,1,335,0
29290,0,0,0,0,510,0
29291,0,0,0,0,573,0
29292,0,0,0,3,279,0
29293,0,0,0,47,185,0
29294,0,0,0,139,194,0
29295,0,0,0,73,21,0
29296,0,0,0,190,137,0
29297,0,0,0,423,213,0
29298,0,0,0,259,301,0
29299,0,0,0,36,504,0
29300,0,0,0,199,1144,0
29301,0,0,0,226,1354,0
29302,0,0,0,213,1180,0
29303,0,0,0,160,867,0
29304,0,0,0,26,704,0
29305,0,0,0,44,147,0
29306,0,0,0,58,211,0
29307,0,0,0,9,419,0
29308,0,0,0,1,432,0
29309,0,0,0,30,255,0
29310,0,0,0,0,74,0
29311,0,0,0,5,77,0
29312,0,0,0,3,69,0
29313,0,0,0,0,79,0
29314,0,0,0,0,149,0
29315,0,0,0,1,143,0
29316,0,0,0,5,22,0
29317,0,0,0,0,10,0
29318,0,0,0,0,12,0
29319,0,0,0,48,0,0
29320,0,0,0,12,0,0
29321,0,0,0,0,10,0
29322,0,0,0,0,0,0
29323,0,0,0,0,0,0
29324,0,0,0,0,29,0
29325,0,0,0,0,26,0
29326,0,0,0,0,180,0
29327,0,0,0,0,101,0
29328,0,0,0,0,53,0
29329,0,0,0,0,6,0
29330,0,0,0,0,0,0
29331,0,0,0,0,0,0
29332,0,0,0,0,0,0
29333,0,0,0,0,4,0
29334,0,0,0,0,0,0
29335,0,0,0,0,0,0
29336,0,0,0,9,1,0
29337,0,0,0,0,2,0
29338,0,0,0,0,0,0
29339,0,0,0,0,9,0
29340,0,0,0,13,20,0
29341,0,0,0,7,50,0
29342,0,0,0,4,13,0
29343,0,0,0,0,6,0
29344,0,0,0,0,0,0
29345,0,0,0,0,0,0
29346,0,0,0,0,0,0
29347,0,0,0,0,0,0
29348,0,0,0,0,66,0
29349,0,0,0,0,54,0
29350,0,0,0,3,197,0
29351,0,0,0,38,251,0
29352,0,0,0,86,292,0
29353,0,0,0,112,236,0
29354,0,0,0,206,93,0
29355,0,0,0,271,142,0
29356,0,0,0,368,453,0
29357,0,0,0,245,746,0
29358,0,0,0,184,576,0
29359,0,0,0,228,250,0
29360,0,0,0,248,249,0
29361,0,0,0,283,246,0
29362,0,0,0,390,143,0
29363,0,0,0,335,106,0
29364,0,0,0,200,73,0
29365,0,0,0,163,51,0
29366,0,0,0,179,32,0
29367,0,0,0,142,8,0
29368,0,0,0,169,1,0
29369,0,0,0,104,0,0
29370,0,0,0,64,0,0
29371,0,0,0,190,0,0
29372,0,0,0,215,1,0
29373,0,0,0,82,21,0
29374,0,0,0,1,0,0
29375,0,0,0,0,14,0
29376,0,0,0,8,11,0
29377,0,0,0,10,0,0
29378,0,0,0,3,4,0
29379,0,0,0,8,0,0
29380,0,0,0,15,5,0
29381,0,0,0,0,37,0
29382,0,0,0,2,6,0
29383,0,0,0,0,29,0
29384,0,0,0,24,26,0
29385,0,0,0,10,28,0
29386,0,0,0,61,217,0
29387,0,0,0,183,480,0
29388,0,0,0,421,1149,0
29389,0,0,0,613,1917,0
29390,0,0,0,781,2806,0
29391,0,0,0,843,4057,0
29392,0,0,0,686,5598,0
29393,0,0,0,407,6956,0
29394,0,0,0,78,7713,0
29395,0,0,0,208,8608,0
29396,0,0,0,335,10270,0
29397,0,0,0,526,12232,0
29398,0,0,0,694,13622,0
29399,0,0,0,963,13460,0
29400,0,0,0,1077,11707,0
29401,0,0,0,1215,10851,0
29402,0,0,0,1147,9262,0
29403,0,0,0,900,7570,0
29404,0,0,0,645,5166,0
29405,0,0,0,518,4204,0
29406,0,0,0,411,3333,0
29407,0,0,0,284,2814,0
29408,0,0,0,470,2007,0
29409,0,0,0,881,1683,0
29410,0,0,0,909,2134,3
29411,0,0,0,1072,2040,0
29412,0,0,0,961,2243,0
29413,0,0,0,1062,2063,0
29414,0,0,0,899,2258,4
29415,0,0,0,896,1374,4
29416,0,0,0,829,1794,39
29417,0,0,0,831,3381,1
29418,0,0,0,717,3485,0
29419,0,0,0,757,5064,2
29420,0,0,0,609,4505,29
29421,0,0,0,691,3879,0
29422,0,0,0,723,2245,1
29423,0,0,0,696,1101,0
29424,0,0,0,609,174,20
29425,0,0,0,682,270,0
29426,0,0,0,460,226,38
29427,0,0,0,280,554,0
29428,0,0,0,165,193,3
29429,0,0,0,34,319,0
29430,0,0,0,19,28,32
29431,0,0,0,25,352,3
29432,0,0,0,1,23,21
29433,0,0,0,38,361,0
29434,0,0,0,1,2,12
29435,0,0,0,0,375,0
29436,0,0,0,59,10,0
29437,0,0,0,0,119,3
29438,0,0,0,0,5,0
29439,0,0,0,3,68,7
29440,0,0,0,17,43,0
29441,0,0,0,6,271,41
29442,0,0,0,96,50,4
29443,0,6,0,0,0,0
29444,0,36,0,17,142,29
29445,3,40,0,205,11,0
29446,0,0,0,28,43,26
29447,2,33,0,242,307,24
29448,0,63,0,0,124,0
29449,0,49,0,7,135,13
29450,0,76,0,0,12,38
29451,0,15,0,9,0,0
29452,0,0,0,0,0,0
29453,0,0,0,38,16,0
29454,0,0,0,0,0,0
29455,0,0,0,3,0,0
29456,0,0,0,0,0,1
29457,0,0,0,84,39,0
29458,2,0,0,0,0,14
29459,17,0,0,0,15,0
29460,10,3,0,2,7,0
29461,14,8,0,0,8,4
29462,0,0,0,93,20,0
29463,0,0,0,0,67,19
29464,0,0,0,4,1,6
29465,0,0,0,1,14,20
29466,0,0,0,11,3,0
29467,0,0,0,23,3,0
29468,0,0,0,105,4,0
29469,0,0,0,53,0,0
29470,0,0,0,122,7,0
29471,0,0,0,55,0,0
29472,0,0,0,24,30,0
29473,0,0,0,4,2,0
29474,0,0,0,6,10,0
29475,0,0,0,0,3,0
29476,0,0,0,24,10,0
29477,0,0,0,40,1,0
29478,0,0,0,0,2,0
29479,0,0,0,3,9,0
29480,0,0,0,0,0,0
29481,0,0,0,4,5,0
29482,0,0,0,0,0,0
29483,0,0,0,18,0,0
29484,0,0,0,0,0,0
29485,0,0,0,2,0,0
29486,0,0,0,0,0,0
29487,0,0,0,36,0,0
29488,0,0,0,18,4,0
29489,0,0,0,16,0,0
29490,0,0,0,0,0,0
29491,0,0,0,2,9,0
29492,0,0,0,0,0,0
29493,0,0,0,8,19,0
29494,0,0,0,0,0,0
29495,0,0,0,1,3,0
29496,0,0,0,5,0,0
29497,0,0,0,2,1,0
29498,0,0,0,0,0,0
29499,0,0,0,0,0,0
29500,0,0,0,0,0,0
29501,0,0,0,5,1,0
29502,0,0,0,10,0,0
29503,0,0,0,2,0,0
29504,0,0,0,51,12,0
29505,0,0,0,0,1,0
29506,2,0,0,1,4,0
29507,0,0,0,0,0,0
29508,0,0,0,0,2,0
29509,0,0,0,0,0,0
29510,0,0,0,0,0,0
29511,0,0,0,0,0,0
29512,0,0,0,5,0,0
29513,0,0,0,0,0,0
29514,0,0,0,0,0,0
29515,0,0,0,3,4,0
29516,0,0,0,19,14,0
29517,0,0,0,0,3,0
29518,0,0,0,1,4,0
29519,0,0,0,0,0,0
29520,0,0,0,0,0,0
29521,0,0,0,6,0,0
29522,0,0,0,0,8,0
29523,0,0,0,6,0,0
29524,0,0,0,0,0,0
29525,0,0,0,0,0,0
29526,0,0,0,0,0,0
29527,0,0,0,0,0,0
29528,0,0,0,0,0,0
29529,0,0,0,0,0,0
29530,0,0,0,0,0,0
29531,0,0,0,0,0,0
29532,0,0,0,0,0,0
29533,0,0,0,0,0,0
29534,0,0,0,0,0,0
29535,0,0,0,0,0,0
29536,0,0,0,0,17,0
29537,0,0,0,0,0,0
29538,0,0,0,0,0,0
29539,0,0,0,0,0,0
29540,0,0,0,0,0,0
29541,0,0,0,0,0,0
29542,0,0,0,0,0,0
29543,0,0,0,39,29,0
29544,0,0,0,10,4,0
29545,0,0,0,19,43,0
29546,0,0,0,85,15,0
29547,0,0,0,43,0,0
29548,0,0,0,12,0,0
29549,0,0,0,16,0,0
29550,0,0,0,0,0,0
29551,0,0,0,1,2,0
29552,0,0,0,0,0,0
29553,0,0,0,0,0,0
29554,0,0,0,0,0,0
29555,0,0,0,0,0,0
29556,0,0,0,0,0,0
29557,0,0,0,2,0,0
29558,0,0,0,27,32,0
29559,0,0,0,0,0,0
29560,0,0,0,0,0,0
29561,0,0,0,0,0,0
29562,0,0,0,0,0,0
29563,0,0,0,0,0,0
29564,0,0,0,0,0,0
29565,0,0,0,0,0,0
29566,0,0,0,0,2,0
29567,0,0,0,0,0,0
29568,0,0,0,0,0,0
29569,0,0,0,0,0,0
29570,0,0,0,0,0,0
29571,0,0,0,0,0,0
29572,0,0,0,0,0,0
29573,0,0,0,0,0,0
29574,0,0,0,0,0,0
29575,0,0,0,0,0,0
29576,4,0,0,0,0,0
29577,0,0,0,0,0,0
29578,0,0,0,0,0,0
29579,0,0,0,0,0,0
29580,0,0,0,0,0,0
29581,0,0,0,0,0,0
29582,0,0,0,0,0,0
29583,0,0,0,0,0,0
29584,0,0,0,0,0,0
29585,0,0,0,0,0,0
29586,0,0,0,0,0,0
29587,0,0,0,0,0,0
29588,0,0,0,0,0,0
29589,0,0,0,0,0,0
29590,0,0,0,0,0,0
29591,0,0,0,0,0,0
29592,0,0,0,0,0,0
29593,0,0,0,21,0,0
29594,10,0,0,31,0,0
29595,0,0,0,0,0,0
29596,0,0,0,0,0,0
29597,0,0,0,0,0,0
29598,0,0,0,0,0,0
29599,0,0,0,0,0,0
29600,0,0,0,0,0,0
29601,0,0,0,0,0,0
29602,0,0,0,0,0,0
29603,0,0,0,0,0,0
29604,1,0,0,0,0,0
29605,0,0,0,0,0,0
29606,0,0,0,0,0,0
29607,0,0,0,0,0,0
29608,0,0,0,0,0,0
29609,0,0,0,0,0,0
29610,0,0,0,0,0,0
29611,0,0,0,0,0,0
29612,0,0,0,0,0,0
29613,0,0,0,0,0,0
29614,0,0,0,0,0,0
29615,0,0,0,0,0,0
29616,0,0,0,0,0,0
29617,0,0,0,0,0,0
29618,0,0,0,0,0,0
29619,0,0,0,0,0,0
29620,0,0,0,0,0,0
29621,0,0,0,0,0,0
29622,6,0,8,0,0,0
29623,0,0,2,0,0,0
29624,2,0,0,0,0,0
29625,0,0,0,0,0,0
29626,4,0,0,0,0,0
29627,0,9,0,0,0,0
29628,0,0,0,0,0,0
29629,0,0,4,0,0,0
29630,0,0,0,0,0,0
29631,0,0,0,0,0,0
29632,0,0,0,0,3,0
29633,0,0,0,1,13,0
29634,0,0,0,0,2,0
29635,0,0,0,3,0,0
29636,6,0,0,0,0,0
29637,0,0,0,0,0,0
29638,0,0,0,0,0,0
29639,0,0,0,0,0,0
29640,0,0,0,0,0,0
29641,0,0,0,0,1,0
29642,0,0,0,0,0,0
29643,0,0,0,0,0,0
29644,0,0,0,0,0,0
29645,4,0,0,0,0,0
29646,0,0,0,0,0,0
29647,0,0,0,0,0,0
29648,0,0,0,0,0,0
29649,0,0,0,0,0,0
29650,0,0,0,0,0,0
29651,0,0,0,0,0,0
29652,0,0,0,0,0,0
29653,2,0,0,0,0,0
29654,6,0,0,0,0,0
29655,0,0,0,0,0,0
29656,8,3,0,0,12,0
29657,0,24,0,0,1,0
29658,0,0,0,0,3,0
29659,0,0,0,0,0,0
29660,0,0,0,0,0,0
29661,0,0,0,0,0,0
29662,0,0,0,0,0,0
29663,0,0,0,0,0,0
29664,0,0,0,0,0,0
29665,8,0,0,0,0,0
29666,0,0,0,0,0,0
29667,0,0,0,0,0,0
29668,0,0,0,0,0,0
29669,0,0,0,0,0,0
29670,0,0,0,0,0,0
29671,0,0,0,0,1,0
29672,0,0,0,0,0,0
29673,0,0,0,0,0,0
29674,0,0,0,5,0,0
29675,0,0,0,0,1,0
29676,0,0,0,0,0,0
29677,0,0,0,0,0,0
29678,0,0,0,0,0,0
29679,0,0,0,0,0,0
29680,0,0,0,0,0,0
29681,0,0,0,2,5,0
29682,0,0,0,1,5,0
29683,3,0,0,2,4,0
29684,0,0,0,0,0,0
29685,0,0,0,0,0,0
29686,10,0,0,0,0,0
29687,0,0,0,0,0,0
29688,0,0,0,0,3,0
29689,0,0,0,0,0,0
29690,0,0,0,0,0,0
29691,0,0,0,0,0,0
29692,0,0,0,0,0,0
29693,0,0,0,0,0,0
29694,0,0,0,0,0,0
29695,0,0,0,0,2,0
29696,0,0,0,0,0,0
29697,0,0,0,0,0,0
29698,0,0,0,0,0,0
29699,0,0,0,6,24,0
29700,0,0,0,0,0,0
29701,0,0,0,0,11,0
29702,0,0,0,0,0,0
29703,0,0,0,0,0,0
29704,0,0,0,0,0,0
29705,0,0,0,0,0,0
29706,0,0,0,0,0,0
29707,0,0,0,0,0,0
29708,0,0,0,2,0,0
29709,0,0,0,0,0,0
29710,0,0,0,12,0,0
29711,0,0,0,40,0,0
29712,0,0,0,0,0,0
29713,0,0,0,0,12,0
29714,0,0,0,7,0,0
29715,0,0,0,25,11,0
29716,0,0,0,2,17,1
29717,0,0,0,13,29,0
29718,0,0,0,12,24,0
29719,0,0,0,0,10,0
29720,0,0,0,116,109,0
29721,0,0,0,51,135,0
29722,0,0,0,6,116,0
29723,0,0,0,43,101,0
29724,0,0,0,30,79,0
29725,0,0,0,0,35,0
29726,0,0,0,0,13,0
29727,0,0,0,0,0,0
29728,0,0,0,15,0,0
29729,0,0,0,289,25,0
29730,0,0,0,631,204,0
29731,0,0,0,199,347,0
29732,0,0,0,331,52,0
29733,0,0,0,344,14,0
29734,0,0,0,28,5,0
29735,0,0,0,95,36,11
29736,0,0,0,144,173,6
29737,0,0,0,25,90,0
29738,0,0,0,219,292,0
29739,0,0,0,275,15,0
29740,0,0,0,240,12,0
29741,0,0,0,20,0,0
29742,0,0,0,79,0,0
29743,0,0,0,230,88,0
29744,0,0,0,155,42,0
29745,0,0,0,101,2,0
29746,0,0,0,2,8,0
29747,0,0,0,186,0,0
29748,0,0,0,427,107,0
29749,0,0,0,442,301,0
29750,0,0,0,267,289,0
29751,0,0,0,163,320,0
29752,0,0,0,113,218,0
29753,0,0,0,74,98,0
29754,0,0,0,136,155,0
29755,0,0,0,505,356,0
29756,0,0,0,531,589,0
29757,0,0,0,308,536,0
29758,0,0,0,56,11,0
29759,0,0,0,77,12,0
29760,0,0,0,365,124,0
29761,0,0,0,287,98,0
29762,0,0,0,161,152,0
29763,0,0,0,23,4,0
29764,0,0,0,25,0,0
29765,0,0,0,0,0,0
29766,0,0,0,0,0,0
29767,0,0,0,49,0,0
29768,0,0,0,59,0,0
29769,0,0,0,21,0,0
29770,0,0,0,0,0,0
29771,0,0,0,3,3,0
29772,0,0,0,14,30,0
29773,0,0,0,22,116,0
29774,0,0,0,97,440,0
29775,0,0,0,322,341,0
29776,0,0,0,550,296,0
29777,0,0,0,157,92,0
29778,0,0,0,32,21,0
29779,0,0,0,199,6,0
29780,0,0,0,271,0,0
29781,0,0,0,130,26,0
29782,0,0,0,82,186,0
29783,0,0,0,298,227,0
29784,0,0,0,388,362,0
29785,0,0,0,175,233,0
29786,0,0,0,99,41,0
29787,0,0,0,2,0,0
29788,0,0,0,68,149,0
29789,0,0,0,161,262,0
29790,0,0,0,133,360,0
29791,0,0,0,109,442,0
29792,0,0,0,32,149,0
29793,0,0,0,0,6,0
29794,0,0,0,0,0,0
29795,0,0,0,4,0,0
29796,0,0,0,27,0,0
29797,0,0,0,0,0,0
29798,0,0,0,6,2,0
29799,0,0,0,0,0,0
29800,0,0,0,0,0,0
29801,0,0,0,0,0,0
29802,0,0,0,0,0,0
29803,0,0,0,3,2,0
29804,0,0,0,47,95,0
29805,0,0,0,9,6,0
29806,0,0,0,7,48,3
29807,0,0,0,3,56,0
29808,0,0,0,0,0,0
29809,0,0,0,0,0,0
29810,0,0,0,0,5,0
29811,0,0,0,0,0,0
29812,0,0,0,1,18,0
29813,0,0,0,2,17,0
29814,2,0,0,0,8,0
29815,0,0,0,22,38,0
29816,7,0,0,136,108,0
29817,0,0,0,137,124,0
29818,0,0,0,145,278,0
29819,0,0,0,111,46,0
29820,0,0,0,104,49,0
29821,0,0,0,258,72,0
29822,0,0,0,274,124,0
29823,0,0,0,454,276,0
29824,0,0,0,514,236,0
29825,0,0,0,499,95,0
29826,0,0,0,554,198,0
29827,0,0,0,500,171,0
29828,0,0,0,417,354,0
29829,0,0,0,438,267,0
29830,8,0,0,434,388,0
29831,2,0,0,203,303,0
29832,1,0,0,24,101,0
29833,0,0,0,2,42,0
29834,0,0,0,127,53,0
29835,0,0,0,313,388,0
29836,0,0,0,452,457,0
29837,0,0,0,294,402,0
29838,0,0,0,134,114,0
29839,0,0,0,34,12,0
29840,0,0,0,45,0,0
29841,0,0,0,47,0,0
29842,10,0,0,71,25,0
29843,19,0,0,0,0,0
29844,0,0,0,0,1,0
29845,6,0,0,53,7,0
29846,0,0,0,110,168,0
29847,0,0,0,113,288,0
29848,0,0,0,4,113,0
29849,0,0,0,8,1,0
29850,0,0,0,43,0,0
29851,0,0,0,42,8,0
29852,0,0,0,37,24,0
29853,0,0,0,0,1,0
29854,0,0,0,0,0,0
29855,0,0,0,0,0,0
29856,0,0,0,15,1,0
29857,0,0,0,32,23,0
29858,0,0,0,4,3,0
29859,0,0,0,0,0,0
29860,0,0,0,3,0,0
29861,0,0,0,88,62,0
29862,0,0,0,6,11,0
29863,0,0,0,0,0,0
29864,0,0,0,3,0,0
29865,0,0,0,38,0,0
29866,0,0,0,35,30,0
29867,0,28,0,18,20,0
29868,0,18,0,4,2,0
29869,0,0,0,0,0,0
29870,0,0,0,17,15,0
29871,0,0,0,149,115,0
29872,0,8,0,140,109,0
29873,0,69,0,126,121,0
29874,0,75,0,33,17,0
29875,0,2,0,0,0,0
29876,0,0,0,39,0,0
29877,0,28,0,78,1,0
29878,0,82,0,97,87,0
29879,0,26,0,0,3,0
29880,0,0,0,18,0,0
29881,0,0,0,93,39,0
29882,0,0,0,183,131,0
29883,0,18,0,79,132,0
29884,0,46,0,6,1,0
29885,0,9,0,0,2,0
29886,0,0,0,0,0,0
29887,0,0,0,19,2,0
29888,0,0,0,35,82,0
29889,0,0,0,0,0,0
29890,0,0,0,0,0,0
29891,0,0,0,0,0,0
29892,0,0,0,17,0,0
29893,0,0,0,1,1,0
29894,0,0,0,2,0,0
29895,0,0,0,0,0,0
29896,0,0,0,76,101,0
29897,0,0,0,130,213,0
29898,0,0,0,90,183,0
29899,0,0,0,8,44,0
29900,0,0,0,5,63,0
29901,0,0,0,0,33,0
29902,0,0,0,0,13,0
29903,0,0,0,0,11,0
29904,0,0,0,0,292,0
29905,0,0,0,15,1496,0
29906,0,0,0,84,2397,0
29907,0,0,0,78,1654,0
29908,0,0,0,89,1245,0
29909,0,0,0,37,1488,0
29910,0,0,0,35,1673,0
29911,0,0,0,61,2184,0
29912,0,0,0,30,2049,0
29913,0,0,0,66,1669,0
29914,0,0,0,120,757,0
29915,0,0,0,232,1951,0
29916,0,0,0,173,3342,0
29917,0,0,0,69,4025,0
29918,0,0,0,19,4990,0
29919,0,0,0,0,4889,0
29920,0,0,0,7,2782,0
29921,0,0,0,16,597,0
29922,0,0,0,3,435,0
29923,0,0,0,0,853,0
29924,0,0,0,43,809,0
29925,0,0,0,53,492,0
29926,0,0,0,50,518,0
29927,0,0,0,13,386,0
29928,0,0,0,37,275,0
29929,0,0,0,8,195,0
29930,0,0,0,26,234,0
29931,0,0,0,10,233,0
29932,0,0,0,50,298,0
29933,0,0,0,14,234,0
29934,0,0,0,9,225,0
29935,0,0,0,26,238,0
29936,0,0,0,21,591,0
29937,0,0,0,41,561,0
29938,0,0,0,29,714,0
29939,0,0,0,135,744,0
29940,0,0,0,21,555,0
29941,0,0,0,36,651,0
29942,0,0,0,16,332,0
29943,0,0,0,20,485,0
29944,0,0,0,16,660,0
29945,0,0,0,86,530,0
29946,0,0,0,17,426,0
29947,0,0,0,19,223,0
29948,0,0,0,1,144,0
29949,0,0,0,14,116,0
29950,0,0,0,0,87,0
29951,0,0,0,15,100,0
29952,0,0,0,0,99,0
29953,0,0,0,0,91,0
29954,0,0,0,0,97,0
29955,0,0,0,0,131,0
29956,0,0,0,5,225,0
29957,0,0,0,0,702,0
29958,0,0,0,0,1158,0
29959,0,0,0,0,1303,0
29960,0,0,0,66,1343,0
29961,0,0,0,7,1336,0
29962,0,0,0,21,1213,0
29963,0,0,0,48,1114,0
29964,0,0,0,86,873,0
29965,0,0,0,84,417,0
29966,0,0,0,17,0,0
29967,0,0,0,32,17,0
29968,0,0,0,33,121,0
29969,0,0,0,41,96,0
29970,0,0,0,19,130,0
29971,0,0,0,26,448,0
29972,0,0,0,1,933,0
29973,0,0,0,0,1518,0
29974,0,0,0,0,2078,0
29975,0,0,0,0,2791,0
29976,0,0,0,0,3741,0
29977,0,0,0,3,4625,0
29978,0,0,0,1,4403,0
29979,0,0,0,0,2709,0
29980,0,0,0,0,1808,0
29981,0,0,0,0,1251,0
29982,0,0,0,0,1112,0
29983,0,0,0,0,1658,0
29984,0,0,0,0,1801,0
29985,0,0,0,0,2763,0
29986,0,0,0,7,3887,0
29987,0,0,0,0,3285,0
29988,0,0,0,0,2505,0
29989,0,0,0,0,2843,0
29990,0,0,0,0,2766,0
29991,0,0,0,0,3518,0
29992,0,0,0,0,4200,0
29993,0,0,0,0,3485,0
29994,0,0,0,0,3603,0
29995,0,0,0,0,3155,0
29996,0,0,0,0,2877,0
29997,0,0,0,0,2505,0
29998,0,0,0,0,2338,0
29999,0,0,0,0,2123,0
30000,0,0,0,0,1613,0
30001,0,0,0,2,1162,0
30002,0,0,0,0,1389,0
30003,0,0,0,0,1821,0
30004,0,0,0,0,2231,0
30005,0,0,0,0,2664,0
30006,0,0,0,1,1969,0
30007,0,0,0,0,1592,0
30008,0,0,0,5,893,0
30009,0,0,0,0,670,0
30010,0,0,0,0,554,0
30011,0,0,0,0,408,0
30012,0,0,0,0,260,0
30013,0,0,0,0,213,0
30014,0,0,0,0,312,0
30015,0,0,0,1,809,0
30016,0,0,0,0,1077,0
30017,0,0,0,0,1667,0
30018,0,0,0,0,2242,0
30019,0,0,0,38,3055,0
30020,0,0,0,0,3836,0
30021,0,0,0,6,4437,0
30022,0,0,0,0,4559,0
30023,0,0,0,12,5623,0
30024,0,0,0,48,6084,0
30025,0,0,0,52,6857,2
30026,4,0,0,227,6903,0
30027,0,0,0,99,6994,0
30028,0,0,0,125,6605,0
30029,0,0,0,32,3994,5
30030,0,0,0,160,2739,2
30031,0,0,0,7,1144,4
30032,0,0,0,2,761,0
30033,0,0,0,22,467,0
30034,0,0,0,22,284,0
30035,0,0,0,184,747,0
30036,0,0,0,1,579,0
30037,0,0,0,28,855,0
30038,0,0,0,0,742,0
30039,0,0,0,81,1074,0
30040,0,0,0,245,1409,0
30041,0,0,0,69,1489,0
30042,0,0,0,0,1165,0
30043,0,0,0,35,383,1
30044,0,0,0,226,200,0
30045,0,0,0,287,1256,0
30046,0,0,0,221,1458,0
30047,0,0,0,62,2079,0
30048,0,0,0,56,1309,0
30049,0,0,0,139,1841,11
30050,0,0,0,159,1639,0
30051,0,0,0,164,1583,18
30052,0,0,0,42,305,0
30053,0,0,0,190,384,13
30054,0,0,0,15,14,2
30055,0,0,0,198,76,0
30056,0,0,0,88,4,7
30057,0,0,0,99,14,5
30058,0,0,0,53,8,0
30059,0,0,0,3,2,0
30060,0,0,0,0,0,2
30061,0,0,0,0,89,11
30062,0,0,0,0,0,0
30063,0,0,0,0,42,4
30064,0,0,0,37,9,0
30065,2,0,0,2,2,2
30066,0,0,0,76,46,0
30067,7,0,0,0,9,0
30068,0,0,0,30,0,0
30069,0,0,0,0,0,0
30070,8,0,0,0,0,0
30071,4,0,0,0,1,0
30072,0,0,0,0,0,0
30073,0,0,0,0,0,2
30074,0,0,0,0,1,0
30075,0,0,0,2,18,0
30076,0,0,0,1,3,0
30077,0,0,0,78,5,1
30078,0,0,0,26,0,2
30079,0,0,0,45,34,0
30080,0,0,0,19,5,0
30081,0,0,0,272,122,0
30082,0,0,0,116,26,0
30083,0,0,0,189,51,0
30084,0,0,0,60,2,0
30085,0,0,0,121,25,0
30086,0,0,0,0,1,1
30087,0,0,0,31,1,0
30088,0,0,0,217,6,0
30089,0,0,0,140,0,0
30090,0,0,0,78,0,0
30091,0,0,0,48,25,4
30092,0,0,0,114,5,0
30093,0,0,0,85,4,0
30094,0,0,0,8,0,0
30095,0,0,0,0,4,0
30096,0,0,0,0,0,0
30097,0,0,0,40,44,0
30098,0,0,0,0,17,0
30099,0,0,0,78,48,0
30100,4,0,0,50,0,0
30101,0,0,0,136,1,0
30102,0,0,0,128,0,0
30103,0,0,0,212,34,0
30104,0,0,0,219,53,0
30105,0,0,0,151,31,0
30106,0,0,0,341,71,0
30107,0,0,0,97,3,0
30108,0,0,0,85,4,0
30109,0,0,0,10,1,0
30110,0,0,0,0,2,0
30111,0,0,0,158,47,0
30112,0,0,0,83,2,0
30113,0,0,0,168,144,0
30114,0,0,0,9,2,0
30115,0,0,0,44,85,0
30116,0,0,0,31,0,0
30117,0,0,0,72,0,0
30118,0,0,0,0,0,0
30119,0,0,0,6,0,0
30120,0,0,0,48,30,0
30121,0,0,0,0,22,0
30122,0,0,0,10,0,0
30123,0,0,0,0,1,0
30124,0,0,0,0,0,0
30125,0,0,0,0,0,0
30126,0,0,0,0,0,0
30127,0,0,0,0,0,0
30128,0,0,0,0,0,0
30129,0,0,0,0,79,0
30130,0,0,0,11,148,0
30131,0,0,0,23,2,0
30132,0,0,0,26,218,0
30133,0,0,0,41,0,0
30134,0,0,0,111,297,0
30135,0,0,0,45,2,0
30136,0,0,0,113,142,0
30137,0,0,0,62,15,0
30138,0,0,0,82,122,0
30139,0,0,0,51,0,0
30140,0,0,0,68,30,0
30141,0,0,0,64,22,0
30142,0,0,0,45,5,0
30143,4,0,0,17,35,0
30144,5,0,0,16,0,0
30145,5,0,0,4,0,0
30146,0,0,0,10,0,0
30147,0,0,0,2,0,0
30148,0,0,0,11,32,0
30149,0,0,0,0,4,0
30150,0,0,0,53,10,0
30151,0,0,0,0,17,0
30152,0,0,0,0,0,0
30153,0,0,0,0,4,0
30154,0,0,0,0,0,0
30155,0,0,0,0,2,0
30156,0,0,0,0,0,0
30157,0,0,0,6,11,0
30158,0,0,0,0,0,0
30159,4,0,0,0,0,0
30160,0,0,0,9,0,0
30161,0,0,0,38,0,0
30162,0,0,0,0,0,0
30163,0,0,0,0,0,0
30164,0,0,0,3,0,2
30165,0,0,0,2,1,0
30166,0,0,0,81,0,2
30167,0,0,0,112,0,1
30168,0,0,0,81,0,0
30169,0,0,0,37,13,3
30170,0,0,0,68,31,2
30171,0,0,0,142,92,2
30172,0,0,0,150,17,0
30173,0,0,0,101,10,0
30174,0,0,0,19,25,0
30175,0,0,0,2,9,0
30176,0,0,0,0,0,0
30177,0,0,0,0,7,0
30178,0,0,0,0,0,0
30179,0,0,0,0,11,0
30180,0,0,0,0,0,0
30181,0,0,0,7,62,0
30182,0,0,0,0,0,0
30183,0,0,0,2,4,0
30184,0,0,0,2,0,0
30185,0,0,0,0,0,0
30186,0,0,0,5,0,0
30187,0,0,0,3,0,0
30188,0,0,0,0,0,0
30189,0,0,0,0,0,0
30190,0,0,0,0,0,0
30191,0,0,0,0,0,0
30192,0,0,0,0,0,0
30193,0,0,0,4,0,0
30194,0,0,0,19,0,0
30195,0,0,0,33,0,0
30196,0,0,0,16,0,0
30197,0,0,0,3,33,0
30198,0,0,0,9,0,0
30199,0,0,0,7,31,0
30200,0,0,0,0,0,0
30201,0,0,0,54,2,0
30202,0,0,0,30,0,0
30203,0,0,0,89,1,0
30204,0,0,0,89,0,0
30205,0,0,0,152,28,0
30206,0,0,0,355,100,0
30207,0,0,0,110,32,0
30208,0,0,0,37,11,0
30209,0,0,0,0,0,0
30210,0,0,0,35,0,0
30211,0,0,0,1,25,0
30212,0,0,0,16,0,0
30213,0,0,0,22,74,0
30214,0,0,0,2,313,0
30215,0,0,0,0,508,0
30216,0,0,0,0,564,0
30217,0,0,0,0,528,0
30218,0,0,0,12,539,0
30219,0,0,0,0,455,0
30220,0,0,0,2,518,0
30221,0,0,0,0,740,0
30222,0,0,0,0,785,0
30223,0,0,0,0,978,0
30224,0,0,0,59,916,0
30225,0,0,0,0,881,0
30226,0,0,0,3,476,0
30227,0,0,0,0,1332,0
30228,0,0,0,0,2027,0
30229,0,0,0,18,2085,0
30230,0,0,0,12,1876,0
30231,0,0,0,55,2026,0
30232,0,0,0,0,1765,0
30233,0,0,0,2,1307,0
30234,0,0,0,0,1111,5
30235,0,0,0,0,1028,0
30236,0,0,0,148,1705,0
30237,0,0,0,36,1937,0
30238,0,0,0,281,3019,0
30239,0,0,0,209,2773,0
30240,0,0,0,246,2826,0
30241,0,0,0,75,3039,1
30242,0,0,0,198,3979,0
30243,0,0,0,83,4386,0
30244,0,0,0,69,4314,0
30245,2,0,0,102,3658,0
30246,0,0,0,172,3072,0
30247,4,0,0,442,4362,0
30248,0,0,0,426,5482,0
30249,0,0,0,337,6441,0
30250,0,0,0,82,5594,0
30251,0,2,0,243,5518,0
30252,0,0,0,518,4952,0
30253,0,0,0,609,4085,0
30254,0,0,0,712,1355,0
30255,0,0,0,528,1013,0
30256,0,0,0,374,830,0
30257,0,0,0,202,1177,0
30258,0,0,0,10,1397,0
30259,0,0,0,5,1761,0
30260,4,0,0,0,1635,0
30261,0,0,0,132,1347,0
30262,0,0,0,228,1247,0
30263,0,0,0,313,1821,0
30264,0,0,0,453,1740,0
30265,0,0,0,582,1101,0
30266,0,0,0,465,799,0
30267,0,0,0,462,303,0
30268,0,0,0,498,136,0
30269,0,0,0,419,284,0
30270,0,0,0,368,171,0
30271,0,0,0,162,47,0
30272,0,0,0,105,44,0
30273,0,0,0,48,10,0
30274,0,0,0,30,4,0
30275,0,0,0,19,22,0
30276,0,0,0,0,1,0
30277,0,0,0,0,0,0
30278,0,0,0,0,0,0
30279,0,0,0,0,0,0
30280,0,0,0,0,0,0
30281,0,0,0,26,0,0
30282,0,0,0,40,0,0
30283,0,0,0,18,2,0
30284,0,0,0,0,0,0
30285,0,0,0,0,0,0
30286,0,0,0,12,0,0
30287,2,0,0,19,0,0
30288,0,0,0,22,0,0
30289,0,0,0,30,0,0
30290,0,0,0,11,10,0
30291,0,0,0,55,22,0
30292,0,0,0,19,14,0
30293,0,0,0,87,45,0
30294,0,0,0,72,16,0
30295,0,0,0,177,52,0
30296,2,0,0,128,163,0
30297,0,0,0,152,277,0
30298,0,0,0,148,217,0
30299,0,0,0,119,165,0
30300,0,0,0,51,259,0
30301,0,0,0,44,325,0
30302,0,0,0,31,139,0
30303,0,0,0,23,106,0
30304,0,8,0,1,52,0
30305,0,0,0,4,26,0
30306,0,1,0,2,2,0
30307,0,0,0,8,0,0
30308,0,0,0,11,0,0
30309,0,0,0,0,0,0
30310,0,0,0,0,1,0
30311,0,0,0,0,0,0
30312,0,0,0,1,11,0
30313,0,0,0,26,0,0
30314,0,0,0,47,0,0
30315,0,0,0,63,0,0
30316,0,0,0,17,0,0
30317,0,0,0,0,0,0
30318,0,0,0,16,0,0
30319,0,0,0,110,0,0
30320,0,0,0,16,0,0
30321,0,0,0,0,0,0
30322,0,0,0,18,0,0
30323,0,0,0,121,0,0
30324,0,0,0,140,0,0
30325,0,0,0,0,0,0
30326,0,0,0,6,0,0
30327,0,0,0,0,0,0
30328,0,0,0,16,0,0
30329,0,0,0,96,0,0
30330,0,0,0,119,0,0
30331,0,0,0,156,0,0
30332,0,0,0,159,2,0
30333,0,0,0,28,21,0
30334,0,0,0,39,14,0
30335,0,0,0,75,41,0
30336,0,0,0,31,1,0
30337,0,0,0,5,0,0
30338,0,0,0,0,1,0
30339,0,0,0,0,0,0
30340,0,0,0,0,0,0
30341,0,0,0,5,40,0
30342,0,0,0,0,0,0
30343,0,0,0,22,12,0
30344,0,0,0,157,30,0
30345,0,0,0,14,35,0
30346,0,0,0,0,7,0
30347,0,0,0,50,0,0
30348,0,0,0,135,2,0
30349,0,0,0,0,0,0
30350,0,0,0,14,1,0
30351,0,0,0,9,3,0
30352,0,52,0,11,0,0
30353,0,54,0,79,36,0
30354,0,0,0,69,2,0
30355,0,0,0,97,39,0
30356,0,0,0,224,31,0
30357,0,7,0,220,2,0
30358,0,0,0,78,0,0
30359,0,0,0,0,0,0
30360,0,0,0,49,1,0
30361,0,36,0,110,3,0
30362,0,15,0,64,0,0
30363,0,0,0,4,0,0
30364,0,0,0,0,0,0
30365,0,0,0,1,0,0
30366,0,0,0,2,2,0
30367,0,0,0,0,0,0
30368,0,0,0,0,0,0
30369,0,0,0,0,0,0
30370,0,0,0,0,0,0
30371,0,1,0,2,0,0
30372,0,0,0,0,0,0
30373,0,0,0,0,0,0
30374,0,0,0,0,0,0
30375,0,0,0,0,0,0
30376,0,0,0,0,0,0
30377,0,0,0,1,0,0
30378,0,0,0,17,0,0
30379,0,0,0,10,0,0
30380,0,0,0,92,107,0
30381,0,0,0,48,0,0
30382,0,0,0,28,6,0
30383,0,0,0,0,0,0
30384,0,0,0,0,0,0
30385,0,0,0,0,0,0
30386,0,0,0,0,0,0
30387,0,0,0,14,0,0
30388,0,0,0,0,0,0
30389,0,0,0,0,0,0
30390,0,0,0,25,14,0
30391,0,0,0,55,68,0
30392,0,0,0,76,61,0
30393,0,0,0,47,5,0
30394,0,0,0,61,2,0
30395,0,0,0,166,0,0
30396,0,0,0,186,0,0
30397,0,0,0,362,5,0
30398,0,0,0,383,23,0
30399,0,0,0,445,30,0
30400,0,0,0,343,20,0
30401,0,0,0,296,196,0
30402,0,0,0,191,25,0
30403,0,0,0,122,78,0
30404,0,0,0,43,73,0
30405,0,0,0,16,21,0
30406,0,0,0,4,41,0
30407,0,0,0,0,33,0
30408,0,0,0,0,6,0
30409,0,0,0,17,0,0
30410,0,0,0,45,0,0
30411,0,0,0,181,0,0
30412,0,0,0,276,0,0
30413,0,0,0,80,0,0
30414,0,0,0,190,2,0
30415,0,0,0,120,31,0
30416,0,0,0,254,53,0
30417,0,0,0,14,3,0
30418,0,0,0,41,1,0
30419,0,0,0,27,0,0
30420,0,0,0,0,0,0
30421,0,0,0,21,9,0
30422,0,0,0,41,14,0
30423,0,0,0,0,0,0
30424,0,0,0,95,0,0
30425,0,0,0,176,0,0
30426,0,0,0,263,0,0
30427,0,0,0,394,2,0
30428,0,0,0,360,187,0
30429,0,0,0,223,344,0
30430,0,0,0,99,613,0
30431,0,0,0,83,971,0
30432,0,0,0,18,799,0
30433,0,0,0,8,868,0
30434,0,0,0,13,685,0
30435,0,0,0,0,510,0
30436,0,0,0,3,641,0
30437,0,0,0,0,447,0
30438,0,0,0,0,447,0
30439,0,0,0,0,185,0
30440,0,0,0,0,30,0
30441,0,0,0,0,24,0
30442,0,0,0,0,13,0
30443,0,0,0,0,4,0
30444,0,0,0,0,73,0
30445,0,0,0,0,274,0
30446,0,0,0,0,479,0
30447,0,0,0,22,662,0
30448,0,0,0,1,672,0
30449,0,0,0,33,337,0
30450,0,0,0,28,282,0
30451,0,0,0,101,689,0
30452,0,0,0,47,670,0
30453,0,0,0,60,507,0
30454,0,0,0,92,416,0
30455,0,0,0,121,695,0
30456,0,0,0,80,1009,0
30457,0,0,0,127,1293,0
30458,0,0,0,113,1348,0
30459,0,0,0,247,1049,0
30460,0,0,0,305,680,0
30461,0,0,0,252,365,0
30462,0,0,0,142,954,0
30463,0,0,0,153,1474,0
30464,0,0,0,123,1693,0
30465,0,0,0,64,1228,0
30466,0,0,0,207,1221,0
30467,0,0,0,277,960,0
30468,0,0,0,124,562,0
30469,0,0,0,7,384,0
30470,0,0,0,0,198,2
30471,0,0,0,0,43,0
30472,0,0,0,0,13,0
30473,0,0,0,0,15,0
30474,0,0,0,0,10,0
30475,0,0,0,21,11,0
30476,0,0,0,10,31,0
30477,0,0,0,22,101,0
30478,0,0,0,19,50,0
30479,0,0,0,73,63,0
30480,0,0,0,71,15,0
30481,0,0,0,9,19,0
30482,0,0,0,0,0,0
30483,0,0,0,0,0,0
30484,0,0,0,0,0,0
30485,0,0,0,0,0,0
30486,0,0,0,0,0,0
30487,0,0,0,0,2,0
30488,0,0,0,46,21,0
30489,0,0,0,114,16,0
30490,0,0,0,164,18,0
30491,0,0,0,25,26,0
30492,0,0,0,5,0,0
30493,0,0,0,0,0,0
30494,0,0,0,1,0,0
30495,0,0,0,18,4,0
30496,0,0,0,23,27,0
30497,0,0,0,25,10,0
30498,0,0,0,0,2,0
30499,0,0,0,0,49,0
30500,0,0,0,0,5,0
30501,0,0,0,0,54,0
30502,0,0,0,0,48,0
30503,0,0,0,0,49,0
30504,0,0,0,0,43,0
30505,0,0,0,0,35,0
30506,0,0,0,0,67,0
30507,0,0,0,0,115,0
30508,0,0,0,0,56,0
30509,0,0,0,0,37,0
30510,0,0,0,0,6,0
30511,0,0,0,0,16,0
30512,0,0,0,0,14,0
30513,0,0,0,0,26,0
30514,0,0,0,6,1,0
30515,0,0,0,5,68,0
30516,0,0,0,0,9,0
30517,0,0,0,0,51,0
30518,0,0,0,2,86,0
30519,0,0,0,0,18,0
30520,0,0,0,17,71,0
30521,0,0,0,191,92,0
30522,0,0,0,537,214,0
30523,0,0,0,768,189,0
30524,0,0,0,873,252,0
30525,0,0,0,1028,122,0
30526,0,2,0,1037,22,0
30527,0,0,0,1172,128,0
30528,0,0,0,1107,239,0
30529,0,2,2,1150,426,0
30530,0,55,0,1198,505,0
30531,0,78,7,1072,679,0
30532,0,112,1,864,712,0
30533,0,54,4,737,855,0
30534,0,39,0,564,684,0
30535,0,9,0,425,570,0
30536,0,0,0,343,679,0
30537,0,0,0,254,545,0
30538,0,0,0,180,497,0
30539,0,0,0,165,93,0
30540,0,0,0,127,1,0
30541,0,0,0,187,36,0
30542,0,0,0,231,109,0
30543,0,0,0,356,488,0
30544,0,0,0,704,1217,0
30545,0,0,0,708,1971,0
30546,0,0,0,646,1481,0
30547,0,0,0,296,777,0
30548,0,0,0,13,45,0
30549,0,0,0,2,0,0
30550,0,0,0,37,5,0
30551,0,0,0,178,242,0
30552,0,0,0,374,455,0
30553,0,0,0,285,268,0
30554,0,0,0,215,270,0
30555,0,0,0,13,7,0
30556,0,0,0,0,0,0
30557,0,0,0,51,32,0
30558,0,0,0,106,144,0
30559,0,0,0,37,42,0
30560,0,0,0,6,45,0
30561,0,0,0,4,165,0
30562,0,0,0,130,630,0
30563,0,0,0,159,1168,0
30564,0,0,0,348,812,0
30565,0,0,0,334,353,0
30566,0,0,0,86,423,0
30567,0,0,0,1,578,0
30568,0,0,0,36,1315,0
30569,0,0,0,314,2138,0
30570,0,0,0,385,1827,0
30571,0,0,0,353,605,0
30572,0,0,0,254,129,0
30573,0,0,0,165,122,0
30574,0,0,0,82,97,0
30575,0,0,0,67,138,2
30576,0,0,0,40,77,0
30577,0,0,0,29,25,0
30578,0,0,0,17,39,0
30579,0,0,0,16,46,0
30580,0,0,0,52,26,0
30581,0,0,0,58,11,0
30582,0,0,0,87,3,0
30583,0,0,0,88,0,0
30584,0,0,0,79,0,0
30585,0,0,0,25,0,0
30586,0,0,0,16,2,0
30587,0,0,0,30,32,0
30588,0,0,0,99,129,0
30589,0,0,0,63,62,0
30590,0,0,0,54,68,0
30591,0,0,0,0,0,0
30592,0,0,0,0,2,0
30593,0,0,0,59,39,0
30594,0,0,0,80,144,0
30595,0,0,0,137,212,0
30596,0,0,0,121,313,0
30597,0,0,0,110,153,0
30598,0,0,0,44,30,0
30599,0,0,0,12,5,0
30600,0,0,0,50,3,0
30601,0,0,0,31,2,0
30602,0,0,0,106,14,0
30603,0,0,0,146,69,0
30604,0,0,0,226,170,0
30605,0,0,0,134,148,0
30606,0,0,0,173,143,1
30607,0,0,0,35,6,0
30608,0,0,0,0,0,0
30609,0,0,0,0,4,0
30610,0,0,0,8,2,0
30611,0,0,0,102,116,0
30612,0,0,0,106,63,0
30613,0,0,0,106,46,0
30614,0,0,0,0,2,0
30615,0,0,0,0,0,0
30616,0,0,0,7,25,0
30617,0,0,0,33,27,0
30618,0,0,0,62,176,0
30619,0,0,0,26,29,0
30620,0,0,0,2,54,0
30621,0,0,0,0,0,0
30622,0,0,0,0,16,0
30623,0,0,0,0,0,0
30624,0,0,0,8,9,0
30625,0,0,0,2,0,0
30626,0,0,0,0,46,0
30627,0,0,0,14,20,0
30628,0,0,0,96,299,0
30629,0,0,0,112,342,0
30630,0,0,0,89,204,0
30631,0,0,0,14,132,0
30632,0,0,0,0,1,0
30633,0,0,0,0,0,0
30634,0,0,0,0,0,0
30635,0,0,0,23,17,0
30636,0,0,0,5,16,0
30637,0,0,0,0,0,0
30638,0,0,0,0,0,0
30639,0,0,0,0,2,0
30640,0,0,0,0,0,0
30641,0,0,0,3,0,0
30642,0,0,0,0,2,0
30643,0,0,0,0,0,0
30644,0,0,0,0,0,0
30645,0,0,0,0,0,0
30646,0,0,0,0,5,0
30647,0,0,0,0,7,0
30648,0,0,0,0,5,0
30649,0,0,0,0,0,0
30650,0,0,0,11,0,0
30651,0,0,0,0,0,0
30652,0,0,0,0,0,0
30653,0,0,0,2,0,0
30654,0,0,0,0,0,0
30655,0,0,0,0,0,0
30656,0,0,0,0,0,0
30657,0,0,0,0,0,0
30658,0,0,0,0,0,0
30659,0,0,0,0,0,0
30660,0,0,0,0,0,0
30661,0,0,0,0,1,1
30662,0,0,0,0,0,0
30663,0,0,0,0,0,0
30664,0,0,0,0,0,0
30665,0,0,0,0,0,0
30666,0,0,0,0,0,0
30667,0,0,0,0,0,0
30668,0,0,0,0,0,0
30669,0,0,0,0,0,0
30670,0,0,0,0,0,0
30671,0,0,0,0,0,0
30672,0,0,0,0,0,0
30673,0,0,0,0,0,0
30674,0,0,0,0,0,0
30675,0,0,0,0,0,0
30676,0,0,0,0,0,0
30677,0,0,0,0,0,0
30678,0,0,0,0,0,0
30679,0,0,0,0,0,0
30680,0,0,0,0,0,0
30681,0,0,0,0,0,0
30682,0,0,0,0,0,0
30683,0,0,0,0,0,0
30684,0,0,0,0,0,0
30685,0,0,0,0,0,0
30686,0,0,0,0,0,0
30687,0,0,0,0,0,0
30688,0,0,0,0,0,0
30689,0,0,0,0,0,0
30690,0,0,0,0,0,0
30691,0,0,0,2,0,0
30692,0,0,0,0,0,0
30693,0,0,0,0,0,0
30694,0,0,0,0,0,0
30695,0,0,0,0,0,0
30696,0,0,0,0,0,0
30697,0,0,0,0,0,0
30698,0,0,0,0,0,0
30699,0,0,0,0,0,0
30700,0,0,0,0,0,0
30701,0,0,0,0,0,0
30702,0,0,0,0,0,0
30703,0,0,0,0,0,0
30704,0,0,0,0,0,0
30705,0,0,0,0,0,0
30706,0,0,0,16,45,0
30707,0,0,0,0,0,0
30708,0,0,0,0,0,0
30709,0,0,0,0,0,0
30710,0,0,0,0,0,0
30711,0,0,0,0,0,0
30712,0,0,0,0,0,0
30713,0,0,0,2,0,0
30714,0,0,0,0,0,0
30715,0,0,0,1,0,0
30716,0,0,0,0,0,0
30717,0,0,0,11,0,0
30718,0,0,0,0,0,0
30719,0,0,0,2,0,0
30720,0,0,0,0,0,0
30721,0,0,0,0,0,0
30722,0,0,0,0,0,0
30723,0,0,0,0,0,0
30724,0,0,0,0,0,0
30725,0,0,0,0,0,0
30726,0,0,0,0,0,0
30727,0,0,0,0,0,0
30728,0,0,0,0,0,0
30729,0,0,0,0,0,0
30730,0,0,0,0,0,0
30731,0,0,0,0,0,0
30732,0,0,0,0,0,0
30733,0,0,0,0,0,0
30734,0,0,0,0,0,0
30735,0,0,0,0,0,0
30736,0,0,0,0,10,0
30737,0,0,0,0,0,0
30738,0,0,0,0,0,0
30739,0,0,0,0,0,0
30740,0,0,0,0,0,0
30741,0,0,0,0,0,0
30742,0,0,0,0,0,0
30743,0,0,0,0,0,0
30744,0,0,0,0,0,0
30745,0,0,0,0,0,0
30746,0,0,0,0,0,0
30747,0,0,0,0,0,0
30748,0,0,0,0,0,0
30749,0,0,0,0,0,0
30750,0,0,0,0,0,0
30751,0,0,0,0,1,0
30752,0,0,0,0,0,0
30753,0,0,0,0,0,0
30754,0,0,0,0,0,0
30755,0,0,0,0,0,0
30756,0,0,0,0,0,0
30757,0,0,0,0,0,0
30758,0,0,0,0,0,0
30759,0,0,0,0,0,0
30760,0,0,0,0,0,0
30761,0,0,0,0,0,0
30762,0,0,0,0,0,0
30763,0,0,0,0,0,0
30764,0,0,0,0,0,0
30765,0,0,0,0,0,0
30766,0,0,0,0,12,0
30767,0,0,0,0,12,0
30768,0,0,0,0,8,0
30769,0,0,0,0,0,0
30770,0,0,0,0,10,0
30771,0,0,0,0,19,0
30772,0,0,0,0,0,0
30773,0,0,0,0,0,0
30774,0,0,0,0,0,0
30775,0,0,0,0,0,0
30776,0,0,0,0,33,0
30777,0,0,0,0,0,0
30778,0,0,0,0,0,0
30779,0,0,0,0,0,0
30780,0,0,0,0,1,0
30781,0,0,0,0,13,0
30782,0,0,0,2,19,0
30783,0,0,0,0,2,0
30784,0,0,0,4,3,0
30785,0,0,0,13,18,0
30786,0,0,0,60,9,0
30787,0,0,0,1,54,0
30788,0,0,0,22,48,0
30789,0,0,0,48,50,0
30790,0,0,0,12,1,0
30791,0,0,0,1,14,0
30792,0,0,0,0,0,0
30793,0,0,0,0,0,0
30794,0,0,0,0,0,0
30795,0,0,0,0,0,0
30796,0,0,0,0,0,0
30797,0,0,0,0,0,0
30798,0,0,0,0,0,0
30799,0,0,0,0,0,0
30800,0,0,0,0,0,0
30801,0,0,0,0,0,0
30802,0,0,0,0,0,0
30803,0,0,0,0,0,0
30804,0,0,0,0,0,0
30805,0,0,0,0,0,0
30806,0,0,0,0,0,0
30807,0,0,0,0,0,0
30808,0,0,0,0,0,0
30809,0,0,0,0,1,0
30810,0,0,0,0,0,0
30811,0,0,0,0,2,0
30812,0,0,0,0,0,0
30813,0,0,0,0,0,0
30814,0,0,0,0,0,0
30815,0,0,0,0,0,0
30816,0,0,0,0,0,0
30817,0,0,0,0,0,0
30818,0,0,0,0,0,0
30819,0,0,0,0,0,0
30820,0,0,0,0,0,0
30821,0,0,0,0,0,0
30822,0,0,0,0,0,0
30823,0,0,0,0,0,0
30824,0,0,0,0,0,0
30825,0,0,0,0,0,0
30826,0,0,0,0,3,0
30827,0,0,0,0,0,0
30828,0,0,0,0,0,0
30829,0,23,0,0,0,0
30830,0,241,2,0,0,0
30831,0,1032,36,0,0,0
30832,0,2132,46,0,0,0
30833,0,4062,113,0,0,0
30834,2,6032,1265,0,0,0
30835,0,7288,2402,0,0,0
30836,2,8907,1697,0,0,0
30837,7,9859,596,0,0,0
30838,0,10516,19,0,0,0
30839,0,10716,0,0,0,0
30840,0,10271,0,0,0,0
30841,0,9722,0,0,0,0
30842,0,8832,0,0,0,0
30843,0,8332,0,0,0,0
30844,0,7460,0,0,0,0
30845,0,5849,0,0,0,0
30846,5,3363,0,0,0,0
30847,1,1497,0,0,0,0
30848,0,1591,0,0,0,0
30849,0,1716,0,0,0,0
30850,0,1756,0,0,0,0
30851,0,1706,0,0,0,0
30852,25,2476,0,0,0,0
30853,49,2254,0,0,0,0
30854,66,2027,0,0,0,0
30855,77,1917,0,0,0,0
30856,59,1738,0,0,0,0
30857,40,1290,0,0,0,0
30858,32,1074,0,0,0,0
30859,24,890,0,0,0,0
30860,0,765,0,0,0,0
30861,0,511,0,0,0,0
30862,0,488,0,0,0,0
30863,0,314,0,0,0,0
30864,0,134,0,0,0,0
30865,0,268,0,0,0,0
30866,0,655,0,0,0,0
30867,3,1274,0,0,0,0
30868,24,2014,0,0,0,0
30869,33,2579,0,0,0,0
30870,42,3036,0,0,0,0
30871,41,3845,0,0,0,0
30872,29,4088,0,0,1,0
30873,6,4336,0,0,0,0
30874,0,4628,0,0,0,0
30875,0,5048,0,0,0,0
30876,7,5330,0,0,0,0
30877,9,5597,0,0,0,0
30878,8,5479,0,0,0,0
30879,8,5367,0,0,0,0
30880,4,5213,0,0,0,0
30881,1,4969,0,0,0,0
30882,0,4386,0,0,0,0
30883,0,4014,0,0,0,0
30884,0,3514,0,0,0,0
30885,0,3200,0,0,0,0
30886,0,2679,0,0,0,0
30887,0,2184,0,0,0,0
30888,0,1465,0,0,0,0
30889,0,1034,0,0,0,0
30890,0,544,0,0,0,0
30891,0,658,0,0,0,0
30892,0,892,0,0,0,0
30893,0,981,0,0,0,0
30894,0,1253,0,0,0,0
30895,0,1647,0,0,0,0
30896,0,1991,0,0,0,0
30897,0,2468,0,34,0,0
30898,0,3108,0,0,0,0
30899,0,3544,0,0,0,0
30900,0,4146,0,12,0,0
30901,0,4663,0,46,0,0
30902,0,4944,0,85,0,0
30903,0,5161,0,70,0,0
30904,0,5243,0,78,0,0
30905,0,5243,0,117,0,0
30906,0,5218,0,101,0,0
30907,1,5160,0,72,0,0
30908,0,5155,0,52,0,0
30909,0,4970,0,17,0,0
30910,0,4677,0,2,0,0
30911,0,4233,0,0,0,0
30912,0,3697,0,0,0,0
30913,0,2805,0,0,7,0
30914,0,2008,0,0,6,0
30915,0,1146,0,0,0,0
30916,0,740,0,0,10,0
30917,0,544,0,0,2,0
30918,0,292,0,0,3,0
30919,0,40,0,0,0,0
30920,0,6,0,0,0,0
30921,0,30,0,1,4,0
30922,0,432,0,0,13,0
30923,0,1422,0,0,37,0
30924,0,1914,0,0,0,0
30925,0,2225,0,0,0,0
30926,0,2392,0,0,0,0
30927,0,2328,0,0,0,0
30928,0,2508,0,0,26,0
30929,0,2174,0,0,0,0
30930,0,2276,0,0,17,0
30931,0,2066,0,0,0,0
30932,0,2098,0,2,0,0
30933,0,1838,0,0,0,0
30934,0,1989,0,21,4,3
30935,0,1742,0,2,0,0
30936,0,1753,0,2,0,0
30937,0,1320,0,2,1,0
30938,0,1156,0,7,1,0
30939,0,597,0,0,2,0
30940,0,547,0,7,3,0
30941,0,219,0,0,14,0
30942,0,397,0,2,0,0
30943,0,259,0,6,28,0
30944,5,322,0,0,0,0
30945,2,489,0,6,69,0
30946,6,543,0,0,0,0
30947,0,520,0,20,17,0
30948,2,505,0,0,1,0
30949,0,582,0,25,23,0
30950,4,781,0,0,0,0
30951,0,937,0,0,14,0
30952,8,1024,0,0,0,0
30953,8,1144,0,0,0,0
30954,14,1449,0,0,0,0
30955,11,1841,0,1,2,0
30956,0,2035,0,0,0,0
30957,0,2287,0,0,2,0
30958,0,2037,0,0,0,0
30959,0,1777,0,0,1,0
30960,0,1556,0,0,0,0
30961,0,1432,0,0,17,0
30962,0,1312,0,12,5,0
30963,0,1399,0,0,0,0
30964,0,967,0,0,0,0
30965,0,684,0,0,0,0
30966,0,241,0,0,0,0
30967,0,378,0,0,2,0
30968,0,431,0,0,0,0
30969,0,1000,0,0,4,0
30970,0,1552,0,0,5,0
30971,0,2760,0,0,0,0
30972,0,3296,0,19,13,0
30973,0,3428,0,0,0,0
30974,0,2935,0,0,0,0
30975,0,1723,0,0,0,0
30976,0,999,0,0,0,0
30977,0,601,0,0,0,0
30978,0,602,0,0,0,0
30979,0,1419,0,0,0,0
30980,0,4073,0,0,0,0
30981,0,6041,6,0,0,0
30982,0,6857,0,0,0,0
30983,0,6468,0,0,0,0
30984,0,4865,0,0,0,0
30985,0,1753,0,0,0,0
30986,0,474,0,0,0,0
30987,0,2960,0,0,0,0
30988,0,4415,0,0,0,0
30989,0,5410,0,0,0,0
30990,0,6005,0,0,0,0
30991,0,6324,0,0,0,0
30992,0,6645,0,0,0,0
30993,0,6595,0,0,0,0
30994,0,6341,0,0,0,0
30995,0,6087,0,0,0,0
30996,0,5673,0,0,0,0
30997,0,5010,0,0,0,0
30998,0,4321,0,0,0,0
30999,0,3704,0,0,0,0
31000,0,3130,0,0,0,0
31001,0,2577,0,0,0,0
31002,0,2059,0,0,0,0
31003,0,1646,0,0,0,0
31004,0,1442,0,0,0,0
31005,0,1403,0,0,0,0
31006,0,1402,0,0,0,0
31007,0,1130,0,0,0,0
31008,0,1136,0,0,0,0
31009,0,1388,0,0,0,0
31010,0,2095,0,0,0,0
31011,0,2818,0,0,0,0
31012,0,3537,0,0,0,0
31013,0,4014,0,0,0,0
31014,0,4280,0,0,0,0
31015,0,4288,0,0,0,0
31016,0,4453,0,0,0,0
31017,0,4464,0,0,0,0
31018,0,4273,0,0,0,0
31019,0,3844,0,0,0,0
31020,0,3867,0,0,0,0
31021,0,3754,0,0,0,0
31022,0,3422,0,27,0,0
31023,0,3154,0,5,0,0
31024,0,3138,0,0,0,0
31025,0,2899,0,0,0,0
31026,0,2620,0,0,0,0
31027,0,2277,0,0,0,0
31028,0,1877,0,0,0,0
31029,0,1486,0,0,0,0
31030,0,1245,0,0,0,0
31031,0,977,0,0,0,0
31032,0,1119,0,0,0,0
31033,0,2241,0,0,0,0
31034,0,3108,0,0,0,0
31035,0,3954,0,0,0,0
31036,0,4531,0,2,3,0
31037,0,4429,0,0,0,0
31038,0,4047,0,0,0,0
31039,0,3870,0,0,0,0
31040,0,3675,0,0,13,0
31041,0,3614,0,0,0,0
31042,0,3388,0,0,15,0
31043,0,3282,0,0,17,1
31044,0,3129,0,2,7,0
31045,0,2543,0,0,0,0
31046,0,1536,0,0,0,0
31047,0,883,0,0,0,0
31048,0,524,0,0,6,0
31049,0,539,0,0,0,0
31050,0,741,0,0,0,0
31051,0,1117,0,0,4,0
31052,0,1812,0,0,0,0
31053,0,2136,0,0,0,0
31054,0,2342,0,0,0,0
31055,0,2251,0,0,0,0
31056,0,2153,0,0,0,0
31057,0,1912,0,0,4,0
31058,0,1220,0,0,0,0
31059,0,661,0,0,0,0
31060,0,313,0,0,0,0
31061,0,63,0,6,6,0
31062,0,15,0,0,1,0
31063,0,1,0,0,0,0
31064,0,3,0,0,15,0
31065,0,1,0,11,1,0
31066,0,4,0,0,17,0
31067,0,0,0,4,45,0
31068,0,0,0,0,0,0
31069,0,12,0,0,0,0
31070,0,15,0,0,0,0
31071,0,19,0,0,5,0
31072,0,49,0,0,0,0
31073,0,98,0,0,0,0
31074,0,24,0,0,0,0
31075,0,28,0,0,0,0
31076,0,57,0,0,0,0
31077,0,10,0,0,0,0
31078,0,1,0,47,0,0
31079,0,279,0,4,0,0
31080,0,844,0,0,0,0
31081,0,1341,0,3,7,0
31082,0,2061,0,0,0,0
31083,0,2300,0,0,0,0
31084,0,1965,0,0,0,0
31085,0,1507,0,0,0,0
31086,0,701,0,0,0,0
31087,0,314,0,0,0,0
31088,0,417,0,0,0,0
31089,0,555,0,0,0,0
31090,0,606,0,0,3,0
31091,0,433,0,27,40,0
31092,0,517,0,0,1,0
31093,0,659,0,0,2,0
31094,0,738,0,2,21,0
31095,0,754,0,0,5,0
31096,0,591,0,2,10,0
31097,0,372,0,2,3,0
31098,0,171,0,0,0,0
31099,0,208,0,0,0,0
31100,0,253,0,0,0,0
31101,0,376,0,0,0,0
31102,0,171,0,2,0,0
31103,0,787,0,12,12,0
31104,0,1796,0,4,0,0
31105,0,2219,0,16,2,0
31106,0,1803,0,0,14,0
31107,0,1757,0,13,11,0
31108,0,4567,0,0,0,0
31109,0,6230,0,1,1,0
31110,0,4707,0,0,0,0
31111,0,1528,0,0,35,0
31112,0,5918,0,1,0,0
31113,0,8028,0,0,0,0
31114,0,8275,0,0,0,0
31115,0,6600,0,0,0,0
31116,0,3811,0,0,0,0
31117,0,6666,0,0,0,0
31118,0,10170,0,0,0,0
31119,0,9937,0,0,0,0
31120,0,8899,0,0,0,0
31121,0,8252,0,0,0,0
31122,0,7677,0,0,0,0
31123,0,7451,0,0,0,0
31124,0,7108,0,0,0,0
31125,0,6962,0,0,0,0
31126,0,6574,0,0,3,0
31127,0,5889,0,0,0,0
31128,0,5247,0,0,0,2
31129,0,3913,0,0,0,0
31130,0,2887,0,0,0,0
31131,0,1915,0,0,0,0
31132,0,1942,0,0,0,0
31133,0,3026,0,0,8,0
31134,0,3669,0,0,0,0
31135,0,3210,0,0,2,0
31136,0,1359,0,0,0,0
31137,0,1404,0,0,0,0
31138,0,2634,0,0,1,0
31139,0,3037,0,0,0,0
31140,0,2672,0,0,3,0
31141,0,2213,0,0,2,0
31142,0,1298,0,0,0,0
31143,0,2083,0,0,1,0
31144,0,2369,0,0,0,0
31145,0,2077,0,0,0,0
31146,0,1522,0,0,0,0
31147,0,1830,0,0,0,0
31148,0,2286,0,0,0,0
31149,0,2934,0,0,0,0
31150,0,3217,0,0,0,0
31151,0,3270,0,0,0,0
31152,0,3273,0,0,0,0
31153,0,3448,0,0,0,0
31154,0,3426,0,0,1,0
31155,0,3532,0,0,0,0
31156,0,3583,0,5,22,0
31157,0,3605,0,32,37,0
31158,0,3244,0,123,163,0
31159,0,2685,0,214,121,0
31160,0,2089,0,79,160,0
31161,0,993,0,108,115,0
31162,0,493,0,59,65,0
31163,0,1564,0,47,90,0
31164,0,2627,0,40,7,0
31165,0,3390,0,66,0,0
31166,0,3703,0,31,0,0
31167,0,3707,0,21,0,0
31168,0,3151,0,12,9,0
31169,0,2244,0,30,33,0
31170,0,1524,0,20,7,0
31171,0,1127,0,22,30,0
31172,0,877,0,5,8,0
31173,0,630,0,0,2,0
31174,0,457,0,0,0,0
31175,0,365,0,0,11,0
31176,0,239,0,0,1,0
31177,0,104,0,0,0,0
31178,0,10,0,0,0,0
31179,0,14,0,0,0,0
31180,0,0,0,0,0,0
31181,0,0,0,0,0,0
31182,0,17,0,0,0,0
31183,0,105,0,12,17,0
31184,0,594,0,11,21,0
31185,0,1252,0,0,12,0
31186,0,1817,0,0,16,0
31187,0,2107,0,3,24,0
31188,0,2420,0,0,0,0
31189,0,2694,0,3,9,0
31190,0,3004,0,0,44,0
31191,0,3532,0,0,0,0
31192,0,3993,0,0,0,0
31193,0,4506,0,5,64,0
31194,0,5130,0,0,0,0
31195,0,5773,0,0,0,0
31196,0,6182,0,0,0,0
31197,0,6428,0,0,0,0
31198,0,6595,0,0,0,0
31199,0,5726,0,0,0,0
31200,0,4907,0,0,0,0
31201,0,3496,0,0,0,0
31202,0,2137,0,0,0,0
31203,0,2033,0,0,0,0
31204,0,2226,0,0,0,0
31205,0,2626,0,0,0,0
31206,0,3041,0,0,0,0
31207,0,3042,0,0,0,0
31208,0,2895,0,0,0,0
31209,0,2742,0,0,0,0
31210,0,2591,0,0,1,0
31211,0,2530,0,0,0,0
31212,0,2402,0,0,0,0
31213,0,2376,0,0,0,0
31214,0,2232,0,0,0,0
31215,0,2129,0,0,0,0
31216,0,1881,0,0,0,0
31217,0,1689,0,0,0,0
31218,0,1363,0,0,0,0
31219,0,1020,0,0,0,0
31220,0,751,0,0,0,0
31221,0,634,0,0,0,0
31222,0,511,0,0,0,0
31223,0,971,0,0,0,0
31224,0,1873,0,0,0,0
31225,0,2407,0,0,0,0
31226,0,2399,0,0,0,0
31227,0,1817,0,0,0,0
31228,0,1042,0,0,0,0
31229,0,920,0,0,0,0
31230,0,784,0,0,0,0
31231,0,876,0,0,0,0
31232,0,934,0,0,0,0
31233,0,1100,0,0,0,0
31234,0,1186,0,0,0,0
31235,0,1170,0,0,0,0
31236,0,930,0,0,0,0
31237,0,1118,0,0,0,0
31238,0,1315,0,0,0,0
31239,0,1598,0,0,0,0
31240,0,1609,0,0,0,0
31241,0,1354,0,0,0,0
31242,0,761,0,0,0,0
31243,0,603,0,0,0,0
31244,0,433,0,0,0,0
31245,0,45,0,0,0,0
31246,0,2072,0,0,0,0
31247,0,4028,0,0,0,0
31248,0,5013,0,0,0,0
31249,0,5369,0,0,0,0
31250,0,5640,0,4,0,0
31251,0,5688,0,0,0,0
31252,0,5762,0,0,0,0
31253,0,6940,0,0,0,0
31254,0,7397,0,0,0,0
31255,0,7040,0,0,0,0
31256,0,7646,0,0,0,0
31257,0,7216,0,0,0,0
31258,0,6130,0,0,0,0
31259,0,3409,0,0,0,0
31260,0,2312,0,0,0,0
31261,0,2542,0,0,0,0
31262,0,3690,0,0,0,0
31263,0,3998,0,0,0,0
31264,0,3477,0,0,2,0
31265,0,2949,0,0,0,0
31266,0,2207,0,0,0,0
31267,0,1675,0,0,4,0
31268,0,1284,0,0,24,0
31269,9,728,0,0,0,0
31270,5,338,0,0,0,0
31271,0,96,0,0,0,0
31272,2,5,0,0,0,0
31273,0,333,0,10,0,0
31274,9,898,0,0,0,0
31275,0,1699,0,0,0,0
31276,0,2413,0,0,0,0
31277,0,3226,0,0,0,0
31278,0,3970,0,0,0,2
31279,0,3398,0,0,0,0
31280,21,3691,0,0,0,0
31281,10,4106,0,0,0,0
31282,21,5137,0,0,0,0
31283,13,5165,0,0,0,0
31284,0,5245,0,0,0,0
31285,0,5032,0,0,0,0
31286,3,4647,0,0,0,0
31287,48,3514,0,0,0,0
31288,86,2676,0,0,0,0
31289,63,1723,0,0,0,0
31290,40,1013,0,0,0,0
31291,31,624,0,0,2,0
31292,0,428,0,0,0,0
31293,0,352,0,0,0,0
31294,0,229,0,0,0,0
31295,0,118,0,0,0,0
31296,4,20,0,0,0,0
31297,12,48,0,0,0,0
31298,0,110,0,0,0,0
31299,1,137,0,0,0,0
31300,0,74,0,0,0,0
31301,0,118,0,0,0,0
31302,0,193,0,0,0,0
31303,0,185,0,0,0,0
31304,0,123,0,0,0,0
31305,0,37,0,0,0,0
31306,0,71,0,0,0,0
31307,0,73,0,0,0,0
31308,0,51,0,0,0,0
31309,0,53,0,0,0,0
31310,0,45,0,0,0,0
31311,0,59,0,0,0,0
31312,0,105,0,0,0,0
31313,0,139,0,0,0,0
31314,0,220,0,0,0,0
31315,0,163,0,0,0,0
31316,0,173,0,0,0,0
31317,0,124,0,0,0,0
31318,0,256,0,0,0,0
31319,0,334,0,0,0,0
31320,0,382,0,0,0,0
31321,0,625,0,0,0,0
31322,0,850,0,0,0,0
31323,0,833,0,0,0,0
31324,0,1069,0,0,0,0
31325,0,1300,0,0,0,0
31326,0,1330,0,0,0,0
31327,0,1450,0,0,0,0
31328,0,1696,0,0,0,0
31329,0,2206,0,0,0,0
31330,0,2850,0,0,0,0
31331,0,3246,0,0,0,0
31332,0,3298,0,0,0,0
31333,0,3138,0,0,0,0
31334,0,2729,0,0,0,0
31335,2,2663,0,0,0,0
31336,84,3639,0,0,0,0
31337,98,4763,0,0,0,0
31338,76,5154,0,0,0,0
31339,45,5172,0,0,0,0
31340,0,5203,0,0,0,0
31341,0,4769,0,0,0,0
31342,0,4718,0,3,0,0
31343,0,4846,0,19,0,0
31344,0,4728,0,0,0,0
31345,0,4228,0,0,0,0
31346,0,3652,0,0,0,0
31347,0,3068,0,0,0,0
31348,0,2486,0,0,0,0
31349,0,2306,0,0,0,0
31350,0,1945,0,0,0,0
31351,0,1837,0,0,19,0
31352,0,1356,0,0,5,0
31353,0,801,0,0,0,0
31354,0,363,0,0,9,0
31355,0,241,0,0,41,0
31356,0,116,0,0,9,0
31357,0,38,0,2,10,0
31358,0,26,0,0,105,0
31359,0,13,0,0,10,0
31360,0,0,0,0,0,0
31361,0,0,0,0,0,0
31362,0,0,0,0,0,0
31363,0,0,0,0,0,0
31364,0,0,0,0,0,0
31365,0,0,0,0,0,0
31366,0,0,0,0,4,0
31367,0,0,0,0,0,0
31368,0,0,0,0,0,0
31369,0,0,0,0,0,0
31370,0,0,0,18,0,0
31371,0,0,0,4,0,0
31372,0,10,0,8,0,0
31373,0,29,0,29,0,0
31374,0,121,0,4,0,0
31375,0,232,0,2,0,0
31376,0,340,0,0,0,0
31377,0,374,0,1,0,0
31378,0,424,0,4,0,0
31379,0,240,0,0,0,0
31380,0,16,0,0,0,0
31381,0,12,0,0,21,0
31382,0,11,0,2,106,0
31383,0,21,0,4,2,0
31384,0,0,0,14,84,0
31385,0,13,0,38,108,0
31386,0,162,0,4,12,0
31387,0,280,0,0,0,0
31388,0,319,0,0,0,0
31389,0,307,0,0,4,0
31390,0,247,0,1,3,0
31391,0,191,0,16,17,0
31392,0,47,0,0,1,0
31393,0,0,0,0,0,0
31394,0,0,0,0,0,0
31395,0,0,0,0,0,0
31396,0,4,0,0,6,0
31397,0,0,0,0,0,0
31398,0,0,0,0,0,0
31399,0,52,0,0,0,0
31400,0,121,0,0,0,0
31401,0,191,0,0,0,0
31402,0,242,0,0,0,0
31403,0,282,0,0,0,0
31404,0,220,0,0,0,0
31405,0,162,0,0,0,0
31406,0,179,0,0,0,0
31407,0,245,0,0,0,0
31408,0,452,0,0,0,0
31409,0,1264,0,0,0,0
31410,0,2236,0,0,0,0
31411,0,3205,0,0,0,0
31412,0,3866,0,0,0,0
31413,0,4501,0,0,0,0
31414,0,5204,0,0,0,0
31415,0,5706,0,0,0,0
31416,0,5977,0,0,0,0
31417,0,6111,0,0,0,0
31418,0,6368,0,0,0,0
31419,0,6485,0,0,0,0
31420,0,6183,0,0,0,0
31421,0,5703,0,12,2,0
31422,0,4695,0,2,1,0
31423,0,3537,0,0,0,0
31424,0,1655,0,0,0,0
31425,0,1035,0,0,0,0
31426,0,1445,0,0,0,0
31427,0,1872,0,0,0,0
31428,0,2226,0,0,0,0
31429,0,2862,0,0,0,0
31430,0,3350,0,0,0,0
31431,0,3417,0,0,0,0
31432,0,3362,0,0,0,0
31433,0,3225,0,0,0,0
31434,0,3045,0,0,0,0
31435,0,3064,0,0,0,0
31436,0,2981,0,0,5,0
31437,0,3200,0,0,4,0
31438,2,3677,0,0,0,0
31439,0,3505,0,0,0,0
31440,0,2749,0,0,3,0
31441,6,1471,0,2,26,0
31442,2,406,0,6,5,0
31443,0,377,0,10,4,0
31444,0,793,0,0,3,0
31445,0,912,0,11,3,0
31446,0,1204,0,18,0,0
31447,0,1391,0,2,1,0
31448,0,1778,0,0,36,0
31449,0,1768,0,0,1,0
31450,0,2150,0,6,0,0
31451,0,2526,0,0,55,0
31452,0,2735,0,1,0,0
31453,0,3582,0,0,0,0
31454,4,4904,0,0,0,0
31455,0,6135,0,0,0,0
31456,0,6152,0,0,0,0
31457,0,5154,0,0,0,0
31458,0,3258,0,0,0,0
31459,0,4460,0,0,0,0
31460,0,5519,0,0,0,0
31461,0,5263,0,0,0,0
31462,0,5619,0,0,0,0
31463,0,6013,0,0,17,0
31464,0,5717,0,0,0,0
31465,0,6464,0,0,4,0
31466,0,6159,0,2,67,2
31467,0,5577,0,0,2,0
31468,0,4158,0,0,0,0
31469,0,4891,0,0,0,0
31470,0,5212,0,0,2,0
31471,0,5092,0,0,7,0
31472,0,4078,0,0,2,0
31473,0,1479,0,0,0,0
31474,0,3930,0,0,1,0
31475,0,5347,0,0,0,0
31476,0,5858,0,0,4,0
31477,0,7067,0,0,0,0
31478,0,7343,0,0,0,0
31479,0,6325,0,0,0,0
31480,0,5485,0,0,0,0
31481,0,4705,0,0,0,0
31482,0,4142,0,0,0,0
31483,0,3533,0,0,0,0
31484,0,2683,0,0,0,0
31485,0,2242,0,0,0,0
31486,0,2133,0,0,1,0
31487,0,2499,0,0,2,0
31488,0,2843,0,0,0,0
31489,0,2794,0,0,4,0
31490,0,3760,0,0,0,0
31491,0,6018,0,1,0,0
31492,0,9540,0,7,0,0
31493,0,10995,0,48,4,0
31494,0,9781,1,8,3,0
31495,0,6894,0,0,0,0
31496,0,6691,0,0,0,0
31497,3,6644,0,0,0,0
31498,0,6601,0,0,0,0
31499,0,5494,0,0,0,0
31500,0,2974,0,0,0,0
31501,0,4429,0,4,3,0
31502,0,5172,0,0,0,0
31503,0,5437,0,0,2,0
31504,0,6707,0,0,0,0
31505,0,6896,0,0,0,0
31506,0,6862,0,0,0,0
31507,0,5582,0,0,0,0
31508,0,4836,0,0,0,0
31509,0,5130,0,0,0,0
31510,0,6298,0,0,0,0
31511,0,8015,3,0,0,0
31512,0,9392,12,0,0,0
31513,0,8671,182,0,0,0
31514,0,7527,176,0,0,0
31515,0,6549,23,0,0,0
31516,0,5636,51,0,37,0
31517,0,4386,0,0,0,0
31518,0,3558,0,0,6,0
31519,0,2662,0,0,0,0
31520,0,1545,0,6,63,0
31521,0,953,0,0,0,0
31522,0,608,0,0,0,0
31523,0,339,0,0,2,0
31524,0,203,0,0,0,0
31525,0,591,0,0,0,0
31526,0,1044,0,0,0,0
31527,0,1239,0,0,0,0
31528,0,1485,0,31,0,0
31529,0,1671,0,11,0,0
31530,0,1693,0,0,0,0
31531,0,1748,0,0,0,0
31532,0,1692,0,0,0,0
31533,0,1791,0,0,0,0
31534,0,1676,0,0,0,0
31535,0,1268,0,0,0,0
31536,0,973,0,0,0,0
31537,0,773,0,0,0,0
31538,0,824,0,0,22,0
31539,0,889,0,0,0,0
31540,0,1305,0,0,0,0
31541,0,1749,0,0,0,0
31542,13,2247,0,0,0,0
31543,2,2617,0,0,0,0
31544,0,2522,0,0,0,0
31545,0,2826,0,0,0,0
31546,7,3584,0,2,52,0
31547,0,4118,0,0,0,0
31548,0,4777,0,0,0,0
31549,0,5134,0,0,0,0
31550,0,5223,0,0,0,0
31551,0,4348,0,0,0,0
31552,0,2776,0,0,0,0
31553,0,2295,0,0,0,0
31554,0,2799,0,0,0,0
31555,0,3689,0,0,0,0
31556,0,4232,0,0,0,0
31557,2,3229,0,0,0,0
31558,4,1525,0,0,0,0
31559,11,2290,0,0,0,0
31560,5,3711,0,0,0,0
31561,0,4546,0,0,0,1
31562,0,3541,0,0,0,0
31563,0,2395,0,0,0,0
31564,0,933,0,0,0,0
31565,0,298,0,0,0,0
31566,0,325,0,0,0,0
31567,0,44,0,0,0,0
31568,0,11,0,0,0,0
31569,0,1,0,0,0,0
31570,0,2,0,0,0,0
31571,0,18,0,0,0,0
31572,0,44,0,0,0,0
31573,0,124,0,0,0,0
31574,0,173,0,0,0,0
31575,0,68,0,0,0,0
31576,0,121,0,0,4,0
31577,0,244,0,32,0,0
31578,0,259,0,9,0,0
31579,0,169,0,0,0,0
31580,0,291,0,0,0,0
31581,0,520,0,0,0,0
31582,0,699,0,0,0,0
31583,0,599,0,0,0,0
31584,0,718,0,0,0,0
31585,0,748,0,0,0,0
31586,0,619,0,0,0,0
31587,0,390,0,0,0,0
31588,0,314,0,0,0,0
31589,0,237,0,0,0,0
31590,0,88,0,0,0,0
31591,0,85,0,0,0,0
31592,0,46,0,0,0,0
31593,0,20,0,0,0,0
31594,0,23,0,0,0,0
31595,0,4,0,0,0,0
31596,0,44,0,1,0,0
31597,0,42,0,0,0,0
31598,0,127,0,0,0,0
31599,0,232,0,0,0,0
31600,0,350,0,0,0,0
31601,0,554,0,0,51,0
31602,0,783,0,0,1,0
31603,0,995,0,0,3,0
31604,0,1179,0,0,19,0
31605,0,1256,0,0,0,0
31606,0,1321,0,1,15,0
31607,0,1254,0,0,0,0
31608,0,1180,0,0,0,0
31609,14,974,0,0,1,0
31610,43,788,0,0,24,0
31611,136,1594,0,0,0,0
31612,234,3344,0,0,2,0
31613,274,5052,0,0,0,0
31614,330,4736,0,0,0,0
31615,344,5088,0,0,0,0
31616,349,4912,0,33,0,0
31617,195,3301,0,0,0,0
31618,44,3395,0,0,0,0
31619,0,2603,0,0,0,0
31620,0,682,0,0,0,0
31621,0,150,0,0,0,0
31622,0,548,0,0,0,0
31623,0,853,0,0,0,0
31624,40,1448,0,0,0,0
31625,91,1764,0,0,0,0
31626,165,1898,0,0,1,0
31627,183,2277,0,2,3,0
31628,110,2524,0,8,23,0
31629,112,2675,0,0,5,0
31630,60,2851,0,0,0,0
31631,17,2612,0,0,3,0
31632,0,2569,0,0,0,0
31633,0,2639,0,0,0,0
31634,0,2646,0,0,0,0
31635,0,2390,0,0,0,0
31636,0,2169,0,0,2,0
31637,0,1522,0,0,0,0
31638,0,1364,0,0,0,0
31639,0,1223,0,0,0,0
31640,0,791,0,0,0,0
31641,0,653,0,0,0,0
31642,0,427,0,0,0,0
31643,10,152,0,0,0,0
31644,0,3,0,0,0,0
31645,11,556,0,0,0,0
31646,0,2827,0,0,0,0
31647,0,3808,0,0,0,0
31648,11,3404,0,0,0,0
31649,101,3741,0,0,0,0
31650,186,3773,0,0,0,0
31651,139,2565,0,0,0,0
31652,10,1394,0,0,0,0
31653,0,360,0,0,0,0
31654,12,677,0,0,0,0
31655,1,1288,0,0,0,0
31656,0,1463,0,0,0,0
31657,0,1185,0,0,0,0
31658,0,438,0,0,0,0
31659,6,1,0,0,0,0
31660,0,746,0,0,0,0
31661,0,803,0,0,0,0
31662,0,52,0,0,0,0
31663,22,0,0,0,0,0
31664,39,89,0,0,0,0
31665,11,63,0,0,0,0
31666,0,5,0,0,0,0
31667,0,0,0,0,0,0
31668,0,390,0,0,0,0
31669,0,667,0,0,0,0
31670,0,123,0,0,0,0
31671,0,7,0,0,0,0
31672,0,102,0,0,0,0
31673,0,29,0,0,0,0
31674,0,0,0,0,0,0
31675,0,2,0,0,0,0
31676,0,36,0,0,0,0
31677,0,6,0,0,0,0
31678,0,0,0,0,5,0
31679,0,2,0,0,0,0
31680,0,0,0,0,0,0
31681,0,0,0,0,7,0
31682,0,0,0,0,4,0
31683,0,0,0,0,0,0
31684,0,0,0,0,0,0
31685,0,0,0,0,0,0
31686,0,0,0,0,0,0
31687,0,0,0,0,0,0
31688,0,0,0,0,0,0
31689,0,0,0,0,0,0
31690,0,0,0,0,9,0
31691,0,0,0,0,0,0
31692,0,0,0,0,0,0
31693,0,106,0,0,0,0
31694,0,179,0,0,0,0
31695,0,378,0,0,1,0
31696,0,913,0,0,0,0
31697,0,1689,0,0,0,0
31698,0,2320,0,0,2,0
31699,0,2597,0,0,0,0
31700,0,3226,3,0,0,0
31701,0,3845,39,0,0,0
31702,0,4752,5,0,0,0
31703,0,6477,0,0,0,0
31704,0,7406,3,0,0,0
31705,0,9073,0,0,0,0
31706,0,9986,0,0,41,0
31707,0,10298,0,0,0,0
31708,0,9080,0,1,0,0
31709,0,7171,0,0,0,0
31710,0,4547,0,0,0,0
31711,0,5040,0,0,2,0
31712,0,8544,0,0,0,0
31713,0,12015,0,0,0,0
31714,0,14233,0,0,0,0
31715,0,15497,0,0,0,0
31716,0,16557,0,0,0,0
31717,0,17506,0,0,0,0
31718,0,17406,0,0,0,0
31719,0,17076,0,0,0,0
31720,0,15494,4,0,0,0
31721,0,13645,65,0,0,0
31722,0,12093,108,0,0,0
31723,0,10624,77,0,0,0
31724,0,9080,66,0,0,0
31725,0,8269,18,0,0,0
31726,0,7200,0,0,0,0
31727,0,5267,0,0,0,0
31728,0,3108,3,0,0,0
31729,0,5464,467,0,0,0
31730,0,11286,1106,0,0,0
31731,0,16389,1473,0,0,0
31732,0,22232,578,0,0,0
31733,0,25886,13,0,0,2
31734,0,28572,0,0,0,10
31735,0,30571,0,1,0,3
31736,0,30929,0,0,0,0
31737,0,29679,0,0,0,0
31738,4,27463,0,0,0,0
31739,0,24317,0,0,1,0
31740,0,20602,1,0,0,0
31741,0,16869,0,6,12,1
31742,0,13385,0,2,3,0
31743,0,10047,0,5,16,0
31744,0,7802,0,0,1,0
31745,0,5663,0,0,0,0
31746,0,4398,0,0,0,0
31747,0,3007,0,0,0,0
31748,0,1949,0,0,0,0
31749,0,972,0,10,5,0
31750,0,719,0,0,0,1
31751,0,3226,0,2,1,3
31752,0,6533,0,0,0,0
31753,0,10475,0,0,0,0
31754,0,13413,0,0,0,1
31755,0,16702,0,0,0,0
31756,0,18845,0,3,4,4
31757,0,20909,0,0,0,3
31758,0,21213,0,3,1,0
31759,0,21302,0,1,3,0
31760,0,19938,0,2,2,0
31761,0,18288,0,0,0,0
31762,0,16412,0,5,1,0
31763,0,15205,0,0,0,0
31764,0,12920,0,2,4,1
31765,0,10848,0,0,0,0
31766,0,8897,0,0,4,0
31767,0,7509,0,0,6,0
31768,0,6237,0,0,85,4
31769,0,5384,0,0,0,0
31770,0,4341,0,0,30,0
31771,0,3597,0,0,0,0
31772,0,2537,0,0,11,0
31773,0,2221,0,0,0,0
31774,0,1199,0,7,4,0
31775,0,799,0,0,0,0
31776,0,318,0,0,0,0
31777,0,751,0,0,0,0
31778,0,1331,0,0,0,0
31779,0,1531,0,0,0,0
31780,0,2153,0,2,0,0
31781,0,2473,0,3,0,0
31782,0,3036,0,0,0,0
31783,0,2779,0,0,0,0
31784,0,2976,0,0,0,0
31785,0,3715,0,0,0,0
31786,0,6465,0,0,0,0
31787,38,8093,0,0,0,0
31788,67,10599,11,0,0,0
31789,50,11362,62,0,1,0
31790,10,8622,18,30,0,0
31791,0,8020,0,0,0,0
31792,9,7819,0,0,0,0
31793,0,8963,0,0,0,0
31794,0,9299,0,0,0,0
31795,2,8310,0,0,0,0
31796,0,7469,0,0,0,0
31797,0,7996,0,0,0,4
31798,0,7976,0,0,0,0
31799,0,7381,0,0,0,0
31800,0,4874,0,0,0,0
31801,0,5237,0,0,0,0
31802,0,5571,0,0,0,0
31803,0,8615,0,0,0,0
31804,0,9986,0,0,0,0
31805,0,10564,0,0,0,0
31806,0,10341,0,0,0,0
31807,0,9933,0,0,0,0
31808,0,8505,0,0,0,0
31809,0,6745,0,0,0,0
31810,0,4380,0,0,0,0
31811,0,3442,0,0,0,0
31812,0,3905,0,0,0,0
31813,0,4459,0,0,0,0
31814,0,5287,0,0,0,0
31815,0,5104,0,0,0,0
31816,0,4827,0,0,0,0
31817,0,3556,0,0,0,0
31818,0,3273,0,0,0,0
31819,0,3755,0,0,7,1
31820,0,5869,0,0,0,0
31821,0,7167,0,0,9,2
31822,0,7957,0,0,0,0
31823,0,7913,0,0,0,0
31824,0,7242,0,0,0,0
31825,0,4114,0,0,0,0
31826,0,2627,0,0,0,0
31827,0,4719,0,0,0,0
31828,0,3490,0,6,8,0
31829,0,4087,0,0,0,0
31830,0,4159,0,6,3,2
31831,0,6015,0,0,0,0
31832,4,6236,0,2,1,0
31833,0,5057,0,3,0,0
31834,0,2327,0,0,1,0
31835,0,3364,0,0,0,0
31836,0,3841,0,2,57,0
31837,0,3787,0,0,0,0
31838,0,2956,0,0,86,0
31839,0,1630,0,0,0,0
31840,0,795,0,52,72,0
31841,0,1234,0,6,0,0
31842,0,1820,0,31,21,0
31843,0,1561,0,32,0,2
31844,0,2180,0,0,6,0
31845,6,2917,0,4,0,0
31846,0,3271,0,2,149,1
31847,0,3077,0,8,1,0
31848,3,2470,0,0,24,0
31849,0,1911,0,0,3,0
31850,2,1486,0,0,0,0
31851,0,1102,0,1,0,0
31852,0,586,0,0,0,0
31853,0,585,0,0,69,0
31854,0,631,0,0,0,0
31855,0,2523,0,0,1,0
31856,0,5525,0,0,16,0
31857,0,7724,0,0,5,0
31858,0,9245,0,0,3,0
31859,13,9662,0,0,0,0
31860,0,9589,0,0,9,0
31861,15,7863,0,0,9,0
31862,9,5431,0,0,0,0
31863,18,8089,0,0,0,0
31864,0,7980,0,0,0,0
31865,9,6910,0,0,0,2
31866,12,5331,0,0,0,0
31867,12,4222,0,0,0,0
31868,8,3556,0,0,0,0
31869,10,3460,0,0,0,0
31870,0,4738,0,0,22,0
31871,0,4896,0,0,64,0
31872,0,8096,0,0,10,0
31873,0,8917,0,0,2,0
31874,0,8217,0,0,61,0
31875,0,6447,0,0,33,0
31876,0,5289,0,0,10,0
31877,0,3586,0,0,6,0
31878,0,1103,0,0,9,0
31879,0,1073,0,0,0,0
31880,0,1791,0,0,27,0
31881,0,3023,0,0,2,0
31882,0,3653,0,0,13,0
31883,0,4080,0,0,36,0
31884,0,4369,0,0,0,0
31885,0,5346,0,0,5,0
31886,0,6597,0,0,4,0
31887,0,8420,0,0,50,0
31888,0,10153,0,0,2,0
31889,0,11843,0,0,2,0
31890,0,12754,0,0,0,0
31891,0,12652,0,0,1,0
31892,0,10070,0,0,0,0
31893,0,10265,0,0,11,0
31894,0,9507,0,0,38,0
31895,0,9399,0,0,21,0
31896,0,8503,0,0,3,0
31897,0,7296,0,0,4,0
31898,0,5905,0,0,0,0
31899,0,4741,0,0,2,0
31900,0,4043,0,0,0,0
31901,0,3790,0,0,0,0
31902,0,3282,0,0,0,0
31903,0,2238,0,0,0,0
31904,0,965,0,0,14,0
31905,0,190,0,0,8,0
31906,0,69,0,0,31,0
31907,0,124,0,0,0,0
31908,0,165,0,0,0,0
31909,0,64,0,0,0,0
31910,0,44,0,0,0,0
31911,0,1,0,0,0,0
31912,0,5,0,0,0,0
31913,0,0,0,0,0,0
31914,0,0,0,0,0,0
31915,0,1,0,0,0,0
31916,0,0,0,0,0,0
31917,0,5,0,0,0,0
31918,0,0,0,0,0,0
31919,0,16,0,0,0,0
31920,0,19,0,0,0,0
31921,0,141,0,0,0,0
31922,0,610,0,0,2,0
31923,0,1851,0,0,0,0
31924,6,3856,0,0,0,0
31925,0,6132,0,0,0,0
31926,28,8063,0,0,0,0
31927,29,8507,0,0,3,0
31928,0,7109,0,0,1,0
31929,0,3558,0,0,1,0
31930,0,1501,0,0,2,0
31931,0,2297,0,0,0,0
31932,0,1915,0,0,0,0
31933,0,3303,0,0,0,0
31934,0,3247,0,0,0,0
31935,0,3103,0,0,0,0
31936,0,2834,0,0,31,0
31937,0,2478,0,0,0,0
31938,0,2259,0,0,0,0
31939,0,2057,0,0,0,0
31940,0,1872,0,0,0,0
31941,0,1609,0,0,0,0
31942,0,1199,0,0,0,0
31943,0,889,0,0,0,0
31944,0,452,0,0,0,0
31945,0,449,0,0,0,0
31946,0,321,0,0,0,0
31947,0,89,0,0,0,0
31948,0,186,0,0,0,0
31949,0,417,0,0,0,0
31950,0,575,0,0,0,0
31951,0,991,0,2,2,0
31952,0,1603,0,0,2,0
31953,0,1758,0,0,2,0
31954,0,1673,0,0,0,0
31955,0,1171,0,0,44,0
31956,0,318,0,0,4,0
31957,0,664,0,0,13,0
31958,0,1399,0,0,4,0
31959,0,1484,0,0,11,0
31960,0,1502,0,7,0,0
31961,0,1719,0,0,0,0
31962,0,1491,0,0,0,0
31963,0,969,0,0,0,0
31964,0,623,0,0,0,0
31965,0,331,0,0,0,0
31966,0,421,0,0,8,0
31967,0,392,0,0,1,0
31968,0,316,0,0,0,0
31969,0,248,0,0,0,0
31970,0,162,0,0,0,0
31971,0,11,0,0,0,0
31972,0,0,0,0,0,0
31973,0,0,0,0,2,0
31974,0,0,0,0,0,0
31975,0,0,0,0,0,0
31976,0,13,0,0,0,0
31977,0,34,0,0,0,0
31978,0,8,0,0,0,0
31979,0,0,0,0,0,0
31980,0,0,0,0,0,0
31981,0,0,0,0,0,0
31982,0,0,0,0,0,0
31983,0,0,0,0,0,0
31984,0,0,0,0,0,0
31985,0,0,0,0,0,0
31986,0,0,0,0,0,0
31987,0,0,0,0,0,0
31988,0,0,0,0,0,0
31989,0,0,0,0,0,0
31990,0,0,0,0,0,0
31991,0,0,0,0,2,0
31992,0,0,0,0,0,0
31993,0,0,0,0,0,0
31994,0,0,0,0,0,0
31995,0,0,0,0,0,0
31996,0,0,0,0,1,0
31997,0,0,0,0,0,0
31998,0,0,0,0,0,0
31999,0,0,0,0,0,0
32000,0,0,0,0,0,0
32001,0,0,0,0,0,0
32002,0,0,0,0,0,0
32003,0,0,0,0,0,0
32004,0,0,0,0,0,0
32005,0,0,0,0,0,0
32006,0,0,0,0,0,0
32007,0,0,0,0,0,0
32008,0,0,0,0,3,0
32009,0,7,0,0,29,0
32010,0,41,0,0,0,0
32011,0,13,0,0,43,0
32012,0,0,0,0,1,0
32013,0,0,0,0,0,0
32014,0,0,0,0,0,0
32015,0,25,0,0,0,0
32016,0,177,0,0,0,0
32017,0,344,0,0,0,0
32018,0,662,0,0,0,0
32019,0,822,0,0,0,0
32020,0,1190,0,0,0,0
32021,0,1862,0,0,0,0
32022,0,2539,0,0,0,0
32023,0,3318,0,0,0,0
32024,0,3727,0,0,0,0
32025,0,3595,0,0,0,0
32026,0,3489,0,0,0,0
32027,0,3392,0,0,1,0
32028,0,2977,0,0,0,0
32029,0,2432,0,0,0,0
32030,0,2031,0,0,0,0
32031,0,1723,0,0,2,0
32032,0,1182,0,0,0,0
32033,0,727,0,0,0,0
32034,0,740,0,0,0,0
32035,0,643,0,0,1,0
32036,0,558,0,0,0,0
32037,0,461,0,0,0,0
32038,0,382,0,0,0,0
32039,0,522,0,0,33,0
32040,0,770,0,0,0,0
32041,0,1155,0,0,10,0
32042,0,1493,0,0,0,0
32043,0,1562,0,0,0,0
32044,0,1827,0,0,0,0
32045,0,1865,0,0,0,0
32046,0,1847,0,0,0,0
32047,0,1840,0,0,0,0
32048,0,1984,0,0,0,0
32049,0,1976,0,0,0,0
32050,0,1808,0,0,0,0
32051,0,1766,0,0,0,0
32052,0,1666,0,0,0,0
32053,0,1408,0,0,0,0
32054,0,1146,0,0,0,0
32055,0,1084,0,0,0,0
32056,0,1168,0,0,4,0
32057,0,1160,0,0,0,0
32058,0,1052,0,0,0,0
32059,0,965,0,0,0,0
32060,0,949,0,0,0,0
32061,0,717,0,0,0,0
32062,26,550,0,0,0,0
32063,19,495,0,0,0,0
32064,11,391,0,0,0,0
32065,11,1013,0,0,0,0
32066,0,2500,0,0,0,0
32067,0,3372,0,0,0,0
32068,0,3934,0,0,0,0
32069,0,4176,0,0,0,0
32070,0,3860,0,0,0,0
32071,0,3302,0,0,1,0
32072,0,2966,0,0,0,0
32073,0,2406,0,0,0,0
32074,0,1857,0,0,0,0
32075,0,1575,0,0,0,0
32076,3,1442,0,0,0,0
32077,0,1511,0,0,0,0
32078,0,1465,0,0,0,0
32079,0,1410,0,0,0,0
32080,0,1647,0,0,0,0
32081,0,1629,0,0,0,0
32082,0,1812,0,0,0,0
32083,2,1978,0,6,0,0
32084,0,2111,0,6,0,0
32085,0,2112,0,0,0,0
32086,28,1991,0,0,3,0
32087,17,1767,0,0,0,0
32088,0,1562,0,0,0,0
32089,0,1312,0,0,0,0
32090,0,973,0,0,0,0
32091,0,421,0,0,0,0
32092,0,10,0,0,0,0
32093,0,0,0,0,0,0
32094,0,0,0,0,0,0
32095,0,5,0,0,0,0
32096,0,21,0,0,0,0
32097,0,0,0,0,0,0
32098,0,6,0,0,0,0
32099,0,0,0,0,0,0
32100,0,19,0,0,0,0
32101,0,5,0,0,6,6
32102,0,10,0,0,2,0
32103,0,0,0,1,1,0
32104,0,12,0,2,0,0
32105,0,0,0,0,0,2
32106,0,2,0,1,0,3
32107,0,0,0,0,0,0
32108,0,15,0,0,0,0
32109,0,27,0,0,0,0
32110,0,71,0,0,0,1
32111,0,20,0,0,0,2
32112,0,13,0,0,0,3
32113,0,0,0,0,0,0
32114,0,0,0,0,0,6
32115,0,0,0,0,0,0
32116,0,0,0,0,6,0
32117,0,0,0,0,0,2
32118,0,0,0,0,0,0
32119,0,0,0,0,0,0
32120,0,0,0,0,0,0
32121,0,0,0,0,0,0
32122,0,0,0,0,1,0
32123,0,0,0,0,2,2
32124,0,0,0,0,0,0
32125,0,0,0,0,0,0
32126,0,0,0,0,0,0
32127,0,0,0,0,0,0
32128,0,0,0,0,0,0
32129,0,0,0,0,0,0
32130,0,0,0,0,0,0
32131,0,0,0,0,4,0
32132,0,0,0,0,6,0
32133,0,0,0,0,7,1
32134,0,0,0,0,0,0
32135,0,0,0,0,0,0
32136,0,0,0,0,6,0
32137,0,1,0,0,0,0
32138,0,0,0,0,25,0
32139,0,0,0,0,0,0
32140,0,7,0,32,88,0
32141,0,0,0,0,30,2
32142,0,1,0,0,32,0
32143,0,206,0,0,0,0
32144,0,1002,0,0,73,0
32145,0,1892,0,0,2,0
32146,0,2655,0,8,126,0
32147,10,3522,0,0,1,0
32148,0,3934,0,0,34,0
32149,0,4448,0,25,2,0
32150,0,4344,0,0,50,0
32151,0,4200,0,0,3,0
32152,0,4114,0,0,22,0
32153,0,4105,0,0,130,0
32154,0,3705,0,0,28,0
32155,0,3244,0,0,32,0
32156,0,3104,0,0,50,0
32157,0,3181,0,2,12,0
32158,0,3446,0,0,26,0
32159,0,3566,0,0,96,0
32160,0,3481,0,0,94,0
32161,0,3406,2,1,9,0
32162,0,3224,0,41,9,0
32163,0,3033,0,0,18,0
32164,0,2703,2,0,0,0
32165,0,2337,0,0,43,0
32166,0,1941,0,0,0,0
32167,0,1389,0,0,0,0
32168,0,853,0,0,0,0
32169,6,590,0,0,0,0
32170,0,615,0,0,0,0
32171,0,536,0,0,0,0
32172,0,688,0,0,0,0
32173,0,1070,0,0,16,0
32174,0,2632,0,0,77,0
32175,0,5041,4,0,30,0
32176,0,7435,254,2,66,0
32177,21,10562,879,0,15,0
32178,53,13917,496,0,9,0
32179,23,15450,142,0,9,0
32180,0,14780,26,0,84,0
32181,0,12820,0,0,6,0
32182,0,9343,0,1,66,0
32183,0,4809,0,0,58,0
32184,0,2053,0,0,11,0
32185,0,589,0,0,13,0
32186,0,2241,0,0,0,0
32187,0,4532,0,0,3,0
32188,0,6340,0,0,2,0
32189,15,7213,0,0,31,0
32190,13,7174,0,0,0,0
32191,21,5918,0,0,4,0
32192,0,3750,0,0,4,0
32193,0,982,0,0,1,0
32194,0,3698,0,11,0,0
32195,0,10679,0,4,15,0
32196,0,13127,11,0,0,0
32197,0,12463,0,0,0,0
32198,0,10782,0,0,0,0
32199,0,7549,0,0,0,0
32200,0,3641,0,0,0,0
32201,0,2085,0,0,0,0
32202,0,1964,0,0,0,0
32203,0,3237,0,0,0,0
32204,0,4299,0,0,0,0
32205,0,5189,0,0,0,0
32206,0,5279,0,0,4,0
32207,0,5152,0,0,1,0
32208,0,4987,0,0,0,0
32209,0,4590,0,0,0,0
32210,0,4061,0,0,0,0
32211,0,3957,0,0,0,0
32212,0,3360,0,0,0,0
32213,0,2653,0,0,0,0
32214,0,1974,0,0,0,0
32215,0,1526,0,0,0,0
32216,0,1192,0,0,0,0
32217,0,1079,0,0,0,0
32218,0,1294,0,0,0,0
32219,35,1205,0,0,0,0
32220,41,781,0,0,0,0
32221,46,618,0,0,0,0
32222,42,649,0,0,0,0
32223,25,616,0,0,0,0
32224,15,955,0,0,0,0
32225,2,1358,0,0,0,0
32226,26,1662,0,0,0,0
32227,13,1998,0,1,0,0
32228,52,2413,0,0,0,0
32229,53,2639,0,0,0,0
32230,72,2457,0,0,0,0
32231,88,2647,0,0,0,0
32232,37,2307,0,0,0,0
32233,10,1950,0,0,0,0
32234,12,915,0,0,0,0
32235,16,557,0,0,3,0
32236,22,838,0,0,0,0
32237,1,1286,0,0,1,0
32238,0,1246,0,0,0,0
32239,0,1567,0,0,1,0
32240,36,1557,0,0,0,0
32241,11,1318,0,11,0,3
32242,1,1001,0,0,0,0
32243,26,696,0,1,4,0
32244,38,482,0,0,0,0
32245,24,491,0,3,0,0
32246,3,391,0,0,0,0
32247,0,356,0,0,0,0
32248,0,206,0,3,0,0
32249,0,212,0,3,0,0
32250,0,245,0,3,0,0
32251,0,365,0,0,2,0
32252,2,289,0,2,1,0
32253,0,233,0,0,0,0
32254,0,80,0,0,0,0
32255,0,90,0,0,0,1
32256,0,31,0,0,0,2
32257,4,17,0,0,0,0
32258,0,0,0,0,0,0
32259,0,0,0,0,0,0
32260,0,0,0,12,21,0
32261,0,0,0,0,0,0
32262,0,0,0,3,16,0
32263,0,0,0,0,0,0
32264,0,0,0,0,36,0
32265,0,0,0,0,0,0
32266,0,0,0,3,146,0
32267,0,0,0,0,1,0
32268,0,0,0,2,9,0
32269,0,0,0,0,0,0
32270,0,9,0,0,56,0
32271,0,187,0,0,0,0
32272,2,929,0,3,41,0
32273,0,1596,0,1,0,0
32274,0,2767,7,2,1,0
32275,0,4650,194,0,0,0
32276,0,6450,506,0,1,0
32277,0,7623,725,0,0,0
32278,0,5147,324,0,16,0
32279,0,4125,54,0,0,0
32280,4,4110,0,0,6,1
32281,16,3774,0,1,2,0
32282,41,1913,0,0,5,0
32283,86,529,0,7,10,1
32284,61,879,0,0,0,3
32285,25,1102,0,0,0,0
32286,8,1204,0,0,0,0
32287,7,1333,0,0,0,0
32288,0,1407,0,0,0,0
32289,0,1174,0,0,0,0
32290,0,1036,0,0,18,0
32291,0,724,0,0,172,1
32292,0,499,0,0,3,0
32293,0,500,0,0,8,0
32294,2,483,0,0,42,0
32295,7,606,0,0,0,0
32296,8,521,0,5,13,0
32297,0,506,0,0,0,0
32298,2,406,0,0,0,0
32299,2,254,0,0,0,0
32300,0,222,0,0,0,0
32301,0,135,0,0,0,0
32302,0,184,0,6,15,0
32303,0,115,0,12,27,0
32304,0,194,0,0,9,0
32305,0,219,0,13,0,0
32306,0,303,0,20,0,0
32307,0,588,0,1,0,0
32308,26,1546,0,13,0,0
32309,31,4750,6,67,45,0
32310,54,7473,376,4,0,0
32311,56,7340,534,55,149,0
32312,34,7399,423,28,51,0
32313,0,8036,93,15,42,0
32314,1,6640,15,0,0,0
32315,29,5671,0,0,0,0
32316,223,4717,0,0,0,0
32317,354,3933,0,0,0,0
32318,443,2482,0,2,0,0
32319,401,1219,0,2,0,0
32320,325,914,0,2,1,0
32321,286,619,0,0,0,0
32322,211,315,0,0,0,0
32323,214,288,0,0,0,0
32324,189,401,0,0,0,0
32325,144,1037,0,0,0,0
32326,64,1853,0,0,0,0
32327,7,2148,0,0,0,0
32328,2,3205,0,2,0,0
32329,3,4441,0,0,0,0
32330,0,6226,156,29,27,0
32331,19,6489,1255,2,18,0
32332,107,6146,2144,2,10,0
32333,246,6121,2261,3,5,0
32334,155,6066,1353,0,0,0
32335,23,5037,773,0,2,0
32336,18,2141,457,0,7,0
32337,0,1292,293,0,11,0
32338,3,1996,338,0,13,0
32339,42,828,5,0,81,0
32340,53,665,94,0,5,0
32341,24,1243,266,0,34,0
32342,0,646,120,0,34,0
32343,0,590,67,0,10,0
32344,0,634,202,0,0,0
32345,0,227,132,0,44,0
32346,20,2,0,0,0,0
32347,47,0,0,0,0,0
32348,15,15,0,0,0,0
32349,13,5,0,1,0,0
32350,4,51,0,0,0,0
32351,1,73,3,0,0,0
32352,18,80,13,0,0,0
32353,131,115,36,0,3,0
32354,251,53,2,0,0,0
32355,311,36,0,0,4,0
32356,342,25,0,10,19,0
32357,327,19,0,0,2,0
32358,112,24,0,0,1,0
32359,15,22,0,0,0,0
32360,0,16,0,0,43,0
32361,0,33,0,0,0,0
32362,2,76,13,2,4,0
32363,17,5,0,0,1,0
32364,0,8,0,0,4,0
32365,0,32,0,0,0,0
32366,0,51,0,1,0,0
32367,0,92,0,0,0,0
32368,0,125,0,21,0,0
32369,0,193,0,1,0,0
32370,0,233,0,2,0,0
32371,0,258,0,27,88,0
32372,0,192,0,39,135,0
32373,0,11,0,19,135,0
32374,0,275,0,5,22,0
32375,0,164,0,62,106,0
32376,0,186,0,0,0,0
32377,0,231,0,0,0,0
32378,0,239,0,0,0,0
32379,0,52,0,0,0,0
32380,0,41,0,0,1,0
32381,0,309,83,0,5,0
32382,0,306,76,0,0,0
32383,0,265,15,0,0,0
32384,0,201,22,0,0,0
32385,0,212,27,7,14,0
32386,0,156,41,3,15,0
32387,0,56,47,0,21,0
32388,0,59,23,0,0,0
32389,5,47,0,1,0,0
32390,6,86,0,26,29,0
32391,7,117,0,2,11,0
32392,1,264,1,0,0,0
32393,0,337,9,1,0,0
32394,0,109,0,0,0,0
32395,0,14,9,0,0,0
32396,0,179,8,10,0,0
32397,0,124,6,3,0,0
32398,2,29,14,9,42,0
32399,2,94,0,6,15,0
32400,0,57,1,35,22,0
32401,12,11,0,12,40,0
32402,0,4,0,8,36,0
32403,0,30,0,0,3,0
32404,0,79,34,1,4,0
32405,0,128,6,0,7,0
32406,3,137,8,0,10,0
32407,0,82,23,0,7,0
32408,0,50,30,0,0,0
32409,0,30,4,0,0,0
32410,0,14,0,0,9,0
32411,0,0,0,2,10,0
32412,1,107,79,16,58,0
32413,8,484,220,0,197,0
32414,0,1052,310,47,290,0
32415,4,1768,438,35,115,0
32416,0,3025,864,14,217,0
32417,0,4832,1284,32,125,0
32418,0,5373,1454,0,8,0
32419,6,5510,657,0,0,0
32420,11,5317,49,0,0,0
32421,0,4260,15,0,2,0
32422,0,1977,229,6,0,0
32423,0,2357,318,2,2,0
32424,2,4146,323,0,0,0
32425,3,5323,2200,0,0,0
32426,0,4648,2691,0,0,0
32427,0,4010,3592,0,0,0
32428,0,2793,600,0,0,0
32429,0,336,233,0,0,0
32430,14,1600,198,0,1,0
32431,0,1043,216,0,0,1
32432,0,538,1,0,6,0
32433,0,904,114,0,0,0
32434,0,534,183,0,1,0
32435,2,3,0,0,17,0
32436,5,66,4,0,0,0
32437,0,16,0,0,0,0
32438,0,22,0,0,2,0
32439,0,74,0,0,0,0
32440,0,0,0,0,0,0
32441,0,0,0,0,0,0
32442,0,0,0,0,0,0
32443,0,0,0,0,14,0
32444,0,0,0,37,168,0
32445,0,0,0,15,76,0
32446,0,0,0,26,90,0
32447,0,0,0,3,26,0
32448,0,0,0,0,2,0
32449,0,0,0,0,0,0
32450,0,0,0,2,0,0
32451,0,0,0,2,0,0
32452,0,0,0,2,0,0
32453,0,13,0,12,0,0
32454,0,0,0,0,1,0
32455,0,0,0,0,0,0
32456,0,0,0,11,0,0
32457,0,0,0,38,0,0
32458,0,0,0,77,2,0
32459,0,0,0,97,0,0
32460,0,0,0,126,3,0
32461,0,0,0,91,27,0
32462,0,0,0,59,2,0
32463,0,0,0,24,10,0
32464,0,0,0,0,0,0
32465,0,0,0,0,0,0
32466,8,0,0,11,0,0
32467,4,0,0,0,0,0
32468,19,0,0,0,0,0
32469,0,0,0,0,0,0
32470,22,0,0,0,0,0
32471,6,0,0,19,73,0
32472,8,0,0,5,3,0
32473,3,0,0,76,0,0
32474,0,0,0,40,0,0
32475,0,0,0,0,0,0
32476,0,0,0,0,0,0
32477,0,0,0,0,0,0
32478,0,0,0,4,0,0
32479,0,0,0,7,0,0
32480,3,0,0,0,0,0
32481,11,0,0,0,0,0
32482,14,0,0,0,0,0
32483,7,0,0,0,0,0
32484,6,0,0,6,0,0
32485,1,0,0,5,0,0
32486,0,0,0,0,0,0
32487,4,0,0,0,0,0
32488,0,0,0,0,0,0
32489,0,0,0,0,28,0
32490,0,0,0,0,5,0
32491,0,0,0,4,36,0
32492,0,0,0,11,37,0
32493,0,0,0,0,8,0
32494,0,0,0,8,5,0
32495,0,0,0,10,100,0
32496,0,0,0,1,15,0
32497,0,0,0,4,0,0
32498,0,0,0,9,79,0
32499,0,0,0,0,0,0
32500,0,0,0,1,0,0
32501,0,0,0,14,0,0
32502,0,0,0,0,6,0
32503,0,0,0,10,0,0
32504,0,0,0,8,32,0
32505,0,0,0,4,3,0
32506,0,0,0,3,0,0
32507,0,0,0,3,0,0
32508,0,0,0,1,0,0
32509,0,0,0,14,3,0
32510,0,0,0,30,0,0
32511,0,0,0,63,0,0
32512,0,0,0,139,0,0
32513,0,0,0,186,0,0
32514,0,0,0,126,0,0
32515,0,0,0,85,0,0
32516,0,0,0,5,0,0
32517,0,0,0,0,8,0
32518,0,0,0,0,0,0
32519,0,0,0,0,0,0
32520,0,0,0,0,0,0
32521,0,0,0,8,27,0
32522,0,0,0,4,6,0
32523,0,0,0,33,0,0
32524,0,0,0,53,0,0
32525,0,0,0,37,30,0
32526,0,0,0,24,3,0
32527,0,0,0,0,0,0
32528,0,0,0,6,0,0
32529,0,0,0,0,0,0
32530,0,0,0,2,8,0
32531,0,0,0,0,8,0
32532,0,0,0,0,6,0
32533,0,0,0,0,0,0
32534,0,0,0,0,0,0
32535,0,0,0,3,0,0
32536,0,0,0,4,5,0
32537,0,0,0,9,11,0
32538,0,0,0,0,3,0
32539,0,0,0,0,0,0
32540,0,0,0,0,0,0
32541,0,0,0,0,0,0
32542,0,0,0,0,0,0
32543,0,0,0,4,4,0
32544,0,0,0,0,1,0
32545,0,0,0,0,0,0
32546,0,0,0,0,0,0
32547,0,0,0,0,0,0
32548,0,0,0,0,0,0
32549,0,0,0,0,0,0
32550,0,0,0,13,19,0
32551,0,0,0,4,8,2
32552,0,0,0,3,0,0
32553,0,0,0,0,0,0
32554,0,0,0,0,0,0
32555,0,0,0,0,0,0
32556,0,0,0,0,0,0
32557,0,0,0,2,0,0
32558,0,0,0,2,0,0
32559,0,0,0,0,0,0
32560,0,0,0,0,0,0
32561,0,0,0,0,0,0
32562,0,0,0,7,0,0
32563,0,0,0,0,0,0
32564,0,0,0,0,0,0
32565,0,0,0,0,0,0
32566,0,0,0,0,0,0
32567,0,0,0,0,0,1
32568,0,0,0,0,0,0
32569,0,0,0,0,0,0
32570,0,0,0,0,0,0
32571,0,0,0,0,0,0
32572,0,0,0,0,0,0
32573,0,0,0,0,0,0
32574,0,0,0,0,1,0
32575,0,0,0,0,0,0
32576,0,0,0,0,0,0
32577,0,0,0,0,0,0
32578,0,0,0,0,0,0
32579,0,0,0,2,2,0
32580,0,0,0,0,0,0
32581,0,0,0,12,20,0
32582,0,0,0,1,0,0
32583,0,0,0,0,0,0
32584,0,0,0,0,0,0
32585,0,0,0,6,0,0
32586,0,0,0,0,0,0
32587,0,0,0,0,0,0
32588,0,0,0,0,0,0
32589,0,0,0,0,0,0
32590,0,0,0,0,0,0
32591,0,0,0,0,0,0
32592,0,0,0,0,0,0
32593,0,0,0,0,0,0
32594,0,0,0,0,0,0
32595,0,0,0,0,0,0
32596,0,0,0,0,2,0
32597,0,0,0,0,0,0
32598,0,0,0,0,0,0
32599,0,0,0,0,0,0
32600,0,0,0,0,0,0
32601,0,0,0,0,0,0
32602,0,0,0,0,0,0
32603,0,0,0,0,0,0
32604,0,0,0,0,0,0
32605,0,0,0,0,0,0
32606,0,0,0,0,0,0
32607,0,0,0,0,0,0
32608,0,0,0,0,0,0
32609,0,0,0,0,0,0
32610,0,0,0,0,0,0
32611,0,0,0,0,13,0
32612,0,0,0,0,1,0
32613,0,0,0,0,0,0
32614,0,0,0,0,0,0
32615,0,0,0,0,0,0
32616,0,0,0,0,0,0
32617,0,0,0,0,2,0
32618,0,0,0,0,13,0
32619,0,0,0,0,0,0
32620,0,0,0,0,0,0
32621,0,0,0,2,128,0
32622,0,0,0,0,28,0
32623,0,0,0,0,0,0
32624,0,0,0,0,0,0
32625,0,0,0,0,0,0
32626,0,0,0,0,0,0
32627,0,0,0,0,2,0
32628,0,0,0,0,0,0
32629,0,0,0,0,0,0
32630,0,0,0,0,0,0
32631,0,0,0,0,0,0
32632,0,0,0,0,0,0
32633,0,0,0,0,0,0
32634,0,0,0,0,0,0
32635,0,0,0,0,0,0
32636,0,0,0,0,0,0
32637,0,0,0,0,0,0
32638,0,0,0,6,14,0
32639,0,0,0,9,31,0
32640,0,0,0,0,3,0
32641,0,0,0,0,0,0
32642,0,0,0,0,0,0
32643,0,0,0,0,0,0
32644,0,0,0,0,0,0
32645,0,0,0,0,0,0
32646,0,0,0,0,0,0
32647,0,0,0,0,0,0
32648,0,0,0,0,0,0
32649,0,0,0,0,0,0
32650,0,0,0,0,0,0
32651,0,0,0,0,0,0
32652,0,0,0,0,0,0
32653,0,0,0,0,0,0
32654,0,0,0,0,0,0
32655,0,0,0,0,0,0
32656,0,0,0,0,0,0
32657,0,0,0,0,0,0
32658,0,0,0,0,0,0
32659,0,0,0,0,0,0
32660,0,0,0,0,36,0
32661,0,0,0,0,0,0
32662,0,0,0,0,11,0
32663,0,0,0,40,130,0
32664,0,0,0,0,43,0
32665,0,0,0,10,35,0
32666,0,0,0,38,106,0
32667,0,0,0,0,0,0
32668,0,0,0,0,0,0
32669,0,0,0,0,0,0
32670,0,0,0,0,0,0
32671,0,0,0,0,4,0
32672,0,0,0,2,0,0
32673,0,0,0,0,0,0
32674,0,0,0,0,0,0
32675,0,0,0,19,50,0
32676,0,0,0,2,3,0
32677,0,0,0,22,17,0
32678,0,0,0,7,38,0
32679,0,0,0,0,0,0
32680,0,0,0,0,0,0
32681,0,0,0,0,0,0
32682,0,0,0,1,0,0
32683,0,0,0,18,27,0
32684,0,0,0,70,114,0
32685,0,0,0,18,44,0
32686,0,0,0,23,119,0
32687,0,0,0,24,61,0
32688,0,0,0,11,78,0
32689,0,0,0,0,123,0
32690,0,0,0,0,164,0
32691,0,0,0,3,147,0
32692,0,0,0,0,138,0
32693,0,0,0,0,192,0
32694,0,0,0,4,209,0
32695,0,0,0,8,119,0
32696,0,0,0,34,229,0
32697,0,0,0,43,51,0
32698,0,0,0,6,167,0
32699,0,0,0,23,222,0
32700,0,0,0,2,340,0
32701,0,0,0,4,446,0
32702,0,0,0,0,242,0
32703,0,0,0,0,133,0
32704,0,0,0,10,173,0
32705,0,0,0,57,219,0
32706,0,0,0,75,80,0
32707,0,0,0,78,34,0
32708,0,0,0,25,57,0
32709,0,0,0,0,3,0
32710,0,0,0,0,1,0
32711,0,0,0,32,80,0
32712,0,0,0,13,29,0
32713,0,0,0,0,39,0
32714,0,0,0,4,112,0
32715,0,0,0,18,0,0
32716,0,0,0,34,8,0
32717,0,0,0,11,4,0
32718,0,0,0,11,0,0
32719,0,0,0,36,0,0
32720,0,0,0,2,1,0
32721,0,0,0,14,178,3
32722,0,0,0,52,381,0
32723,0,0,0,128,631,0
32724,0,0,0,263,561,0
32725,0,0,0,203,280,0
32726,0,0,0,286,265,0
32727,0,0,0,77,24,0
32728,0,0,0,94,243,0
32729,0,0,0,31,481,0
32730,0,0,0,306,519,0
32731,0,0,0,206,475,0
32732,0,0,0,136,225,0
32733,0,0,0,62,2,0
32734,0,0,0,148,0,0
32735,0,0,0,119,3,0
32736,0,0,0,82,0,0
32737,0,0,0,3,21,7
32738,0,0,0,83,61,0
32739,0,0,0,70,55,16
32740,0,0,0,121,115,0
32741,0,0,0,6,52,7
32742,0,0,0,257,454,2
32743,0,0,0,226,197,1
32744,0,0,0,283,677,74
32745,0,0,0,200,358,112
32746,0,0,0,401,1601,675
32747,0,0,0,510,1129,657
32748,0,0,0,839,2828,979
32749,0,0,0,989,2850,1110
32750,0,0,0,1351,4094,1518
32751,0,0,0,1488,3042,1573
32752,0,0,0,1917,3392,1533
32753,0,0,0,2296,2526,970
32754,0,0,0,2598,3148,1003
32755,0,0,0,2756,2803,521
32756,0,0,0,2995,3652,577
32757,0,0,0,3210,3137,324
32758,0,0,0,3553,4039,324
32759,0,0,0,3701,3893,272
32760,0,0,0,3891,4408,325
32761,0,0,0,4030,4115,235
32762,0,0,0,4271,4339,341
32763,0,0,0,4447,4336,236
32764,0,0,0,4295,5560,569
32765,0,0,0,4265,6738,451
32766,0,0,0,4125,9650,621
32767,0,0,0,4024,9754,673
32768,0,0,0,3857,10524,739
32769,0,0,0,3650,8334,482
32770,0,0,0,3291,6929,750
32771,0,0,0,3142,6514,446
32772,0,0,0,2817,6124,363
32773,0,0,0,2824,7167,269
32774,0,0,0,2634,6923,36
32775,0,0,0,2554,6393,483
32776,0,0,0,2353,6555,401
32777,0,0,0,2291,5739,453
32778,0,0,0,2183,5474,249
32779,0,0,0,2060,4791,452
32780,0,0,0,1901,6034,568
32781,0,0,0,1782,5408,738
32782,0,0,0,1445,5992,1142
32783,0,0,0,1196,5273,1185
32784,0,0,0,849,3818,1457
32785,0,0,0,431,1672,883
32786,0,0,0,320,1257,1029
32787,0,0,0,468,2132,101
32788,0,0,0,1013,3588,47
32789,0,0,0,1495,3854,40
32790,0,0,0,2058,4502,61
32791,0,0,0,2658,5480,576
32792,0,0,0,3190,5460,663
32793,0,0,0,3583,5998,933
32794,0,0,0,3943,6573,463
32795,0,0,0,4439,8118,4
32796,0,0,0,4899,8741,81
32797,0,0,0,5256,8402,424
32798,0,0,0,5492,9035,675
32799,0,0,0,5765,9463,227
32800,0,0,0,5920,9637,208
32801,0,0,0,6466,10074,224
32802,0,0,0,6556,9902,206
32803,0,0,0,6454,9028,126
32804,0,0,0,6133,8063,334
32805,0,0,0,5377,6469,261
32806,0,0,0,4342,5562,774
32807,0,0,0,3455,4617,130
32808,0,0,0,2603,4733,631
32809,0,0,0,1772,4995,1792
32810,0,0,0,892,5759,2663
32811,0,0,0,352,5300,1436
32812,0,0,0,114,5256,1049
32813,0,0,0,74,6087,474
32814,0,0,0,379,6016,589
32815,0,0,0,796,5647,234
32816,0,0,0,946,4905,32
32817,0,0,0,1044,6328,472
32818,0,0,0,1169,7601,642
32819,0,0,0,1154,9053,1616
32820,0,0,0,1480,7516,2283
32821,0,0,0,1402,5652,2732
32822,0,0,0,1469,4528,3065
32823,0,0,0,953,3499,1976
32824,0,0,0,663,2200,1168
32825,0,0,0,362,1809,684
32826,0,0,0,321,1194,1103
32827,0,0,0,35,191,374
32828,0,0,0,48,234,661
32829,0,0,0,91,181,193
32830,0,0,0,35,121,243
32831,0,0,0,389,336,54
32832,0,0,0,603,51,10
32833,0,0,0,859,290,11
32834,0,0,0,819,28,2
32835,0,0,0,787,68,71
32836,0,0,0,821,13,23
32837,0,0,0,796,167,157
32838,0,0,0,645,138,172
32839,0,0,0,732,572,239
32840,0,0,0,792,652,47
32841,0,0,0,913,1163,59
32842,0,0,0,736,851,0
32843,0,0,0,826,1045,5
32844,0,0,0,581,561,3
32845,0,0,0,455,647,2
32846,0,0,0,135,209,4
32847,0,0,0,299,228,13
32848,0,0,0,282,58,8
32849,0,0,0,153,46,3
32850,0,0,0,0,0,0
32851,0,0,0,0,14,0
32852,0,0,0,74,5,0
32853,0,0,0,85,3,0
32854,0,0,0,144,18,1
32855,0,0,0,99,140,51
32856,0,0,0,18,25,18
32857,0,0,0,38,0,30
32858,0,0,0,50,0,28
32859,0,0,0,46,6,0
32860,0,0,0,30,2,0
32861,0,0,0,45,80,9
32862,0,0,0,51,35,17
32863,0,0,0,38,63,21
32864,0,0,0,57,226,52
32865,0,0,0,18,153,3
32866,0,0,0,46,162,146
32867,0,0,0,17,20,127
32868,0,0,0,13,0,1
32869,0,0,0,6,0,0
32870,0,0,0,76,65,0
32871,0,0,0,44,47,92
32872,0,0,0,36,93,176
32873,0,0,0,57,47,21
32874,0,0,0,21,0,0
32875,0,0,0,13,0,0
32876,0,0,0,19,1,0
32877,0,0,0,0,1,66
32878,0,0,0,0,0,224
32879,0,0,0,1,25,11
32880,0,0,0,9,0,0
32881,0,0,0,0,5,4
32882,0,0,0,0,0,0
32883,0,0,0,0,0,28
32884,0,0,0,0,0,16
32885,0,0,0,0,2,1
32886,0,0,0,1,0,11
32887,0,0,0,0,3,0
32888,0,0,0,1,10,0
32889,0,0,0,6,10,0
32890,0,0,0,63,0,47
32891,0,0,0,31,2,17
32892,0,0,0,18,0,0
32893,0,0,0,51,87,0
32894,0,0,0,34,39,11
32895,0,0,0,46,21,1
32896,0,0,0,5,3,0
32897,0,0,0,0,0,0
32898,0,0,0,1,0,0
32899,0,0,0,1,0,0
32900,0,0,0,0,0,0
32901,0,0,0,0,0,0
32902,0,0,0,3,0,0
32903,0,0,0,15,0,0
32904,0,0,0,0,0,0
32905,0,0,0,0,0,0
32906,0,0,0,0,0,0
32907,0,0,0,0,1,0
32908,0,0,0,0,0,0
32909,0,0,0,0,0,0
32910,0,0,0,0,0,0
32911,0,0,0,0,0,0
32912,0,0,0,0,0,0
32913,0,0,0,0,0,0
32914,0,0,0,0,0,0
32915,0,0,0,0,0,0
32916,0,0,0,0,0,0
32917,0,0,0,0,0,0
32918,0,0,0,0,0,0
32919,0,0,0,0,0,0
32920,0,0,0,0,0,0
32921,0,0,0,0,13,0
32922,0,0,0,0,106,0
32923,0,0,0,19,41,0
32924,0,0,0,54,201,0
32925,0,0,0,2,116,0
32926,0,0,0,0,52,2
32927,0,0,0,0,55,0
32928,0,0,0,25,53,0
32929,0,0,0,51,25,0
32930,0,0,0,58,5,0
32931,0,0,0,44,0,0
32932,0,0,0,0,0,0
32933,0,0,0,0,5,0
32934,0,0,0,0,3,0
32935,0,0,0,0,15,0
32936,0,0,0,11,0,0
32937,0,0,0,0,0,0
32938,0,0,0,0,0,0
32939,0,0,0,2,0,0
32940,0,0,0,0,0,0
32941,0,0,0,3,4,0
32942,0,0,0,0,0,0
32943,0,0,0,0,0,0
32944,0,0,0,0,0,0
32945,0,0,0,6,0,0
32946,0,0,0,14,0,0
32947,0,0,0,7,0,0
32948,0,0,0,2,0,0
32949,0,0,0,0,0,0
32950,0,0,0,0,0,0
32951,0,0,0,0,0,0
32952,0,0,0,0,4,0
32953,0,0,0,0,24,0
32954,0,0,0,0,168,0
32955,0,0,0,0,272,0
32956,0,0,0,0,224,0
32957,0,0,0,1,446,0
32958,0,0,0,52,1120,0
32959,0,0,0,150,2521,0
32960,0,0,0,184,4217,0
32961,0,0,0,172,6634,0
32962,0,0,0,165,8586,170
32963,0,0,0,222,11239,500
32964,0,0,0,140,12160,571
32965,0,0,0,91,12404,80
32966,0,0,0,168,11154,40
32967,0,0,0,58,7503,10
32968,0,0,0,396,5042,0
32969,0,0,0,1099,3597,0
32970,0,0,0,1085,5983,0
32971,0,0,0,200,7170,0
32972,0,0,0,7,8879,0
32973,0,0,0,13,9988,42
32974,0,0,0,4,10133,46
32975,0,0,0,98,8752,18
32976,0,0,0,91,7183,0
32977,0,0,0,57,4168,0
32978,0,0,0,0,2217,0
32979,0,0,0,20,2966,0
32980,0,0,0,158,5439,2
32981,0,0,0,170,5788,76
32982,0,0,0,168,5075,495
32983,0,0,0,38,4123,22
32984,0,0,0,27,3075,131
32985,0,0,0,0,3437,0
32986,0,0,0,84,3571,65
32987,0,0,0,142,2168,0
32988,0,0,0,185,641,0
32989,0,0,0,415,238,15
32990,0,0,0,173,1520,0
32991,0,0,0,64,2382,5
32992,0,0,0,63,3363,0
32993,0,0,0,103,2949,0
32994,0,0,0,0,884,0
32995,0,0,0,50,795,0
32996,0,0,0,22,215,0
32997,0,0,0,59,305,0
32998,0,0,0,1,46,0
32999,0,0,0,9,6,0
33000,0,0,0,4,0,0
33001,0,0,0,1,9,0
33002,0,0,0,0,2,0
33003,0,0,0,0,10,0
33004,0,0,0,0,0,0
33005,0,0,0,154,38,0
33006,0,0,0,279,0,0
33007,0,0,0,232,46,0
33008,0,0,0,23,0,0
33009,0,0,0,95,30,0
33010,0,0,0,261,0,0
33011,0,0,0,178,1,1
33012,0,0,0,88,0,0
33013,0,0,0,1,10,0
33014,0,0,0,11,0,0
33015,0,0,0,3,7,12
33016,0,0,0,2,20,8
33017,0,0,0,4,212,0
33018,0,0,0,4,519,1
33019,0,0,0,10,538,0
33020,0,0,0,48,568,6
33021,0,0,0,0,720,0
33022,0,0,0,73,502,0
33023,0,0,0,0,436,0
33024,0,0,0,44,67,0
33025,0,0,0,9,57,0
33026,0,0,0,52,233,0
33027,0,0,0,82,349,0
33028,0,0,0,171,544,24
33029,0,0,0,204,718,6
33030,0,0,0,208,993,0
33031,0,0,0,218,1100,9
33032,0,0,0,253,1235,1
33033,0,0,0,162,800,0
33034,0,0,0,202,528,0
33035,0,0,0,172,277,0
33036,0,0,0,60,428,0
33037,0,0,0,73,425,0
33038,0,0,0,77,458,0
33039,0,0,0,53,318,0
33040,0,0,0,48,205,0
33041,0,0,0,22,116,0
33042,0,0,0,18,10,0
33043,0,0,0,24,51,0
33044,0,0,0,21,117,0
33045,0,0,0,6,95,0
33046,0,0,0,2,180,0
33047,0,0,0,12,821,0
33048,0,0,0,109,1929,0
33049,0,0,0,145,1079,0
33050,0,0,0,276,806,0
33051,0,0,0,316,828,0
33052,0,0,0,305,414,0
33053,0,0,0,138,547,0
33054,0,0,0,122,579,0
33055,0,0,0,0,550,0
33056,0,0,0,1,390,0
33057,0,0,0,1,122,0
33058,0,0,0,0,33,0
33059,0,0,0,39,57,0
33060,0,0,0,5,0,0
33061,0,0,0,8,16,4
33062,0,0,0,14,5,0
33063,0,0,0,0,0,0
33064,0,0,0,5,0,0
33065,0,0,0,0,38,0
33066,0,0,0,0,42,0
33067,0,0,0,0,85,2
33068,0,0,0,12,71,0
33069,0,0,0,0,66,0
33070,0,0,0,10,64,0
33071,0,0,0,6,53,34
33072,0,0,0,102,126,0
33073,0,0,0,15,450,0
33074,4,0,0,54,1133,16
33075,0,0,0,95,1965,5
33076,0,0,0,190,3521,154
33077,0,0,0,83,3499,57
33078,0,0,0,4,5610,81
33079,0,0,0,10,7223,0
33080,0,0,0,98,8307,6
33081,0,0,0,105,7775,0
33082,0,0,0,90,7243,4
33083,0,0,0,85,6148,5
33084,0,0,0,0,5181,0
33085,0,0,0,0,4512,0
33086,0,0,0,9,4319,0
33087,0,0,0,11,4372,0
33088,0,0,0,0,3908,0
33089,0,0,0,0,3771,0
33090,0,0,0,0,2872,0
33091,0,0,0,0,1864,0
33092,0,0,0,0,1913,0
33093,0,0,0,0,1926,0
33094,0,0,0,0,2011,0
33095,0,0,0,0,2015,23
33096,0,0,0,0,1845,0
33097,0,0,0,0,1860,0
33098,0,0,0,2,1659,0
33099,0,0,0,0,1647,1
33100,0,0,0,0,2008,0
33101,0,0,0,22,2098,4
33102,0,0,0,0,2151,0
33103,0,0,0,14,2861,10
33104,0,0,0,0,2662,0
33105,0,0,0,25,2126,8
33106,0,0,0,6,1676,3
33107,0,0,0,0,1846,0
33108,0,0,0,294,1995,6
33109,0,0,0,551,2839,14
33110,0,0,0,972,3960,58
33111,0,0,0,971,5256,42
33112,0,0,0,1002,5887,23
33113,0,0,0,981,4916,2
33114,0,0,0,931,4365,0
33115,0,0,0,769,3979,32
33116,0,0,0,678,3958,0
33117,0,0,0,316,4067,14
33118,0,0,0,191,4078,241
33119,0,0,0,294,4508,622
33120,0,0,0,142,3664,8
33121,0,0,0,153,4091,269
33122,0,0,0,98,2337,193
33123,0,0,0,243,1608,15
33124,0,0,0,204,976,1
33125,0,0,0,249,1657,37
33126,0,0,0,291,1228,97
33127,0,0,0,334,1523,119
33128,0,0,0,238,425,20
33129,0,0,0,332,411,19
33130,0,0,0,137,7,0
33131,0,0,0,361,51,0
33132,0,0,0,62,33,7
33133,0,0,0,0,108,11
33134,0,0,0,35,184,36
33135,0,0,0,80,153,85
33136,0,0,0,134,137,90
33137,0,0,0,57,23,0
33138,0,0,0,105,49,23
33139,0,0,0,0,8,0
33140,0,0,0,0,5,1
33141,0,0,0,15,30,2
33142,0,0,0,0,0,6
33143,0,0,0,2,12,1
33144,0,0,0,54,0,0
33145,0,0,0,58,45,1
33146,0,0,0,75,11,0
33147,0,0,0,113,84,0
33148,0,0,0,58,0,0
33149,0,0,0,88,145,0
33150,0,0,0,0,3,0
33151,0,0,0,17,192,8
33152,0,0,0,0,2,2
33153,0,0,0,1,17,6
33154,0,0,0,0,0,0
33155,0,0,0,0,1,0
33156,0,0,0,41,96,9
33157,0,0,0,0,0,3
33158,0,0,0,109,398,0
33159,0,0,0,0,3,0
33160,0,0,0,39,167,0
33161,0,0,0,4,1,0
33162,0,0,0,18,58,0
33163,0,0,0,1,0,0
33164,0,0,0,0,0,0
33165,0,0,0,0,0,12
33166,0,0,0,0,49,2
33167,0,0,0,0,0,0
33168,0,0,0,10,48,2
33169,0,0,0,0,0,0
33170,0,0,0,3,32,0
33171,0,0,0,0,0,0
33172,0,0,0,1,1,0
33173,0,0,0,0,0,0
33174,0,0,0,0,0,0
33175,0,0,0,0,0,0
33176,0,0,0,0,0,0
33177,0,0,0,0,0,0
33178,0,0,0,0,0,0
33179,0,0,0,0,0,0
33180,0,0,0,0,0,9
33181,0,0,0,0,0,0
33182,0,0,0,0,5,12
33183,0,0,0,0,3,0
33184,0,0,0,0,0,0
33185,0,0,0,0,0,0
33186,0,0,0,0,0,5
33187,0,0,0,0,0,6
33188,0,0,0,0,0,0
33189,0,0,0,0,0,0
33190,0,0,0,0,0,0
33191,0,0,0,0,2,0
33192,0,0,0,1,1,0
33193,0,0,0,0,0,0
33194,0,0,0,0,0,0
33195,0,0,0,0,0,0
33196,0,0,0,0,0,0
33197,0,0,0,0,1,2
33198,0,0,0,0,0,0
33199,0,0,0,0,22,0
33200,0,0,0,0,0,0
33201,0,0,0,6,17,0
33202,0,0,0,0,0,0
33203,0,0,0,0,0,0
33204,0,0,0,0,0,0
33205,0,0,0,0,0,0
33206,0,0,0,0,0,0
33207,0,0,0,0,0,0
33208,0,0,0,0,0,0
33209,0,0,0,0,0,0
33210,0,0,0,0,0,0
33211,0,0,0,0,3,0
33212,0,0,0,18,0,0
33213,0,0,0,0,0,0
33214,0,0,0,0,0,0
33215,0,0,0,0,0,0
33216,0,0,0,0,0,0
33217,0,0,0,0,0,0
33218,0,0,0,0,0,0
33219,0,0,0,0,0,0
33220,0,0,0,0,0,0
33221,0,0,0,0,0,0
33222,0,0,0,0,0,0
33223,0,0,0,0,0,0
33224,0,0,0,0,0,7
33225,0,0,0,0,0,18
33226,0,0,0,0,1,2
33227,0,0,0,0,0,0
33228,0,0,0,0,0,0
33229,0,0,0,0,0,0
33230,0,0,0,0,0,0
33231,0,0,0,0,0,0
33232,0,0,0,0,0,0
33233,0,0,0,0,0,0
33234,0,0,0,0,0,0
33235,0,0,0,0,0,0
33236,0,0,0,0,0,0
33237,0,0,0,0,0,0
33238,0,0,0,0,0,0
33239,0,0,0,0,0,0
33240,0,0,0,0,0,0
33241,0,0,0,0,0,0
33242,0,0,0,0,0,0
33243,0,0,0,0,0,0
33244,0,0,0,0,0,0
33245,0,0,0,0,0,0
33246,0,0,0,0,0,0
33247,0,0,0,0,0,0
33248,0,0,0,0,0,0
33249,0,0,0,0,0,0
33250,0,0,0,5,0,0
33251,0,0,0,12,0,0
33252,0,0,0,0,0,0
33253,0,0,0,0,0,0
33254,0,0,0,0,0,0
33255,0,0,0,0,0,0
33256,0,0,0,0,0,0
33257,0,0,0,0,0,0
33258,0,0,0,0,0,0
33259,0,0,0,0,0,0
33260,0,0,0,0,0,0
33261,0,0,0,0,0,0
33262,0,0,0,0,0,0
33263,0,0,0,0,0,0
33264,0,0,0,0,0,0
33265,0,0,0,0,0,0
33266,0,0,0,0,0,0
33267,0,0,0,0,0,0
33268,0,0,0,0,0,0
33269,0,0,0,0,0,0
33270,0,0,0,0,0,0
33271,0,0,0,0,2,0
33272,0,0,0,0,0,0
33273,0,0,0,0,0,0
33274,0,0,0,0,0,0
33275,0,0,0,0,0,0
33276,0,0,0,0,0,0
33277,0,0,0,0,0,0
33278,0,0,0,0,0,0
33279,0,0,0,0,0,0
33280,0,0,0,0,1,0
33281,0,0,0,0,0,0
33282,0,0,0,0,0,0
33283,0,0,0,0,0,0
33284,0,0,0,0,0,0
33285,0,0,0,0,0,0
33286,0,0,0,0,0,0
33287,0,0,0,0,0,0
33288,0,0,0,0,0,0
33289,0,0,0,0,0,0
33290,0,0,0,0,0,0
33291,0,0,0,0,0,0
33292,0,0,0,39,0,0
33293,0,0,0,3,0,0
33294,0,0,0,0,0,0
33295,0,0,0,0,0,0
33296,0,0,0,0,0,0
33297,0,0,0,0,0,0
33298,0,0,0,0,0,0
33299,0,0,0,0,0,0
33300,0,0,0,0,0,0
33301,0,0,0,0,0,0
33302,0,0,0,2,0,0
33303,0,0,0,0,0,0
33304,0,0,0,0,0,0
33305,0,0,0,0,0,0
33306,0,0,0,0,0,0
33307,0,0,0,0,0,0
33308,0,0,0,0,0,0
33309,0,0,0,0,0,0
33310,0,0,0,0,0,0
33311,0,0,0,0,0,0
33312,0,0,0,0,0,0
33313,0,0,0,0,0,0
33314,0,0,0,0,0,0
33315,0,0,0,0,0,0
33316,0,0,0,0,0,0
33317,0,0,0,0,0,0
33318,0,0,0,0,0,0
33319,0,0,0,0,0,0
33320,0,0,0,0,0,0
33321,0,0,0,0,0,0
33322,0,0,0,0,0,0
33323,0,0,0,0,0,0
33324,0,0,0,0,0,0
33325,0,0,0,0,0,0
33326,0,0,0,0,0,0
33327,0,0,0,0,0,0
33328,0,0,0,0,0,0
33329,0,0,0,0,0,0
33330,0,0,0,0,0,0
33331,0,0,0,0,0,0
33332,0,0,0,0,0,0
33333,0,0,0,0,0,0
33334,0,0,0,0,0,0
33335,0,0,0,0,0,0
33336,0,0,0,0,0,0
33337,0,0,0,0,0,0
33338,0,0,0,0,0,0
33339,0,0,0,0,0,0
33340,0,0,0,0,0,0
33341,0,0,0,0,0,0
33342,0,0,0,0,0,0
33343,0,0,0,0,0,0
33344,0,0,0,0,0,0
33345,0,0,0,0,0,0
33346,0,0,0,0,0,0
33347,0,0,0,0,0,0
33348,0,0,0,0,0,0
33349,0,0,0,0,0,0
33350,0,0,0,0,0,0
33351,0,0,0,0,0,0
33352,0,0,0,0,0,0
33353,0,0,0,0,0,0
33354,0,0,0,0,0,0
33355,0,0,0,0,0,0
33356,0,0,0,0,0,0
33357,0,0,0,0,0,0
33358,0,0,0,0,0,0
33359,0,0,0,0,0,0
33360,0,0,0,0,0,0
33361,0,0,0,0,0,1
33362,0,0,0,0,0,0
33363,0,0,0,0,0,0
33364,0,0,0,0,0,0
33365,0,0,0,0,0,0
33366,0,0,0,0,0,0
33367,0,0,0,0,0,0
33368,0,0,0,0,0,0
33369,0,0,0,0,0,0
33370,0,0,0,0,0,0
33371,0,0,0,0,0,0
33372,0,0,0,0,0,0
33373,0,0,0,0,0,0
33374,0,0,0,0,0,0
33375,0,0,0,0,0,0
33376,0,0,0,0,0,0
33377,0,0,0,0,2,0
33378,0,0,0,0,0,0
33379,0,0,0,0,0,0
33380,0,0,0,0,0,0
33381,0,0,0,0,0,0
33382,0,0,0,0,0,0
33383,0,0,0,0,0,0
33384,0,0,0,0,0,0
33385,0,0,0,0,0,0
33386,0,0,0,0,0,0
33387,0,0,0,0,0,0
33388,0,0,0,37,0,0
33389,0,0,0,0,0,0
33390,0,0,0,0,0,0
33391,0,0,0,0,5,0
33392,0,0,0,0,0,0
33393,0,0,0,0,0,0
33394,0,0,0,0,0,0
33395,0,0,0,0,0,0
33396,0,0,0,0,0,0
33397,0,0,0,0,0,0
33398,0,0,0,0,0,0
33399,0,0,0,0,0,0
33400,0,0,0,0,0,0
33401,0,0,0,0,0,0
33402,0,0,0,0,0,0
33403,0,0,0,0,0,0
33404,0,0,0,0,0,0
33405,0,0,0,0,0,0
33406,0,0,0,0,0,0
33407,0,0,0,0,0,0
33408,0,0,0,0,0,0
33409,0,0,0,0,0,0
33410,0,0,0,0,0,0
33411,0,0,0,0,0,0
33412,0,0,0,0,0,0
33413,0,0,0,0,0,0
33414,0,0,0,0,0,0
33415,0,0,0,0,0,0
33416,0,0,0,0,0,0
33417,0,0,0,0,0,0
33418,0,0,0,0,0,0
33419,0,0,0,0,0,0
33420,0,0,0,0,0,0
33421,0,0,0,0,0,0
33422,0,0,0,0,0,0
33423,0,0,0,0,0,0
33424,0,0,0,0,0,0
33425,0,0,0,0,0,0
33426,0,0,0,0,0,0
33427,0,0,0,0,0,0
33428,0,0,0,0,0,0
33429,0,0,0,0,0,0
33430,0,0,0,0,0,0
33431,0,0,0,0,0,0
33432,0,0,0,0,0,0
33433,0,0,0,2,0,0
33434,0,0,0,0,0,0
33435,0,0,0,0,0,0
33436,0,0,0,0,11,0
33437,0,0,0,0,3,0
33438,0,0,0,0,0,0
33439,0,0,0,0,0,0
33440,0,0,0,0,0,0
33441,0,0,0,0,0,0
33442,0,0,0,0,0,2
33443,0,0,0,0,0,9
33444,0,0,0,0,0,0
33445,0,0,0,0,0,0
33446,0,0,0,0,0,0
33447,0,0,0,0,1,0
33448,0,0,0,0,0,0
33449,0,0,0,0,0,0
33450,0,0,0,0,0,0
33451,0,0,0,0,0,0
33452,0,0,0,0,0,0
33453,0,0,0,0,0,0
33454,0,0,0,0,0,0
33455,0,0,0,0,0,0
33456,0,0,0,0,0,0
33457,0,0,0,0,0,0
33458,0,0,0,0,0,0
33459,0,0,0,0,0,0
33460,0,0,0,0,1,0
33461,0,0,0,0,0,0
33462,0,0,0,0,4,0
33463,0,0,0,0,0,0
33464,0,0,0,0,0,0
33465,0,0,0,0,0,0
33466,0,0,0,0,5,0
33467,0,0,0,0,1,0
33468,0,0,0,0,0,0
33469,0,0,0,0,0,0
33470,0,0,0,0,0,0
33471,0,0,0,0,0,0
33472,0,0,0,0,0,0
33473,0,0,0,0,0,0
33474,0,0,0,0,0,0
33475,0,0,0,0,0,0
33476,0,0,0,0,0,0
33477,0,0,0,0,0,0
33478,0,0,0,0,0,0
33479,0,0,0,0,0,0
33480,0,0,0,19,0,0
33481,0,0,0,0,0,0
33482,0,0,0,0,0,0
33483,0,0,0,0,0,0
33484,0,0,0,0,0,0
33485,0,0,0,0,0,0
33486,0,0,0,0,0,0
33487,0,0,0,0,0,0
33488,0,0,0,0,0,0
33489,0,0,0,0,0,0
33490,0,0,0,0,0,0
33491,0,0,0,0,0,0
33492,0,0,0,0,0,0
33493,0,0,0,0,0,0
33494,0,0,0,0,0,0
33495,0,0,0,0,0,0
33496,0,0,0,0,0,0
33497,0,0,0,0,0,0
33498,0,0,0,0,0,0
33499,0,0,0,0,0,0
33500,0,0,0,0,0,0
33501,0,0,0,0,0,0
33502,0,0,0,0,0,0
33503,0,0,0,0,0,0
33504,0,0,0,0,0,0
33505,0,0,0,0,0,0
33506,0,0,0,0,0,0
33507,0,0,0,0,0,0
33508,0,0,0,0,0,0
33509,0,0,0,0,0,0
33510,0,0,0,0,0,0
33511,0,0,0,0,0,0
33512,0,0,0,0,0,0
33513,0,0,0,0,0,0
33514,0,0,0,0,0,0
33515,0,0,0,0,0,0
33516,0,0,0,0,0,0
33517,0,0,0,0,0,0
33518,0,0,0,0,0,0
33519,0,0,0,0,0,0
33520,0,0,0,0,0,0
33521,0,0,0,0,0,0
33522,0,0,0,0,0,0
33523,0,0,0,0,0,0
33524,0,0,0,0,0,0
33525,0,0,0,0,0,0
33526,0,0,0,0,0,0
33527,0,0,0,0,0,0
33528,0,0,0,2,0,0
33529,0,0,0,11,0,0
33530,0,0,0,0,0,0
33531,0,0,0,0,0,0
33532,0,0,0,0,0,0
33533,0,0,0,0,0,0
33534,0,0,0,0,0,0
33535,0,0,0,0,0,0
33536,0,0,0,0,0,0
33537,0,0,0,0,0,0
33538,0,0,0,0,0,0
33539,0,0,0,0,0,0
33540,0,0,0,0,0,0
33541,0,0,0,0,0,0
33542,0,0,0,0,0,0
33543,0,0,0,0,0,0
33544,0,0,0,0,0,0
33545,0,0,0,0,0,0
33546,0,0,0,0,0,0
33547,0,0,0,0,0,0
33548,0,0,0,0,0,0
33549,0,0,0,0,0,0
33550,0,0,0,0,0,0
33551,0,0,0,0,0,0
33552,0,0,0,0,0,0
33553,0,0,0,0,0,0
33554,0,0,0,0,0,0
33555,0,0,0,0,0,0
33556,0,0,0,0,22,0
33557,0,0,0,0,19,0
33558,0,0,0,0,15,0
33559,0,0,0,2,3,0
33560,0,0,0,50,104,0
33561,0,0,0,50,27,0
33562,0,0,0,116,82,0
33563,0,0,0,131,186,0
33564,0,0,0,204,132,0
33565,0,0,0,243,124,0
33566,0,0,0,295,410,0
33567,0,0,0,269,458,0
33568,0,0,0,346,480,0
33569,0,0,0,297,656,0
33570,0,0,0,267,626,0
33571,0,0,0,296,901,0
33572,0,0,0,280,1319,0
33573,0,0,0,289,1685,0
33574,6,0,0,249,1696,0
33575,0,0,0,177,1391,0
33576,0,0,0,117,1114,0
33577,0,0,0,79,763,0
33578,0,0,0,3,327,0
33579,0,0,0,23,312,0
33580,0,0,0,2,380,0
33581,0,0,0,10,222,0
33582,0,0,0,0,117,0
33583,4,4,0,0,25,0
33584,17,88,0,0,41,0
33585,21,107,0,3,12,5
33586,22,131,0,2,32,2
33587,0,74,0,2,123,1
33588,0,137,0,7,28,0
33589,0,55,0,0,24,0
33590,0,8,0,0,45,0
33591,0,0,0,0,30,0
33592,0,0,0,0,0,0
33593,14,0,0,0,134,18
33594,232,0,0,0,0,0
33595,749,0,0,0,13,0
33596,1074,61,0,0,0,0
33597,1108,35,0,0,4,0
33598,693,49,0,0,2,0
33599,72,6,0,0,74,0
33600,0,61,0,0,0,0
33601,103,134,0,0,70,0
33602,499,210,0,0,1,3
33603,571,212,0,0,54,0
33604,382,108,0,0,8,0
33605,203,0,0,0,121,0
33606,3,0,0,0,2,0
33607,0,57,0,9,68,0
33608,0,132,0,5,62,0
33609,0,111,0,3,62,0
33610,0,74,0,8,106,0
33611,0,11,0,30,252,0
33612,0,18,0,8,257,0
33613,0,23,0,30,233,0
33614,0,0,0,37,254,0
33615,0,0,0,4,100,0
33616,0,0,0,22,125,0
33617,0,0,0,0,26,0
33618,0,0,0,0,0,0
33619,0,0,0,0,6,0
33620,0,0,0,0,0,0
33621,0,0,0,18,148,0
33622,0,0,0,0,2,0
33623,0,0,0,24,257,0
33624,0,0,0,4,0,0
33625,0,0,0,1,14,0
33626,0,4,0,23,1,0
33627,0,14,0,25,89,0
33628,0,1,0,23,3,0
33629,0,0,0,8,303,0
33630,0,0,0,0,2,0
33631,0,0,0,2,57,0
33632,0,0,0,0,2,0
33633,0,0,0,0,0,0
33634,0,0,0,0,20,0
33635,0,0,0,0,20,0
33636,0,0,0,0,6,0
33637,0,0,0,0,0,0
33638,0,0,0,0,0,0
33639,0,0,0,0,0,0
33640,0,0,0,0,0,0
33641,0,0,0,0,0,0
33642,0,0,0,0,0,0
33643,0,0,0,0,0,0
33644,0,0,0,0,0,0
33645,0,0,0,0,0,0
33646,0,0,0,0,2,0
33647,0,0,0,0,0,0
33648,0,0,2,31,0,0
33649,0,0,0,28,0,0
33650,0,0,0,0,0,0
33651,0,0,0,0,0,0
33652,0,0,0,0,0,0
33653,0,0,0,0,0,0
33654,0,0,0,0,0,0
33655,0,0,0,0,0,0
33656,0,0,0,0,0,0
33657,0,0,0,0,0,0
33658,0,0,0,0,0,0
33659,0,0,0,0,0,0
33660,0,0,0,0,0,0
33661,0,0,0,0,4,0
33662,0,0,0,0,2,0
33663,0,0,0,0,13,0
33664,0,0,0,0,26,0
33665,0,0,0,0,12,0
33666,0,0,0,0,0,0
33667,0,0,0,0,3,0
33668,0,0,0,0,1,0
33669,0,0,0,5,3,0
33670,0,0,0,0,20,0
33671,0,0,0,0,4,0
33672,0,0,0,2,13,0
33673,0,0,0,0,2,0
33674,0,0,0,0,23,0
33675,0,0,0,0,6,0
33676,0,0,0,0,2,0
33677,93,0,0,0,0,0
33678,159,0,0,0,0,0
33679,28,0,0,0,0,0
33680,33,0,0,0,0,0
33681,56,0,0,45,0,0
33682,142,12,0,0,0,0
33683,21,0,0,0,0,0
33684,0,9,0,0,0,0
33685,0,0,0,0,0,0
33686,0,0,5,0,0,0
33687,0,0,16,0,0,0
33688,0,0,0,0,0,0
33689,0,0,0,0,0,0
33690,0,0,0,0,0,0
33691,0,0,0,0,17,0
33692,0,0,0,0,9,0
33693,0,0,0,0,3,0
33694,0,0,0,0,17,0
33695,0,0,0,0,1,0
33696,0,0,1,0,19,0
33697,0,0,0,2,4,0
33698,0,0,0,0,22,0
33699,0,0,0,2,7,0
33700,0,0,0,2,11,0
33701,0,0,0,0,10,0
33702,0,0,0,8,2,0
33703,0,0,0,0,0,0
33704,0,0,0,0,0,0
33705,4,0,0,2,0,0
33706,0,0,0,5,2,0
33707,0,0,0,0,0,0
33708,0,0,0,0,1,0
33709,0,0,0,0,0,0
33710,0,0,0,0,0,0
33711,0,0,0,0,0,0
33712,0,0,0,0,0,0
33713,0,0,0,0,0,0
33714,0,0,0,0,0,0
33715,0,0,0,0,0,0
33716,0,0,0,3,0,0
33717,0,0,0,0,0,0
33718,0,0,0,0,0,0
33719,0,0,0,0,0,0
33720,0,0,0,0,0,0
33721,0,0,0,0,0,0
33722,0,0,0,0,0,0
33723,0,0,0,0,0,0
33724,16,0,0,0,0,0
33725,40,0,0,0,0,0
33726,27,0,0,0,0,0
33727,0,0,0,0,0,0
33728,39,0,0,0,0,0
33729,45,0,0,0,0,0
33730,96,0,0,0,0,0
33731,9,0,0,0,0,0
33732,0,0,0,0,0,0
33733,0,0,0,0,0,0
33734,0,0,0,0,0,0
33735,0,0,0,0,6,0
33736,0,0,0,0,16,0
33737,0,0,0,0,0,0
33738,0,0,0,0,0,0
33739,0,0,0,0,0,0
33740,0,0,0,0,0,0
33741,0,0,0,0,0,0
33742,0,0,0,0,0,0
33743,0,0,0,0,0,0
33744,0,0,0,0,0,0
33745,0,0,0,0,0,0
33746,0,0,0,0,0,0
33747,0,0,0,0,0,0
33748,0,0,0,0,0,0
33749,0,0,0,0,0,0
33750,0,0,0,0,0,0
33751,0,0,0,0,0,0
33752,0,0,0,0,0,0
33753,0,0,0,0,0,0
33754,0,0,0,0,0,0
33755,0,0,0,0,0,0
33756,0,0,0,0,0,0
33757,0,0,0,0,0,0
33758,0,0,0,0,0,0
33759,0,0,0,0,0,0
33760,0,0,0,0,2,0
33761,0,0,0,0,0,0
33762,0,0,0,0,0,0
33763,0,2,0,0,1,0
33764,0,0,0,0,0,0
33765,0,0,0,0,0,0
33766,0,0,0,0,8,0
33767,0,0,0,0,0,0
33768,0,0,0,0,0,0
33769,0,0,0,0,0,0
33770,0,0,0,0,0,0
33771,0,0,0,0,0,0
33772,0,1,0,0,0,0
33773,0,0,0,0,0,0
33774,0,35,0,0,0,0
33775,0,176,0,0,0,0
33776,0,293,2,0,0,0
33777,0,293,0,0,0,0
33778,0,110,0,0,0,0
33779,0,29,0,0,0,0
33780,0,2,0,6,0,0
33781,0,64,0,0,0,0
33782,0,69,0,0,0,0
33783,0,0,0,0,0,0
33784,0,19,0,0,0,0
33785,0,197,0,0,0,0
33786,0,644,13,0,0,0
33787,0,968,51,0,0,0
33788,0,728,27,0,0,0
33789,0,45,0,0,0,0
33790,0,88,0,0,0,0
33791,0,132,3,0,0,0
33792,0,4,0,0,0,0
33793,0,0,0,0,0,0
33794,0,48,0,0,0,0
33795,0,550,59,0,0,0
33796,0,1295,96,0,1,0
33797,0,1573,27,0,2,0
33798,0,1285,0,0,0,0
33799,0,398,0,12,0,0
33800,0,55,0,0,0,0
33801,0,965,0,0,0,0
33802,0,1545,23,4,0,0
33803,0,1257,49,0,29,0
33804,0,20,0,0,3,0
33805,0,1301,74,0,0,0
33806,0,1752,77,0,0,0
33807,0,1765,18,0,0,0
33808,0,1534,5,0,6,0
33809,0,734,0,0,0,0
33810,0,48,0,0,8,0
33811,0,1135,19,0,28,0
33812,0,1837,63,0,0,0
33813,0,628,3,0,2,0
33814,0,1462,24,0,4,0
33815,0,2754,128,0,0,0
33816,0,3294,124,0,1,0
33817,4,3161,35,0,0,0
33818,0,2180,3,0,0,0
33819,4,24,0,0,1,0
33820,2,1426,0,0,0,0
33821,8,3073,24,0,0,0
33822,0,3752,132,0,0,0
33823,0,3430,125,0,0,0
33824,0,1957,72,0,0,0
33825,0,141,0,0,0,0
33826,0,1374,25,0,2,0
33827,0,117,0,0,0,0
33828,0,38,0,0,4,0
33829,0,72,0,0,0,0
33830,0,74,0,0,0,0
33831,0,8,0,0,0,0
33832,0,17,0,0,0,0
33833,0,241,0,0,18,0
33834,0,120,0,0,0,0
33835,0,0,0,0,8,0
33836,0,4,0,0,14,0
33837,0,12,0,0,2,0
33838,2,0,0,0,2,0
33839,0,9,0,0,0,0
33840,0,3,0,0,0,0
33841,0,0,0,0,10,0
33842,0,28,0,0,0,0
33843,0,363,0,0,1,0
33844,0,754,0,0,0,0
33845,0,1885,31,0,0,0
33846,0,2362,24,0,0,0
33847,0,3047,73,0,0,0
33848,0,3377,34,0,0,0
33849,0,3750,8,0,1,0
33850,0,3631,3,0,0,0
33851,0,3311,0,0,0,0
33852,0,2374,0,0,0,0
33853,0,604,0,0,0,0
33854,0,161,0,0,0,0
33855,0,2259,0,0,0,0
33856,0,3224,2,0,0,2
33857,0,3375,0,0,0,0
33858,0,3344,0,0,0,0
33859,0,2610,24,0,0,0
33860,0,1885,22,0,0,0
33861,0,1302,10,0,0,0
33862,0,1043,7,0,0,0
33863,8,1413,5,0,0,0
33864,0,2421,56,0,0,0
33865,0,2905,67,0,0,0
33866,0,2625,225,0,0,0
33867,0,2066,249,0,0,0
33868,8,135,0,0,0,0
33869,21,2144,215,0,0,0
33870,6,2991,231,0,0,0
33871,8,3783,133,0,0,0
33872,33,4527,252,0,0,0
33873,43,4988,341,0,3,0
33874,32,4967,267,1,0,0
33875,0,4929,189,1,0,0
33876,41,4515,4,0,0,0
33877,53,3708,0,0,0,0
33878,55,2145,0,0,0,0
33879,93,597,0,0,0,0
33880,144,3655,0,0,0,0
33881,107,4794,33,0,0,0
33882,37,5409,167,0,0,0
33883,0,5799,409,0,3,0
33884,0,5552,504,4,0,0
33885,0,4899,588,1,0,0
33886,0,3988,297,0,6,0
33887,1,3032,209,0,1,0
33888,14,1334,116,0,0,0
33889,52,1113,96,0,0,0
33890,52,2498,192,0,0,0
33891,67,3065,141,0,0,0
33892,73,3965,139,2,0,0
33893,17,4689,235,0,43,0
33894,0,5032,199,0,0,0
33895,0,5158,200,0,3,0
33896,0,4996,93,0,0,0
33897,0,4573,4,0,1,0
33898,0,3906,0,0,0,0
33899,0,3011,0,0,8,0
33900,0,1699,0,0,2,1
33901,0,417,0,0,24,2
33902,0,3232,0,31,0,3
33903,0,4375,0,0,8,0
33904,0,4943,240,0,0,0
33905,0,5038,672,0,0,0
33906,0,4668,869,0,0,0
33907,0,4400,702,0,0,0
33908,0,3234,429,0,0,0
33909,0,1176,5,0,0,0
33910,0,2055,21,0,0,0
33911,0,2770,16,0,0,0
33912,0,3394,120,0,0,0
33913,0,3996,561,0,8,0
33914,0,5215,870,0,84,0
33915,0,5884,1149,0,27,0
33916,0,6759,843,0,2,0
33917,0,7749,578,0,10,0
33918,0,8139,402,0,0,0
33919,0,7272,274,0,2,0
33920,0,6399,159,0,1,0
33921,0,4657,85,0,0,0
33922,0,2358,0,0,0,0
33923,0,1012,0,0,0,0
33924,0,59,0,0,0,0
33925,0,2204,189,0,0,0
33926,0,4917,579,0,0,0
33927,0,6038,491,0,0,0
33928,0,5822,295,0,0,0
33929,0,4893,183,0,0,0
33930,0,3606,104,0,0,0
33931,0,2499,8,0,2,9
33932,0,1962,0,0,0,8
33933,0,2310,0,0,0,0
33934,0,3091,0,0,0,0
33935,0,3194,3,0,0,0
33936,0,2227,0,0,0,0
33937,0,290,0,0,0,0
33938,0,3226,0,0,0,0
33939,0,5089,51,0,0,0
33940,0,6100,31,0,0,2
33941,0,6749,78,0,0,8
33942,0,7786,259,0,0,0
33943,4,8664,150,0,0,0
33944,2,8833,62,0,0,0
33945,8,8446,4,0,0,0
33946,22,7074,2,0,0,0
33947,49,5781,0,0,0,0
33948,66,4899,0,0,0,0
33949,120,4136,0,0,0,0
33950,175,2583,0,0,0,0
33951,204,954,0,0,0,0
33952,177,3162,3,0,0,0
33953,75,6658,2,0,0,0
33954,4,8618,4,0,0,0
33955,0,8934,0,0,0,0
33956,0,8471,0,0,0,4
33957,0,7801,0,0,0,14
33958,0,6929,4,0,0,9
33959,0,6154,0,0,0,0
33960,0,5334,6,0,0,0
33961,0,4591,0,0,1,0
33962,0,3619,0,0,0,0
33963,0,2268,0,0,0,15
33964,0,612,0,0,0,0
33965,0,173,0,0,0,2
33966,0,1066,0,0,0,0
33967,0,1967,0,0,0,0
33968,0,2428,0,0,0,0
33969,0,2242,0,0,0,2
33970,0,1512,0,0,0,0
33971,0,1708,0,0,0,18
33972,6,6741,221,0,0,0
33973,85,9569,533,0,12,0
33974,122,10175,955,0,13,53
33975,119,9112,1419,0,17,18
33976,95,7182,65,0,7,13
33977,69,3868,0,0,0,0
33978,16,2631,0,0,2,0
33979,0,4551,0,0,0,2
33980,0,4866,12,0,2,9
33981,0,3045,0,0,0,8
33982,0,1799,0,0,17,0
33983,0,4860,33,0,83,0
33984,0,6486,458,0,0,0
33985,0,7206,291,0,11,0
33986,0,7870,118,0,2,0
33987,0,7380,113,0,4,0
33988,0,6543,92,0,0,0
33989,0,5148,208,0,0,0
33990,0,4161,379,0,0,0
33991,0,3222,275,0,2,0
33992,0,987,19,0,0,0
33993,0,833,18,0,0,0
33994,0,374,7,0,0,0
33995,0,189,11,0,0,0
33996,0,207,0,0,0,0
33997,0,910,16,0,0,0
33998,0,1402,75,0,41,0
33999,0,1231,62,0,0,0
34000,0,1164,20,0,15,0
34001,0,1365,45,0,45,5
34002,0,823,0,0,0,0
34003,0,88,0,0,4,0
34004,0,1421,3,0,46,0
34005,0,2010,67,0,10,0
34006,0,2221,195,0,0,0
34007,0,2042,228,0,0,0
34008,0,1635,113,0,0,0
34009,0,54,0,0,0,0
34010,0,876,28,0,0,0
34011,0,1580,55,0,0,0
34012,0,1841,99,0,0,0
34013,0,2024,139,0,0,0
34014,0,2157,98,0,0,0
34015,0,1760,13,0,0,0
34016,0,720,0,0,0,0
34017,0,23,0,0,0,2
34018,0,241,0,0,0,0
34019,0,310,0,0,0,0
34020,0,225,0,0,0,0
34021,0,141,0,0,2,0
34022,0,146,0,0,0,0
34023,0,89,0,0,0,0
34024,0,0,0,0,0,0
34025,0,23,0,0,0,0
34026,0,100,0,1,0,0
34027,0,139,0,0,0,0
34028,0,368,0,6,0,0
34029,0,844,0,0,0,0
34030,0,1434,0,0,0,0
34031,0,1723,90,0,0,0
34032,0,1736,30,0,0,2
34033,0,1129,13,0,0,0
34034,0,95,7,0,0,0
34035,0,4,1,0,0,0
34036,0,603,13,5,0,1
34037,0,1145,19,0,0,0
34038,0,1344,22,0,0,0
34039,0,1604,51,0,0,0
34040,0,1678,40,0,0,0
34041,0,1345,14,0,0,0
34042,0,739,0,0,0,0
34043,0,302,0,0,0,0
34044,0,102,0,0,0,0
34045,0,94,0,0,0,0
34046,0,230,0,0,0,0
34047,0,227,0,0,0,0
34048,0,255,0,0,0,0
34049,0,245,0,0,0,1
34050,0,55,0,0,0,0
34051,0,0,0,0,0,0
34052,0,18,0,0,0,0
34053,0,62,0,0,0,0
34054,0,86,0,0,0,0
34055,0,57,0,0,0,0
34056,0,13,0,0,0,0
34057,0,5,0,0,0,0
34058,0,0,0,0,0,0
34059,0,0,0,0,0,0
34060,0,0,0,0,0,0
34061,0,0,0,0,0,0
34062,0,0,0,0,0,0
34063,0,61,0,0,0,0
34064,0,132,0,0,0,0
34065,0,214,0,0,0,0
34066,0,243,0,0,0,0
34067,0,202,0,0,0,0
34068,0,298,0,0,0,0
34069,0,1288,0,0,0,0
34070,0,2327,0,0,0,0
34071,0,1074,0,0,2,0
34072,0,2719,24,0,0,0
34073,33,3834,232,0,0,0
34074,77,3465,232,0,0,0
34075,77,1235,34,0,0,0
34076,44,1944,216,0,0,0
34077,37,1808,123,0,0,0
34078,29,532,3,0,0,0
34079,2,926,53,0,0,0
34080,0,316,10,0,0,0
34081,0,123,3,0,0,0
34082,0,83,2,0,0,0
34083,0,15,0,0,1,0
34084,0,189,0,0,0,0
34085,0,263,0,0,15,0
34086,0,152,2,0,0,0
34087,0,84,1,0,29,0
34088,0,65,0,0,4,0
34089,0,18,0,0,19,0
34090,0,0,0,0,7,0
34091,0,0,0,0,87,0
34092,0,13,0,0,9,0
34093,0,59,0,0,11,0
34094,0,112,0,0,87,0
34095,0,183,1,0,34,0
34096,0,387,0,6,25,0
34097,0,469,18,0,5,0
34098,0,710,15,0,0,0
34099,0,649,4,0,0,0
34100,0,228,0,0,0,0
34101,0,111,2,0,0,0
34102,0,964,49,0,0,0
34103,0,1550,110,0,0,0
34104,0,1390,103,0,0,0
34105,0,307,0,0,0,0
34106,0,59,4,0,0,0
34107,0,58,0,0,3,0
34108,0,0,0,0,0,0
34109,0,0,0,0,0,0
34110,0,0,0,0,0,0
34111,0,10,2,0,19,0
34112,0,28,4,0,43,2
34113,0,178,3,0,9,0
34114,0,301,0,0,1,0
34115,0,681,24,0,24,0
34116,0,718,49,0,1,0
34117,0,102,0,0,0,0
34118,0,25,0,0,0,0
34119,0,53,0,0,9,0
34120,0,49,0,0,0,0
34121,0,1,0,0,0,0
34122,0,5,0,0,0,0
34123,0,7,0,0,0,0
34124,0,2,4,0,0,0
34125,0,12,0,0,0,0
34126,0,141,0,24,10,0
34127,0,248,0,0,0,0
34128,0,315,0,0,0,0
34129,0,342,2,0,0,0
34130,0,323,0,0,0,0
34131,0,240,0,0,0,0
34132,0,183,0,0,0,0
34133,0,138,0,0,4,0
34134,0,69,0,0,0,0
34135,0,53,0,0,22,0
34136,0,17,0,0,2,0
34137,0,31,0,0,24,0
34138,0,145,0,0,0,0
34139,0,355,6,0,1,0
34140,0,362,0,12,0,0
34141,0,400,0,16,19,0
34142,0,326,0,78,40,0
34143,0,385,0,131,0,0
34144,0,539,0,195,0,0
34145,0,673,0,101,3,0
34146,0,733,0,135,0,0
34147,0,970,0,58,2,0
34148,0,1148,0,19,0,0
34149,0,1373,0,2,2,0
34150,0,1458,0,0,0,0
34151,0,1606,0,0,0,0
34152,0,1646,0,0,0,0
34153,0,1759,0,0,0,0
34154,0,1718,0,0,0,0
34155,0,1611,0,0,0,0
34156,0,1316,0,0,0,0
34157,0,1145,0,0,0,0
34158,0,1093,0,0,0,0
34159,0,817,0,0,0,0
34160,0,687,0,0,0,0
34161,0,449,0,0,0,0
34162,0,297,0,0,0,0
34163,0,248,0,0,0,0
34164,0,191,0,0,0,0
34165,0,226,0,0,0,0
34166,0,131,0,0,0,0
34167,0,82,0,0,0,0
34168,0,34,0,0,2,0
34169,0,12,0,0,0,0
34170,0,1,0,0,0,0
34171,0,22,0,0,6,0
34172,0,36,0,0,0,0
34173,0,35,0,0,0,0
34174,0,19,0,0,0,0
34175,0,9,0,0,0,0
34176,0,131,0,0,0,0
34177,0,473,0,0,0,0
34178,0,861,0,0,0,0
34179,0,1022,0,0,0,0
34180,0,1315,0,0,0,1
34181,0,1388,0,0,0,0
34182,0,1392,0,0,0,0
34183,0,1464,0,0,0,1
34184,0,1152,0,0,0,0
34185,0,888,0,0,0,0
34186,0,643,0,0,0,0
34187,0,422,0,0,0,0
34188,0,181,0,0,0,0
34189,0,151,0,0,0,0
34190,0,75,0,0,0,0
34191,0,78,0,0,0,0
34192,0,41,0,0,0,0
34193,0,19,0,0,0,0
34194,0,6,0,0,0,0
34195,0,0,0,0,0,0
34196,0,4,0,0,0,0
34197,0,0,0,0,0,0
34198,0,0,0,0,0,0
34199,0,2,0,0,0,0
34200,0,0,0,0,0,0
34201,0,4,0,0,35,0
34202,0,0,0,0,0,0
34203,0,161,0,0,0,0
34204,0,718,0,0,6,0
34205,0,1725,0,0,0,0
34206,0,2303,0,0,6,0
34207,0,2055,1,0,0,0
34208,0,1082,0,0,0,0
34209,0,63,0,0,0,0
34210,0,7,0,0,0,0
34211,0,152,0,0,0,0
34212,0,271,0,0,0,0
34213,0,426,0,0,0,0
34214,0,332,0,0,0,0
34215,0,282,0,0,0,0
34216,0,275,0,0,1,0
34217,0,198,0,0,0,0
34218,0,116,0,0,0,0
34219,0,191,0,0,0,0
34220,0,441,0,0,0,0
34221,0,773,0,0,0,0
34222,0,891,0,0,0,0
34223,0,754,0,0,0,0
34224,0,408,0,0,0,0
34225,0,133,0,0,0,0
34226,0,207,0,0,0,0
34227,0,268,0,0,0,0
34228,0,438,0,2,0,0
34229,0,517,0,1,15,0
34230,0,298,0,0,0,0
34231,0,277,0,0,34,0
34232,0,51,0,0,23,0
34233,0,0,0,0,1,0
34234,0,0,0,0,6,0
34235,0,0,0,20,79,0
34236,0,0,0,0,4,0
34237,0,901,0,0,6,0
34238,0,2531,7,0,3,0
34239,0,3433,5,0,8,0
34240,6,3163,0,0,0,0
34241,0,1931,15,0,4,0
34242,0,35,0,0,0,0
34243,0,422,2,0,0,0
34244,0,134,0,0,0,0
34245,0,252,0,0,0,0
34246,0,1510,1,0,0,0
34247,0,1809,9,0,0,0
34248,0,835,0,0,0,0
34249,0,273,0,0,0,0
34250,0,41,0,0,0,0
34251,0,0,0,0,0,0
34252,0,42,0,0,0,0
34253,0,59,0,0,0,0
34254,0,2,0,0,0,0
34255,0,0,0,0,0,0
34256,0,0,0,0,0,0
34257,0,0,0,0,0,0
34258,0,46,0,0,0,0
34259,0,66,0,0,0,0
34260,0,67,0,0,0,0
34261,0,69,0,0,0,0
34262,0,23,0,0,4,0
34263,0,26,0,0,3,0
34264,0,10,0,0,0,0
34265,0,1,0,0,0,0
34266,0,0,0,0,0,0
34267,0,5,0,0,0,0
34268,0,73,0,0,0,0
34269,0,149,0,24,0,0
34270,0,168,0,40,0,0
34271,0,112,0,76,12,0
34272,0,22,0,142,19,0
34273,0,1,0,217,0,0
34274,0,0,0,267,36,0
34275,0,0,0,245,0,0
34276,0,56,0,120,1,0
34277,0,238,0,93,17,0
34278,0,381,0,15,6,0
34279,0,558,0,20,45,0
34280,0,495,0,13,2,0
34281,0,466,0,6,0,0
34282,0,506,0,0,0,0
34283,0,371,0,0,94,0
34284,0,226,0,5,35,0
34285,0,304,0,23,48,0
34286,0,369,0,32,110,0
34287,0,552,0,10,44,0
34288,0,608,0,2,4,0
34289,0,628,0,0,2,0
34290,0,671,0,0,0,0
34291,0,723,0,50,13,0
34292,0,596,0,8,0,0
34293,0,620,0,30,0,0
34294,0,573,0,52,5,0
34295,0,456,0,0,0,0
34296,0,341,0,0,0,0
34297,0,489,0,0,0,0
34298,0,545,0,0,0,0
34299,0,306,0,4,0,0
34300,0,412,0,0,6,0
34301,0,830,0,8,12,0
34302,0,991,0,0,2,0
34303,0,958,0,0,0,0
34304,0,1287,0,0,0,0
34305,0,1371,0,0,0,0
34306,0,1216,0,0,1,0
34307,0,1019,0,0,0,0
34308,0,998,0,0,0,0
34309,0,1419,0,0,0,0
34310,0,1437,0,11,0,0
34311,0,891,0,10,0,0
34312,0,360,0,10,0,0
34313,0,33,0,0,0,0
34314,0,196,0,25,0,0
34315,0,512,0,10,0,0
34316,0,236,0,2,39,0
34317,0,284,0,2,2,0
34318,0,141,0,6,0,0
34319,0,115,0,0,0,0
34320,0,141,0,0,0,0
34321,0,76,0,0,0,1
34322,4,77,0,0,1,0
34323,0,104,0,9,0,0
34324,2,125,0,0,0,0
34325,0,130,0,0,0,0
34326,2,121,0,0,0,0
34327,21,81,0,0,0,0
34328,14,48,0,0,0,0
34329,31,72,0,0,0,0
34330,26,7,0,0,0,0
34331,16,9,0,0,0,0
34332,10,7,0,0,0,0
34333,6,32,0,0,4,0
34334,0,32,0,0,2,0
34335,0,43,0,0,9,0
34336,0,17,0,0,5,0
34337,0,0,0,0,23,0
34338,0,0,0,0,0,0
34339,0,0,0,0,2,0
34340,0,0,0,0,2,0
34341,0,0,0,0,1,0
34342,0,0,0,0,0,0
34343,0,1,0,0,0,0
34344,0,0,0,0,0,0
34345,0,0,0,0,0,0
34346,0,0,0,0,0,0
34347,0,0,0,0,0,0
34348,0,0,0,0,0,0
34349,0,0,0,0,0,0
34350,0,0,0,0,0,0
34351,0,0,0,0,0,0
34352,0,0,0,0,0,0
34353,0,0,0,0,0,0
34354,0,0,0,0,0,0
34355,0,0,0,0,0,0
34356,0,0,0,0,0,0
34357,0,0,0,0,0,0
34358,0,0,0,0,0,0
34359,0,0,0,0,0,0
34360,0,0,0,0,0,0
34361,0,0,0,0,0,0
34362,0,0,0,0,0,0
34363,0,0,0,0,4,0
34364,0,0,0,0,6,5
34365,0,0,0,0,18,0
34366,0,0,0,0,38,0
34367,0,27,0,0,0,0
34368,0,244,0,0,0,0
34369,0,610,0,0,0,0
34370,0,1197,0,0,0,0
34371,17,1532,0,0,0,0
34372,30,1287,0,0,0,0
34373,7,860,0,0,0,0
34374,47,296,0,0,0,0
34375,82,308,0,0,0,0
34376,40,573,0,0,0,0
34377,16,998,0,0,0,0
34378,3,1273,0,0,0,0
34379,0,1488,0,0,0,0
34380,0,1535,7,0,0,0
34381,0,1528,92,0,0,0
34382,0,2012,150,0,0,0
34383,4,2203,9,0,0,0
34384,1,2070,58,0,0,0
34385,0,861,70,0,0,0
34386,0,171,29,0,0,0
34387,0,19,0,0,0,0
34388,0,382,95,0,0,0
34389,0,379,119,0,0,0
34390,0,18,51,0,0,0
34391,2,0,23,0,0,0
34392,0,128,62,0,0,0
34393,0,37,48,0,0,0
34394,0,0,20,0,0,0
34395,0,12,23,0,0,0
34396,0,8,44,0,5,0
34397,0,1,23,0,0,0
34398,0,20,0,49,0,0
34399,0,0,4,52,0,0
34400,0,9,2,20,0,0
34401,0,68,8,0,0,0
34402,0,367,92,0,0,0
34403,0,676,150,0,0,0
34404,0,943,153,0,0,0
34405,0,1132,133,0,4,0
34406,0,1188,99,0,6,0
34407,0,1188,42,0,5,0
34408,0,685,11,0,4,0
34409,0,443,0,0,0,0
34410,0,783,0,0,0,0
34411,0,708,1,6,0,0
34412,0,462,5,0,0,0
34413,0,462,18,0,0,0
34414,0,631,56,0,0,0
34415,0,509,49,0,0,0
34416,0,338,9,0,0,0
34417,0,238,24,0,0,0
34418,0,143,32,0,0,0
34419,0,194,17,0,0,0
34420,0,93,11,0,0,0
34421,0,62,8,0,0,0
34422,0,9,0,0,0,0
34423,0,0,0,2,0,0
34424,0,0,0,0,0,0
34425,0,1,0,0,0,0
34426,0,1,0,0,0,0
34427,0,28,1,0,0,0
34428,0,75,1,0,0,0
34429,0,136,33,0,0,0
34430,0,371,87,0,0,0
34431,0,210,87,0,0,0
34432,0,2,6,0,1,0
34433,0,9,28,0,0,0
34434,0,109,70,0,4,0
34435,0,66,83,0,0,0
34436,0,103,107,0,0,0
34437,0,116,62,0,8,0
34438,0,10,22,0,0,0
34439,0,0,2,0,55,0
34440,0,0,0,0,0,3
34441,0,92,0,10,0,0
34442,0,0,0,0,5,0
34443,0,0,0,0,2,0
34444,0,0,0,0,2,0
34445,0,0,0,1,0,3
34446,0,0,0,0,0,0
34447,0,0,0,0,0,0
34448,0,0,0,0,0,0
34449,0,0,0,0,0,0
34450,0,0,0,0,1,0
34451,0,0,0,0,0,0
34452,0,0,0,0,0,0
34453,0,0,0,0,1,0
34454,0,2,0,5,1,0
34455,0,17,0,22,12,0
34456,0,6,5,11,28,0
34457,0,0,0,7,5,0
34458,0,0,4,17,0,0
34459,0,3,28,19,0,0
34460,0,56,59,29,2,3
34461,0,128,169,54,3,1
34462,0,323,231,76,4,15
34463,0,523,220,78,0,0
34464,0,542,101,78,0,0
34465,0,424,25,31,1,0
34466,0,254,2,26,126,82
34467,0,168,0,9,164,52
34468,0,150,21,57,380,41
34469,0,158,14,71,391,30
34470,0,200,1,40,567,12
34471,0,149,0,53,385,7
34472,0,108,0,98,436,0
34473,0,126,0,49,225,0
34474,0,91,0,18,209,0
34475,0,0,0,5,142,10
34476,0,0,0,0,178,0
34477,0,0,0,10,71,2
34478,0,0,0,107,212,7
34479,0,0,0,79,55,0
34480,0,0,0,128,199,0
34481,0,0,0,97,156,0
34482,0,0,0,31,0,0
34483,0,6,0,72,1,0
34484,0,123,0,86,525,0
34485,0,429,7,94,1914,17
34486,0,703,84,246,1865,97
34487,0,687,147,204,1306,28
34488,0,608,211,213,1173,0
34489,0,448,154,302,999,0
34490,0,146,53,410,1091,0
34491,0,213,44,498,1455,0
34492,0,288,11,446,1726,0
34493,0,329,18,260,2054,0
34494,0,454,31,64,2533,0
34495,0,611,74,10,2535,0
34496,0,555,65,29,2851,0
34497,0,330,0,37,2946,0
34498,0,181,0,18,3084,0
34499,0,342,0,20,2907,0
34500,0,466,0,0,1655,0
34501,0,11,0,2,1075,0
34502,0,474,7,9,2033,0
34503,0,344,0,11,3181,0
34504,0,315,4,21,3805,0
34505,0,408,24,10,4284,0
34506,0,489,42,44,4544,0
34507,0,432,37,61,4424,0
34508,0,235,15,65,5025,0
34509,0,73,0,77,5183,0
34510,0,78,4,135,4201,0
34511,0,138,0,210,1423,0
34512,0,166,0,136,886,0
34513,0,3,0,33,439,0
34514,0,0,0,100,590,0
34515,0,5,0,144,217,0
34516,0,17,0,40,81,0
34517,0,2,0,29,45,0
34518,0,0,0,17,7,0
34519,0,0,0,44,3,2
34520,0,0,0,18,0,0
34521,0,0,0,0,0,0
34522,0,0,0,4,0,10
34523,0,0,0,80,45,0
34524,0,26,0,3,0,0
34525,0,77,0,27,30,0
34526,0,87,0,46,0,0
34527,0,95,0,31,8,14
34528,0,171,0,24,0,0
34529,0,82,0,65,73,0
34530,0,97,0,24,3,2
34531,0,102,0,54,207,0
34532,0,72,0,0,1,3
34533,0,16,0,0,6,0
34534,0,22,0,4,2,0
34535,0,0,0,5,12,0
34536,0,83,0,0,4,0
34537,0,109,0,0,1,0
34538,0,26,0,0,0,0
34539,0,47,0,0,29,0
34540,0,87,0,0,12,0
34541,0,168,0,7,28,0
34542,3,96,0,0,233,1
34543,0,78,0,28,388,0
34544,16,42,0,55,663,0
34545,4,19,0,0,546,0
34546,22,0,0,49,203,2
34547,23,0,0,233,281,0
34548,12,0,0,93,399,0
34549,5,0,0,106,344,0
34550,6,0,0,89,336,32
34551,0,0,0,107,267,1
34552,0,0,0,53,232,0
34553,0,0,0,94,328,0
34554,0,0,0,148,475,14
34555,0,0,0,158,929,0
34556,0,0,0,63,877,0
34557,0,0,0,8,646,0
34558,0,0,0,0,378,2
34559,0,0,0,64,247,0
34560,0,0,0,0,38,0
34561,0,0,0,8,39,0
34562,0,0,0,46,226,1
34563,0,0,0,59,551,0
34564,0,0,0,82,1214,0
34565,0,0,0,21,1500,0
34566,0,0,0,24,1717,0
34567,0,0,0,0,2097,0
34568,0,0,0,2,2708,0
34569,0,0,0,0,2419,12
34570,0,0,0,0,2542,0
34571,0,0,0,15,2115,0
34572,3,0,3,63,2473,33
34573,16,0,0,109,2284,0
34574,0,0,0,61,2334,0
34575,7,0,0,20,2434,0
34576,0,0,0,2,3261,0
34577,0,0,0,0,2933,0
34578,10,0,0,0,2558,0
34579,2,0,0,2,2181,0
34580,10,0,0,0,2804,0
34581,0,0,0,0,3028,0
34582,0,0,0,0,3178,0
34583,0,0,0,0,2997,0
34584,0,0,0,12,2606,0
34585,0,0,0,4,2397,0
34586,0,0,0,30,3122,0
34587,0,0,0,20,3591,97
34588,0,0,0,48,3559,128
34589,0,0,0,75,4157,0
34590,0,0,0,141,4431,0
34591,0,0,0,158,4838,0
34592,0,0,0,144,5011,0
34593,0,0,0,112,4897,0
34594,0,0,0,76,4480,0
34595,0,0,0,34,4415,0
34596,0,0,0,36,3988,0
34597,0,0,0,18,3325,0
34598,0,0,0,34,2894,0
34599,0,0,0,0,2229,0
34600,0,0,0,0,1914,0
34601,0,0,0,0,1676,0
34602,0,0,0,0,915,0
34603,0,0,0,0,364,0
34604,0,0,0,0,371,0
34605,0,0,0,0,602,0
34606,0,0,0,0,1119,0
34607,0,0,0,0,1690,0
34608,0,0,0,0,2170,0
34609,0,0,0,1,2640,0
34610,0,0,0,18,3049,0
34611,0,0,0,40,3134,0
34612,0,0,0,26,3266,0
34613,0,0,0,47,3208,0
34614,0,0,0,0,3573,0
34615,0,0,0,10,3964,0
34616,0,0,0,28,4491,0
34617,0,0,0,5,4491,0
34618,0,0,0,0,4418,0
34619,0,0,0,4,4164,0
34620,0,0,0,2,4102,0
34621,0,0,0,4,4512,0
34622,0,0,0,6,4618,0
34623,0,0,0,41,4175,0
34624,0,0,0,67,3589,0
34625,0,0,0,88,2164,0
34626,0,0,0,84,726,0
34627,0,0,0,75,889,0
34628,0,0,0,40,2114,0
34629,0,0,0,103,3366,0
34630,0,0,0,236,3864,0
34631,0,0,0,304,3909,0
34632,0,0,0,366,4029,0
34633,0,0,0,747,3158,0
34634,0,0,0,915,2701,0
34635,0,0,0,467,3630,132
34636,0,0,0,378,4862,266
34637,0,0,0,319,5566,11
34638,0,0,0,149,4505,14
34639,0,0,0,163,3264,163
34640,0,0,0,191,1978,33
34641,0,0,0,142,1152,0
34642,0,0,0,79,308,0
34643,0,0,0,41,69,0
34644,0,0,0,69,0,4
34645,0,0,0,48,0,0
34646,0,0,0,62,28,0
34647,0,0,0,23,0,0
34648,0,0,0,18,0,0
34649,0,0,0,1,8,0
34650,0,0,0,0,0,0
34651,0,0,0,0,0,0
34652,0,0,0,0,0,0
34653,0,0,0,0,0,0
34654,0,0,0,0,0,0
34655,0,0,0,0,0,0
34656,0,0,0,0,0,0
34657,0,0,0,0,23,1
34658,0,0,0,0,19,0
34659,0,0,0,0,0,0
34660,0,0,0,7,6,0
34661,0,0,0,0,34,0
34662,0,0,0,5,41,0
34663,0,0,0,4,28,1
34664,0,0,0,6,144,0
34665,0,0,0,5,683,0
34666,0,0,0,85,1795,0
34667,0,0,0,128,1765,0
34668,0,0,0,146,2991,0
34669,0,0,0,142,4601,34
34670,0,0,0,33,5137,15
34671,0,0,0,134,5004,0
34672,0,0,0,37,4812,0
34673,0,0,0,19,4666,0
34674,0,0,0,1,4706,0
34675,0,0,0,2,3255,0
34676,0,0,0,0,1676,0
34677,0,0,0,0,789,0
34678,0,0,0,0,540,0
34679,0,0,0,0,921,0
34680,0,0,0,0,1240,0
34681,0,0,0,0,1496,0
34682,0,0,0,0,2171,0
34683,0,0,0,0,2798,0
34684,0,0,0,0,3354,0
34685,0,0,0,0,3481,0
34686,0,0,0,36,3225,0
34687,0,0,0,84,2730,0
34688,0,0,0,79,2114,0
34689,0,0,0,42,1060,0
34690,0,0,0,3,1162,0
34691,0,0,0,0,3228,4
34692,0,0,0,0,5736,0
34693,0,0,0,3,7218,6
34694,0,0,0,3,7838,0
34695,0,0,0,55,7936,0
34696,0,0,0,306,7692,0
34697,0,0,0,358,7197,3
34698,0,0,0,240,6509,0
34699,0,0,0,111,4985,0
34700,0,0,0,26,3256,0
34701,0,0,0,0,2309,0
34702,0,0,0,25,1589,0
34703,0,0,0,87,1323,0
34704,0,0,0,191,1661,0
34705,0,0,0,172,2156,0
34706,0,0,0,83,1981,0
34707,0,0,0,96,536,0
34708,0,0,0,136,172,0
34709,0,0,0,95,65,0
34710,0,0,0,53,66,0
34711,0,0,0,27,5,0
34712,0,0,0,116,0,0
34713,0,0,0,143,0,0
34714,0,0,0,10,13,0
34715,0,0,0,23,60,0
34716,0,0,0,0,13,0
34717,0,0,0,2,0,0
34718,0,0,0,0,0,0
34719,0,0,0,0,0,0
34720,0,0,0,1,0,0
34721,0,0,0,0,0,0
34722,0,0,0,37,0,0
34723,0,0,0,0,0,0
34724,0,0,0,0,0,0
34725,0,0,0,0,0,0
34726,0,0,0,17,6,0
34727,0,0,0,28,0,0
34728,0,0,0,29,0,0
34729,0,0,0,14,0,0
34730,0,0,0,25,0,0
34731,0,0,0,5,0,0
34732,0,0,0,0,0,0
34733,0,0,0,0,0,0
34734,0,0,0,0,1,0
34735,0,0,0,15,4,0
34736,0,0,0,0,40,0
34737,0,0,0,0,20,0
34738,0,0,0,0,21,0
34739,0,0,0,17,11,0
34740,0,0,0,13,106,0
34741,0,0,0,15,150,170
34742,0,0,0,0,324,30
34743,0,0,0,6,274,0
34744,0,0,0,11,314,0
34745,0,0,0,0,489,15
34746,0,0,0,0,619,28
34747,0,0,0,15,1046,9
34748,0,0,0,90,1212,2
34749,0,0,0,90,1200,0
34750,0,0,0,84,1084,0
34751,0,0,0,26,638,0
34752,0,0,0,2,19,0
34753,0,0,0,6,18,0
34754,0,0,0,34,17,0
34755,0,0,0,88,1,0
34756,0,0,0,226,71,0
34757,0,0,0,343,10,1
34758,0,0,0,479,12,0
34759,0,0,0,651,3,0
34760,0,0,0,572,2,0
34761,0,0,0,506,46,0
34762,0,0,0,426,134,0
34763,0,0,0,382,477,0
34764,0,0,0,311,196,0
34765,0,0,0,90,4,0
34766,0,0,0,4,0,0
34767,0,0,0,33,6,0
34768,0,0,0,133,189,0
34769,0,0,0,132,215,0
34770,0,0,0,29,121,0
34771,0,0,0,7,128,0
34772,0,0,0,0,29,0
34773,0,0,0,0,0,0
34774,0,0,0,0,0,0
34775,0,0,0,17,0,0
34776,0,0,0,66,0,0
34777,0,0,0,67,21,0
34778,0,0,0,43,268,0
34779,0,0,0,56,993,0
34780,0,0,0,16,1865,0
34781,0,0,0,38,2389,1
34782,0,0,0,14,2650,0
34783,0,0,0,0,3074,0
34784,0,0,0,2,3680,0
34785,0,0,0,48,2365,0
34786,0,0,0,168,1351,0
34787,0,0,0,144,743,0
34788,0,0,0,20,1826,0
34789,0,0,0,75,2694,0
34790,0,0,0,14,2609,0
34791,0,0,0,22,1513,0
34792,0,0,0,275,568,0
34793,0,0,0,178,1054,0
34794,0,0,0,46,1713,0
34795,0,0,0,0,2233,0
34796,0,0,0,119,2403,0
34797,11,0,0,78,1290,0
34798,17,0,0,13,1169,0
34799,54,0,0,0,1140,6
34800,27,0,0,0,17,0
34801,51,0,0,19,95,0
34802,50,0,0,109,1141,0
34803,38,0,0,359,1211,0
34804,20,0,0,428,972,0
34805,27,0,0,302,1186,0
34806,12,0,0,314,1356,0
34807,0,0,0,320,1607,0
34808,0,0,0,388,2430,0
34809,0,0,0,422,2805,0
34810,0,0,0,328,2647,0
34811,0,0,0,171,1999,0
34812,0,0,0,87,1854,0
34813,0,0,0,41,2139,0
34814,0,0,0,0,2014,20
34815,8,0,0,1,1687,0
34816,17,0,0,0,1136,0
34817,17,0,0,0,642,0
34818,19,0,0,0,530,0
34819,38,0,0,43,616,0
34820,35,0,0,36,689,0
34821,39,0,0,4,480,0
34822,30,0,0,0,10,0
34823,16,0,0,0,216,0
34824,6,0,0,21,528,0
34825,2,0,0,40,1466,0
34826,4,0,0,106,2701,0
34827,0,0,0,0,3250,0
34828,0,0,0,22,5152,0
34829,0,0,0,34,8335,59
34830,0,0,0,78,9421,63
34831,0,0,0,177,11091,23
34832,0,0,0,327,12440,8
34833,0,0,0,466,13060,0
34834,0,0,0,702,11416,0
34835,0,0,0,929,8187,0
34836,0,0,0,919,2682,0
34837,0,0,0,1074,2868,0
34838,0,0,0,962,7921,0
34839,0,0,0,930,10759,0
34840,0,0,0,849,12944,0
34841,0,0,0,813,14868,2
34842,0,0,0,547,14173,46
34843,0,0,0,621,10735,50
34844,0,4,0,561,5210,0
34845,0,67,0,262,3137,0
34846,0,99,0,256,4845,18
34847,0,127,0,498,5652,4
34848,0,47,0,453,5595,10
34849,0,0,0,558,4694,9
34850,0,0,0,578,5245,17
34851,0,0,0,646,5348,0
34852,0,0,0,619,5145,0
34853,0,0,0,648,3152,31
34854,0,0,0,577,1410,0
34855,0,0,0,434,1392,0
34856,0,0,0,206,1168,6
34857,0,0,0,166,514,0
34858,0,0,0,22,161,0
34859,0,0,0,35,210,0
34860,0,0,0,3,110,0
34861,0,0,0,22,21,0
34862,0,0,0,67,0,0
34863,0,0,0,60,0,0
34864,0,0,0,28,4,0
34865,0,0,0,26,0,11
34866,0,0,0,21,0,0
34867,0,0,0,1,0,0
34868,0,0,0,2,1,0
34869,0,0,0,0,2,6
34870,0,0,0,0,5,0
34871,0,0,0,0,22,31
34872,0,1,0,0,65,68
34873,0,0,0,0,0,0
34874,0,0,0,0,1,0
34875,0,0,0,0,0,5
34876,0,0,0,0,12,11
34877,0,0,0,30,3,0
34878,0,0,0,0,0,4
34879,0,0,0,0,0,0
34880,0,0,0,3,0,0
34881,0,0,0,0,1,0
34882,0,0,0,0,0,0
34883,0,0,0,0,0,0
34884,0,0,0,0,4,0
34885,0,0,0,2,0,0
34886,0,0,0,0,0,0
34887,0,0,0,0,0,0
34888,0,0,0,0,1,0
34889,0,0,0,0,71,0
34890,0,0,0,0,21,0
34891,0,0,0,9,25,0
34892,0,0,0,1,9,0
34893,0,0,0,0,0,0
34894,0,0,0,0,3,0
34895,0,0,0,0,7,0
34896,0,0,0,0,4,0
34897,0,0,0,0,20,0
34898,0,0,0,5,114,0
34899,0,0,0,1,16,0
34900,0,0,0,6,20,0
34901,0,0,0,0,71,0
34902,0,0,0,0,2,0
34903,0,0,0,0,4,0
34904,0,0,0,0,3,0
34905,0,0,0,0,0,0
34906,0,0,0,0,2,0
34907,0,0,0,0,0,0
34908,0,0,0,0,0,0
34909,0,0,0,0,0,0
34910,0,0,0,0,0,0
34911,0,0,0,0,0,0
34912,0,0,0,0,1,0
34913,0,0,0,0,0,0
34914,0,0,0,0,0,0
34915,0,0,0,0,0,0
34916,0,0,0,0,0,0
34917,0,0,0,0,0,0
34918,0,0,0,0,0,0
34919,0,0,0,0,0,0
34920,0,0,0,0,0,0
34921,0,0,0,0,0,0
34922,0,0,0,0,0,0
34923,0,0,0,0,0,0
34924,0,0,0,0,0,0
34925,0,0,0,0,0,0
34926,0,0,0,0,0,0
34927,0,0,0,0,0,0
34928,0,0,0,0,0,0
34929,0,0,0,0,0,0
34930,0,0,0,0,0,0
34931,0,0,0,0,0,0
34932,0,0,0,0,0,0
34933,0,0,0,0,0,0
34934,0,0,0,0,0,0
34935,0,0,0,0,0,0
34936,0,0,0,0,0,0
34937,0,0,0,0,0,0
34938,0,0,0,0,0,0
34939,0,0,0,0,0,0
34940,0,0,0,0,0,0
34941,0,0,0,0,0,0
34942,0,0,0,0,0,0
34943,0,0,0,0,0,0
34944,0,0,0,0,0,0
34945,0,0,0,0,0,0
34946,0,0,0,0,0,0
34947,0,0,0,0,0,0
34948,0,0,0,0,0,0
34949,0,0,0,0,2,0
34950,0,0,0,0,0,0
34951,0,0,0,0,0,0
34952,0,0,0,0,4,0
34953,0,0,0,0,5,0
34954,0,0,0,0,0,0
34955,0,0,0,0,5,0
34956,0,0,0,0,4,0
34957,0,0,0,0,2,0
34958,0,0,0,0,14,0
34959,0,0,0,0,0,0
34960,0,0,0,0,0,0
34961,0,0,0,0,0,0
34962,0,0,0,0,0,0
34963,0,0,0,0,0,0
34964,0,0,0,0,0,0
34965,0,0,0,0,0,0
34966,0,0,0,0,0,0
34967,0,0,0,0,0,0
34968,0,0,0,0,0,1
34969,0,0,0,36,0,0
34970,0,0,0,5,0,0
34971,0,0,0,0,0,0
34972,0,0,0,0,0,0
34973,0,0,0,0,0,0
34974,0,0,0,0,0,0
34975,0,0,0,0,0,0
34976,0,0,0,0,0,0
34977,0,0,0,0,0,0
34978,0,0,0,0,0,0
34979,0,0,0,0,0,0
34980,0,0,0,0,0,0
34981,0,0,0,0,3,0
34982,0,0,0,0,2,2
34983,0,0,0,0,1,0
34984,0,0,0,0,0,0
34985,0,0,0,0,0,0
34986,0,0,0,0,7,5
34987,0,0,0,0,22,0
34988,0,0,0,3,67,0
34989,0,0,0,0,55,0
34990,0,0,0,0,6,0
34991,0,0,0,0,0,0
34992,0,0,0,0,8,0
34993,0,0,0,0,0,0
34994,0,0,0,0,0,0
34995,0,0,0,0,0,0
34996,0,0,0,0,21,0
34997,0,0,0,0,5,0
34998,0,0,0,3,1,3
34999,0,0,0,0,0,0
35000,0,0,0,0,0,0
35001,0,0,0,0,0,0
35002,0,0,0,0,0,0
35003,0,0,0,0,0,0
35004,0,0,0,0,0,0
35005,0,0,0,0,0,0
35006,0,0,0,0,0,0
35007,0,0,0,0,1,0
35008,0,0,0,0,0,0
35009,0,0,0,0,0,0
35010,0,0,0,4,0,0
35011,0,0,0,2,8,0
35012,0,0,0,2,0,0
35013,0,0,0,0,0,0
35014,0,0,0,0,0,0
35015,0,0,0,0,0,0
35016,0,0,0,0,0,0
35017,0,0,0,0,0,0
35018,0,0,0,0,0,0
35019,0,0,0,0,0,0
35020,0,0,0,1,0,0
35021,0,0,0,0,0,0
35022,0,0,0,18,0,0
35023,0,0,0,47,1,0
35024,0,0,0,64,5,0
35025,0,0,0,57,0,0
35026,0,0,0,36,3,0
35027,0,0,0,76,80,0
35028,0,0,0,119,10,0
35029,0,0,0,100,3,0
35030,0,0,0,91,4,0
35031,0,0,0,52,0,0
35032,0,0,0,22,1,0
35033,0,0,0,72,134,0
35034,0,0,0,116,180,0
35035,0,0,0,138,200,0
35036,0,0,0,50,225,0
35037,0,0,0,9,132,0
35038,0,0,0,23,164,0
35039,0,0,0,0,214,0
35040,0,0,0,0,103,0
35041,0,0,0,22,270,0
35042,0,0,0,57,391,0
35043,0,0,0,27,507,0
35044,0,0,0,15,613,0
35045,0,0,0,27,354,0
35046,0,0,0,8,412,0
35047,0,0,0,46,336,0
35048,0,0,0,19,336,0
35049,0,0,0,2,365,0
35050,0,0,0,2,293,0
35051,0,0,0,19,450,0
35052,0,0,0,22,900,0
35053,0,0,0,96,2761,0
35054,0,0,0,77,4639,0
35055,0,0,0,138,7736,13
35056,0,0,0,206,9573,45
35057,0,0,0,280,12450,0
35058,0,0,0,368,15356,0
35059,0,0,0,379,16445,0
35060,0,0,0,236,17234,0
35061,0,0,0,160,17181,0
35062,0,0,0,482,16403,0
35063,0,0,0,1489,14372,0
35064,0,0,0,2657,12907,0
35065,0,0,0,3326,11838,3
35066,0,0,0,3930,11127,0
35067,0,0,0,4376,9894,0
35068,0,0,0,4215,8845,0
35069,0,0,0,3451,6639,0
35070,0,0,0,2566,4941,0
35071,0,0,0,1632,3420,0
35072,0,0,0,978,2240,0
35073,0,0,0,104,863,0
35074,0,0,0,26,176,0
35075,0,0,0,44,62,0
35076,0,0,0,143,124,0
35077,0,0,0,95,46,0
35078,0,0,0,167,68,0
35079,0,0,0,254,597,0
35080,0,0,0,83,391,0
35081,0,0,0,130,471,0
35082,0,0,0,69,478,0
35083,0,0,0,422,936,0
35084,0,0,0,692,1267,0
35085,0,0,0,714,1661,0
35086,0,0,0,610,1032,1
35087,0,0,0,202,289,0
35088,0,0,0,7,30,0
35089,0,0,0,178,483,1
35090,0,0,0,479,1244,0
35091,0,0,0,225,1174,0
35092,0,0,0,634,925,0
35093,0,0,0,339,372,0
35094,0,0,0,27,119,0
35095,0,0,0,445,313,0
35096,0,0,0,836,1129,0
35097,0,0,0,1362,2286,0
35098,0,0,0,1414,2733,0
35099,0,0,0,1415,3141,0
35100,0,0,0,1316,3082,0
35101,0,0,0,1759,3999,0
35102,0,0,0,2289,5409,0
35103,0,0,0,2570,7866,9
35104,0,0,0,2584,9061,22
35105,0,0,0,2718,10264,112
35106,0,0,0,3490,11292,0
35107,0,0,0,3912,13113,7
35108,0,0,0,3942,14130,0
35109,0,0,0,3254,14348,0
35110,0,0,0,2861,14350,0
35111,0,0,0,1811,14969,0
35112,0,0,0,1060,15393,0
35113,0,0,0,859,14779,0
35114,0,0,0,570,13792,0
35115,0,0,0,128,12765,3
35116,0,0,0,177,10729,17
35117,0,0,0,2,9347,52
35118,0,0,0,53,8635,32
35119,0,0,0,0,8780,171
35120,0,0,0,2,8995,668
35121,0,0,0,15,7947,668
35122,0,0,0,0,6914,224
35123,0,0,0,114,6327,92
35124,0,0,0,153,4613,122
35125,0,0,0,181,3426,72
35126,0,0,0,83,2440,120
35127,0,0,0,191,3462,605
35128,0,0,0,36,4103,586
35129,0,0,0,67,5664,598
35130,0,0,0,193,6590,502
35131,0,0,0,84,7637,986
35132,0,0,0,147,8215,897
35133,0,0,0,146,8202,302
35134,0,0,0,447,8568,65
35135,0,0,0,105,8226,161
35136,0,0,0,16,7430,730
35137,0,0,0,103,3600,1126
35138,0,0,0,8,1455,424
35139,0,0,0,16,784,392
35140,0,0,0,70,614,485
35141,0,0,0,135,1110,169
35142,0,0,0,155,887,8
35143,0,0,0,185,741,35
35144,0,0,0,241,669,72
35145,0,0,0,287,391,3
35146,0,0,0,233,82,4
35147,0,0,0,29,41,1
35148,0,0,0,0,0,0
35149,0,0,0,47,4,0
35150,0,0,0,45,204,287
35151,0,0,0,43,305,364
35152,0,0,0,20,71,2
35153,0,0,0,16,491,0
35154,0,0,0,4,904,0
35155,0,0,0,58,1392,0
35156,0,0,0,39,1861,0
35157,0,0,0,127,2276,0
35158,0,0,0,115,2829,0
35159,0,0,0,75,2911,0
35160,0,0,0,136,2895,0
35161,0,0,0,126,3052,0
35162,0,0,0,117,3034,0
35163,0,0,0,34,3159,0
35164,0,0,0,0,3299,0
35165,0,0,0,0,3531,0
35166,0,0,0,0,3395,0
35167,0,0,0,0,4511,0
35168,0,0,0,0,4211,0
35169,0,0,0,0,3457,0
35170,0,0,0,2,2572,0
35171,0,0,0,0,2196,0
35172,0,0,0,0,1754,0
35173,0,0,0,0,1505,1
35174,0,0,0,14,1880,0
35175,0,0,0,0,2212,41
35176,0,0,0,0,2684,75
35177,0,0,0,0,3265,0
35178,0,0,0,0,3698,0
35179,0,0,0,0,4337,0
35180,0,0,0,0,4581,0
35181,0,0,0,0,4406,0
35182,0,0,0,0,3689,0
35183,0,0,0,0,3569,0
35184,0,0,0,9,2731,34
35185,0,0,0,16,1480,47
35186,0,0,0,4,472,0
35187,0,0,0,4,1384,0
35188,0,0,0,28,2473,0
35189,0,0,0,37,2997,6
35190,0,0,0,29,3056,0
35191,0,0,0,14,3243,0
35192,0,0,0,65,2566,0
35193,0,0,0,102,2632,0
35194,0,0,0,8,2959,0
35195,0,0,0,12,3171,0
35196,0,0,0,46,3189,0
35197,0,0,0,99,3033,0
35198,0,0,0,513,3464,0
35199,0,0,0,873,3972,0
35200,0,0,0,781,4359,0
35201,0,0,0,473,4883,0
35202,0,0,0,198,4981,0
35203,0,0,0,164,5228,19
35204,0,0,0,186,4684,0
35205,0,0,0,329,2235,0
35206,0,0,0,253,352,0
35207,0,0,0,163,367,0
35208,0,0,0,128,309,0
35209,0,0,0,170,409,0
35210,0,0,0,79,392,0
35211,0,0,0,123,219,0
35212,0,0,0,31,0,0
35213,0,0,0,16,0,0
35214,0,0,0,52,2,0
35215,0,0,0,49,71,0
35216,0,0,0,0,102,0
35217,0,0,0,0,71,0
35218,0,0,0,47,3,0
35219,0,0,0,67,131,0
35220,0,0,0,18,45,0
35221,0,0,0,0,204,4
35222,0,0,0,1,27,1
35223,0,0,0,4,32,0
35224,0,0,0,45,0,0
35225,0,0,0,13,4,0
35226,0,0,0,0,0,0
35227,0,0,0,18,1,0
35228,0,0,0,10,5,0
35229,0,0,0,43,38,0
35230,0,0,0,0,0,0
35231,0,0,0,44,7,0
35232,0,0,0,95,170,0
35233,0,0,0,69,133,0
35234,0,0,0,186,292,0
35235,0,0,0,0,28,0
35236,0,0,0,15,7,21
35237,0,0,0,52,45,0
35238,0,0,0,112,21,0
35239,0,0,0,216,109,0
35240,0,0,0,62,37,0
35241,0,0,0,128,218,0
35242,0,0,0,5,1,0
35243,0,0,0,42,5,0
35244,0,0,0,0,0,0
35245,0,0,0,0,2,0
35246,0,0,0,15,10,0
35247,0,0,0,64,0,0
35248,0,0,0,58,1,0
35249,0,0,0,3,7,0
35250,0,0,0,0,0,0
35251,0,0,0,0,7,0
35252,0,0,0,0,57,0
35253,0,0,0,0,217,0
35254,0,0,0,2,313,1
35255,0,0,0,13,204,0
35256,0,0,0,38,118,0
35257,0,0,0,14,195,0
35258,0,0,0,2,729,0
35259,0,0,0,26,2129,0
35260,0,0,0,142,2657,0
35261,0,0,0,310,2189,0
35262,0,0,0,459,1843,0
35263,0,0,0,705,1857,0
35264,0,0,0,691,2255,0
35265,0,0,0,625,2665,0
35266,0,0,0,472,3319,4
35267,0,0,0,369,2289,0
35268,0,0,0,328,1437,0
35269,0,0,0,350,918,0
35270,0,0,0,278,1110,0
35271,0,0,0,278,1523,0
35272,0,0,0,497,1102,0
35273,0,0,0,731,1371,0
35274,0,0,0,741,1768,0
35275,0,0,0,777,2217,0
35276,0,0,0,765,1995,0
35277,0,0,0,400,1895,0
35278,0,0,0,351,2171,0
35279,0,0,0,210,2281,3
35280,0,0,0,142,2603,0
35281,0,0,0,71,2371,0
35282,0,0,0,73,1795,0
35283,0,0,0,21,1765,0
35284,0,0,0,13,2311,0
35285,0,0,0,1,3622,0
35286,0,0,0,0,5223,0
35287,0,0,0,3,5630,0
35288,0,0,0,0,4795,0
35289,0,0,0,0,3085,0
35290,0,0,0,14,2335,0
35291,0,0,0,32,1788,0
35292,0,0,0,5,1617,0
35293,0,0,0,28,1988,4
35294,0,0,0,0,2129,0
35295,0,0,0,4,2654,0
35296,0,0,0,2,4050,2
35297,0,0,0,0,4163,0
35298,0,0,0,1,4841,5
35299,0,0,0,0,4715,0
35300,0,0,0,6,4994,1
35301,0,0,0,11,4132,0
35302,0,0,0,121,3886,0
35303,0,0,0,301,2002,0
35304,0,0,0,253,1690,0
35305,0,0,0,41,4056,0
35306,0,0,0,90,6229,0
35307,0,0,0,2,4485,0
35308,0,0,0,172,643,0
35309,0,0,0,4,1624,0
35310,0,0,0,5,2804,4
35311,0,0,0,108,1545,2
35312,0,0,0,211,1207,0
35313,0,0,0,290,1344,0
35314,0,0,0,17,1201,0
35315,0,0,0,40,1227,0
35316,0,0,0,83,1510,0
35317,0,0,2,0,1079,0
35318,0,0,0,62,886,0
35319,0,0,0,24,319,0
35320,0,0,0,5,245,0
35321,0,0,0,31,276,0
35322,0,0,0,0,505,0
35323,0,0,0,0,1223,0
35324,0,0,0,70,2846,0
35325,0,0,0,42,2821,0
35326,0,0,0,36,2417,0
35327,0,0,0,45,806,0
35328,0,0,0,388,613,0
35329,0,0,0,670,1944,0
35330,0,0,0,437,2373,0
35331,0,0,0,101,1470,0
35332,0,0,0,71,557,0
35333,0,0,0,90,691,0
35334,0,0,0,85,1356,0
35335,0,0,0,50,3399,0
35336,0,0,0,65,4955,0
35337,0,0,0,71,6094,0
35338,0,0,0,8,6261,0
35339,0,0,0,1,6307,0
35340,0,0,0,42,6597,0
35341,0,0,0,53,7103,0
35342,0,0,0,49,6471,0
35343,0,0,0,41,6037,0
35344,0,0,0,55,5167,0
35345,0,0,0,32,4881,8
35346,0,0,0,4,3850,2
35347,0,0,0,7,2307,0
35348,0,0,0,57,1331,0
35349,0,0,0,130,1191,11
35350,0,0,0,2,1135,0
35351,0,0,0,0,1266,0
35352,0,0,0,8,1811,0
35353,0,0,0,0,2396,0
35354,0,0,0,0,2269,0
35355,0,0,0,75,2907,0
35356,0,0,0,210,4339,0
35357,0,0,0,81,6471,2
35358,0,0,0,60,8568,37
35359,0,0,0,177,10880,108
35360,0,0,0,279,11570,111
35361,0,0,0,119,11650,85
35362,0,0,0,27,11444,38
35363,0,0,0,186,8376,0
35364,0,0,0,395,5488,0
35365,0,0,0,470,7588,0
35366,0,0,0,635,10356,0
35367,0,0,0,434,10502,0
35368,0,0,0,297,9943,0
35369,0,0,0,140,8642,1
35370,0,0,0,20,7428,46
35371,0,0,0,33,6752,70
35372,0,0,0,366,5543,58
35373,0,0,0,737,4318,0
35374,0,0,0,1031,3965,0
35375,0,0,0,1145,6429,3
35376,0,0,0,974,8128,0
35377,0,0,0,579,9383,3
35378,0,0,0,197,10143,13
35379,0,0,0,10,11224,34
35380,0,0,0,0,11834,31
35381,0,0,0,159,10905,2
35382,0,0,0,231,9864,2
35383,0,0,0,240,7371,2
35384,0,0,0,241,4686,0
35385,0,0,0,253,6433,0
35386,0,0,0,135,8867,0
35387,0,0,0,64,9951,0
35388,0,0,0,22,9945,0
35389,0,0,0,6,9157,0
35390,0,0,0,191,8841,3
35391,0,0,0,151,7762,63
35392,0,0,0,308,6247,44
35393,0,0,0,124,5621,96
35394,0,0,0,103,3153,0
35395,0,0,0,0,4319,0
35396,0,0,0,4,6909,2
35397,0,0,0,175,8121,7
35398,0,0,0,206,8129,22
35399,0,0,0,259,7125,24
35400,0,0,0,255,4084,6
35401,0,0,0,317,2711,10
35402,0,0,0,179,6026,0
35403,0,0,0,209,8069,2
35404,0,0,0,145,8028,0
35405,0,0,0,34,8079,98
35406,0,0,0,7,6358,76
35407,0,0,0,0,5581,103
35408,0,0,0,0,4461,97
35409,0,0,0,1,3490,2
35410,0,0,0,0,1076,0
35411,0,0,0,109,720,0
35412,0,0,0,13,147,0
35413,0,0,0,77,502,0
35414,0,0,0,78,342,0
35415,0,0,0,32,454,0
35416,0,0,0,104,323,1
35417,0,0,0,17,213,0
35418,0,0,0,13,72,1
35419,0,0,0,10,56,0
35420,0,0,0,2,48,0
35421,0,0,0,43,4,0
35422,0,0,0,59,0,0
35423,1,0,0,3,0,0
35424,0,0,0,0,0,0
35425,0,0,0,0,0,0
35426,0,0,0,0,0,0
35427,0,0,0,0,0,0
35428,0,0,0,0,0,0
35429,0,0,0,0,0,13
35430,2,0,0,0,0,17
35431,1,0,0,0,89,0
35432,0,0,0,1,729,0
35433,2,0,0,107,1654,1
35434,0,0,0,218,2588,0
35435,0,0,0,213,2710,4
35436,0,0,0,195,2199,0
35437,0,0,0,149,1126,0
35438,0,0,0,200,611,0
35439,2,0,0,150,380,0
35440,0,0,0,192,676,0
35441,0,0,0,113,1711,0
35442,0,0,0,72,1773,0
35443,0,0,0,12,1049,0
35444,0,0,0,119,33,0
35445,0,0,0,34,863,0
35446,0,0,0,4,1761,0
35447,0,0,0,150,975,0
35448,0,0,0,182,268,0
35449,0,0,0,188,264,0
35450,0,0,0,300,262,0
35451,0,0,0,348,787,0
35452,0,0,0,258,1345,0
35453,0,0,0,129,2010,0
35454,0,0,0,82,2067,0
35455,0,0,0,101,1401,2
35456,0,0,0,136,580,0
35457,0,0,0,234,193,0
35458,0,0,0,500,466,0
35459,0,0,0,551,776,0
35460,0,0,0,455,495,0
35461,0,0,0,457,363,1
35462,0,0,0,267,162,0
35463,0,0,0,145,4,0
35464,0,0,0,13,7,0
35465,0,0,0,8,1,0
35466,0,0,0,19,0,0
35467,0,0,0,17,0,0
35468,0,0,0,28,0,0
35469,0,0,0,23,0,0
35470,0,0,0,7,0,16
35471,0,0,0,0,0,9
35472,0,0,0,11,0,0
35473,0,0,0,0,0,0
35474,0,0,0,23,0,0
35475,0,0,0,0,0,0
35476,0,0,0,0,0,2
35477,0,0,0,7,0,0
35478,0,0,0,0,0,0
35479,0,0,0,0,0,0
35480,0,0,0,0,0,0
35481,0,0,0,0,0,0
35482,0,0,0,0,0,0
35483,0,0,0,0,0,0
35484,0,0,0,0,0,0
35485,0,0,0,0,0,0
35486,0,0,0,0,0,0
35487,0,0,0,0,0,0
35488,0,0,0,0,0,0
35489,0,0,0,0,0,0
35490,0,0,0,0,0,0
35491,0,0,0,0,2,0
35492,0,0,0,0,0,0
35493,0,0,0,0,0,0
35494,0,0,0,0,0,0
35495,0,0,0,0,0,0
35496,0,0,0,0,0,0
35497,0,0,0,3,0,0
35498,0,0,0,0,0,0
35499,0,0,0,28,0,0
35500,0,0,0,18,0,0
35501,0,0,0,1,0,0
35502,0,0,0,0,0,0
35503,0,0,0,0,0,0
35504,0,0,0,0,0,0
35505,0,0,0,0,0,0
35506,0,0,0,0,0,0
35507,0,0,0,10,0,0
35508,0,0,0,3,0,0
35509,0,0,0,0,0,0
35510,0,0,0,18,24,0
35511,0,0,0,15,55,0
35512,0,0,0,5,61,0
35513,0,0,0,43,266,0
35514,0,0,0,17,106,0
35515,0,0,0,15,273,0
35516,0,0,0,10,149,0
35517,0,0,0,2,356,0
35518,0,0,0,0,425,0
35519,0,0,0,61,349,0
35520,0,0,0,3,387,0
35521,0,0,0,20,516,0
35522,0,0,0,15,215,0
35523,0,0,0,2,79,0
35524,0,0,0,9,44,0
35525,0,0,0,0,66,0
35526,0,0,0,0,49,0
35527,0,0,0,0,96,0
35528,0,0,0,130,53,0
35529,0,0,0,72,6,0
35530,0,0,0,9,20,0
35531,0,0,0,26,78,0
35532,0,0,0,108,271,0
35533,0,0,0,117,523,0
35534,0,0,0,252,983,0
35535,0,0,0,330,1324,0
35536,0,0,0,665,1418,0
35537,0,0,0,905,1520,0
35538,0,0,0,937,1191,1
35539,0,0,0,896,920,0
35540,0,0,0,494,793,0
35541,0,0,0,275,795,0
35542,0,0,0,42,578,0
35543,0,0,0,152,187,6
35544,0,0,0,189,268,0
35545,0,0,0,62,437,0
35546,0,0,0,16,575,0
35547,0,0,0,64,301,0
35548,0,0,0,94,256,0
35549,0,0,0,190,93,0
35550,0,0,0,82,18,0
35551,0,0,0,7,51,0
35552,0,0,0,33,84,0
35553,0,0,0,5,75,0
35554,0,0,0,33,120,0
35555,0,0,0,41,34,26
35556,0,0,0,0,42,2
35557,0,0,0,15,13,0
35558,0,0,0,138,118,0
35559,0,0,0,138,223,0
35560,0,0,0,71,234,0
35561,0,0,0,2,204,0
35562,0,0,0,0,82,0
35563,0,0,0,0,97,0
35564,0,0,0,0,256,0
35565,0,0,0,0,562,0
35566,0,0,0,3,802,0
35567,0,0,0,0,694,0
35568,0,0,0,0,698,1
35569,0,0,0,0,755,0
35570,0,0,0,6,806,0
35571,0,0,0,36,848,0
35572,0,0,0,94,1019,2
35573,0,0,0,81,1351,0
35574,0,0,0,100,1632,0
35575,0,0,0,59,1443,0
35576,0,0,0,65,1662,0
35577,0,0,0,59,1742,0
35578,0,0,0,65,2116,0
35579,0,0,0,66,1940,0
35580,0,0,0,63,2205,0
35581,0,0,0,74,2249,0
35582,0,0,0,54,1776,0
35583,0,0,0,17,1184,0
35584,0,0,0,23,825,0
35585,0,0,0,43,293,0
35586,0,0,0,0,0,0
35587,0,0,0,0,14,0
35588,0,0,0,0,19,0
35589,0,0,0,0,53,0
35590,0,0,0,32,873,2
35591,0,0,0,32,1855,0
35592,0,0,0,20,3032,0
35593,0,0,0,21,4764,0
35594,0,0,0,2,5711,0
35595,0,0,0,0,5529,1
35596,0,0,0,0,4505,1
35597,0,0,0,12,2848,1
35598,0,0,0,3,1888,0
35599,0,0,0,0,1933,0
35600,0,0,0,14,1565,0
35601,0,0,0,8,1463,18
35602,0,0,0,5,1760,0
35603,0,0,0,60,3232,0
35604,0,0,0,159,4182,0
35605,0,0,0,109,4655,0
35606,0,0,0,6,4526,39
35607,0,0,0,16,4574,0
35608,0,0,0,2,4588,34
35609,0,0,0,30,4283,4
35610,0,0,0,40,4371,5
35611,0,0,0,39,3801,18
35612,0,0,0,33,4086,18
35613,0,0,0,42,4332,3
35614,0,0,0,4,3606,0
35615,0,0,0,11,3096,0
35616,0,0,0,29,1947,0
35617,0,0,0,0,965,0
35618,0,0,0,24,666,3
35619,0,0,0,68,416,0
35620,0,0,0,109,729,0
35621,0,0,0,51,652,0
35622,0,0,0,141,395,0
35623,0,0,0,18,58,0
35624,0,0,0,63,20,3
35625,0,0,0,0,0,0
35626,0,0,0,2,2,0
35627,0,0,0,0,0,0
35628,0,0,0,0,0,0
35629,0,0,0,4,0,0
35630,0,0,0,0,0,0
35631,0,0,0,0,0,0
35632,0,0,0,0,0,0
35633,0,0,0,0,0,0
35634,0,0,0,0,0,0
35635,0,0,0,0,0,0
35636,0,0,0,0,0,0
35637,0,0,0,0,0,0
35638,0,0,0,0,0,0
35639,0,0,0,0,0,0
35640,0,0,0,0,0,0
35641,0,0,0,0,5,0
35642,0,0,0,1,0,0
35643,0,0,0,0,0,0
35644,0,0,0,0,0,0
35645,0,0,0,0,0,0
35646,0,0,0,0,0,0
35647,0,0,0,0,0,0
35648,0,0,0,0,0,0
35649,0,0,0,0,0,0
35650,0,0,0,9,0,0
35651,0,0,0,0,0,0
35652,0,0,0,0,0,0
35653,0,0,0,0,0,0
35654,0,0,0,0,0,0
35655,0,0,0,0,0,0
35656,0,0,0,0,0,0
35657,0,0,0,0,0,0
35658,0,0,0,0,0,0
35659,0,0,0,0,3,0
35660,0,0,0,0,106,0
35661,0,0,0,0,409,0
35662,0,0,0,36,755,0
35663,0,0,0,22,1084,0
35664,0,0,0,83,1638,0
35665,0,0,0,92,1746,0
35666,0,0,0,38,1511,0
35667,0,0,0,0,1298,0
35668,0,0,0,0,920,0
35669,0,0,0,0,847,0
35670,0,0,0,0,723,0
35671,0,0,0,0,1136,0
35672,0,0,0,0,1802,0
35673,0,0,0,0,2107,0
35674,0,0,0,0,2209,0
35675,0,0,0,0,1916,0
35676,0,0,0,0,904,0
35677,0,0,0,2,498,0
35678,0,0,0,12,1292,0
35679,0,0,0,121,982,0
35680,0,0,0,33,387,0
35681,0,0,0,9,1412,0
35682,0,0,0,30,1531,0
35683,0,0,0,4,150,0
35684,0,0,0,23,310,0
35685,0,0,0,3,2594,0
35686,0,0,0,2,3599,1
35687,0,0,0,0,4487,0
35688,0,0,0,18,4146,0
35689,0,0,0,7,4316,0
35690,0,0,0,16,2392,0
35691,0,0,0,5,751,0
35692,0,0,0,7,561,2
35693,0,0,0,101,632,0
35694,0,0,0,9,145,0
35695,0,0,0,14,93,0
35696,0,0,0,0,39,0
35697,0,0,0,2,64,0
35698,0,0,0,3,0,0
35699,0,0,0,0,7,0
35700,0,0,0,0,0,0
35701,0,0,0,1,7,0
35702,0,0,0,3,0,0
35703,0,0,0,72,15,0
35704,0,0,0,66,0,0
35705,0,0,0,59,5,0
35706,0,0,0,0,65,0
35707,0,0,0,21,288,0
35708,0,0,0,68,360,0
35709,0,0,0,42,340,0
35710,0,0,0,36,206,0
35711,0,0,0,12,32,0
35712,0,0,0,3,5,0
35713,0,0,0,0,28,0
35714,0,0,0,0,0,0
35715,0,0,0,0,2,0
35716,0,0,0,2,18,0
35717,0,0,0,0,31,0
35718,0,0,0,0,118,0
35719,0,0,0,2,175,0
35720,0,0,0,19,230,0
35721,0,0,0,11,121,0
35722,0,0,0,1,150,0
35723,0,0,0,2,145,0
35724,0,0,0,2,206,0
35725,0,0,0,0,165,0
35726,0,0,0,14,193,0
35727,0,0,0,1,144,0
35728,0,0,0,13,40,0
35729,0,0,0,17,32,0
35730,0,0,0,0,2,0
35731,0,0,0,0,20,0
35732,0,0,0,0,0,0
35733,0,0,0,0,0,0
35734,0,0,0,0,6,0
35735,0,0,0,19,110,0
35736,0,0,0,2,82,0
35737,0,0,0,0,73,0
35738,0,0,0,27,35,0
35739,0,0,0,0,15,0
35740,0,0,0,0,50,0
35741,0,0,0,14,140,0
35742,0,0,0,40,111,0
35743,0,0,0,133,236,0
35744,0,0,0,355,379,0
35745,0,0,0,711,587,0
35746,0,0,0,855,925,0
35747,0,0,0,1132,1383,0
35748,0,0,0,1077,1561,0
35749,0,0,0,933,1289,0
35750,0,0,0,651,785,0
35751,0,0,0,516,581,0
35752,0,0,0,457,466,0
35753,0,0,0,396,371,0
35754,0,0,0,343,310,0
35755,0,0,0,219,224,0
35756,0,0,0,162,88,0
35757,0,0,0,149,93,0
35758,0,0,0,41,160,0
35759,0,0,0,13,253,0
35760,0,0,0,0,250,0
35761,0,0,0,0,262,0
35762,0,0,0,0,343,0
35763,0,0,0,10,341,0
35764,0,0,0,13,317,0
35765,0,0,0,15,236,0
35766,0,0,0,10,188,0
35767,0,0,0,11,102,0
35768,0,0,0,8,41,0
35769,0,0,0,33,7,0
35770,0,0,0,80,159,0
35771,0,0,0,102,217,0
35772,0,0,0,166,259,0
35773,0,0,0,99,775,0
35774,0,0,0,172,1297,0
35775,0,0,0,131,1789,0
35776,0,0,0,247,2402,2
35777,0,0,0,326,2687,0
35778,0,0,0,386,2687,0
35779,0,0,0,529,2473,0
35780,0,0,0,530,2945,0
35781,0,0,0,584,3216,0
35782,0,0,0,415,3789,0
35783,0,0,0,313,4467,0
35784,0,0,0,204,5596,5
35785,0,0,0,191,6845,2
35786,0,0,0,105,8011,4
35787,0,0,0,159,9068,0
35788,0,0,0,146,10463,0
35789,0,0,0,88,11253,1
35790,0,0,0,47,10651,0
35791,0,0,0,5,9756,0
35792,0,0,0,0,7571,0
35793,0,0,0,7,3410,0
35794,0,0,0,13,2424,0
35795,0,0,0,50,6076,0
35796,0,0,0,22,10089,0
35797,0,0,0,79,13020,0
35798,0,0,0,48,14199,0
35799,0,0,0,130,13567,0
35800,0,0,0,121,11824,0
35801,0,0,0,14,7834,0
35802,0,0,0,11,7662,0
35803,0,0,0,17,5500,0
35804,0,0,0,82,1690,0
35805,0,0,0,29,1054,0
35806,0,0,0,42,1675,0
35807,0,0,0,41,1628,0
35808,0,0,0,154,1902,0
35809,0,0,0,359,1521,0
35810,0,0,0,665,1395,0
35811,0,0,0,728,1092,0
35812,0,0,0,737,869,0
35813,0,0,0,533,719,0
35814,0,0,0,427,494,0
35815,0,0,0,388,250,0
35816,0,0,0,324,226,0
35817,0,0,0,258,138,0
35818,0,0,0,83,19,0
35819,0,0,0,49,66,0
35820,0,0,0,7,99,0
35821,0,0,0,0,230,0
35822,0,0,0,0,186,0
35823,0,0,0,0,28,0
35824,0,0,0,0,0,0
35825,0,0,0,3,28,0
35826,0,0,0,8,31,0
35827,0,0,0,41,9,0
35828,0,0,0,169,21,0
35829,0,0,0,213,15,0
35830,0,0,0,249,2,0
35831,0,0,0,221,1,0
35832,0,0,0,229,33,0
35833,0,0,0,225,6,0
35834,0,0,0,194,19,0
35835,0,0,0,221,29,0
35836,0,0,0,172,27,0
35837,0,0,0,159,19,0
35838,0,0,0,92,65,0
35839,0,0,0,58,262,0
35840,0,0,0,27,721,0
35841,0,0,0,15,1376,0
35842,0,0,0,24,1903,0
35843,0,0,0,92,1389,0
35844,0,0,0,33,177,0
35845,0,0,0,59,187,0
35846,0,0,0,116,111,0
35847,0,0,0,239,140,0
35848,0,0,0,173,28,0
35849,0,0,0,235,33,0
35850,0,0,0,280,7,0
35851,0,0,0,233,14,0
35852,0,0,0,181,0,0
35853,0,0,0,87,0,0
35854,0,0,0,89,3,0
35855,0,0,0,61,27,0
35856,0,0,0,34,0,0
35857,0,0,0,72,55,0
35858,0,0,0,57,455,0
35859,0,0,0,73,660,0
35860,0,0,0,60,856,0
35861,0,0,0,20,1237,0
35862,0,0,0,22,1545,0
35863,0,0,0,0,1333,0
35864,0,0,0,5,1270,0
35865,0,0,0,0,1284,0
35866,0,0,0,0,1481,0
35867,0,0,0,5,1351,0
35868,0,0,0,5,1143,0
35869,0,0,0,30,574,0
35870,0,0,0,139,163,0
35871,0,0,0,326,704,0
35872,0,0,0,550,1429,0
35873,0,0,0,508,2205,0
35874,0,0,0,498,2570,0
35875,0,0,0,419,2882,0
35876,0,0,0,387,2997,0
35877,0,0,0,341,2998,0
35878,0,0,0,449,3012,10
35879,0,0,0,469,2367,215
35880,0,0,0,480,1852,443
35881,0,0,0,506,1495,546
35882,0,0,0,512,1223,638
35883,0,0,0,491,944,731
35884,0,0,0,378,649,755
35885,0,0,0,405,442,447
35886,0,0,0,506,113,301
35887,0,0,0,429,62,10
35888,0,0,0,78,25,0
35889,0,0,0,0,11,0
35890,0,0,0,66,0,0
35891,0,0,0,237,0,0
35892,0,0,0,388,33,43
35893,0,0,0,581,114,105
35894,0,0,0,477,240,380
35895,0,0,0,430,399,644
35896,0,0,0,287,605,665
35897,0,0,0,195,884,687
35898,0,0,0,160,1278,736
35899,0,0,0,179,1610,685
35900,0,0,0,270,1985,501
35901,0,0,0,331,2197,129
35902,0,0,0,291,1924,0
35903,0,0,0,311,911,0
35904,0,0,0,397,1137,23
35905,0,0,0,436,823,31
35906,0,0,0,525,825,0
35907,0,0,0,447,809,5
35908,0,0,0,372,1360,0
35909,0,0,0,179,2584,0
35910,0,0,0,208,5708,5
35911,0,0,0,529,8106,16
35912,0,0,0,837,9464,51
35913,0,0,0,943,9919,0
35914,0,0,0,1170,11635,0
35915,0,0,0,1448,12222,0
35916,0,0,0,1453,9847,0
35917,0,0,0,1473,5641,0
35918,0,0,0,1025,1392,0
35919,0,0,0,830,4495,0
35920,0,0,0,245,10437,0
35921,0,0,0,87,13612,0
35922,0,0,0,94,14437,21
35923,0,0,0,17,13703,81
35924,0,0,0,56,13182,206
35925,0,0,0,144,7476,340
35926,0,0,0,172,2910,306
35927,0,0,0,313,5697,982
35928,0,0,0,657,1746,14
35929,0,0,0,941,2007,258
35930,0,0,0,854,1664,14
35931,0,0,0,573,2318,17
35932,0,0,0,489,4842,0
35933,4,0,0,306,8700,215
35934,0,0,0,161,11625,183
35935,0,0,0,5,14578,98
35936,0,0,0,269,16964,33
35937,0,0,0,676,19582,6
35938,0,0,0,956,20333,10
35939,0,0,0,1058,19450,0
35940,0,0,0,1765,18477,0
35941,0,0,0,2384,17084,0
35942,0,0,0,2975,14171,0
35943,0,0,0,2969,11322,9
35944,0,0,0,3080,7832,0
35945,0,0,0,2488,4587,0
35946,0,0,0,1714,4065,0
35947,0,0,0,1150,5620,0
35948,0,0,0,1490,6376,0
35949,0,0,0,1427,6498,0
35950,0,0,0,1375,6645,0
35951,0,0,0,1364,7112,0
35952,0,0,0,1441,7258,0
35953,0,0,0,1444,7928,0
35954,0,0,0,1400,8958,0
35955,0,0,0,1541,9399,0
35956,0,0,0,1371,10719,0
35957,0,0,0,1098,11886,0
35958,0,0,0,773,12643,0
35959,0,0,0,516,13410,0
35960,0,0,0,463,13665,0
35961,0,0,0,369,13617,1
35962,0,0,0,256,12935,9
35963,4,0,0,288,12187,97
35964,0,0,0,124,9275,133
35965,0,0,0,27,6862,8
35966,0,0,0,12,5502,0
35967,0,0,0,0,4839,60
35968,0,0,0,0,2766,18
35969,0,0,0,0,1011,109
35970,0,0,0,86,238,2
35971,0,0,0,91,1090,0
35972,0,0,0,74,878,2
35973,0,0,0,13,347,0
35974,0,0,0,20,135,0
35975,0,0,0,22,19,0
35976,0,0,0,1,14,0
35977,0,0,0,15,1,0
35978,0,0,0,6,41,0
35979,0,0,0,1,40,0
35980,0,0,0,0,32,0
35981,0,0,0,0,241,0
35982,0,0,0,7,185,0
35983,0,0,0,14,459,0
35984,0,0,0,27,243,0
35985,0,0,0,83,707,0
35986,0,0,0,46,696,0
35987,0,0,0,78,2331,0
35988,0,0,0,134,3922,0
35989,0,0,0,144,3143,0
35990,0,0,0,175,2753,0
35991,0,0,0,167,2877,0
35992,0,0,0,103,2232,0
35993,0,0,0,51,1847,0
35994,0,0,0,19,1913,0
35995,0,0,0,25,2811,0
35996,0,0,0,16,2793,0
35997,0,0,0,2,2038,0
35998,0,0,0,7,878,0
35999,0,0,0,1,45,0
36000,0,0,0,2,97,0
36001,0,0,0,5,39,0
36002,0,0,0,12,188,0
36003,0,0,0,35,368,0
36004,0,0,0,27,668,0
36005,0,0,0,94,774,0
36006,0,0,0,0,943,0
36007,0,0,0,42,976,0
36008,0,0,0,150,757,0
36009,0,0,0,203,1039,0
36010,0,0,0,414,1479,0
36011,0,0,0,636,2509,0
36012,0,0,0,840,2629,0
36013,0,0,0,886,2830,0
36014,0,0,0,962,3212,0
36015,0,0,0,1023,3721,0
36016,0,0,0,1022,3933,0
36017,0,0,0,939,4607,0
36018,0,0,0,903,5063,8
36019,0,0,0,728,5162,25
36020,0,0,0,600,5977,0
36021,0,0,0,568,5935,0
36022,0,0,0,350,6289,0
36023,0,0,0,233,6080,0
36024,0,0,0,158,5892,0
36025,0,0,0,134,5512,2
36026,0,0,0,162,5063,0
36027,0,0,0,76,4445,0
36028,0,0,0,5,3972,0
36029,0,0,0,0,3368,0
36030,0,0,0,14,2350,0
36031,0,0,0,9,2183,0
36032,0,0,0,1,2613,0
36033,0,0,0,32,3503,0
36034,0,0,0,190,4425,0
36035,0,0,0,451,4764,0
36036,0,0,0,933,5277,0
36037,0,0,0,1213,5325,0
36038,0,0,0,901,5250,0
36039,0,0,0,469,5192,0
36040,0,0,0,406,4813,0
36041,0,0,0,347,3796,0
36042,0,0,0,607,2102,0
36043,0,0,0,743,1029,0
36044,0,0,0,696,639,0
36045,0,0,0,690,412,0
36046,0,0,0,453,231,0
36047,0,0,0,220,36,0
36048,0,0,0,93,69,0
36049,0,0,0,62,17,0
36050,0,0,0,19,46,0
36051,0,0,0,7,20,0
36052,0,0,0,22,11,0
36053,0,0,0,70,119,0
36054,0,0,0,39,10,0
36055,0,0,0,106,0,0
36056,0,0,0,121,45,0
36057,0,0,0,69,185,0
36058,0,0,0,46,969,0
36059,0,0,0,33,2730,0
36060,0,0,0,84,4246,0
36061,0,0,0,192,5769,0
36062,0,0,0,284,6211,0
36063,0,0,0,489,6166,0
36064,0,0,0,587,6023,0
36065,0,0,0,639,4697,0
36066,0,0,0,611,2577,0
36067,0,0,0,488,1232,0
36068,0,0,0,426,847,0
36069,0,0,0,515,1508,0
36070,0,0,0,606,2570,0
36071,0,0,0,628,3021,0
36072,0,0,0,573,3068,0
36073,0,0,0,490,3827,0
36074,0,0,0,212,4840,0
36075,0,0,0,84,6387,0
36076,0,0,0,45,8009,0
36077,0,0,0,9,9385,0
36078,0,0,0,8,10054,0
36079,0,0,0,69,8965,0
36080,0,0,0,297,7556,0
36081,0,0,0,555,5497,0
36082,0,0,0,551,3427,0
36083,0,0,0,586,3473,0
36084,0,0,0,664,4522,0
36085,0,0,0,924,4709,0
36086,0,0,0,1039,4548,0
36087,0,0,0,1114,4362,0
36088,0,0,0,1057,3890,0
36089,0,0,0,927,3711,0
36090,0,0,0,773,3835,0
36091,0,0,0,511,4534,0
36092,0,0,0,264,5346,0
36093,0,0,0,23,6152,0
36094,0,0,0,26,6587,0
36095,0,0,0,34,7387,0
36096,0,0,0,45,7798,0
36097,0,0,0,41,7920,33
36098,0,0,0,44,7841,0
36099,0,0,0,65,7037,0
36100,0,0,0,38,4997,0
36101,0,0,0,43,5104,0
36102,0,0,0,27,5307,0
36103,0,0,0,17,4685,13
36104,0,0,0,2,971,14
36105,0,0,0,0,1878,26
36106,0,0,0,0,693,0
36107,0,0,0,11,679,0
36108,0,0,0,0,620,3
36109,0,0,0,1,284,0
36110,0,0,0,6,339,0
36111,0,0,0,2,254,0
36112,0,0,0,0,50,0
36113,0,0,0,9,0,0
36114,0,0,0,0,1,0
36115,0,0,0,0,0,0
36116,0,0,0,0,0,0
36117,0,0,0,0,0,0
36118,0,0,0,30,0,1
36119,0,0,0,15,15,0
36120,0,0,0,8,15,0
36121,0,0,0,0,3,0
36122,0,0,0,0,9,0
36123,1,0,0,2,6,0
36124,0,0,0,0,0,0
36125,0,0,0,9,0,0
36126,0,0,0,38,0,0
36127,0,0,0,108,0,0
36128,0,0,0,161,13,0
36129,0,0,0,226,10,5
36130,0,0,0,175,46,5
36131,0,0,0,1,70,14
36132,0,0,0,29,5,0
36133,0,0,0,33,0,0
36134,0,0,0,131,94,1
36135,0,0,0,90,38,0
36136,0,0,0,49,30,0
36137,0,0,0,15,7,0
36138,0,0,0,0,5,0
36139,0,0,0,11,0,0
36140,0,0,0,45,25,0
36141,0,0,0,39,1,0
36142,0,0,0,11,0,0
36143,0,0,0,0,0,0
36144,0,0,0,0,0,0
36145,0,0,0,5,3,0
36146,0,0,0,58,1,2
36147,0,0,0,22,5,0
36148,0,0,0,17,21,7
36149,0,0,0,8,20,0
36150,0,0,0,0,0,0
36151,0,0,0,15,6,1
36152,0,0,0,11,0,0
36153,0,0,0,18,0,0
36154,0,0,0,28,0,0
36155,0,0,0,7,0,0
36156,0,0,0,21,4,0
36157,0,0,0,1,3,0
36158,0,0,0,10,0,0
36159,0,0,0,0,0,0
36160,0,0,0,0,0,0
36161,0,0,0,0,0,0
36162,0,0,0,0,0,0
36163,0,0,0,0,0,0
36164,0,0,0,0,0,0
36165,0,0,0,0,0,0
36166,0,0,0,0,2,0
36167,0,0,0,0,0,0
36168,0,0,0,0,0,0
36169,0,0,0,0,0,0
36170,0,0,0,0,0,0
36171,0,0,0,0,0,0
36172,0,0,0,0,0,0
36173,0,0,0,0,0,0
36174,0,0,0,0,0,0
36175,0,0,0,0,0,0
36176,0,0,0,0,0,0
36177,0,0,0,0,0,0
36178,0,0,0,5,0,0
36179,0,0,0,0,0,0
36180,0,0,0,0,9,0
36181,0,0,0,0,0,0
36182,0,0,0,0,0,0
36183,0,0,0,0,0,0
36184,0,0,0,0,0,0
36185,0,0,0,0,0,0
36186,0,0,0,0,0,0
36187,0,0,0,6,0,0
36188,0,0,0,0,0,0
36189,0,0,0,0,0,0
36190,0,0,0,0,0,0
36191,0,0,0,0,0,0
36192,0,0,0,0,0,0
36193,0,0,0,0,0,0
36194,0,0,0,0,0,0
36195,0,0,0,0,0,0
36196,0,0,0,0,0,0
36197,0,0,0,0,0,0
36198,0,0,0,0,0,0
36199,0,0,0,0,0,0
36200,0,0,0,0,0,0
36201,0,0,0,0,0,0
36202,0,0,0,0,0,0
36203,0,0,0,0,8,0
36204,0,0,0,0,0,0
36205,0,0,0,0,0,0
36206,0,0,0,0,0,0
36207,0,0,0,0,0,0
36208,0,0,0,0,0,0
36209,0,0,0,0,0,0
36210,0,0,0,0,0,0
36211,0,0,0,0,0,0
36212,0,0,0,0,0,0
36213,0,0,0,0,0,0
36214,0,0,0,0,0,0
36215,0,0,0,0,0,0
36216,0,0,0,0,0,0
36217,0,0,0,0,0,0
36218,0,0,0,0,0,0
36219,0,0,0,0,0,0
36220,0,0,0,0,0,0
36221,0,0,0,0,0,0
36222,0,0,0,0,0,0
36223,0,0,0,0,0,0
36224,0,0,2,0,0,0
36225,0,0,0,0,0,0
36226,0,0,0,0,0,0
36227,0,0,0,0,0,0
36228,0,0,0,0,0,0
36229,0,0,0,0,0,0
36230,0,0,0,0,0,0
36231,0,0,0,0,0,0
36232,0,0,0,0,0,0
36233,0,0,0,0,0,0
36234,0,0,0,0,0,0
36235,0,0,0,0,0,0
36236,0,0,0,0,0,0
36237,0,0,0,0,0,0
36238,0,0,0,0,0,0
36239,0,0,0,0,0,0
36240,0,0,0,0,0,0
36241,0,0,0,0,0,0
36242,0,0,0,0,0,0
36243,0,0,0,0,0,0
36244,0,0,0,0,0,0
36245,0,0,0,0,0,0
36246,0,0,0,0,0,0
36247,0,0,0,0,0,0
36248,0,0,0,0,0,0
36249,0,0,0,0,0,0
36250,0,0,0,0,0,0
36251,0,0,0,0,0,0
36252,0,0,0,0,0,0
36253,0,0,0,0,0,0
36254,0,0,0,0,0,0
36255,0,0,0,0,0,0
36256,0,0,0,0,0,0
36257,0,0,0,0,0,0
36258,0,0,0,0,0,0
36259,0,0,0,0,0,0
36260,0,0,0,0,0,0
36261,0,0,0,4,0,0
36262,0,0,0,0,0,0
36263,0,0,0,0,0,0
36264,0,0,0,0,0,0
36265,0,0,0,0,0,0
36266,0,0,0,0,0,0
36267,3,0,0,0,0,0
36268,28,0,0,0,0,0
36269,50,0,0,2,0,0
36270,24,0,0,0,0,0
36271,25,0,0,10,16,0
36272,4,0,0,0,0,0
36273,3,4,0,0,0,0
36274,3,0,0,0,10,0
36275,0,0,0,0,4,0
36276,2,0,0,0,3,0
36277,0,0,0,0,6,0
36278,0,0,0,1,5,0
36279,1,0,0,0,0,0
36280,0,0,0,0,0,0
36281,0,0,0,2,4,0
36282,0,0,0,0,0,0
36283,0,0,0,0,0,0
36284,0,0,0,0,0,0
36285,0,0,0,0,0,0
36286,0,0,0,0,2,0
36287,0,0,0,0,0,0
36288,0,0,0,0,0,1
36289,0,0,0,0,0,0
36290,0,0,0,0,0,0
36291,0,0,0,0,0,0
36292,0,0,0,0,0,0
36293,0,0,0,0,0,0
36294,0,0,0,0,0,0
36295,0,0,0,0,2,0
36296,0,0,0,0,0,0
36297,0,0,0,3,3,0
36298,0,0,0,0,81,0
36299,0,0,0,0,239,0
36300,0,0,0,0,233,0
36301,0,0,0,2,212,0
36302,0,0,0,0,91,0
36303,0,0,0,0,49,0
36304,0,0,0,0,186,0
36305,0,0,0,0,172,0
36306,0,0,0,0,87,0
36307,0,0,0,0,57,0
36308,0,0,0,0,0,0
36309,0,0,0,0,3,0
36310,0,0,0,0,0,0
36311,0,0,0,0,0,0
36312,0,0,0,0,0,0
36313,0,0,0,0,0,0
36314,0,0,0,0,0,0
36315,0,0,0,0,0,0
36316,0,0,0,0,0,0
36317,0,0,0,0,0,0
36318,0,0,0,0,0,0
36319,0,0,0,0,0,0
36320,0,0,0,0,0,0
36321,3,0,0,0,0,0
36322,0,0,0,0,0,0
36323,0,0,0,0,0,0
36324,0,0,0,0,0,0
36325,0,0,0,0,0,0
36326,0,0,0,0,0,0
36327,0,0,0,0,10,0
36328,0,0,0,0,26,0
36329,0,0,0,0,38,0
36330,0,0,0,0,2,0
36331,0,0,0,0,0,0
36332,0,0,0,0,0,0
36333,0,0,0,0,0,0
36334,0,0,0,0,0,0
36335,0,0,0,0,0,0
36336,0,0,0,0,0,0
36337,0,0,0,0,0,0
36338,0,0,0,0,0,0
36339,0,0,0,0,0,0
36340,0,0,0,0,0,0
36341,0,0,0,0,0,0
36342,0,0,0,0,0,0
36343,0,0,0,0,0,0
36344,0,0,0,0,0,0
36345,0,0,0,0,0,0
36346,0,0,0,0,0,0
36347,0,0,0,0,8,0
36348,0,0,0,0,14,0
36349,0,0,0,0,7,0
36350,0,0,0,0,8,0
36351,0,0,0,0,0,0
36352,0,0,0,0,0,0
36353,0,0,0,0,0,0
36354,0,0,0,0,0,0
36355,0,0,0,0,0,0
36356,0,0,0,0,0,0
36357,0,0,0,0,0,0
36358,0,0,0,0,0,0
36359,0,0,0,0,0,0
36360,0,0,0,0,0,0
36361,0,0,0,0,0,0
36362,0,0,0,0,0,0
36363,0,0,0,0,0,0
36364,0,0,0,0,0,0
36365,0,0,0,0,0,0
36366,0,0,0,0,0,0
36367,0,0,0,2,0,0
36368,0,0,0,0,0,0
36369,0,0,0,0,0,0
36370,0,0,0,0,0,0
36371,0,0,0,0,0,0
36372,0,0,0,0,0,0
36373,0,0,0,0,0,0
36374,0,0,0,0,0,0
36375,0,0,0,0,0,0
36376,0,0,0,0,0,0
36377,0,0,0,0,0,0
36378,0,0,0,0,0,0
36379,0,0,0,0,0,0
36380,0,0,0,11,0,0
36381,0,0,0,33,0,0
36382,0,0,0,37,0,0
36383,0,0,0,10,0,0
36384,0,0,0,0,0,0
36385,0,0,0,0,0,0
36386,0,0,0,0,0,0
36387,0,0,0,0,0,0
36388,0,0,0,0,0,0
36389,0,0,0,0,0,0
36390,0,0,0,0,0,0
36391,0,0,0,0,3,0
36392,0,0,0,0,0,0
36393,0,0,0,0,0,0
36394,0,0,0,0,0,0
36395,0,0,0,0,0,0
36396,0,0,0,0,0,0
36397,0,0,0,0,0,0
36398,0,0,0,0,0,0
36399,0,0,0,0,0,0
36400,0,0,0,0,0,0
36401,0,0,0,0,0,0
36402,0,0,0,0,0,0
36403,0,0,0,0,0,0
36404,0,0,0,0,0,0
36405,0,0,0,0,0,0
36406,0,0,0,0,4,0
36407,0,0,0,0,0,0
36408,0,0,0,0,0,0
36409,0,0,0,0,0,0
36410,0,0,0,0,0,0
36411,0,0,0,0,0,0
36412,0,0,0,0,0,0
36413,0,0,0,0,0,0
36414,0,0,0,0,0,0
36415,0,0,0,0,0,0
36416,0,0,0,0,0,0
36417,0,0,0,0,0,0
36418,0,0,0,0,0,0
36419,0,0,0,0,0,0
36420,0,0,0,0,0,0
36421,0,0,0,0,1,0
36422,0,0,0,0,0,0
36423,0,0,0,0,0,0
36424,0,0,0,0,0,0
36425,0,0,0,0,0,0
36426,0,0,0,0,0,0
36427,0,0,0,0,0,0
36428,0,0,0,0,0,0
36429,0,0,0,0,0,0
36430,0,0,0,7,0,0
36431,0,0,0,1,0,0
36432,0,0,0,0,0,0
36433,0,0,0,0,0,0
36434,0,0,0,0,0,7
36435,0,0,0,0,0,0
36436,0,0,0,0,3,2
36437,0,0,0,0,0,0
36438,0,0,0,0,0,0
36439,0,0,0,0,0,0
36440,0,0,0,0,0,0
36441,0,0,0,0,1,0
36442,0,0,0,0,0,0
36443,0,0,0,0,0,0
36444,0,0,0,0,0,0
36445,0,0,0,0,0,0
36446,0,0,0,0,0,0
36447,0,0,0,0,0,0
36448,0,0,0,0,0,0
36449,0,0,0,0,0,0
36450,0,0,0,0,0,0
36451,0,0,0,0,0,0
36452,0,0,0,2,0,0
36453,0,0,0,0,0,0
36454,0,0,0,0,0,0
36455,0,0,0,0,0,0
36456,0,0,0,0,0,0
36457,0,0,0,0,0,0
36458,0,0,0,0,0,0
36459,0,0,0,0,0,0
36460,0,0,0,0,0,0
36461,0,0,0,0,0,0
36462,0,0,0,0,0,0
36463,10,0,0,0,0,0
36464,22,0,0,0,0,0
36465,21,0,0,0,0,0
36466,3,0,0,0,0,0
36467,2,0,0,0,0,0
36468,0,0,0,0,0,0
36469,0,0,0,0,0,0
36470,8,0,0,0,0,0
36471,0,0,0,0,0,0
36472,0,0,0,0,0,0
36473,0,0,0,0,0,0
36474,0,0,0,0,0,0
36475,0,0,0,0,0,0
36476,0,0,0,0,0,0
36477,0,0,0,0,0,0
36478,0,0,0,0,0,0
36479,0,0,0,0,0,0
36480,0,0,0,0,0,0
36481,0,0,0,0,0,0
36482,0,0,0,0,2,0
36483,0,0,0,0,0,0
36484,0,0,0,0,0,0
36485,0,0,0,0,0,0
36486,0,0,0,0,0,0
36487,0,0,0,0,0,0
36488,0,0,0,0,0,0
36489,0,0,0,0,0,0
36490,0,0,0,0,0,0
36491,0,0,0,0,0,0
36492,0,0,0,0,0,0
36493,0,0,0,0,0,0
36494,0,0,0,0,0,0
36495,0,0,0,0,0,0
36496,0,0,0,0,6,0
36497,0,0,0,0,0,0
36498,0,0,0,0,0,0
36499,0,0,0,0,0,0
36500,0,0,0,0,0,0
36501,0,0,0,0,0,0
36502,0,0,0,0,0,0
36503,0,0,0,0,0,0
36504,0,0,0,0,0,0
36505,0,0,0,0,0,0
36506,0,0,0,0,0,0
36507,0,0,0,0,0,0
36508,0,0,0,0,0,0
36509,0,0,0,0,0,0
36510,0,0,0,0,0,0
36511,0,0,0,0,0,0
36512,0,0,0,0,0,0
36513,0,0,0,0,0,0
36514,0,0,0,0,0,0
36515,0,0,0,0,0,0
36516,0,0,0,0,0,0
36517,0,0,0,0,0,0
36518,0,0,0,0,0,0
36519,0,0,0,0,0,0
36520,0,0,0,0,0,0
36521,0,0,0,0,0,0
36522,0,0,0,0,0,0
36523,0,0,0,0,0,0
36524,0,0,0,0,0,0
36525,0,0,0,0,0,0
36526,0,0,0,0,0,0
36527,0,0,0,0,0,0
36528,0,0,0,0,0,0
36529,0,0,0,0,0,0
36530,0,0,0,0,0,0
36531,0,0,0,0,0,0
36532,0,0,0,0,0,0
36533,0,0,0,0,0,0
36534,0,0,0,0,0,0
36535,0,0,0,0,0,0
36536,0,0,0,0,0,0
36537,0,0,0,0,0,0
36538,0,0,0,0,0,0
36539,0,0,0,0,0,0
36540,0,0,0,0,0,0
36541,0,0,0,0,0,0
36542,0,0,0,0,0,0
36543,0,0,0,0,0,0
36544,0,0,0,0,0,0
36545,0,0,0,0,0,0
36546,0,0,0,0,0,0
36547,0,0,0,0,0,0
36548,0,0,0,0,0,0
36549,0,0,0,0,0,0
36550,4,0,0,0,0,0
36551,8,0,0,0,0,0
36552,0,0,0,0,0,0
36553,0,0,0,0,0,0
36554,0,0,0,0,0,0
36555,0,0,0,0,0,0
36556,0,0,0,0,0,0
36557,0,0,0,0,0,0
36558,0,0,0,0,0,0
36559,0,0,0,0,0,0
36560,0,0,0,0,0,0
36561,0,0,0,0,0,0
36562,0,0,0,0,0,0
36563,0,0,0,0,0,0
36564,0,0,0,0,0,0
36565,0,0,0,0,0,0
36566,0,0,0,0,0,0
36567,0,0,0,0,0,0
36568,0,0,0,0,0,0
36569,0,0,0,6,0,0
36570,0,0,0,0,0,0
36571,0,0,0,0,0,0
36572,0,0,0,0,0,0
36573,0,0,0,0,0,0
36574,0,0,0,0,0,0
36575,0,0,0,0,0,0
36576,0,0,0,0,0,0
36577,0,0,0,0,0,0
36578,0,0,0,0,0,0
36579,0,0,0,0,0,0
36580,0,0,0,0,0,0
36581,0,0,0,0,0,0
36582,0,0,0,0,0,0
36583,0,0,0,0,0,0
36584,0,0,0,0,0,0
36585,0,0,0,0,0,0
36586,0,0,0,0,17,0
36587,0,0,0,0,0,0
36588,0,0,0,0,0,0
36589,0,0,0,0,0,0
36590,0,0,0,0,0,0
36591,0,0,0,0,0,0
36592,0,0,0,0,0,0
36593,4,0,0,0,15,0
36594,0,0,0,0,0,0
36595,0,0,0,0,0,0
36596,0,0,0,0,1,0
36597,0,0,0,0,0,0
36598,0,0,0,0,2,0
36599,0,0,0,0,0,0
36600,0,0,0,0,1,0
36601,0,0,0,0,0,0
36602,0,0,0,0,0,0
36603,0,0,0,0,0,0
36604,0,0,0,0,0,0
36605,0,0,0,0,0,0
36606,0,0,0,0,0,0
36607,0,0,0,0,1,0
36608,0,0,0,0,0,0
36609,0,0,0,0,0,0
36610,0,0,0,0,0,0
36611,0,0,0,0,0,0
36612,0,0,0,0,0,0
36613,0,0,0,0,0,0
36614,0,0,0,0,0,0
36615,0,0,0,0,0,0
36616,0,0,0,0,11,0
36617,0,0,0,0,0,0
36618,0,12,0,0,0,0
36619,0,486,0,0,0,0
36620,0,981,0,0,3,0
36621,0,2040,0,0,0,0
36622,85,2626,0,0,2,0
36623,248,2516,0,0,31,0
36624,433,1852,3,1,0,0
36625,622,1119,0,1,0,0
36626,751,1156,0,0,0,0
36627,770,2080,0,0,0,0
36628,691,3276,0,0,0,0
36629,484,4719,0,0,0,0
36630,341,5601,0,0,0,0
36631,515,5228,2,1,4,0
36632,674,3189,15,0,0,0
36633,822,1615,17,0,0,0
36634,782,1386,2,0,0,0
36635,515,1857,9,0,0,0
36636,177,2173,19,0,0,0
36637,0,976,13,0,0,0
36638,0,19,0,0,0,0
36639,0,81,0,0,0,0
36640,0,14,0,1,2,0
36641,0,143,0,29,0,0
36642,0,260,0,0,0,0
36643,77,286,0,0,0,0
36644,288,338,0,0,0,0
36645,432,1038,0,0,0,0
36646,586,1424,0,4,2,0
36647,692,652,0,1,6,0
36648,656,655,0,0,8,0
36649,605,691,0,5,25,0
36650,588,1343,0,16,29,0
36651,520,2569,0,97,14,0
36652,450,3320,2,100,3,0
36653,366,3794,18,62,145,0
36654,435,3116,6,0,9,0
36655,502,1432,3,39,19,0
36656,527,864,0,143,118,0
36657,538,956,0,45,40,0
36658,501,1043,0,83,113,0
36659,374,1469,0,0,25,0
36660,138,1663,0,0,1,0
36661,30,1234,0,52,317,0
36662,4,837,1,5,53,0
36663,0,674,0,49,223,0
36664,0,273,0,0,35,0
36665,0,464,0,7,7,0
36666,0,579,0,19,25,0
36667,2,397,0,76,55,0
36668,0,72,0,308,502,0
36669,6,269,0,85,182,0
36670,7,424,0,64,167,0
36671,51,387,0,3,6,0
36672,49,703,0,24,16,0
36673,29,268,0,166,330,0
36674,66,140,0,6,126,0
36675,113,4,0,47,258,0
36676,122,18,0,21,51,0
36677,130,69,0,17,14,0
36678,164,70,0,75,191,0
36679,124,125,0,0,2,0
36680,106,379,0,0,11,0
36681,143,645,0,0,34,0
36682,87,1178,2,0,1,0
36683,23,1160,6,26,149,0
36684,0,1042,18,0,0,0
36685,0,891,16,12,4,0
36686,0,443,27,81,266,0
36687,13,402,0,0,10,0
36688,5,304,16,8,68,0
36689,34,253,12,1,47,0
36690,11,193,1,0,60,0
36691,38,153,1,79,468,2
36692,108,379,0,1,327,0
36693,142,320,0,3,201,0
36694,116,373,0,14,94,0
36695,116,269,0,1,65,0
36696,121,366,12,72,462,0
36697,77,529,13,0,224,0
36698,75,592,20,74,468,0
36699,39,441,15,0,55,0
36700,36,281,7,8,77,0
36701,2,262,0,0,6,0
36702,0,551,6,0,65,0
36703,0,664,22,0,10,0
36704,0,378,0,0,15,0
36705,0,276,0,0,0,0
36706,0,105,0,1,15,0
36707,0,130,0,0,0,0
36708,0,97,0,4,1,0
36709,5,1,0,0,0,0
36710,0,3,0,0,0,0
36711,0,0,0,0,0,0
36712,0,7,0,0,0,0
36713,2,63,0,0,0,0
36714,0,2,0,0,0,0
36715,0,0,0,0,0,0
36716,0,0,0,0,0,0
36717,0,0,0,0,0,0
36718,0,0,0,1,8,0
36719,0,0,0,0,0,0
36720,0,0,0,0,1,0
36721,0,0,0,0,0,0
36722,0,0,0,0,14,0
36723,0,0,0,0,21,0
36724,0,0,0,0,2,0
36725,0,0,0,0,11,0
36726,0,0,0,0,0,0
36727,0,0,0,0,0,0
36728,0,0,0,0,4,0
36729,0,0,0,0,7,0
36730,2,0,0,0,3,0
36731,0,0,0,0,2,0
36732,0,0,0,0,0,0
36733,0,0,0,0,0,0
36734,0,0,0,6,7,0
36735,0,0,0,0,12,0
36736,0,0,0,0,0,0
36737,0,0,0,0,0,0
36738,0,0,0,0,3,0
36739,0,0,0,0,13,0
36740,0,0,0,0,6,0
36741,0,0,0,0,5,0
36742,0,0,0,0,13,0
36743,0,0,0,0,0,0
36744,0,0,0,0,0,0
36745,0,0,0,0,5,0
36746,0,0,0,0,31,0
36747,0,0,0,0,20,0
36748,0,0,0,0,17,0
36749,0,0,0,0,0,0
36750,0,0,0,0,0,0
36751,0,0,0,0,0,0
36752,0,0,0,0,7,0
36753,5,0,0,0,40,0
36754,0,0,0,0,104,0
36755,4,0,0,0,122,0
36756,22,41,0,0,29,0
36757,29,157,0,11,53,0
36758,17,276,0,0,113,0
36759,0,390,38,0,57,0
36760,0,785,50,0,21,0
36761,0,1234,14,0,3,0
36762,0,1399,70,0,2,0
36763,0,1576,137,0,0,0
36764,0,1355,155,0,0,0
36765,0,1322,107,0,0,0
36766,0,1553,158,0,0,0
36767,0,1958,129,0,0,0
36768,0,2498,149,0,2,0
36769,4,2499,87,0,0,0
36770,0,2369,74,0,0,0
36771,0,2429,84,0,0,0
36772,0,2194,71,0,0,0
36773,0,2569,74,0,0,0
36774,0,3112,8,0,0,0
36775,0,3327,0,0,0,0
36776,0,3278,2,0,0,0
36777,0,3445,5,0,0,0
36778,0,3822,3,0,0,0
36779,0,3907,15,0,0,0
36780,0,3630,3,0,0,0
36781,0,3070,0,1,11,0
36782,0,2187,0,0,0,0
36783,0,1590,0,0,0,0
36784,0,1961,0,0,0,0
36785,0,2034,0,0,0,0
36786,0,1854,0,0,0,0
36787,0,1535,0,0,0,0
36788,0,1412,0,0,0,0
36789,0,1518,0,0,0,0
36790,0,1468,0,0,0,0
36791,0,874,0,0,0,0
36792,0,589,0,0,0,0
36793,0,442,0,0,0,0
36794,0,731,0,0,0,0
36795,0,1682,0,0,0,0
36796,0,2411,0,0,0,0
36797,0,2865,0,0,0,0
36798,0,2908,0,0,0,0
36799,0,2882,24,0,0,0
36800,0,2737,192,0,0,0
36801,0,2569,229,0,0,0
36802,0,2141,515,0,0,0
36803,0,1243,43,0,1,0
36804,0,135,6,0,4,0
36805,0,340,3,2,2,0
36806,0,115,0,10,21,0
36807,0,691,15,0,0,0
36808,0,373,6,0,0,0
36809,0,0,0,0,0,0
36810,0,0,0,0,0,0
36811,0,12,0,1,3,0
36812,0,1,0,0,0,0
36813,0,0,0,0,0,0
36814,0,0,0,0,0,0
36815,0,3,0,0,0,0
36816,0,0,0,0,0,0
36817,0,0,0,0,0,0
36818,0,0,0,0,0,0
36819,0,0,0,0,0,0
36820,0,0,0,0,0,0
36821,0,0,0,0,0,0
36822,0,0,0,0,0,0
36823,0,0,0,0,0,0
36824,0,0,0,0,0,0
36825,0,0,0,0,0,0
36826,0,0,0,0,0,0
36827,0,0,0,0,0,0
36828,0,0,0,0,0,0
36829,0,0,0,0,0,0
36830,0,0,0,0,0,0
36831,0,0,0,0,0,0
36832,0,0,0,0,0,0
36833,0,19,0,2,0,0
36834,0,30,0,0,0,0
36835,0,130,0,0,0,0
36836,0,294,0,0,0,0
36837,0,458,0,0,0,0
36838,0,368,0,0,0,0
36839,0,264,0,0,0,0
36840,0,205,0,0,0,0
36841,0,180,0,0,0,0
36842,0,208,0,0,0,0
36843,0,355,0,0,0,0
36844,0,414,0,0,0,0
36845,0,270,0,0,0,0
36846,0,398,0,0,0,0
36847,0,744,0,0,0,0
36848,0,579,0,0,0,0
36849,0,944,0,0,0,0
36850,0,2594,0,0,0,0
36851,0,3947,9,0,0,0
36852,0,4793,21,0,0,0
36853,2,5203,161,0,0,0
36854,0,5678,266,2,1,0
36855,0,5833,300,0,0,0
36856,0,6777,453,6,15,0
36857,0,7777,453,0,0,0
36858,4,8547,88,0,0,0
36859,8,8673,4,0,0,0
36860,0,8437,18,0,0,0
36861,0,7645,13,0,0,0
36862,0,6503,0,0,0,0
36863,0,4703,0,0,0,0
36864,0,3495,0,0,0,0
36865,0,3629,0,0,0,0
36866,0,4642,1,0,0,0
36867,0,5389,4,0,0,0
36868,0,5827,0,0,0,0
36869,0,5729,35,0,0,0
36870,0,5359,8,0,0,0
36871,0,6925,31,0,0,0
36872,0,7764,0,0,0,0
36873,0,7880,0,0,0,0
36874,0,7592,0,0,0,0
36875,0,7034,0,0,0,0
36876,0,6148,0,0,0,0
36877,0,5425,0,0,0,0
36878,0,4855,0,0,0,0
36879,0,4627,0,0,0,0
36880,0,4259,0,2,1,0
36881,0,3603,0,0,9,0
36882,0,2691,0,10,4,0
36883,0,1571,0,0,0,0
36884,0,838,0,0,0,0
36885,0,319,0,0,0,0
36886,0,402,0,0,1,0
36887,0,413,0,0,0,0
36888,0,282,0,0,0,0
36889,0,215,0,6,0,0
36890,0,336,0,3,1,0
36891,0,394,0,1,0,0
36892,0,299,0,0,0,0
36893,0,421,0,0,0,0
36894,0,426,0,0,0,0
36895,0,559,0,0,0,0
36896,0,656,0,0,0,0
36897,0,466,0,0,0,0
36898,0,394,0,0,0,0
36899,0,388,0,0,0,0
36900,0,363,0,0,0,0
36901,0,362,0,6,1,0
36902,0,258,0,0,2,0
36903,0,172,0,0,0,0
36904,0,23,0,0,0,0
36905,0,3,0,0,0,0
36906,0,4,0,0,0,0
36907,0,5,0,0,0,0
36908,0,26,0,0,0,0
36909,0,8,0,0,0,0
36910,0,24,0,0,0,0
36911,0,49,0,0,0,0
36912,0,121,0,0,0,0
36913,0,70,0,0,0,0
36914,0,283,0,0,0,0
36915,0,596,0,0,0,0
36916,0,1335,0,0,0,0
36917,0,2375,0,0,0,0
36918,4,3418,0,0,0,0
36919,6,4721,0,0,0,0
36920,5,5758,2,0,0,0
36921,0,6034,0,0,0,0
36922,0,5489,0,0,0,0
36923,0,4375,0,0,0,0
36924,0,2460,0,0,0,0
36925,0,1962,0,0,0,0
36926,0,4043,0,0,0,0
36927,0,5762,30,0,0,0
36928,0,4924,0,0,0,0
36929,0,6842,0,0,0,0
36930,0,7847,0,0,0,0
36931,0,6462,0,0,0,0
36932,0,4142,0,0,0,0
36933,0,1591,0,0,0,0
36934,0,2663,0,0,0,0
36935,0,4584,0,0,0,0
36936,0,6929,0,0,0,0
36937,0,6912,0,0,0,0
36938,0,5939,0,0,0,0
36939,0,4056,0,0,0,0
36940,0,4271,0,0,0,0
36941,0,6212,0,0,0,0
36942,0,6919,0,0,0,0
36943,0,6889,10,0,0,0
36944,0,6440,2,0,0,0
36945,0,5813,6,0,0,0
36946,0,5463,1,2,19,0
36947,0,4936,0,0,0,0
36948,0,3730,0,0,0,0
36949,0,3606,0,0,0,0
36950,0,2482,0,0,0,0
36951,0,1845,0,0,0,0
36952,0,1371,0,0,0,0
36953,0,467,0,0,0,0
36954,0,327,0,0,0,0
36955,0,818,0,0,0,0
36956,0,1460,0,0,0,0
36957,0,1975,0,0,0,0
36958,0,2691,0,0,0,0
36959,0,3257,0,0,0,0
36960,0,3981,0,0,0,0
36961,4,3870,0,0,1,0
36962,0,3230,0,0,0,0
36963,0,2605,0,0,0,0
36964,0,2897,0,0,0,0
36965,0,2406,0,0,0,0
36966,0,2119,0,0,0,0
36967,0,2033,0,0,0,0
36968,0,1867,0,0,0,0
36969,0,1486,0,0,0,0
36970,6,1233,0,0,0,0
36971,18,586,0,0,0,0
36972,22,51,0,0,0,0
36973,23,0,0,0,0,0
36974,6,0,0,0,2,0
36975,4,113,0,0,0,0
36976,0,316,0,0,0,0
36977,0,229,0,0,0,0
36978,0,4,0,0,0,0
36979,0,0,0,0,0,0
36980,0,3,0,0,0,0
36981,0,17,0,0,0,0
36982,0,32,0,0,0,0
36983,0,126,0,0,0,0
36984,0,336,0,0,0,0
36985,0,473,0,0,0,0
36986,0,468,0,0,0,0
36987,0,239,0,0,0,0
36988,0,106,0,0,0,0
36989,0,31,0,0,0,0
36990,0,1,0,0,0,0
36991,4,0,0,0,0,0
36992,0,0,0,0,0,0
36993,0,0,0,0,0,0
36994,0,0,0,0,0,0
36995,0,0,0,0,0,0
36996,0,66,0,0,0,0
36997,2,683,0,0,0,0
36998,0,1399,0,0,0,0
36999,13,1538,0,0,0,0
37000,3,1094,0,0,0,0
37001,8,827,0,0,0,0
37002,0,378,0,0,0,0
37003,0,356,0,0,0,0
37004,0,673,0,0,0,0
37005,0,1612,0,0,0,0
37006,0,2641,0,0,0,0
37007,0,3727,0,0,0,0
37008,0,4423,0,0,0,0
37009,0,3510,0,0,0,0
37010,0,984,0,0,0,0
37011,0,865,0,0,0,0
37012,0,2004,0,0,0,0
37013,0,2814,0,0,0,0
37014,15,2759,0,0,0,0
37015,0,2157,0,0,0,0
37016,0,1826,0,0,0,0
37017,0,1123,0,0,0,0
37018,0,707,0,0,0,0
37019,0,327,0,0,0,0
37020,4,224,0,0,0,0
37021,11,196,0,0,0,0
37022,30,208,0,0,1,0
37023,38,186,0,0,0,0
37024,62,137,0,0,0,0
37025,134,228,0,0,0,0
37026,160,379,0,0,0,0
37027,233,272,0,0,0,0
37028,358,23,0,0,0,0
37029,409,24,0,0,0,0
37030,272,714,0,0,0,0
37031,58,2840,0,0,2,0
37032,118,5482,0,0,3,0
37033,258,7589,0,0,0,0
37034,242,11595,0,0,0,0
37035,140,15209,0,0,0,0
37036,68,17674,0,0,0,0
37037,11,18779,0,0,0,0
37038,6,18614,0,0,0,0
37039,16,17463,0,0,0,0
37040,20,15271,0,0,2,0
37041,0,12946,0,0,0,0
37042,0,9756,20,0,3,0
37043,0,5873,3,0,0,0
37044,0,2457,0,0,0,0
37045,0,823,0,0,0,0
37046,0,310,0,0,0,0
37047,0,1177,0,0,0,0
37048,0,1549,0,0,0,0
37049,0,1832,0,0,0,0
37050,0,1940,0,0,0,0
37051,0,2303,0,0,2,0
37052,0,3240,0,0,0,0
37053,0,4916,0,0,0,0
37054,0,7065,0,0,0,0
37055,0,9641,0,0,0,0
37056,0,11407,0,0,0,0
37057,0,12531,0,17,0,0
37058,5,12010,0,0,0,0
37059,7,9563,0,0,0,0
37060,16,7097,0,0,0,0
37061,20,4660,0,0,7,0
37062,15,2639,0,0,1,0
37063,9,1599,0,0,0,0
37064,0,3106,0,0,0,0
37065,0,3746,0,0,0,0
37066,0,1619,0,0,19,0
37067,9,405,0,0,0,0
37068,23,1968,0,0,2,0
37069,21,2551,0,0,1,0
37070,7,1837,0,0,0,0
37071,0,677,0,0,0,0
37072,3,18,0,0,0,0
37073,1,1200,0,0,0,0
37074,0,4574,0,0,0,0
37075,3,7501,0,0,0,0
37076,0,7727,0,0,0,0
37077,0,4465,0,0,0,0
37078,0,1256,0,0,0,0
37079,0,1200,0,0,0,0
37080,0,1827,0,0,0,0
37081,0,1813,0,0,0,0
37082,0,1400,0,0,0,0
37083,0,713,0,0,0,0
37084,0,0,0,0,0,0
37085,0,749,0,0,0,0
37086,0,1731,0,0,0,0
37087,0,2217,0,0,0,0
37088,0,2109,0,0,0,0
37089,0,1545,0,0,0,0
37090,0,832,0,0,0,0
37091,0,354,0,0,0,0
37092,0,224,0,0,0,0
37093,0,446,0,0,0,0
37094,0,1256,0,0,0,0
37095,0,2217,0,0,0,0
37096,0,3378,0,0,0,0
37097,0,4823,0,0,2,0
37098,0,4558,0,0,0,0
37099,0,3093,0,0,0,0
37100,0,321,0,0,0,0
37101,0,1875,0,0,0,0
37102,0,2555,0,0,0,0
37103,0,1761,0,0,0,0
37104,0,617,0,0,0,0
37105,0,108,0,0,0,0
37106,0,372,0,0,0,0
37107,0,164,0,0,0,0
37108,0,22,0,0,0,0
37109,0,105,0,0,0,0
37110,0,146,0,0,0,0
37111,0,87,0,0,0,0
37112,0,10,0,0,0,0
37113,0,0,0,0,0,0
37114,0,3,0,0,0,0
37115,0,90,0,0,0,0
37116,0,184,0,0,0,0
37117,0,284,0,0,0,0
37118,0,259,0,0,19,0
37119,0,221,0,0,0,0
37120,0,113,0,0,0,0
37121,0,141,0,0,0,0
37122,0,197,0,0,0,0
37123,0,246,0,0,0,0
37124,0,177,0,0,9,0
37125,0,39,0,0,0,0
37126,0,446,0,2,1,0
37127,0,1284,0,0,0,0
37128,0,1778,0,0,1,0
37129,0,1354,0,0,0,0
37130,0,710,0,0,0,0
37131,0,468,0,0,0,0
37132,0,470,0,0,0,0
37133,0,537,0,0,0,0
37134,0,521,0,0,0,0
37135,0,261,0,0,0,0
37136,0,73,0,0,0,0
37137,0,30,0,0,0,0
37138,0,36,0,0,0,0
37139,0,38,0,0,0,0
37140,0,8,0,0,0,0
37141,0,59,0,0,0,0
37142,0,299,0,0,0,0
37143,0,538,0,0,0,0
37144,0,737,0,0,0,0
37145,0,785,0,0,0,0
37146,0,504,0,0,0,0
37147,0,81,0,0,0,0
37148,0,0,0,0,4,0
37149,0,0,0,0,0,0
37150,0,0,0,0,0,0
37151,0,0,0,0,0,0
37152,0,22,0,0,0,0
37153,0,8,0,0,0,0
37154,0,0,0,0,9,0
37155,0,0,0,0,0,0
37156,0,0,0,4,5,0
37157,0,155,0,0,0,0
37158,0,584,0,0,0,0
37159,0,1117,0,0,0,0
37160,0,1440,0,0,0,0
37161,0,1460,0,0,0,0
37162,0,846,0,0,0,0
37163,0,307,0,0,0,0
37164,0,920,0,0,0,0
37165,0,1520,0,0,1,0
37166,0,1912,0,0,2,0
37167,0,2292,0,0,0,0
37168,0,2425,0,4,0,0
37169,0,2666,0,0,0,0
37170,0,2712,0,0,0,0
37171,0,2414,0,1,0,0
37172,0,1885,0,0,0,0
37173,0,1103,0,0,1,0
37174,0,48,0,0,1,0
37175,0,11,0,0,0,0
37176,0,0,0,0,0,0
37177,0,0,0,0,0,0
37178,0,72,0,0,0,0
37179,0,323,0,4,0,0
37180,0,475,0,0,2,0
37181,0,277,0,0,48,0
37182,0,29,0,31,2,0
37183,0,72,0,31,6,0
37184,0,13,0,10,10,0
37185,0,1,0,0,2,0
37186,0,5,0,0,1,0
37187,0,19,0,16,44,0
37188,0,0,0,12,47,0
37189,0,0,0,0,14,0
37190,0,0,0,0,1,0
37191,0,0,0,0,5,0
37192,0,0,0,0,5,0
37193,0,0,0,0,10,0
37194,0,0,0,14,19,0
37195,0,1,0,23,19,0
37196,0,0,0,0,76,0
37197,0,11,0,0,6,0
37198,0,73,0,0,0,0
37199,0,206,0,3,0,0
37200,0,414,0,0,3,0
37201,0,796,0,0,8,0
37202,0,958,0,0,6,0
37203,0,1044,0,0,0,0
37204,0,690,0,0,0,0
37205,0,85,0,0,0,0
37206,0,95,0,0,0,0
37207,0,651,0,0,4,0
37208,0,796,0,0,0,0
37209,0,552,0,0,2,0
37210,0,203,0,0,5,0
37211,0,140,0,0,69,0
37212,0,126,0,0,6,0
37213,0,47,0,0,4,0
37214,0,0,0,0,56,0
37215,0,77,0,0,7,0
37216,0,1067,0,0,12,0
37217,0,1870,0,1,11,0
37218,0,2028,0,0,1,0
37219,0,1427,0,0,3,0
37220,0,1131,0,0,49,0
37221,0,2859,0,0,3,0
37222,0,4450,1,1,2,0
37223,0,4244,0,0,47,0
37224,0,3543,0,18,1,0
37225,0,2899,0,0,0,0
37226,0,1826,0,0,0,0
37227,0,801,0,0,0,0
37228,0,566,0,0,0,0
37229,0,450,0,0,0,0
37230,0,813,0,0,0,0
37231,0,1402,0,0,0,0
37232,0,1843,0,0,0,0
37233,0,2045,0,0,0,0
37234,0,2266,0,0,1,0
37235,0,2374,0,0,0,0
37236,0,2389,0,0,0,0
37237,0,2336,1,0,0,0
37238,0,2307,0,0,0,0
37239,0,1970,0,0,0,0
37240,0,1430,3,0,0,0
37241,0,614,0,0,0,0
37242,0,0,0,0,0,0
37243,0,85,0,0,0,0
37244,0,215,0,0,0,0
37245,0,220,0,0,0,0
37246,0,219,0,0,2,0
37247,0,345,0,0,0,0
37248,0,735,0,0,0,0
37249,9,1680,0,0,0,0
37250,33,3017,526,0,0,0
37251,41,3791,917,0,0,0
37252,32,3495,440,0,0,0
37253,16,2031,8,0,0,0
37254,0,1089,0,0,0,0
37255,0,638,0,0,0,0
37256,0,2288,3,0,0,0
37257,0,3639,238,0,0,0
37258,3,3565,469,0,0,0
37259,4,2926,44,0,0,0
37260,0,2014,0,0,0,0
37261,71,192,0,0,0,0
37262,179,1667,0,0,11,0
37263,233,2375,0,0,2,0
37264,216,2790,0,0,2,0
37265,106,2947,0,0,5,0
37266,11,2299,0,0,0,0
37267,0,1627,0,0,0,0
37268,0,4058,5,0,0,0
37269,0,5330,308,0,0,0
37270,10,3895,11,0,0,0
37271,109,2156,0,0,0,0
37272,306,4312,2,0,0,0
37273,220,4546,3,0,0,0
37274,18,3899,5,0,0,0
37275,0,2128,0,0,0,0
37276,17,2338,0,0,0,0
37277,206,4766,55,0,0,0
37278,242,6426,207,0,0,0
37279,172,6598,263,0,0,0
37280,149,5491,814,0,0,0
37281,94,3971,1205,0,0,0
37282,101,3422,705,0,0,0
37283,84,2890,171,0,0,0
37284,110,2231,9,0,0,0
37285,108,1569,13,0,0,0
37286,74,1196,12,0,0,0
37287,22,826,0,0,0,0
37288,0,806,0,0,0,0
37289,2,854,0,0,7,0
37290,0,847,0,0,0,0
37291,6,593,0,0,5,0
37292,2,575,0,0,4,0
37293,0,166,0,0,0,0
37294,0,126,0,0,0,0
37295,0,74,0,0,0,0
37296,0,31,0,0,0,0
37297,0,56,0,0,0,0
37298,0,133,0,0,0,0
37299,0,189,0,0,0,2
37300,0,187,0,0,0,0
37301,0,240,0,0,0,0
37302,0,185,0,0,0,0
37303,0,181,0,1,3,0
37304,0,247,0,0,0,0
37305,0,270,0,6,1,0
37306,0,228,0,0,0,0
37307,0,239,0,0,0,0
37308,0,103,0,0,0,0
37309,0,2,0,0,0,0
37310,0,42,0,2,0,0
37311,0,429,0,0,0,0
37312,0,584,0,2,0,0
37313,0,425,0,0,0,0
37314,0,139,0,0,0,0
37315,0,4,0,10,0,0
37316,0,15,0,0,0,0
37317,0,8,0,2,1,0
37318,0,57,0,0,6,0
37319,0,97,0,0,37,0
37320,0,85,0,0,2,0
37321,0,47,0,4,28,0
37322,0,17,0,0,1,0
37323,0,20,0,0,3,0
37324,0,2,0,14,0,0
37325,0,27,0,4,0,0
37326,0,164,0,12,0,0
37327,0,101,0,0,0,0
37328,0,33,0,10,0,0
37329,0,17,0,26,0,0
37330,0,46,0,60,0,0
37331,0,66,0,49,0,0
37332,0,80,0,122,0,0
37333,0,40,0,93,13,0
37334,0,9,0,22,17,0
37335,0,43,0,23,1,0
37336,0,18,0,5,10,0
37337,0,21,0,0,0,0
37338,0,24,0,0,0,0
37339,0,7,0,2,17,0
37340,0,0,0,39,149,0
37341,0,0,0,0,52,0
37342,0,0,0,12,38,0
37343,0,0,0,9,11,0
37344,0,0,0,9,0,0
37345,0,8,0,16,0,0
37346,0,48,0,48,7,0
37347,0,181,0,51,0,0
37348,5,313,0,19,15,0
37349,0,404,0,23,0,0
37350,6,395,0,45,5,0
37351,17,501,0,24,0,0
37352,33,470,0,14,0,0
37353,28,429,0,8,0,0
37354,6,397,0,18,0,0
37355,0,270,0,13,0,0
37356,0,209,0,1,0,0
37357,0,454,0,0,3,0
37358,0,426,0,0,2,0
37359,0,292,0,4,0,0
37360,0,349,0,6,0,0
37361,0,287,0,15,0,0
37362,0,72,0,3,0,0
37363,0,0,0,0,0,0
37364,0,0,0,5,0,0
37365,0,0,0,0,0,0
37366,0,141,0,1,0,0
37367,0,668,29,3,0,0
37368,0,1182,70,1,0,0
37369,20,1651,61,4,0,0
37370,16,1993,109,0,0,0
37371,0,1640,10,0,11,0
37372,0,352,0,0,106,0
37373,0,1542,32,31,103,0
37374,0,1156,15,0,83,0
37375,0,321,0,0,34,0
37376,0,502,0,0,13,0
37377,0,735,0,0,0,0
37378,0,263,0,0,0,0
37379,0,168,21,27,95,0
37380,0,168,0,0,32,0
37381,14,158,0,0,27,0
37382,14,64,0,0,11,0
37383,30,9,0,0,21,0
37384,25,20,0,0,8,0
37385,21,275,0,5,0,0
37386,8,385,0,0,0,0
37387,3,194,0,0,0,0
37388,0,2,0,5,0,0
37389,0,0,0,2,0,0
37390,0,292,0,0,0,0
37391,0,803,0,0,0,0
37392,0,664,0,0,0,0
37393,0,421,0,0,0,0
37394,0,88,0,1,18,0
37395,0,0,0,0,0,0
37396,0,0,0,0,0,0
37397,0,0,0,41,18,0
37398,0,0,0,77,11,0
37399,0,0,0,75,7,0
37400,0,0,0,141,13,0
37401,0,0,0,170,0,0
37402,0,0,0,182,0,0
37403,0,0,0,152,187,0
37404,0,0,0,149,296,0
37405,0,0,0,47,221,0
37406,0,0,0,18,91,0
37407,0,0,0,4,0,0
37408,0,0,0,0,9,0
37409,0,0,0,27,13,0
37410,0,0,0,166,233,0
37411,0,0,0,280,331,0
37412,0,0,0,125,279,0
37413,0,0,0,1,26,0
37414,0,0,0,0,0,0
37415,0,0,0,92,23,0
37416,0,0,0,176,230,0
37417,0,0,0,272,422,0
37418,0,0,0,116,162,0
37419,0,0,0,86,42,0
37420,0,0,0,41,0,0
37421,0,0,0,29,14,0
37422,0,0,0,85,144,0
37423,0,0,0,184,315,0
37424,0,0,0,213,339,0
37425,0,0,0,98,232,0
37426,0,0,0,12,14,0
37427,0,0,0,47,5,0
37428,0,0,0,146,58,0
37429,0,0,0,79,132,0
37430,0,0,0,28,186,0
37431,0,0,0,7,65,0
37432,0,0,0,4,2,0
37433,0,0,0,2,1,0
37434,0,0,0,0,0,0
37435,0,0,0,10,0,0
37436,0,0,0,44,31,0
37437,0,0,0,151,20,0
37438,0,0,0,152,4,0
37439,0,0,0,131,62,0
37440,0,0,0,42,0,0
37441,0,0,0,0,0,0
37442,0,0,0,0,0,0
37443,0,0,0,0,0,0
37444,0,0,0,2,0,0
37445,0,0,0,0,2,0
37446,0,0,0,4,0,0
37447,0,7,0,4,0,0
37448,0,22,0,4,0,0
37449,0,14,0,3,0,0
37450,0,8,0,0,0,0
37451,0,37,0,0,0,0
37452,0,30,0,0,0,0
37453,0,31,0,11,0,0
37454,0,39,0,0,0,0
37455,0,134,0,0,0,0
37456,0,78,0,7,0,0
37457,0,160,0,0,0,0
37458,0,298,0,0,0,0
37459,0,258,0,0,0,0
37460,0,50,0,0,9,0
37461,0,0,0,0,13,0
37462,0,0,0,0,0,0
37463,0,0,0,0,0,0
37464,0,0,0,0,0,0
37465,0,0,0,0,0,0
37466,0,2,0,0,2,0
37467,0,12,0,0,0,0
37468,0,242,0,0,0,0
37469,0,664,0,0,2,0
37470,0,834,0,11,3,0
37471,0,988,0,7,14,0
37472,0,923,0,0,0,0
37473,0,372,0,0,0,0
37474,0,46,0,0,0,0
37475,0,389,0,0,0,0
37476,0,700,0,0,0,0
37477,0,493,0,0,0,0
37478,0,211,0,0,3,0
37479,0,158,0,0,17,0
37480,0,313,0,0,7,0
37481,0,368,0,0,2,0
37482,0,451,0,0,20,0
37483,0,135,0,0,25,0
37484,0,100,0,0,0,0
37485,0,81,0,0,2,0
37486,0,90,0,0,27,0
37487,0,54,0,0,20,0
37488,0,18,0,0,119,0
37489,0,40,0,4,357,0
37490,0,145,0,0,358,0
37491,0,454,0,0,253,0
37492,0,765,0,0,71,0
37493,0,870,0,0,89,0
37494,6,1285,1,0,80,0
37495,0,2689,69,0,136,0
37496,3,4001,612,0,4,0
37497,0,5390,1618,0,0,0
37498,0,6364,2077,0,0,0
37499,0,7128,2042,0,0,0
37500,0,7514,1194,0,0,0
37501,0,7412,449,0,0,0
37502,0,6486,4,0,125,0
37503,0,5287,0,0,46,0
37504,0,4255,0,0,0,0
37505,0,2838,0,0,0,0
37506,0,1869,0,0,0,0
37507,0,1187,0,0,0,0
37508,0,685,0,0,11,0
37509,0,981,0,0,0,0
37510,0,1708,0,0,0,0
37511,0,2090,0,0,0,0
37512,0,2220,0,0,0,0
37513,0,2135,1,0,79,0
37514,0,1985,0,0,0,0
37515,0,1686,0,0,0,0
37516,0,1105,0,0,2,0
37517,0,445,0,0,0,0
37518,0,51,0,0,5,0
37519,0,13,0,0,0,0
37520,0,37,0,0,0,0
37521,0,54,0,0,0,0
37522,0,47,0,0,0,0
37523,0,52,0,0,34,0
37524,0,9,0,0,0,0
37525,0,240,0,0,0,0
37526,0,629,0,18,0,0
37527,0,1229,0,0,0,0
37528,0,1767,0,0,0,0
37529,0,2512,0,0,0,0
37530,0,3274,1,0,0,0
37531,5,3668,9,0,4,0
37532,34,3579,6,0,0,0
37533,62,2819,0,0,0,0
37534,102,1788,0,0,3,0
37535,127,525,0,8,0,0
37536,121,1215,0,0,1,0
37537,53,4025,0,0,0,0
37538,10,5734,0,0,0,0
37539,6,6982,51,0,0,0
37540,0,7128,205,0,0,0
37541,1,6598,301,0,0,0
37542,37,6149,211,0,3,0
37543,36,5503,356,0,1,0
37544,64,4804,454,0,15,0
37545,50,4495,126,0,0,0
37546,43,3737,0,0,11,0
37547,26,1450,0,0,0,0
37548,5,684,0,0,0,0
37549,14,374,0,0,9,0
37550,116,18,0,0,9,0
37551,94,362,0,0,0,0
37552,90,165,0,0,0,0
37553,28,297,0,0,0,0
37554,4,564,3,0,0,0
37555,0,815,60,0,0,0
37556,0,1245,52,0,0,0
37557,0,1656,28,2,0,0
37558,0,1736,3,0,2,0
37559,0,1459,3,0,43,0
37560,0,1010,0,0,59,0
37561,0,572,0,0,54,0
37562,0,1018,7,0,0,0
37563,0,1078,140,0,0,0
37564,0,831,95,0,0,0
37565,0,487,0,0,0,0
37566,0,1161,0,0,0,0
37567,0,2286,381,1,0,0
37568,0,3446,1267,0,11,0
37569,0,4825,1022,0,3,0
37570,0,5523,955,0,0,0
37571,0,4889,1376,0,1,0
37572,0,3837,574,0,0,0
37573,0,2217,4,0,0,0
37574,6,1247,0,0,0,0
37575,6,1468,0,0,0,0
37576,2,3219,43,0,0,3
37577,2,4929,444,0,0,0
37578,0,5283,51,0,0,0
37579,0,4291,663,0,0,0
37580,0,2595,316,0,0,0
37581,11,1924,28,0,0,0
37582,29,1396,0,0,0,0
37583,18,1270,0,0,0,0
37584,14,1199,0,0,0,0
37585,13,1013,0,0,0,0
37586,2,763,0,0,2,0
37587,0,475,0,0,0,0
37588,0,51,0,0,0,0
37589,0,99,0,0,0,0
37590,0,83,0,0,0,0
37591,0,74,0,0,0,0
37592,0,39,0,0,0,0
37593,0,51,0,0,0,0
37594,0,28,0,0,0,0
37595,0,0,0,0,0,0
37596,0,0,0,0,0,0
37597,0,0,0,0,0,0
37598,0,0,0,0,0,0
37599,0,0,0,0,0,0
37600,0,0,0,0,0,0
37601,0,15,0,0,13,0
37602,0,30,0,0,4,0
37603,0,30,0,0,9,0
37604,0,376,0,0,0,0
37605,0,980,0,0,0,0
37606,0,1493,0,0,0,0
37607,0,2021,15,0,0,0
37608,0,2214,20,0,0,0
37609,0,2239,11,0,0,0
37610,2,1646,88,0,0,0
37611,6,1232,27,0,0,0
37612,2,844,27,0,0,0
37613,2,891,49,0,2,0
37614,5,1180,0,0,0,0
37615,1,772,0,0,4,0
37616,0,200,0,0,8,0
37617,28,472,0,0,1,0
37618,20,600,8,0,0,0
37619,37,1045,70,0,6,0
37620,21,1235,51,0,0,0
37621,16,1192,28,0,8,0
37622,4,1122,24,0,0,0
37623,0,844,2,0,0,0
37624,0,841,0,0,0,0
37625,0,928,0,1,0,0
37626,0,739,2,0,0,0
37627,0,1117,80,0,0,0
37628,0,1938,76,0,0,0
37629,0,1377,55,0,0,0
37630,0,745,1,0,0,0
37631,0,538,1,0,0,0
37632,0,888,0,0,0,0
37633,4,750,0,0,0,0
37634,10,634,0,0,0,0
37635,0,236,0,0,0,0
37636,2,180,0,0,9,0
37637,0,508,0,0,2,0
37638,0,661,0,0,0,0
37639,0,674,0,0,0,0
37640,0,732,0,0,0,0
37641,0,784,2,0,0,0
37642,0,908,14,0,1,0
37643,0,931,22,1,0,0
37644,0,824,0,0,0,0
37645,0,339,0,0,0,0
37646,0,159,0,0,0,0
37647,0,199,0,0,0,0
37648,0,30,0,0,0,0
37649,0,298,0,0,0,0
37650,0,112,0,0,0,0
37651,0,0,0,0,0,0
37652,0,62,0,0,0,0
37653,0,0,0,0,0,0
37654,0,25,0,0,0,0
37655,0,4,0,0,0,0
37656,0,0,0,0,0,0
37657,0,0,0,0,0,0
37658,0,0,0,0,0,0
37659,0,0,0,0,0,0
37660,0,0,0,0,0,0
37661,0,0,0,0,14,0
37662,0,0,0,0,11,0
37663,0,0,0,0,34,0
37664,0,0,0,0,50,0
37665,0,0,0,0,34,0
37666,0,0,0,0,13,0
37667,0,0,0,0,4,0
37668,0,0,0,0,0,0
37669,0,0,0,0,0,0
37670,0,0,0,0,0,0
37671,0,0,0,0,0,0
37672,0,0,0,1,0,0
37673,0,0,0,0,0,0
37674,0,0,0,0,9,0
37675,0,0,0,13,0,0
37676,0,0,0,25,4,0
37677,0,0,0,84,0,0
37678,0,0,0,99,0,0
37679,0,0,0,117,0,0
37680,0,0,0,37,0,0
37681,0,0,0,15,5,0
37682,0,0,0,1,0,0
37683,0,0,0,0,0,0
37684,0,0,0,0,0,0
37685,0,0,0,0,0,0
37686,0,0,0,0,0,0
37687,0,0,0,0,0,0
37688,0,0,0,0,0,0
37689,0,0,0,0,0,0
37690,0,0,0,0,0,0
37691,0,0,0,0,0,0
37692,0,0,0,0,0,0
37693,0,0,0,0,0,0
37694,0,0,0,0,0,0
37695,0,0,0,0,0,0
37696,0,0,0,0,0,0
37697,0,0,0,0,2,0
37698,0,0,0,0,5,0
37699,11,295,0,0,1,0
37700,0,790,0,0,1,0
37701,0,1092,207,0,1,0
37702,0,1751,368,0,20,0
37703,0,3014,417,0,15,0
37704,0,3872,204,0,5,0
37705,0,4067,5,0,0,0
37706,15,3813,283,0,5,0
37707,63,4067,411,0,1,0
37708,167,4830,252,0,0,0
37709,286,5479,179,0,0,0
37710,390,5641,39,0,3,0
37711,458,5384,0,0,0,0
37712,455,3813,0,0,1,0
37713,415,1609,0,0,2,0
37714,417,94,0,0,0,0
37715,333,1882,0,0,4,0
37716,309,4926,0,0,0,0
37717,214,6442,0,0,0,0
37718,35,4864,0,0,0,0
37719,0,476,0,0,0,0
37720,7,238,0,0,0,0
37721,45,307,0,0,9,0
37722,72,120,0,0,0,0
37723,34,124,0,0,0,0
37724,0,574,0,0,0,0
37725,0,327,0,0,0,0
37726,0,234,0,0,2,0
37727,0,181,0,0,0,0
37728,0,244,0,0,0,0
37729,0,263,0,0,0,0
37730,0,43,0,0,0,0
37731,0,3,0,0,0,0
37732,0,2,0,0,0,0
37733,0,0,0,0,0,0
37734,0,0,0,0,0,0
37735,0,0,0,0,0,0
37736,2,0,0,0,0,0
37737,0,31,0,0,0,0
37738,29,257,0,0,0,0
37739,83,886,0,0,0,0
37740,82,2200,0,0,0,0
37741,150,3895,0,0,0,0
37742,122,4159,0,0,0,0
37743,155,3032,0,0,0,0
37744,122,300,0,0,0,0
37745,173,70,0,0,0,0
37746,168,2947,0,0,0,0
37747,202,3962,0,0,0,0
37748,163,1870,0,0,0,0
37749,120,508,0,0,0,0
37750,53,156,0,0,0,0
37751,7,12,0,0,0,0
37752,0,40,0,0,0,0
37753,0,24,0,0,0,0
37754,0,53,0,0,0,0
37755,0,23,0,0,0,0
37756,0,0,0,0,10,0
37757,0,0,0,0,3,0
37758,0,0,0,0,0,0
37759,0,0,0,0,0,0
37760,0,6,0,0,1,0
37761,0,7,0,0,0,0
37762,0,0,0,0,3,0
37763,0,0,0,0,0,0
37764,0,0,0,0,0,0
37765,0,0,0,0,0,0
37766,0,0,0,0,0,0
37767,0,0,0,0,0,0
37768,0,0,0,0,3,0
37769,0,0,0,0,0,0
37770,0,6,0,2,0,0
37771,0,0,0,0,0,0
37772,2,0,0,0,0,0
37773,0,115,0,0,0,0
37774,0,441,0,0,0,0
37775,0,572,0,0,0,0
37776,0,439,0,0,0,0
37777,0,107,0,0,0,0
37778,0,2,0,0,0,0
37779,0,68,0,0,0,0
37780,0,367,0,0,0,0
37781,0,730,0,0,0,0
37782,0,610,0,0,0,0
37783,0,516,0,0,0,0
37784,0,279,0,0,0,0
37785,0,68,0,0,0,0
37786,0,0,0,1,0,0
37787,0,0,0,2,0,0
37788,0,33,0,0,0,0
37789,0,143,0,2,9,0
37790,0,194,0,34,103,0
37791,0,246,0,0,0,0
37792,0,379,0,0,2,0
37793,0,475,0,1,0,0
37794,0,422,0,0,0,0
37795,0,446,0,10,0,0
37796,0,460,0,10,0,0
37797,0,428,0,44,2,0
37798,0,269,0,88,0,0
37799,0,4,0,93,0,0
37800,0,826,0,74,0,0
37801,0,5309,0,104,0,0
37802,0,8638,0,25,0,0
37803,0,10210,128,20,0,0
37804,0,9417,381,21,0,0
37805,0,7382,529,16,0,0
37806,0,5184,420,10,0,0
37807,24,3581,64,0,0,0
37808,4,2366,24,0,0,0
37809,0,1342,5,0,0,0
37810,2,723,0,0,0,0
37811,0,153,0,0,27,0
37812,0,115,0,0,9,0
37813,0,314,0,0,15,0
37814,0,399,0,0,21,0
37815,0,389,0,0,9,0
37816,0,258,0,0,0,0
37817,0,151,0,0,0,0
37818,0,133,0,0,0,0
37819,0,69,0,0,0,0
37820,0,21,0,0,0,0
37821,0,3,0,0,0,0
37822,0,0,0,0,0,0
37823,0,0,0,0,0,0
37824,0,0,0,0,0,0
37825,0,0,0,0,0,0
37826,0,0,0,0,0,0
37827,0,0,0,0,0,0
37828,0,0,0,0,0,0
37829,0,0,0,0,0,0
37830,0,0,0,0,0,0
37831,0,2,0,0,0,0
37832,0,9,0,0,0,0
37833,0,22,0,0,0,0
37834,0,160,0,0,0,0
37835,0,187,0,0,0,0
37836,0,236,0,0,0,0
37837,0,228,0,0,0,0
37838,0,218,0,18,0,0
37839,0,159,0,0,0,0
37840,0,132,0,7,0,0
37841,0,133,0,23,0,0
37842,0,114,0,8,0,0
37843,0,178,0,9,0,0
37844,0,173,0,1,1,0
37845,0,241,0,3,13,0
37846,0,301,0,15,30,0
37847,0,456,0,17,0,0
37848,0,570,0,58,17,0
37849,0,681,0,104,0,0
37850,0,734,0,81,1,0
37851,0,780,0,140,0,0
37852,0,808,0,57,0,0
37853,0,823,0,98,0,0
37854,0,873,0,71,0,0
37855,0,823,0,30,0,0
37856,0,699,0,5,0,0
37857,0,576,0,6,0,0
37858,0,382,0,0,0,0
37859,0,288,0,15,0,0
37860,0,185,0,5,0,0
37861,0,189,0,0,5,0
37862,0,131,0,11,10,0
37863,0,64,0,0,20,0
37864,0,61,0,1,7,0
37865,0,11,0,6,2,0
37866,0,16,0,0,0,0
37867,0,33,0,0,0,0
37868,0,6,0,2,11,0
37869,0,0,0,0,13,0
37870,0,1,0,0,0,0
37871,0,0,0,0,1,0
37872,0,0,0,0,0,0
37873,0,0,0,0,0,0
37874,0,0,0,0,0,0
37875,0,0,0,0,0,0
37876,0,0,0,0,0,0
37877,0,0,0,0,0,0
37878,0,0,0,0,0,0
37879,0,0,0,0,0,0
37880,0,0,0,0,0,0
37881,0,0,0,0,0,0
37882,0,0,0,0,0,0
37883,0,0,0,0,0,0
37884,0,163,0,0,0,0
37885,0,563,0,0,0,0
37886,0,775,0,0,0,0
37887,0,713,0,0,0,0
37888,0,520,0,0,0,0
37889,0,184,0,0,0,0
37890,0,4,0,0,22,0
37891,0,0,0,0,49,0
37892,0,0,0,0,23,0
37893,0,3,0,0,8,0
37894,0,0,0,0,5,0
37895,0,0,0,0,0,0
37896,0,0,0,0,0,0
37897,0,0,0,0,0,0
37898,0,0,0,0,0,0
37899,0,0,0,0,0,0
37900,0,0,0,0,0,0
37901,0,0,0,0,0,0
37902,0,0,0,0,0,0
37903,0,0,0,0,0,0
37904,0,0,0,0,0,0
37905,0,0,0,0,0,0
37906,0,0,0,0,0,0
37907,0,0,0,0,0,0
37908,0,6,0,0,0,0
37909,0,38,0,0,0,0
37910,0,46,0,0,0,0
37911,0,0,0,0,0,0
37912,0,695,0,0,0,0
37913,0,1429,0,0,0,0
37914,0,1115,0,0,0,0
37915,6,2360,392,0,0,0
37916,0,4927,1166,0,0,0
37917,0,6504,2474,0,0,0
37918,12,5529,2636,0,0,0
37919,57,3989,1503,0,0,0
37920,76,2844,963,0,0,0
37921,118,1994,593,0,1,0
37922,142,1436,25,0,0,0
37923,32,960,0,0,0,0
37924,11,701,0,0,0,0
37925,0,674,0,0,0,0
37926,0,642,0,0,0,0
37927,0,323,0,0,0,0
37928,0,157,0,0,0,0
37929,4,69,0,0,0,0
37930,4,121,0,0,0,0
37931,6,183,0,0,0,0
37932,1,106,0,0,0,0
37933,8,0,0,0,0,0
37934,8,0,0,0,0,0
37935,21,0,0,0,0,0
37936,26,2,0,0,1,0
37937,29,0,0,0,0,0
37938,19,1,0,0,0,0
37939,14,0,0,0,2,0
37940,0,0,0,0,25,0
37941,0,0,0,0,9,0
37942,0,2,0,0,1,0
37943,0,2,0,0,3,0
37944,0,0,0,0,26,0
37945,0,0,0,0,79,0
37946,0,0,0,0,57,0
37947,0,0,0,0,0,0
37948,0,0,0,0,10,0
37949,0,0,0,0,0,0
37950,0,0,0,0,0,0
37951,0,0,0,0,0,0
37952,0,0,0,0,0,0
37953,0,0,0,0,0,0
37954,0,0,0,0,0,0
37955,0,0,0,0,0,0
37956,0,0,0,0,0,0
37957,0,0,0,0,0,0
37958,0,0,0,0,0,0
37959,0,0,0,0,0,0
37960,0,0,0,0,0,0
37961,0,0,0,0,0,0
37962,0,0,0,0,0,0
37963,0,0,0,0,0,0
37964,0,0,0,0,0,0
37965,0,0,0,0,0,0
37966,0,0,0,0,0,0
37967,0,0,0,0,0,0
37968,0,0,0,0,0,0
37969,0,0,0,0,0,0
37970,0,0,0,0,0,0
37971,0,0,0,0,0,0
37972,0,0,0,0,0,0
37973,0,0,0,0,0,0
37974,0,0,0,0,0,0
37975,0,0,0,0,0,0
37976,0,0,0,0,0,0
37977,0,0,0,0,0,0
37978,0,0,0,0,0,0
37979,0,0,0,0,0,0
37980,0,0,0,0,2,0
37981,0,0,0,0,9,0
37982,0,0,0,0,0,0
37983,0,0,0,0,0,0
37984,0,0,0,0,0,0
37985,0,0,0,0,1,0
37986,0,0,0,0,18,0
37987,0,0,0,0,22,0
37988,0,0,0,0,39,0
37989,0,0,0,0,20,0
37990,0,0,0,0,11,0
37991,0,0,0,18,0,0
37992,0,0,0,7,1,0
37993,0,0,0,0,0,0
37994,0,0,0,0,0,0
37995,0,0,0,0,0,0
37996,0,0,0,0,0,0
37997,0,0,0,0,0,0
37998,0,0,0,0,0,0
37999,0,0,0,0,0,0
38000,0,0,0,0,0,0
38001,0,0,0,0,0,0
38002,0,0,0,0,0,0
38003,0,3,0,0,0,0
38004,0,136,0,0,0,0
38005,13,369,0,0,0,0
38006,30,895,0,0,0,0
38007,23,1360,98,0,0,0
38008,4,2597,1496,0,0,0
38009,9,3515,2039,0,0,0
38010,0,4577,1537,0,0,0
38011,0,5525,1581,0,0,1
38012,5,6371,635,0,0,0
38013,10,6752,10,0,0,0
38014,16,5666,13,0,0,0
38015,0,4291,16,0,0,0
38016,0,5028,2,0,0,0
38017,0,3718,32,0,0,0
38018,0,2842,33,0,0,0
38019,0,3493,178,0,0,0
38020,0,4588,481,0,0,0
38021,0,5669,527,0,0,0
38022,0,5651,986,0,0,0
38023,0,5207,1925,0,0,0
38024,0,4110,2054,0,0,0
38025,0,3009,589,0,0,0
38026,0,2035,72,0,0,0
38027,0,1555,0,0,0,0
38028,0,934,0,0,0,0
38029,0,638,0,0,0,0
38030,0,173,0,0,0,0
38031,0,256,0,0,0,0
38032,0,18,0,0,12,0
38033,0,139,0,0,0,0
38034,0,69,0,0,0,0
38035,0,19,0,0,0,0
38036,0,0,0,0,0,0
38037,0,6,0,0,12,0
38038,0,8,0,0,72,0
38039,0,6,0,0,25,0
38040,0,17,0,25,2,0
38041,0,1,0,1,64,0
38042,0,0,0,0,23,0
38043,0,0,0,0,0,0
38044,0,0,0,0,0,0
38045,0,0,0,0,29,0
38046,0,0,0,0,37,0
38047,0,0,0,0,19,0
38048,0,0,0,0,63,0
38049,0,0,0,0,32,0
38050,0,0,0,0,2,0
38051,0,0,0,0,16,0
38052,0,0,0,0,0,0
38053,0,0,0,0,0,0
38054,0,0,0,0,0,0
38055,0,0,0,0,0,0
38056,0,0,0,0,3,0
38057,0,0,0,0,0,0
38058,0,0,0,0,1,0
38059,0,0,0,0,11,0
38060,0,0,0,0,9,0
38061,0,0,0,0,0,0
38062,0,0,0,0,4,0
38063,0,0,0,0,5,0
38064,0,0,0,0,0,0
38065,0,0,0,0,0,0
38066,0,0,0,0,0,0
38067,0,0,0,0,0,0
38068,0,0,0,0,0,0
38069,0,0,0,0,0,0
38070,0,0,0,0,0,0
38071,0,0,0,3,0,0
38072,0,0,0,0,0,0
38073,0,0,0,0,0,0
38074,0,0,0,0,0,0
38075,0,0,0,0,0,0
38076,0,0,0,0,0,0
38077,0,0,0,0,0,0
38078,0,0,0,0,0,0
38079,0,0,0,0,0,0
38080,0,0,0,0,0,0
38081,0,0,0,0,0,0
38082,0,0,0,0,0,0
38083,0,0,0,0,0,0
38084,0,0,0,1,0,0
38085,0,0,0,0,0,0
38086,0,0,0,0,1,0
38087,0,0,0,0,0,0
38088,0,0,0,0,0,0
38089,0,0,0,0,8,0
38090,0,0,0,0,4,0
38091,0,0,0,0,1,0
38092,0,0,0,0,0,0
38093,0,0,0,0,0,0
38094,0,0,0,0,0,0
38095,0,0,0,0,0,0
38096,0,0,0,0,0,0
38097,0,0,0,0,0,0
38098,0,0,0,0,0,0
38099,0,0,0,0,0,0
38100,0,0,0,0,0,0
38101,0,61,0,0,3,0
38102,0,483,0,0,3,0
38103,0,896,2,0,2,0
38104,0,1389,11,0,0,0
38105,0,1786,0,0,0,0
38106,0,1957,29,0,0,0
38107,0,3221,1127,0,0,0
38108,0,4432,937,0,0,0
38109,0,5531,726,0,1,0
38110,0,5339,180,0,16,0
38111,0,5161,303,0,6,0
38112,0,4479,243,0,15,0
38113,0,4159,28,0,16,0
38114,0,5728,264,0,7,0
38115,0,6362,259,0,37,0
38116,0,6725,69,0,119,0
38117,0,6939,15,0,21,0
38118,0,7334,0,0,13,0
38119,0,7206,0,0,14,0
38120,0,7143,0,0,7,0
38121,0,7499,0,0,0,0
38122,0,7167,0,0,0,0
38123,0,8793,32,0,0,0
38124,0,10468,121,0,12,0
38125,0,10439,413,0,10,0
38126,0,9561,952,0,0,0
38127,0,10186,897,0,8,0
38128,0,10137,18,0,0,0
38129,0,8258,128,0,0,0
38130,0,5990,87,0,0,0
38131,0,3314,4,0,6,0
38132,0,1556,0,0,0,0
38133,0,1076,0,0,0,0
38134,0,1036,0,0,0,0
38135,0,1020,0,0,0,0
38136,0,1223,0,0,0,0
38137,0,1573,0,0,0,0
38138,0,1637,0,0,0,0
38139,0,1203,0,0,0,0
38140,0,762,0,0,0,0
38141,0,767,0,0,0,0
38142,0,977,0,0,0,0
38143,0,1589,0,0,0,0
38144,0,2167,0,0,0,0
38145,0,2015,0,0,0,0
38146,0,1695,0,0,0,0
38147,0,1192,0,0,0,0
38148,0,1204,0,0,0,0
38149,0,3364,0,0,0,0
38150,0,4515,0,0,0,0
38151,0,5668,195,2,1,0
38152,0,6485,358,2,14,0
38153,0,6380,829,20,124,0
38154,0,5090,783,0,2,0
38155,0,3155,421,0,4,0
38156,0,2621,209,0,0,0
38157,0,4354,38,0,0,0
38158,0,5726,1,0,0,0
38159,0,6174,9,0,0,0
38160,0,5669,11,0,9,0
38161,0,4973,1,0,5,0
38162,0,4390,0,0,3,0
38163,0,3265,1,0,1,0
38164,0,2071,0,0,0,0
38165,0,1232,0,0,0,0
38166,0,721,0,0,0,0
38167,0,624,0,0,0,0
38168,0,740,0,0,0,0
38169,0,1518,0,0,0,0
38170,0,2242,0,0,0,0
38171,0,2944,0,0,0,0
38172,0,3383,0,0,0,0
38173,0,3667,13,0,0,0
38174,0,3453,4,0,0,0
38175,0,3115,0,0,0,0
38176,0,2446,0,1,3,0
38177,0,2460,0,4,0,0
38178,0,2156,0,0,0,0
38179,0,2553,0,0,2,0
38180,0,2429,0,0,0,0
38181,0,2343,0,0,0,0
38182,0,1736,0,0,0,0
38183,0,1846,0,0,0,0
38184,0,1523,0,0,0,0
38185,0,1545,0,6,1,0
38186,0,991,0,11,5,0
38187,0,760,0,59,132,0
38188,0,243,0,3,2,0
38189,0,123,0,19,278,0
38190,0,0,0,0,0,0
38191,0,2,0,1,65,0
38192,0,12,0,3,0,0
38193,0,13,0,7,15,0
38194,0,73,0,9,0,0
38195,0,114,0,15,5,0
38196,0,409,0,0,0,0
38197,0,497,0,1,16,0
38198,0,1102,0,0,0,0
38199,0,1022,0,0,3,0
38200,0,1753,0,0,6,0
38201,0,2187,0,0,42,0
38202,0,3030,0,0,19,0
38203,0,3481,6,0,50,0
38204,0,4130,40,0,33,0
38205,0,4433,102,0,25,0
38206,0,4943,236,0,4,0
38207,0,4997,126,0,4,0
38208,0,5103,68,0,0,0
38209,0,4437,7,0,0,0
38210,0,3939,0,0,0,0
38211,0,3103,0,0,0,0
38212,0,2200,0,0,0,0
38213,0,1515,1,0,2,0
38214,0,1415,0,0,0,0
38215,0,1631,0,0,0,0
38216,0,1047,0,0,0,0
38217,0,824,0,0,0,0
38218,0,853,0,0,0,0
38219,0,785,0,0,0,0
38220,0,845,0,0,0,0
38221,0,1073,0,0,0,0
38222,0,1236,0,0,0,0
38223,0,1294,0,0,0,0
38224,0,1256,0,0,0,0
38225,0,1094,0,0,0,0
38226,0,1003,0,0,0,0
38227,0,1044,0,0,7,0
38228,0,1605,0,0,7,0
38229,0,1890,0,0,0,0
38230,0,1940,7,0,0,0
38231,0,2330,30,0,0,0
38232,0,3751,0,0,0,0
38233,0,4317,0,0,0,0
38234,0,4511,6,0,0,0
38235,0,5332,3,0,0,0
38236,0,4821,1,0,0,0
38237,0,4093,0,0,0,0
38238,0,3334,0,0,0,0
38239,0,2411,0,0,4,0
38240,0,1681,0,0,16,0
38241,0,1174,0,0,33,0
38242,0,636,0,0,4,0
38243,0,336,0,0,9,0
38244,0,318,0,0,20,0
38245,0,357,0,0,20,0
38246,0,592,0,0,2,0
38247,0,805,0,0,0,0
38248,0,955,0,0,18,0
38249,0,919,0,0,9,0
38250,0,624,0,0,2,0
38251,0,262,0,0,0,0
38252,0,88,0,0,8,0
38253,0,52,0,0,5,0
38254,0,33,0,0,0,0
38255,0,95,0,0,0,0
38256,0,59,0,0,0,0
38257,0,113,0,0,0,0
38258,0,135,0,0,0,0
38259,0,162,0,0,0,0
38260,0,764,0,0,0,0
38261,0,1857,0,0,0,0
38262,0,3308,6,0,0,0
38263,0,4582,50,0,0,0
38264,0,4792,6,0,3,0
38265,0,4066,0,0,0,0
38266,0,2810,0,0,4,0
38267,0,1653,0,0,0,0
38268,0,1702,0,0,0,0
38269,0,1776,0,0,0,0
38270,0,1118,0,0,0,0
38271,0,729,0,0,0,0
38272,0,311,0,0,0,0
38273,0,40,0,0,0,0
38274,0,0,0,0,0,0
38275,0,0,0,0,0,0
38276,0,0,0,0,0,0
38277,0,0,0,0,0,0
38278,0,0,0,0,0,0
38279,0,0,0,0,0,0
38280,0,0,0,0,0,0
38281,0,3,0,0,0,0
38282,0,14,0,0,0,0
38283,0,28,0,0,0,0
38284,0,37,0,0,0,0
38285,0,32,0,0,0,0
38286,0,7,0,0,0,0
38287,0,0,0,0,0,0
38288,0,0,0,0,0,0
38289,0,0,0,0,0,0
38290,0,0,0,0,0,0
38291,0,0,0,0,0,0
38292,0,0,0,0,0,0
38293,0,0,0,0,0,0
38294,0,0,0,0,0,0
38295,0,0,0,0,0,0
38296,0,0,0,0,0,0
38297,0,72,0,0,0,0
38298,3,2090,15,0,0,0
38299,0,5385,53,0,0,0
38300,4,8183,64,0,0,0
38301,58,9655,173,0,0,0
38302,126,8969,343,0,0,0
38303,125,7124,275,0,0,0
38304,55,4778,148,0,0,0
38305,0,2290,10,0,0,0
38306,0,1355,0,0,0,0
38307,0,1804,0,0,0,0
38308,0,1941,0,0,0,0
38309,0,1424,0,0,0,0
38310,0,959,0,0,0,0
38311,0,1159,0,0,0,0
38312,0,1749,0,0,0,0
38313,0,2760,0,0,0,0
38314,0,4558,0,0,0,0
38315,0,5640,13,0,0,0
38316,0,5182,2,0,0,0
38317,0,3319,0,0,0,0
38318,0,2269,0,0,1,0
38319,0,3455,0,0,0,0
38320,0,5065,23,0,0,0
38321,0,6327,163,0,0,0
38322,3,6384,239,0,3,0
38323,1,5626,351,0,0,0
38324,9,3684,183,0,0,0
38325,0,2009,0,0,0,0
38326,4,4782,0,0,0,0
38327,87,5815,1,0,0,0
38328,123,6316,196,0,0,0
38329,128,7504,150,0,0,0
38330,52,9108,267,0,0,0
38331,0,9563,418,0,0,0
38332,0,9635,1068,0,0,0
38333,10,8768,1690,0,0,0
38334,0,7328,1832,0,0,0
38335,0,6195,1830,0,0,0
38336,0,6151,1902,0,0,0
38337,0,4444,488,0,0,0
38338,0,2468,252,0,0,0
38339,0,1189,17,0,0,0
38340,0,651,41,0,0,0
38341,0,1005,217,0,0,0
38342,0,538,76,0,0,0
38343,0,313,0,0,0,0
38344,0,84,0,0,0,0
38345,0,89,0,0,0,0
38346,0,27,0,0,7,0
38347,0,1,0,0,0,0
38348,0,0,0,0,0,0
38349,0,0,0,11,15,0
38350,0,0,0,5,17,0
38351,0,0,0,11,1,0
38352,0,0,0,4,0,0
38353,0,2,0,47,0,0
38354,0,0,0,76,0,0
38355,0,0,0,64,0,0
38356,0,0,0,59,2,0
38357,0,0,0,44,1,0
38358,0,0,0,83,7,0
38359,0,0,0,192,17,0
38360,0,0,0,110,178,0
38361,0,0,0,45,227,0
38362,0,0,0,0,150,0
38363,0,0,0,74,93,0
38364,0,0,0,108,44,0
38365,0,0,0,145,397,0
38366,0,0,0,47,330,0
38367,0,0,0,35,153,0
38368,0,0,0,28,7,0
38369,0,0,0,0,0,0
38370,0,0,0,50,0,0
38371,0,0,0,248,148,0
38372,0,0,0,198,370,0
38373,0,0,0,114,428,1
38374,0,0,0,56,159,0
38375,0,0,0,26,0,0
38376,0,0,0,29,4,0
38377,0,0,0,41,96,0
38378,0,0,0,185,306,0
38379,0,0,0,177,280,0
38380,0,0,0,93,263,0
38381,0,0,0,0,18,0
38382,0,0,0,0,9,0
38383,0,0,0,0,33,0
38384,0,0,0,77,241,0
38385,0,0,0,227,475,0
38386,0,0,0,153,347,1
38387,0,0,0,77,175,0
38388,0,0,0,16,84,0
38389,0,0,0,8,33,0
38390,0,0,0,39,281,0
38391,0,0,0,85,566,0
38392,0,0,0,90,607,0
38393,0,0,0,25,283,0
38394,0,0,0,0,47,0
38395,0,0,0,0,185,0
38396,0,0,0,22,336,0
38397,0,0,0,3,191,0
38398,0,0,0,2,16,0
38399,0,0,0,7,32,0
38400,0,0,0,3,21,0
38401,0,0,0,0,32,0
38402,0,0,0,0,129,0
38403,0,0,0,0,11,0
38404,0,0,0,10,71,0
38405,0,0,0,95,150,0
38406,0,0,0,55,242,0
38407,0,0,0,53,376,0
38408,0,0,0,36,519,0
38409,0,0,0,70,418,0
38410,0,0,0,29,207,0
38411,0,0,0,2,48,0
38412,0,0,0,1,43,0
38413,0,0,0,39,43,0
38414,0,0,0,49,174,0
38415,0,0,0,59,142,0
38416,0,0,0,31,144,0
38417,0,0,0,0,17,0
38418,0,0,0,0,3,0
38419,0,0,0,0,0,0
38420,0,0,0,6,16,0
38421,0,0,0,0,16,0
38422,0,0,0,2,33,0
38423,0,0,0,19,22,0
38424,0,0,0,9,2,0
38425,0,0,0,25,0,0
38426,0,0,0,29,0,0
38427,0,0,0,33,0,2
38428,0,0,0,12,0,0
38429,0,0,0,20,6,0
38430,0,0,0,9,25,0
38431,0,0,0,0,70,0
38432,0,0,0,18,100,0
38433,0,0,0,0,94,0
38434,0,0,0,2,68,0
38435,0,0,0,0,59,0
38436,0,0,0,0,0,0
38437,0,0,0,0,0,0
38438,0,0,0,0,0,0
38439,0,0,0,0,0,0
38440,0,0,0,0,0,0
38441,0,0,0,0,0,0
38442,0,0,0,2,6,0
38443,0,0,0,24,9,0
38444,0,0,0,17,15,0
38445,0,0,0,39,44,0
38446,0,0,0,108,111,0
38447,0,0,0,64,166,0
38448,0,0,0,234,141,0
38449,0,0,0,154,89,0
38450,0,0,0,134,59,0
38451,0,0,0,17,29,0
38452,0,0,0,15,4,0
38453,0,0,0,0,0,0
38454,0,0,0,0,0,0
38455,0,0,0,0,22,0
38456,0,0,0,7,157,0
38457,0,0,0,1,224,0
38458,0,0,0,0,275,0
38459,0,0,0,0,313,0
38460,0,0,0,0,199,0
38461,0,0,0,38,312,0
38462,0,0,0,60,441,0
38463,0,0,0,0,584,0
38464,0,0,0,0,213,0
38465,0,0,0,0,186,0
38466,0,0,0,0,298,0
38467,0,0,0,18,315,0
38468,0,0,0,0,230,0
38469,0,0,0,0,174,0
38470,0,0,0,119,49,0
38471,0,0,0,501,14,2
38472,0,0,0,393,41,0
38473,0,0,0,85,45,0
38474,0,0,0,105,0,0
38475,0,0,0,103,80,0
38476,0,0,0,76,55,0
38477,0,0,0,145,374,0
38478,0,0,0,0,80,0
38479,0,0,0,17,34,0
38480,0,0,0,26,46,0
38481,0,0,0,22,20,0
38482,0,0,0,24,27,0
38483,0,0,0,0,26,0
38484,0,0,0,11,37,0
38485,0,0,0,0,20,0
38486,0,0,0,0,4,0
38487,0,0,0,30,13,0
38488,0,0,0,0,138,0
38489,0,0,0,8,160,0
38490,0,0,0,40,27,0
38491,0,0,0,90,384,0
38492,0,0,0,36,222,0
38493,0,0,0,122,224,0
38494,0,0,0,67,310,0
38495,0,0,0,116,527,0
38496,0,0,0,34,191,0
38497,0,0,0,264,99,0
38498,0,0,0,354,0,0
38499,0,0,0,531,0,0
38500,0,0,0,438,72,0
38501,0,0,0,348,37,0
38502,0,0,0,197,267,0
38503,0,0,0,45,29,0
38504,0,0,0,60,181,0
38505,0,0,0,0,0,0
38506,0,0,0,0,3,0
38507,0,0,0,35,180,0
38508,0,0,0,5,11,0
38509,0,0,0,31,154,17
38510,0,12,0,3,25,44
38511,0,2,0,14,3,4
38512,0,8,0,0,0,0
38513,0,2,0,1,0,0
38514,0,0,0,3,0,0
38515,0,0,0,0,0,78
38516,0,0,0,0,0,0
38517,0,0,0,0,0,0
38518,0,0,0,0,0,0
38519,0,0,0,0,5,4
38520,0,0,0,0,0,43
38521,0,0,0,0,10,72
38522,0,0,0,3,17,0
38523,0,0,0,0,0,0
38524,0,0,0,0,0,1
38525,0,0,0,7,0,43
38526,0,0,0,0,0,26
38527,0,0,0,0,0,34
38528,0,0,0,9,72,0
38529,0,0,0,0,0,0
38530,0,0,0,3,7,0
38531,0,0,0,12,9,7
38532,0,0,0,0,0,30
38533,0,0,0,0,17,1
38534,0,0,0,0,63,0
38535,0,0,0,1,69,0
38536,0,0,0,0,31,0
38537,0,0,0,0,0,3
38538,0,3,0,0,0,0
38539,0,60,0,0,0,0
38540,2,73,0,0,0,0
38541,0,70,0,0,0,0
38542,0,88,0,0,0,0
38543,0,57,0,0,0,0
38544,0,24,0,0,0,0
38545,0,20,0,0,3,0
38546,0,7,0,0,7,0
38547,3,10,0,0,48,0
38548,10,35,0,0,146,0
38549,0,10,0,30,144,0
38550,2,12,0,92,148,0
38551,0,32,0,130,89,0
38552,0,12,0,91,17,0
38553,0,0,0,24,2,0
38554,0,0,0,6,0,0
38555,0,0,0,1,2,0
38556,0,0,0,0,16,0
38557,0,0,0,27,5,0
38558,0,0,0,9,18,0
38559,0,7,0,3,75,0
38560,0,0,0,18,92,0
38561,0,0,0,14,202,0
38562,0,0,0,3,133,0
38563,0,0,0,6,1,0
38564,0,0,0,39,12,0
38565,0,0,0,37,38,0
38566,0,0,0,3,58,0
38567,0,0,0,0,1,0
38568,0,0,0,7,0,0
38569,0,0,0,1,6,0
38570,0,0,0,1,32,0
38571,0,0,0,0,0,0
38572,0,0,0,0,0,0
38573,0,0,0,0,0,0
38574,0,0,0,0,0,0
38575,0,0,0,0,0,0
38576,0,0,0,0,0,0
38577,0,0,0,0,2,0
38578,0,0,0,0,12,0
38579,0,0,0,10,10,0
38580,0,0,0,0,8,0
38581,0,0,0,0,5,0
38582,0,0,0,8,2,0
38583,0,0,0,0,0,0
38584,0,0,0,0,2,0
38585,0,0,0,0,58,0
38586,0,0,0,0,35,0
38587,0,0,0,0,4,0
38588,0,0,0,0,33,0
38589,0,0,0,0,7,0
38590,0,0,0,0,15,0
38591,0,0,0,0,36,0
38592,0,0,0,0,0,0
38593,0,0,0,0,1,0
38594,0,0,0,0,0,0
38595,0,0,0,0,0,0
38596,0,0,0,0,5,0
38597,0,0,0,0,98,0
38598,0,0,0,0,160,0
38599,0,0,0,0,111,0
38600,0,0,0,0,31,0
38601,0,0,0,0,1,0
38602,0,0,0,0,0,0
38603,0,0,0,0,0,1
38604,0,0,0,0,5,8
38605,0,0,0,3,26,0
38606,0,0,0,5,160,0
38607,0,0,0,0,142,3
38608,0,0,0,0,10,2
38609,0,0,0,0,0,0
38610,0,0,0,0,8,0
38611,0,0,0,0,73,0
38612,0,0,0,0,78,0
38613,0,0,0,4,19,0
38614,0,0,0,0,4,0
38615,0,0,0,2,38,0
38616,0,0,0,0,4,0
38617,0,0,0,0,0,0
38618,0,0,0,0,39,0
38619,0,0,0,0,67,0
38620,0,0,0,0,58,0
38621,0,0,0,0,11,0
38622,0,0,0,0,0,0
38623,0,0,0,0,2,0
38624,0,0,0,0,0,0
38625,0,0,0,0,0,0
38626,0,0,0,0,13,0
38627,0,0,0,0,2,0
38628,0,0,0,0,0,0
38629,0,0,0,0,0,0
38630,0,0,0,0,0,0
38631,0,0,0,24,0,0
38632,0,0,0,14,0,0
38633,0,0,0,0,8,0
38634,0,0,0,0,0,1
38635,0,0,0,19,0,0
38636,0,0,0,42,38,0
38637,0,0,0,26,150,0
38638,0,0,0,20,34,0
38639,0,0,0,13,0,0
38640,0,0,0,5,0,0
38641,0,0,0,3,18,0
38642,0,0,0,4,95,0
38643,0,0,0,0,11,0
38644,0,0,0,0,4,0
38645,0,0,0,83,62,0
38646,0,0,0,430,113,0
38647,0,0,0,807,341,0
38648,0,0,0,633,509,0
38649,0,0,0,478,428,0
38650,0,0,0,880,4,0
38651,0,0,0,1251,319,0
38652,0,0,0,758,1017,0
38653,0,0,0,286,1559,0
38654,0,0,0,167,1013,0
38655,0,0,0,62,363,0
38656,0,0,0,0,15,0
38657,0,0,0,49,201,0
38658,0,0,0,424,507,0
38659,0,0,0,359,699,0
38660,0,0,0,134,662,0
38661,0,0,0,276,58,0
38662,0,0,0,545,10,0
38663,0,0,0,588,146,0
38664,0,0,0,509,79,0
38665,0,0,0,218,8,0
38666,0,0,0,173,13,0
38667,0,0,0,115,372,0
38668,0,0,0,64,262,0
38669,0,0,0,184,30,0
38670,0,0,0,158,67,0
38671,0,0,0,145,74,0
38672,0,0,0,52,164,0
38673,0,0,0,0,10,0
38674,0,0,0,0,2,0
38675,0,0,0,7,4,0
38676,0,0,0,0,3,0
38677,2,0,0,0,1,0
38678,0,0,0,0,0,0
38679,0,0,0,0,0,0
38680,0,0,0,1,16,0
38681,0,0,0,6,187,0
38682,0,0,0,5,13,0
38683,1,0,0,0,0,0
38684,11,0,0,11,0,0
38685,27,0,0,0,0,0
38686,31,0,0,3,6,0
38687,21,0,0,0,36,0
38688,17,0,0,0,47,0
38689,28,0,0,0,33,0
38690,19,0,0,0,11,0
38691,4,0,0,0,0,0
38692,8,0,0,0,0,0
38693,7,0,0,0,0,0
38694,0,0,0,0,0,0
38695,6,0,0,0,0,0
38696,8,0,0,0,0,0
38697,2,0,0,0,0,0
38698,7,0,0,0,6,0
38699,13,0,0,0,7,0
38700,0,0,0,0,0,0
38701,0,4,0,0,4,0
38702,0,0,0,0,0,0
38703,0,1,0,0,0,0
38704,0,3,0,0,0,0
38705,0,10,0,2,2,0
38706,0,34,0,0,0,0
38707,0,41,0,0,0,0
38708,0,72,0,0,0,0
38709,0,105,0,0,0,0
38710,4,270,0,0,0,0
38711,4,424,0,0,0,0
38712,7,753,7,0,0,0
38713,1,1031,80,0,0,0
38714,0,224,24,0,0,0
38715,2,2,0,0,0,0
38716,9,106,4,0,0,0
38717,2,220,2,0,0,0
38718,0,352,5,0,0,0
38719,0,595,10,0,0,0
38720,0,616,7,0,0,0
38721,0,437,0,0,0,0
38722,0,482,0,0,0,0
38723,0,620,43,0,0,0
38724,0,857,41,0,0,0
38725,0,1129,62,0,0,0
38726,0,1622,62,0,0,0
38727,0,2057,83,0,0,0
38728,0,2634,125,0,0,0
38729,0,2935,40,0,9,0
38730,0,2996,3,0,0,0
38731,11,2335,7,0,1,0
38732,19,370,0,0,15,0
38733,42,2082,0,0,0,0
38734,44,3151,0,0,0,0
38735,27,3148,0,0,0,0
38736,0,2584,43,0,0,0
38737,0,1915,49,1,3,0
38738,0,923,0,0,91,0
38739,0,322,0,1,2,0
38740,0,708,0,0,1,0
38741,0,428,0,0,2,0
38742,0,1075,0,0,0,0
38743,0,2101,1,1,0,0
38744,0,2126,2,0,0,0
38745,0,1542,0,8,0,0
38746,2,853,0,2,0,0
38747,19,791,0,0,0,0
38748,35,1456,0,0,0,0
38749,13,1975,0,0,2,0
38750,1,1185,0,11,0,0
38751,2,255,0,48,0,0
38752,0,71,0,78,0,0
38753,0,269,0,109,0,0
38754,0,921,0,92,0,0
38755,0,1984,0,40,0,0
38756,0,1694,0,15,0,0
38757,0,1384,0,2,0,0
38758,0,1300,0,0,0,0
38759,7,1611,0,0,0,0
38760,0,1758,0,0,0,0
38761,0,2106,0,0,8,0
38762,0,2833,0,0,0,0
38763,0,3074,0,0,0,0
38764,0,2931,0,0,0,0
38765,0,3568,0,0,0,0
38766,0,3568,0,12,0,0
38767,0,3454,0,0,0,0
38768,0,3247,0,0,0,0
38769,0,2840,0,0,0,0
38770,12,2391,0,0,0,0
38771,21,1383,0,0,0,0
38772,0,878,0,0,19,0
38773,0,2249,0,0,0,0
38774,12,3038,0,0,42,0
38775,0,4423,0,2,19,0
38776,0,4851,18,0,0,0
38777,0,5129,52,0,0,0
38778,0,5066,34,0,0,0
38779,0,3763,102,0,0,0
38780,0,2083,85,0,0,0
38781,0,712,74,0,0,0
38782,0,2128,50,0,0,0
38783,0,2076,0,0,0,0
38784,0,237,0,0,0,0
38785,0,1295,0,0,0,0
38786,0,880,0,0,0,0
38787,0,212,0,0,0,0
38788,0,249,0,0,0,0
38789,0,85,0,0,0,0
38790,0,511,0,0,0,0
38791,0,1066,0,0,4,0
38792,0,2340,69,0,6,0
38793,16,3154,106,0,28,0
38794,40,3829,69,0,3,0
38795,64,4619,131,0,0,0
38796,51,5976,567,0,0,0
38797,17,7810,1232,0,0,0
38798,0,9647,1018,0,13,0
38799,18,10173,74,0,18,0
38800,38,8955,4,0,0,0
38801,27,7558,2,0,0,0
38802,0,5891,0,0,1,0
38803,0,3395,0,0,0,0
38804,0,4756,14,0,0,0
38805,0,7012,0,0,0,0
38806,0,9994,150,0,5,0
38807,0,11091,705,0,1,0
38808,0,10091,1703,0,0,0
38809,0,7542,2851,0,1,0
38810,0,5005,2850,0,0,0
38811,0,2180,356,0,0,0
38812,11,811,0,0,0,0
38813,0,282,0,0,2,0
38814,0,760,0,0,0,0
38815,0,1207,3,0,0,0
38816,0,1950,256,0,0,0
38817,0,2533,312,0,0,0
38818,0,3136,191,0,0,0
38819,0,2846,147,0,0,0
38820,0,2661,13,0,0,0
38821,0,1771,0,0,0,0
38822,0,994,0,0,0,0
38823,0,2583,0,0,0,0
38824,0,2758,62,0,0,0
38825,0,3111,418,0,0,0
38826,0,2598,922,0,0,0
38827,0,1403,570,0,0,0
38828,0,225,0,0,15,0
38829,0,1129,137,0,0,0
38830,0,2962,807,0,0,0
38831,0,4468,1354,0,0,0
38832,0,6632,1616,0,0,0
38833,0,9323,1228,0,0,0
38834,0,12028,289,0,0,0
38835,0,13166,425,0,3,0
38836,0,15080,523,0,1,0
38837,0,15969,134,0,0,0
38838,0,16169,0,0,0,0
38839,0,15733,0,0,0,0
38840,0,14400,0,0,0,0
38841,25,12510,0,0,0,0
38842,30,10529,0,0,0,0
38843,24,7453,0,5,0,0
38844,17,2861,0,0,0,0
38845,36,100,0,0,0,0
38846,41,1154,0,0,0,0
38847,25,2407,0,0,0,0
38848,0,5318,0,0,0,0
38849,0,9317,0,0,0,0
38850,0,13830,0,0,0,0
38851,0,18197,0,13,125,0
38852,0,21913,170,0,0,0
38853,0,19404,1117,0,0,0
38854,0,14784,1523,1,3,0
38855,0,9075,262,0,0,0
38856,6,2333,185,5,8,0
38857,38,3198,0,0,0,0
38858,57,3429,0,0,0,0
38859,56,3118,0,0,3,0
38860,4,2342,0,0,0,0
38861,0,1203,0,18,13,0
38862,0,2195,0,17,6,0
38863,0,3902,0,65,25,0
38864,0,4754,0,19,33,0
38865,0,5346,11,53,26,2
38866,0,6080,162,15,64,0
38867,0,6192,733,1,17,0
38868,8,5854,2055,83,231,0
38869,90,4992,720,53,44,0
38870,126,4224,709,116,399,0
38871,162,3469,620,0,2,0
38872,135,2777,87,12,68,0
38873,168,2466,51,40,72,0
38874,40,2672,0,0,73,0
38875,49,2206,0,15,20,0
38876,62,1191,0,135,7,0
38877,118,475,0,120,0,0
38878,133,994,0,154,240,0
38879,66,1450,0,20,0,0
38880,0,1624,0,1,44,0
38881,0,1977,0,6,16,0
38882,32,1655,0,0,11,0
38883,44,1674,20,2,47,0
38884,42,1224,11,0,0,0
38885,21,1094,7,4,0,0
38886,0,1769,2,0,1,0
38887,11,2019,7,0,0,0
38888,0,2297,10,0,0,0
38889,42,2181,0,0,0,0
38890,69,1656,51,0,0,0
38891,93,933,48,0,0,0
38892,91,273,8,0,0,0
38893,72,47,5,0,0,0
38894,75,175,35,10,0,0
38895,51,207,20,0,0,0
38896,38,44,0,0,11,0
38897,31,168,5,0,23,0
38898,19,429,38,0,32,0
38899,2,740,44,0,22,0
38900,2,470,5,0,12,0
38901,0,204,0,0,14,0
38902,0,97,0,0,0,0
38903,0,152,0,0,0,0
38904,0,1,0,0,0,0
38905,0,64,21,0,0,0
38906,0,310,24,0,0,0
38907,0,446,6,2,0,0
38908,0,663,3,0,0,0
38909,3,543,6,15,0,0
38910,0,283,0,0,0,0
38911,0,28,2,0,0,0
38912,0,14,0,0,0,0
38913,0,178,0,0,0,0
38914,0,486,3,0,0,0
38915,0,577,14,0,0,0
38916,0,448,0,0,0,0
38917,0,318,0,0,0,0
38918,0,58,0,0,0,0
38919,0,4,0,0,0,0
38920,0,0,0,0,0,0
38921,0,0,0,0,0,0
38922,0,0,0,0,0,0
38923,0,0,0,0,0,0
38924,12,0,0,0,0,0
38925,26,0,0,0,0,0
38926,32,0,0,0,0,0
38927,60,0,0,0,0,0
38928,46,0,0,0,0,0
38929,26,0,0,0,0,0
38930,0,0,0,0,0,0
38931,0,12,0,0,0,0
38932,0,22,0,0,0,0
38933,0,36,0,0,0,0
38934,0,12,0,0,0,0
38935,0,11,0,0,0,0
38936,0,14,0,0,0,0
38937,0,4,0,0,0,0
38938,0,20,0,0,0,0
38939,0,79,0,0,0,0
38940,0,192,0,0,0,0
38941,0,206,0,0,0,0
38942,0,127,0,0,0,0
38943,0,94,0,0,0,0
38944,0,43,0,0,0,0
38945,0,0,0,0,0,0
38946,0,133,0,0,0,0
38947,0,529,0,0,0,0
38948,0,632,0,0,0,0
38949,0,442,0,0,0,0
38950,0,104,0,0,0,0
38951,0,4,0,0,0,0
38952,0,0,0,0,0,0
38953,0,0,0,0,0,0
38954,0,0,0,0,0,0
38955,0,0,0,0,0,0
38956,0,4,0,0,0,0
38957,0,0,0,0,0,0
38958,0,0,0,0,0,0
38959,0,0,0,0,0,0
38960,0,0,0,0,0,0
38961,0,0,0,0,0,0
38962,0,0,0,2,0,0
38963,0,0,0,0,1,0
38964,0,0,0,0,0,0
38965,0,0,0,0,0,0
38966,0,0,0,0,0,0
38967,0,0,0,0,0,0
38968,0,6,0,0,0,0
38969,0,1,0,0,0,0
38970,0,5,0,0,0,0
38971,0,2,0,0,4,0
38972,0,0,0,0,0,0
38973,0,0,0,0,0,0
38974,0,0,0,0,0,0
38975,0,0,0,0,0,0
38976,0,0,0,0,0,0
38977,0,0,0,0,0,0
38978,0,6,0,14,0,0
38979,0,3,0,4,0,0
38980,0,37,0,0,0,0
38981,0,70,0,0,0,0
38982,0,66,0,0,0,0
38983,0,128,0,0,0,0
38984,0,212,0,0,0,0
38985,0,88,0,0,0,0
38986,0,42,0,0,0,0
38987,0,11,0,10,0,0
38988,0,0,0,20,0,0
38989,0,0,0,31,0,0
38990,0,0,0,40,0,0
38991,0,0,0,61,0,0
38992,0,0,0,59,2,0
38993,0,0,0,66,4,0
38994,0,4,0,40,19,0
38995,0,23,0,31,21,0
38996,0,89,0,20,73,0
38997,0,107,0,36,14,0
38998,0,108,0,8,17,0
38999,0,58,0,4,27,0
39000,0,69,0,0,32,0
39001,0,39,0,0,44,0
39002,0,9,0,3,10,0
39003,0,0,0,8,7,0
39004,0,0,0,2,4,0
39005,0,0,0,0,18,0
39006,0,0,0,0,0,0
39007,0,0,0,0,6,0
39008,0,0,0,4,130,0
39009,0,4,0,11,18,0
39010,0,0,0,15,32,0
39011,0,0,0,14,108,0
39012,0,4,0,9,0,0
39013,0,0,0,0,0,0
39014,0,3,0,0,0,0
39015,0,0,0,0,0,0
39016,0,0,0,4,20,0
39017,0,0,0,2,0,0
39018,0,0,0,0,0,0
39019,0,0,0,0,0,0
39020,0,0,0,0,0,0
39021,0,0,0,0,0,0
39022,0,95,0,0,0,0
39023,0,278,0,0,0,0
39024,0,81,0,0,0,0
39025,0,55,0,0,0,0
39026,0,111,0,0,0,0
39027,0,189,0,0,0,0
39028,0,222,0,0,0,0
39029,0,184,0,0,0,0
39030,0,19,0,0,0,0
39031,0,4,0,0,7,0
39032,0,14,0,0,0,0
39033,0,5,0,0,0,0
39034,0,4,0,0,0,0
39035,0,9,0,0,0,0
39036,0,125,6,0,0,0
39037,0,351,6,0,0,0
39038,0,343,20,0,0,0
39039,0,272,1,0,0,0
39040,0,317,3,0,0,0
39041,0,369,6,0,0,0
39042,0,305,0,0,0,0
39043,6,241,0,0,0,0
39044,0,5,0,0,0,0
39045,0,11,0,0,0,0
39046,0,12,0,0,0,0
39047,0,0,0,0,0,0
39048,0,1,0,0,0,0
39049,0,0,0,0,0,0
39050,0,0,0,0,0,0
39051,0,14,0,0,0,0
39052,0,6,0,0,0,0
39053,0,0,0,0,0,0
39054,0,0,0,0,0,0
39055,0,0,0,0,0,3
39056,0,0,0,0,0,0
39057,0,24,0,0,0,0
39058,0,46,0,0,0,0
39059,0,89,0,0,0,0
39060,0,49,0,0,0,0
39061,0,0,0,0,0,0
39062,0,0,0,0,0,0
39063,0,0,0,0,0,0
39064,0,0,0,0,0,0
39065,0,0,0,0,0,0
39066,0,0,0,0,0,0
39067,0,0,0,0,0,0
39068,0,0,0,0,0,0
39069,0,0,0,0,0,0
39070,0,0,0,0,0,0
39071,0,0,0,0,0,0
39072,0,0,0,0,0,0
39073,0,0,0,0,0,0
39074,0,0,0,0,0,0
39075,0,0,0,0,0,0
39076,0,0,0,0,1,0
39077,0,0,0,0,3,0
39078,0,0,0,0,1,0
39079,0,0,0,0,114,0
39080,0,0,0,21,455,0
39081,0,0,0,7,707,0
39082,0,0,0,18,979,0
39083,0,0,0,20,1222,0
39084,0,0,0,38,1425,0
39085,0,0,0,10,1542,0
39086,0,0,0,41,1479,0
39087,0,0,0,53,1759,0
39088,0,0,0,93,2116,0
39089,0,0,0,108,3216,0
39090,0,2,0,78,4140,0
39091,0,0,0,211,3472,1
39092,0,0,0,227,4050,0
39093,0,0,0,238,2992,0
39094,0,0,0,68,1904,2
39095,0,0,0,44,3018,0
39096,0,0,0,12,4120,0
39097,0,0,0,6,5253,0
39098,0,0,0,107,4279,9
39099,0,0,0,118,3560,0
39100,0,0,0,203,3095,0
39101,0,0,0,95,3892,0
39102,0,0,0,38,2167,0
39103,0,0,0,64,1145,7
39104,0,0,0,38,257,0
39105,0,0,0,157,339,0
39106,0,0,0,18,187,0
39107,0,0,0,89,218,0
39108,0,0,0,63,1,0
39109,0,0,0,49,18,0
39110,0,0,0,40,4,0
39111,0,0,0,62,93,0
39112,0,0,0,20,0,0
39113,0,0,0,16,101,0
39114,0,0,0,122,10,0
39115,0,0,0,26,183,0
39116,0,0,0,0,414,0
39117,0,0,0,28,552,0
39118,0,0,0,27,566,0
39119,0,0,0,7,276,0
39120,0,0,0,4,97,0
39121,0,0,0,40,96,0
39122,0,0,0,18,338,0
39123,0,0,0,11,34,0
39124,0,0,0,3,21,0
39125,0,0,0,0,11,0
39126,0,0,0,0,48,0
39127,0,0,0,0,155,0
39128,0,0,0,0,168,0
39129,0,0,0,0,33,0
39130,0,0,0,0,0,0
39131,0,0,0,0,1,0
39132,0,0,0,0,7,0
39133,0,0,0,0,29,0
39134,0,0,0,3,40,0
39135,0,0,0,0,36,0
39136,0,0,0,40,31,0
39137,0,0,0,8,13,0
39138,0,0,0,0,16,0
39139,0,0,0,9,10,0
39140,0,0,0,108,4,0
39141,0,0,0,88,12,0
39142,0,0,0,18,17,0
39143,0,0,0,29,147,0
39144,0,0,0,10,60,0
39145,0,0,0,19,24,0
39146,0,0,0,3,122,0
39147,0,0,0,10,182,0
39148,0,0,0,35,255,0
39149,0,0,0,25,194,0
39150,0,0,0,7,114,0
39151,0,0,0,0,134,0
39152,0,0,0,0,212,0
39153,0,0,0,0,391,0
39154,0,0,0,3,211,0
39155,0,0,0,9,147,0
39156,0,0,0,0,102,0
39157,0,0,0,0,90,0
39158,0,0,0,0,52,0
39159,0,0,0,6,6,0
39160,0,0,0,18,0,0
39161,0,0,0,26,13,0
39162,0,0,0,0,0,0
39163,0,0,0,0,0,0
39164,0,0,0,0,0,0
39165,0,0,0,0,1,0
39166,0,0,0,0,0,0
39167,0,0,0,0,0,0
39168,0,0,0,0,0,0
39169,0,0,0,0,0,0
39170,0,0,0,0,0,0
39171,0,0,0,0,0,0
39172,0,0,0,37,0,0
39173,0,0,0,59,0,0
39174,0,0,0,4,0,0
39175,0,0,0,32,9,0
39176,0,0,0,32,7,0
39177,0,0,0,55,9,0
39178,0,0,0,56,5,0
39179,0,0,0,19,0,0
39180,0,0,0,14,0,0
39181,0,0,0,42,10,0
39182,0,0,0,57,0,0
39183,0,0,0,70,0,0
39184,0,0,0,100,0,0
39185,0,0,0,100,0,0
39186,0,0,0,0,0,0
39187,0,0,0,80,4,0
39188,0,0,0,129,0,0
39189,0,0,0,109,2,0
39190,0,0,0,47,0,0
39191,0,0,0,12,0,0
39192,0,0,0,10,0,0
39193,0,0,0,0,2,0
39194,0,0,0,1,8,0
39195,0,0,0,4,0,0
39196,0,0,0,11,2,0
39197,0,0,0,14,0,0
39198,0,0,0,0,0,0
39199,0,0,0,6,0,0
39200,0,0,0,0,0,0
39201,0,0,0,0,0,0
39202,0,0,0,0,0,0
39203,0,0,0,0,0,0
39204,0,0,0,0,1,0
39205,0,0,0,0,36,0
39206,0,0,0,0,23,0
39207,0,0,0,0,24,0
39208,0,0,0,0,27,0
39209,0,0,0,0,25,0
39210,0,0,0,0,0,0
39211,0,0,0,0,31,0
39212,0,0,0,0,67,0
39213,0,0,0,0,1,0
39214,0,0,0,0,3,0
39215,0,0,0,0,0,0
39216,0,0,0,0,0,0
39217,0,0,0,0,3,0
39218,0,0,0,0,0,0
39219,0,8,0,0,0,0
39220,0,0,0,0,0,0
39221,0,10,0,0,0,0
39222,0,6,0,0,0,0
39223,0,0,0,0,0,0
39224,0,0,0,0,0,0
39225,0,0,0,0,0,0
39226,0,0,0,0,0,0
39227,0,0,0,0,0,0
39228,0,0,0,0,0,0
39229,0,0,0,0,0,0
39230,0,5,0,0,0,0
39231,0,0,0,0,0,0
39232,0,0,0,0,0,0
39233,0,0,0,0,0,0
39234,0,0,0,0,0,0
39235,0,0,0,0,0,0
39236,0,14,0,0,0,0
39237,0,38,0,0,0,0
39238,0,21,0,0,0,0
39239,0,0,0,0,0,0
39240,0,0,0,0,0,0
39241,0,0,0,0,0,0
39242,0,0,0,0,0,0
39243,0,0,0,0,0,0
39244,0,0,0,0,4,0
39245,0,0,0,0,6,0
39246,0,0,0,0,15,0
39247,0,0,0,0,0,0
39248,0,0,0,0,0,0
39249,0,0,0,0,0,0
39250,0,0,0,0,2,0
39251,0,0,0,0,8,0
39252,0,0,0,0,1,0
39253,0,0,0,0,0,0
39254,0,0,0,0,0,0
39255,0,0,0,0,0,0
39256,0,0,0,0,0,0
39257,0,0,0,0,0,0
39258,0,0,0,0,0,0
39259,0,0,0,0,0,0
39260,0,0,0,0,0,0
39261,0,0,0,0,0,0
39262,0,0,0,0,0,0
39263,0,0,0,0,0,0
39264,0,0,0,0,0,0
39265,0,0,0,0,0,0
39266,0,0,0,0,0,0
39267,0,0,0,0,0,0
39268,0,0,0,0,0,0
39269,0,0,0,0,0,0
39270,0,0,0,0,0,0
39271,0,0,0,0,2,0
39272,0,0,0,0,0,0
39273,0,0,0,0,0,0
39274,0,0,0,0,0,0
39275,0,0,0,0,0,0
39276,0,0,0,0,0,0
39277,0,0,0,0,0,0
39278,0,0,0,0,0,0
39279,0,0,0,0,0,0
39280,0,0,0,0,0,0
39281,0,0,0,0,0,0
39282,0,0,0,0,0,0
39283,0,0,0,0,1,0
39284,0,0,0,0,0,0
39285,0,0,0,0,0,0
39286,0,0,0,0,1,0
39287,0,0,0,0,0,0
39288,0,0,0,0,0,0
39289,3,0,0,0,0,0
39290,0,0,0,0,0,0
39291,0,0,0,0,0,0
39292,0,0,0,0,0,0
39293,0,0,0,0,0,0
39294,0,0,0,4,0,0
39295,0,0,0,0,0,0
39296,0,0,0,0,0,0
39297,0,0,0,0,0,0
39298,0,0,0,0,0,0
39299,0,0,0,0,0,0
39300,0,0,0,13,0,0
39301,0,0,0,0,0,0
39302,0,0,0,0,0,0
39303,0,0,0,0,0,0
39304,0,0,0,0,0,0
39305,0,0,0,0,0,0
39306,0,0,0,0,0,0
39307,0,0,0,0,0,0
39308,0,0,0,4,0,0
39309,0,0,0,3,0,0
39310,0,0,0,0,0,0
39311,0,0,0,0,0,0
39312,0,0,0,0,0,0
39313,0,0,0,7,0,0
39314,0,0,0,6,0,0
39315,0,0,0,0,0,0
39316,0,0,0,0,7,0
39317,0,0,0,0,3,0
39318,0,0,0,0,1,0
39319,0,0,0,0,5,0
39320,0,0,0,0,10,0
39321,0,0,0,0,0,0
39322,0,0,0,0,0,0
39323,0,0,0,0,0,0
39324,0,0,0,0,0,0
39325,0,0,0,0,29,0
39326,0,0,0,0,10,0
39327,0,0,0,0,0,0
39328,0,0,0,0,0,0
39329,0,0,0,0,0,0
39330,0,0,0,0,0,0
39331,0,0,0,0,0,0
39332,0,0,0,0,0,0
39333,0,0,0,0,0,0
39334,0,0,0,0,0,0
39335,0,0,0,0,0,0
39336,0,0,0,0,0,0
39337,0,0,0,0,0,0
39338,0,0,0,0,0,0
39339,0,0,0,0,0,0
39340,0,0,0,0,0,0
39341,0,0,0,0,0,0
39342,0,0,0,0,0,0
39343,0,0,0,0,2,0
39344,0,0,0,0,0,0
39345,0,0,0,0,0,0
39346,0,0,0,0,4,0
39347,0,0,0,0,0,0
39348,0,0,0,0,0,0
39349,0,0,0,0,0,0
39350,0,0,0,0,20,0
39351,0,0,0,0,2,0
39352,0,0,0,0,0,0
39353,0,0,0,0,0,0
39354,0,0,0,0,0,0
39355,0,0,0,0,0,0
39356,0,0,0,0,0,0
39357,0,0,0,0,2,0
39358,0,0,0,18,139,0
39359,0,0,0,15,55,0
39360,0,0,0,0,18,0
39361,0,0,0,0,4,0
39362,0,0,0,0,0,0
39363,0,0,0,0,0,0
39364,0,0,0,0,14,0
39365,0,0,0,0,9,0
39366,0,0,0,0,0,0
39367,0,0,0,0,0,0
39368,0,0,0,0,0,0
39369,0,0,0,0,0,0
39370,0,0,0,0,0,0
39371,0,0,0,0,0,0
39372,0,0,0,0,0,0
39373,0,0,0,0,0,0
39374,0,0,0,0,0,0
39375,0,0,0,0,0,0
39376,0,0,0,0,0,0
39377,0,0,0,0,0,0
39378,0,0,0,0,0,0
39379,0,0,0,0,0,0
39380,0,0,0,0,0,0
39381,0,0,0,0,0,0
39382,0,0,0,0,0,0
39383,0,0,0,0,0,0
39384,0,0,0,0,0,0
39385,0,0,0,0,0,0
39386,0,0,0,0,1,0
39387,0,0,0,0,0,0
39388,0,0,0,0,0,0
39389,0,0,0,0,3,0
39390,0,0,0,0,0,0
39391,0,0,0,0,4,0
39392,0,0,0,0,0,0
39393,0,0,0,0,0,0
39394,0,0,0,0,0,0
39395,0,0,0,0,0,0
39396,0,0,0,0,0,0
39397,0,0,0,0,0,0
39398,0,0,0,0,0,0
39399,0,0,0,0,0,0
39400,0,0,0,0,0,0
39401,0,0,0,0,0,0
39402,0,0,0,0,0,0
39403,0,0,0,0,0,0
39404,0,0,0,0,0,0
39405,0,0,0,0,0,0
39406,0,0,0,0,1,0
39407,0,0,0,0,0,0
39408,0,0,0,0,0,0
39409,0,0,0,0,0,0
39410,0,0,0,0,0,0
39411,0,0,0,0,0,0
39412,0,0,0,0,0,0
39413,0,0,0,0,0,0
39414,0,0,0,0,0,0
39415,0,0,0,0,0,0
39416,0,0,0,0,0,0
39417,0,0,0,0,0,0
39418,0,0,0,0,0,0
39419,0,0,0,0,0,0
39420,0,0,0,0,0,0
39421,0,0,0,0,0,0
39422,0,0,0,0,0,0
39423,0,0,0,0,0,0
39424,0,0,0,0,0,0
39425,0,0,0,0,0,0
39426,0,0,0,0,0,0
39427,0,0,0,0,0,0
39428,0,0,0,0,0,0
39429,0,0,0,0,0,0
39430,0,0,0,0,0,0
39431,0,0,0,0,0,0
39432,0,0,0,0,0,0
39433,0,0,0,0,0,0
39434,0,0,0,0,0,0
39435,0,0,0,0,0,0
39436,0,0,0,0,2,0
39437,0,0,0,0,0,0
39438,0,0,0,0,0,0
39439,0,0,0,0,0,0
39440,0,0,0,0,0,0
39441,0,0,0,0,0,0
39442,0,0,0,21,0,0
39443,0,0,0,0,0,0
39444,0,0,0,0,0,0
39445,0,0,0,0,0,0
39446,0,0,0,0,0,0
39447,0,0,0,0,0,0
39448,0,0,0,0,2,0
39449,0,0,0,0,9,0
39450,0,0,0,0,11,0
39451,0,0,0,0,26,0
39452,0,0,0,0,0,0
39453,0,0,0,0,0,0
39454,0,0,0,0,0,0
39455,0,0,0,0,1,0
39456,0,0,0,0,0,0
39457,0,0,0,0,10,0
39458,0,0,0,0,1,0
39459,0,0,0,0,6,0
39460,0,0,0,0,0,0
39461,0,0,0,0,0,0
39462,0,0,0,0,0,0
39463,0,0,0,0,0,0
39464,0,0,0,0,0,0
39465,0,0,0,0,0,0
39466,0,0,0,0,0,0
39467,0,0,0,0,0,0
39468,0,0,0,0,0,0
39469,0,0,0,0,0,0
39470,0,0,0,0,0,0
39471,0,0,0,0,0,0
39472,0,0,0,0,0,0
39473,0,0,0,0,0,0
39474,0,0,0,0,0,0
39475,0,0,0,0,0,0
39476,0,0,0,0,0,0
39477,0,0,0,0,0,0
39478,0,0,0,0,0,0
39479,0,0,0,0,0,0
39480,0,0,0,0,0,0
39481,0,0,0,0,0,0
39482,0,0,0,0,39,9
39483,0,0,0,0,0,1
39484,0,0,0,0,6,0
39485,0,0,0,0,59,0
39486,0,0,0,0,56,0
39487,0,0,0,0,63,0
39488,0,0,0,0,61,0
39489,0,0,0,0,0,0
39490,0,0,0,0,2,0
39491,0,0,0,0,6,0
39492,0,0,0,0,5,0
39493,0,0,0,0,2,0
39494,0,0,0,0,0,0
39495,0,0,0,0,1,0
39496,0,0,0,0,2,1
39497,0,0,0,0,0,0
39498,0,0,0,0,0,0
39499,0,0,0,0,0,0
39500,0,0,0,0,0,0
39501,0,0,0,0,0,0
39502,2,0,0,0,0,0
39503,0,0,0,0,0,0
39504,0,0,0,0,3,0
39505,0,0,0,0,0,1
39506,0,0,0,0,0,0
39507,0,0,0,0,0,0
39508,0,0,0,0,0,0
39509,4,0,0,0,0,0
39510,0,0,0,0,0,0
39511,4,0,0,0,1,0
39512,0,0,0,0,0,0
39513,0,0,0,0,0,0
39514,0,0,0,2,1,0
39515,0,0,0,3,0,0
39516,0,0,0,0,0,0
39517,0,0,0,0,1,0
39518,0,0,0,0,0,0
39519,0,0,0,0,0,0
39520,0,0,0,0,0,0
39521,0,0,0,0,0,0
39522,0,0,0,0,0,0
39523,0,0,0,0,0,0
39524,0,0,0,0,0,0
39525,0,0,0,0,0,0
39526,0,0,0,0,0,0
39527,0,0,0,0,0,0
39528,0,0,0,0,0,0
39529,0,0,0,0,0,0
39530,0,0,0,0,0,0
39531,0,0,0,0,0,0
39532,0,0,0,0,0,0
39533,0,0,0,0,0,0
39534,0,0,0,0,0,0
39535,0,0,0,0,0,0
39536,15,0,0,0,4,0
39537,0,0,0,0,0,0
39538,6,0,0,0,0,0
39539,0,0,0,0,3,0
39540,0,0,0,0,2,0
39541,4,0,0,0,8,0
39542,0,0,0,0,0,0
39543,0,0,0,0,0,0
39544,0,0,0,0,2,0
39545,0,0,0,0,0,0
39546,0,0,0,0,0,0
39547,0,0,0,0,0,0
39548,0,0,0,0,0,0
39549,0,0,0,0,0,0
39550,0,0,0,0,0,0
39551,0,0,0,0,0,0
39552,0,0,0,0,0,0
39553,0,0,0,0,0,0
39554,0,0,0,0,0,0
39555,0,0,0,0,0,0
39556,0,0,0,0,0,0
39557,0,0,0,0,0,0
39558,0,0,0,0,0,0
39559,0,0,0,0,0,0
39560,0,0,0,0,2,0
39561,0,0,0,0,0,0
39562,0,0,0,0,0,0
39563,0,0,0,0,0,0
39564,0,0,0,0,6,0
39565,0,2,0,0,0,0
39566,0,0,0,0,0,0
39567,0,0,0,0,0,0
39568,0,0,0,0,0,0
39569,0,0,0,0,0,0
39570,0,0,0,0,0,0
39571,0,0,0,0,1,0
39572,0,0,0,0,0,3
39573,0,0,0,0,0,0
39574,0,0,0,0,0,0
39575,0,0,0,0,1,0
39576,0,0,0,0,6,0
39577,0,0,0,0,0,0
39578,0,0,0,0,0,0
39579,0,0,0,0,5,0
39580,0,0,0,0,3,0
39581,0,0,0,0,18,0
39582,0,0,0,0,0,0
39583,0,0,0,0,3,0
39584,0,0,0,0,0,0
39585,0,0,0,0,0,0
39586,0,0,0,0,9,0
39587,0,0,0,0,2,0
39588,0,0,0,0,0,0
39589,0,0,0,0,0,0
39590,0,0,0,0,0,0
39591,0,0,0,0,2,0
39592,0,0,0,0,0,0
39593,0,0,0,0,0,0
39594,0,0,0,0,0,0
39595,0,0,0,0,0,0
39596,0,0,0,24,0,0
39597,0,0,0,0,0,0
39598,0,0,0,0,1,0
39599,0,0,0,0,2,0
39600,0,0,0,1,0,0
39601,0,0,0,0,6,0
39602,0,0,0,1,2,0
39603,0,0,0,0,0,0
39604,0,0,0,0,0,0
39605,0,0,0,0,0,0
39606,0,0,0,0,0,0
39607,0,0,0,0,0,0
39608,0,0,0,0,18,0
39609,0,0,0,0,0,0
39610,0,0,0,0,3,0
39611,0,0,0,0,86,0
39612,0,0,0,1,1,0
39613,0,0,0,0,0,0
39614,0,0,0,0,0,0
39615,0,0,0,0,0,0
39616,0,0,0,0,9,0
39617,0,0,0,0,0,0
39618,0,0,0,0,0,0
39619,0,0,0,0,0,0
39620,0,0,0,0,0,0
39621,0,0,0,0,0,0
39622,0,0,0,0,0,0
39623,0,0,0,0,0,0
39624,0,0,0,0,0,0
39625,0,0,0,0,0,0
39626,0,0,0,0,0,0
39627,0,0,0,0,0,0
39628,0,0,0,0,1,0
39629,0,0,0,0,0,0
39630,0,0,0,0,4,0
39631,0,0,0,0,3,0
39632,0,0,0,0,0,0
39633,0,0,0,0,0,0
39634,0,0,0,0,0,0
39635,0,0,0,0,0,0
39636,0,0,0,0,0,0
39637,0,0,0,0,0,0
39638,0,0,0,0,0,0
39639,0,0,0,0,3,0
39640,0,0,0,0,4,0
39641,0,0,0,0,0,0
39642,0,0,0,0,0,0
39643,0,0,0,0,0,0
39644,0,0,0,0,0,0
39645,0,0,0,0,0,0
39646,0,0,0,0,7,0
39647,0,0,0,0,3,0
39648,0,0,0,2,1,0
39649,0,0,0,0,0,0
39650,0,0,0,0,0,0
39651,0,0,0,0,0,0
39652,0,0,0,0,0,0
39653,0,0,0,0,0,0
39654,0,0,0,0,0,0
39655,0,0,0,0,0,0
39656,0,0,0,0,0,0
39657,0,0,0,0,0,0
39658,0,0,0,0,0,0
39659,0,0,0,20,0,0
39660,0,0,0,0,0,0
39661,0,0,0,0,0,0
39662,0,0,0,0,1,0
39663,0,0,0,0,0,0
39664,0,0,0,0,2,0
39665,0,0,0,0,0,0
39666,0,0,0,0,0,0
39667,0,0,0,0,0,0
39668,0,0,0,0,0,0
39669,0,0,0,0,10,0
39670,0,0,0,0,0,0
39671,0,0,0,0,3,0
39672,0,0,0,0,0,0
39673,0,0,0,0,0,0
39674,0,0,0,0,0,0
39675,0,0,0,0,0,0
39676,0,0,0,0,0,0
39677,0,0,0,0,2,0
39678,0,0,0,0,0,0
39679,0,0,0,0,0,0
39680,0,0,0,0,0,0
39681,0,0,0,0,0,0
39682,0,0,0,0,0,0
39683,0,0,0,0,0,0
39684,0,0,0,0,0,0
39685,0,0,0,0,0,0
39686,0,0,0,0,0,0
39687,0,0,0,0,0,0
39688,0,0,0,0,0,0
39689,0,0,0,0,0,0
39690,0,0,0,0,0,0
39691,0,0,0,0,0,0
39692,0,0,0,0,0,0
39693,0,0,0,0,0,0
39694,0,0,0,0,0,0
39695,0,0,0,0,0,0
39696,0,0,0,0,0,0
39697,0,0,0,0,0,0
39698,0,0,0,0,0,0
39699,0,0,0,0,0,0
39700,0,0,0,14,0,0
39701,0,0,0,0,0,0
39702,0,0,0,0,0,0
39703,0,0,0,0,0,0
39704,0,0,0,0,0,0
39705,0,0,0,0,0,0
39706,0,0,0,0,0,0
39707,0,0,0,0,0,0
39708,0,0,0,0,0,0
39709,0,0,0,0,0,0
39710,0,0,0,0,0,0
39711,0,0,0,0,0,0
39712,0,0,0,0,5,0
39713,0,0,0,0,0,0
39714,0,0,0,0,0,0
39715,0,0,0,0,2,0
39716,0,0,0,0,0,0
39717,0,0,0,0,3,0
39718,0,0,0,0,1,0
39719,0,0,0,0,0,0
39720,0,0,0,0,0,0
39721,0,0,0,0,135,0
39722,0,0,0,0,23,0
39723,0,0,0,0,9,0
39724,0,0,0,0,0,0
39725,0,0,0,0,0,0
39726,0,0,0,0,0,0
39727,0,0,0,0,9,0
39728,0,0,0,0,2,0
39729,0,0,0,0,0,0
39730,0,0,0,0,4,0
39731,0,0,0,0,0,0
39732,0,0,0,0,2,0
39733,0,0,0,11,0,0
39734,0,0,0,23,0,0
39735,0,0,0,0,0,0
39736,0,0,0,0,7,0
39737,0,0,0,0,0,0
39738,0,0,0,0,0,0
39739,0,0,0,0,0,0
39740,0,0,0,0,0,0
39741,0,0,0,0,0,0
39742,0,0,0,0,0,0
39743,0,0,0,0,0,0
39744,0,0,0,0,2,0
39745,0,0,0,0,8,0
39746,0,0,0,0,0,0
39747,0,0,0,0,5,0
39748,0,0,0,0,0,0
39749,0,0,0,0,1,0
39750,0,0,0,0,0,0
39751,0,0,0,0,12,0
39752,0,0,0,0,4,0
39753,0,0,0,0,0,0
39754,0,0,0,0,0,0
39755,0,0,0,0,0,0
39756,0,0,0,0,0,0
39757,0,0,0,0,0,0
39758,0,0,0,0,0,0
39759,0,0,0,0,0,0
39760,0,0,0,0,0,0
39761,0,0,0,0,0,0
39762,0,0,0,0,0,0
39763,0,0,0,0,0,0
39764,0,0,0,0,0,0
39765,0,0,0,0,0,0
39766,0,0,0,0,0,0
39767,0,0,0,0,0,0
39768,0,0,0,0,0,0
39769,0,0,0,0,0,0
39770,0,0,0,0,0,0
39771,0,0,0,0,0,0
39772,0,0,0,29,0,0
39773,0,0,0,0,0,0
39774,0,0,0,0,0,0
39775,0,0,0,0,0,0
39776,0,0,0,0,0,0
39777,0,0,0,0,0,0
39778,0,0,0,0,0,0
39779,0,0,0,0,0,0
39780,0,0,0,0,0,0
39781,0,0,0,0,0,0
39782,0,0,0,0,0,0
39783,0,0,0,0,0,0
39784,0,0,0,0,0,0
39785,0,0,0,0,0,0
39786,0,0,0,0,0,0
39787,0,0,0,0,0,0
39788,0,0,0,0,0,0
39789,0,0,0,0,0,0
39790,0,0,0,0,0,0
39791,0,0,0,2,0,0
39792,0,0,0,0,0,0
39793,0,0,0,2,0,0
39794,0,0,0,0,0,0
39795,0,0,0,0,0,0
39796,0,0,0,0,0,0
39797,0,0,0,0,0,0
39798,0,0,0,0,0,0
39799,0,0,0,0,0,0
39800,0,0,0,0,0,0
39801,0,0,0,0,0,0
39802,0,0,0,0,0,0
39803,0,0,0,0,0,0
39804,0,0,0,0,0,0
39805,0,0,0,0,0,0
39806,0,0,0,0,0,0
39807,0,0,0,0,0,0
39808,0,0,0,0,0,0
39809,0,0,0,0,0,0
39810,0,0,0,5,0,0
39811,0,0,0,22,2,0
39812,0,0,0,0,0,0
39813,0,0,0,0,0,0
39814,0,0,0,0,0,0
39815,0,0,0,0,0,0
39816,0,0,0,0,0,0
39817,0,0,0,2,1,0
39818,0,0,0,6,61,0
39819,0,0,0,5,10,0
39820,0,0,0,1,7,0
39821,0,0,0,1,3,0
39822,0,0,0,2,0,0
39823,0,0,0,0,0,0
39824,0,0,0,0,8,0
39825,0,0,0,0,10,0
39826,0,0,0,0,10,0
39827,0,0,0,0,0,0
39828,0,0,0,0,0,0
39829,0,0,1,0,0,0
39830,0,0,0,0,0,0
39831,0,0,0,0,0,0
39832,0,0,0,1,0,0
39833,0,0,0,29,27,0
39834,0,0,0,11,35,0
39835,0,0,0,66,67,0
39836,0,0,0,31,73,0
39837,0,0,0,17,67,0
39838,0,0,0,0,4,0
39839,0,0,0,24,128,0
39840,0,0,0,5,0,0
39841,0,0,0,0,22,0
39842,0,0,0,0,0,0
39843,0,0,0,0,0,0
39844,0,0,0,0,0,0
39845,0,0,0,0,12,0
39846,0,0,0,0,0,0
39847,0,0,0,0,0,0
39848,0,0,0,0,0,0
39849,0,0,0,3,23,0
39850,0,0,0,0,0,0
39851,0,0,0,0,0,0
39852,0,0,0,0,0,0
39853,0,0,0,0,2,0
39854,0,0,0,0,0,0
39855,0,0,0,0,0,0
39856,0,0,0,0,11,0
39857,0,0,0,0,0,0
39858,0,0,0,0,0,0
39859,0,0,0,0,0,0
39860,0,0,0,0,0,0
39861,0,0,0,0,0,0
39862,0,0,0,0,0,0
39863,0,0,0,0,0,0
39864,0,0,0,0,0,0
39865,0,0,0,0,0,0
39866,0,0,0,0,0,0
39867,0,0,0,0,0,0
39868,0,0,0,0,0,0
39869,0,0,0,3,0,0
39870,0,0,0,1,0,0
39871,0,1,0,0,0,0
39872,0,0,0,0,0,0
39873,0,0,0,0,0,0
39874,0,0,0,0,0,0
39875,0,0,0,0,0,0
39876,0,0,0,0,0,0
39877,0,0,0,0,0,0
39878,0,0,0,0,0,0
39879,0,0,0,0,0,0
39880,0,0,0,0,0,0
39881,0,0,0,0,0,0
39882,0,0,0,0,0,0
39883,0,0,0,0,15,0
39884,0,0,0,8,1,0
39885,0,0,0,0,2,0
39886,0,0,0,0,2,0
39887,0,0,0,0,10,0
39888,0,0,0,0,1,0
39889,0,0,0,0,0,0
39890,0,0,0,0,14,0
39891,0,0,0,0,4,0
39892,0,0,0,0,0,0
39893,0,0,0,0,0,0
39894,0,0,0,0,0,0
39895,0,0,0,0,0,0
39896,0,0,0,0,0,0
39897,0,0,0,0,0,0
39898,0,0,0,0,0,0
39899,0,0,0,0,1,0
39900,0,0,0,0,0,0
39901,0,0,0,0,0,0
39902,0,0,0,0,0,0
39903,0,0,0,0,0,0
39904,0,0,0,0,0,0
39905,0,0,0,0,0,0
39906,0,0,0,0,0,0
39907,0,0,0,0,0,0
39908,0,0,0,0,0,0
39909,0,0,0,0,0,0
39910,0,0,0,0,0,0
39911,0,0,0,0,0,0
39912,0,0,0,0,0,0
39913,0,0,0,0,0,0
39914,0,0,0,0,1,0
39915,0,0,0,0,1,0
39916,0,0,0,0,7,0
39917,0,0,0,0,7,0
39918,0,0,0,0,0,2
39919,0,0,0,0,0,0
39920,0,0,0,0,0,0
39921,0,0,0,0,0,0
39922,0,0,0,0,0,0
39923,0,0,0,0,0,0
39924,0,0,0,0,0,0
39925,0,0,0,0,0,0
39926,0,0,0,0,0,0
39927,0,0,0,0,0,0
39928,0,0,0,0,0,0
39929,0,0,0,0,0,0
39930,0,0,0,0,0,0
39931,0,0,0,0,1,0
39932,0,0,0,0,0,0
39933,0,0,0,0,0,0
39934,0,0,0,0,0,0
39935,0,0,0,0,0,0
39936,0,0,0,0,0,0
39937,0,0,0,0,0,0
39938,0,4,0,0,0,0
39939,0,0,0,0,0,0
39940,0,2,0,0,0,0
39941,0,0,0,0,1,0
39942,0,0,0,0,0,0
39943,0,0,0,0,0,0
39944,0,0,0,0,0,0
39945,0,0,0,0,1,0
39946,1,0,0,0,0,0
39947,0,0,0,0,0,0
39948,0,3,0,0,0,0
39949,0,0,0,0,0,0
39950,0,0,0,0,0,0
39951,0,0,0,0,0,0
39952,0,31,0,0,0,0
39953,0,71,0,0,0,0
39954,0,46,0,0,0,0
39955,0,0,0,0,0,0
39956,0,0,0,0,0,0
39957,0,0,0,0,0,0
39958,0,0,0,0,0,0
39959,6,0,0,0,0,0
39960,2,0,0,0,0,0
39961,0,0,0,0,12,0
39962,0,0,0,0,1,0
39963,0,0,0,0,0,0
39964,2,0,0,0,0,0
39965,0,0,0,0,0,0
39966,0,0,0,0,0,0
39967,0,0,0,0,0,0
39968,0,0,0,0,0,0
39969,0,0,0,0,0,0
39970,0,0,0,0,0,0
39971,0,0,0,0,0,0
39972,0,0,0,0,0,0
39973,0,0,0,0,0,0
39974,0,0,0,0,0,0
39975,0,0,0,0,0,0
39976,0,0,0,0,0,0
39977,0,0,0,0,0,0
39978,0,3,0,0,0,0
39979,0,7,0,0,0,0
39980,0,12,0,0,2,0
39981,0,8,0,0,0,0
39982,0,9,0,0,8,0
39983,0,0,0,0,0,0
39984,0,1,0,0,4,0
39985,0,42,0,0,0,0
39986,0,56,0,0,0,0
39987,0,54,0,0,0,0
39988,0,51,0,0,3,0
39989,0,59,0,0,1,0
39990,0,29,0,0,0,0
39991,0,21,0,0,0,0
39992,0,27,0,0,2,0
39993,0,44,0,0,5,0
39994,0,132,0,0,0,0
39995,0,175,3,0,0,0
39996,0,218,0,0,0,0
39997,0,202,0,0,0,0
39998,0,217,0,0,0,0
39999,14,66,0,0,0,0
40000,2,28,0,0,0,0
40001,5,15,0,0,1,0
40002,0,0,0,0,0,0
40003,11,0,0,0,8,0
40004,31,1,0,0,11,0
40005,43,17,0,18,14,0
40006,131,19,0,9,8,0
40007,173,33,0,0,15,0
40008,153,106,0,0,12,0
40009,103,230,0,0,9,0
40010,56,142,0,0,0,0
40011,88,103,0,0,0,0
40012,158,167,0,0,17,0
40013,354,403,7,0,19,0
40014,354,742,12,0,0,0
40015,453,909,16,0,0,0
40016,359,772,0,0,0,0
40017,297,369,0,0,0,0
40018,104,369,19,0,0,0
40019,35,665,22,0,0,0
40020,37,1112,21,0,0,0
40021,69,1164,20,0,0,0
40022,37,796,0,0,0,0
40023,2,211,0,0,0,0
40024,0,104,0,0,0,0
40025,0,188,0,0,0,0
40026,0,199,0,0,0,0
40027,0,237,6,0,0,0
40028,0,135,8,0,0,0
40029,0,80,0,0,1,0
40030,10,46,0,0,4,0
40031,179,34,0,0,6,0
40032,314,7,0,0,0,0
40033,421,0,0,0,0,0
40034,505,27,0,0,0,0
40035,423,42,0,0,0,0
40036,356,76,0,0,14,0
40037,375,71,0,1,3,0
40038,377,19,0,0,0,0
40039,395,0,0,0,7,0
40040,407,0,0,0,0,0
40041,358,0,0,0,0,0
40042,251,74,0,0,0,0
40043,203,31,0,0,1,0
40044,140,0,0,0,0,0
40045,86,0,0,1,4,0
40046,89,0,0,7,0,0
40047,70,0,1,0,2,0
40048,60,2,0,0,1,0
40049,31,71,0,0,0,0
40050,16,121,0,0,0,0
40051,16,124,0,1,5,0
40052,17,56,0,0,0,0
40053,27,42,0,0,0,0
40054,2,75,0,0,0,0
40055,4,37,0,0,0,0
40056,0,3,0,0,0,0
40057,0,49,0,0,0,0
40058,0,15,0,0,0,0
40059,0,0,0,0,0,0
40060,0,0,0,0,0,0
40061,0,0,0,0,0,0
40062,0,0,0,0,0,0
40063,0,0,0,0,0,0
40064,0,0,0,0,0,0
40065,0,0,0,0,0,0
40066,0,57,0,0,15,0
40067,0,60,0,0,4,0
40068,0,0,0,0,9,0
40069,0,2,0,0,14,0
40070,0,1,0,0,7,0
40071,0,21,0,0,5,0
40072,0,24,0,0,0,0
40073,0,0,0,0,0,0
40074,0,0,0,0,2,0
40075,0,0,0,0,33,0
40076,0,0,0,0,9,0
40077,0,0,0,0,5,0
40078,0,0,0,0,0,0
40079,0,0,0,0,0,0
40080,0,0,0,0,0,0
40081,0,0,0,0,1,0
40082,0,0,0,0,0,0
40083,0,0,0,0,0,0
40084,0,0,0,0,0,0
40085,0,0,0,0,0,0
40086,0,0,0,0,0,0
40087,0,0,0,0,0,0
40088,0,0,0,2,0,0
40089,0,0,0,0,0,0
40090,0,0,0,3,0,0
40091,0,0,0,2,0,0
40092,0,0,0,0,0,0
40093,0,0,0,0,2,0
40094,0,0,0,0,0,0
40095,0,0,0,0,0,0
40096,0,0,0,0,4,0
40097,0,0,0,0,0,0
40098,0,0,0,2,0,0
40099,0,0,0,21,0,0
40100,0,0,0,29,9,0
40101,0,0,0,0,0,0
40102,0,0,0,0,0,0
40103,0,0,0,8,3,0
40104,0,0,0,0,1,0
40105,0,0,0,0,0,0
40106,0,0,0,7,1,0
40107,0,0,0,66,0,0
40108,0,0,0,62,19,0
40109,0,0,0,73,148,0
40110,0,0,0,2,12,0
40111,0,0,0,0,9,0
40112,0,19,0,26,4,0
40113,0,15,0,17,8,0
40114,0,82,0,0,0,3
40115,0,36,0,2,0,0
40116,0,29,0,0,3,0
40117,13,72,0,0,13,0
40118,7,80,0,10,135,0
40119,6,92,0,0,2,0
40120,5,110,0,0,0,0
40121,7,84,0,0,3,0
40122,9,3,0,0,6,0
40123,6,29,0,0,0,0
40124,0,6,0,0,0,0
40125,0,10,0,0,0,0
40126,0,103,0,0,0,0
40127,2,140,0,0,0,2
40128,0,165,0,0,8,0
40129,0,175,0,0,0,0
40130,0,88,0,0,0,0
40131,0,9,0,0,0,0
40132,0,0,0,0,0,0
40133,0,0,0,0,0,0
40134,0,0,0,0,2,0
40135,0,0,0,0,15,0
40136,0,5,0,0,5,0
40137,0,1,0,0,0,0
40138,0,0,0,0,5,0
40139,0,0,0,0,22,0
40140,0,0,0,0,14,0
40141,0,1,0,0,51,0
40142,0,0,0,0,33,0
40143,0,0,0,0,2,0
40144,0,0,0,0,1,0
40145,0,0,0,0,0,0
40146,0,0,0,0,0,0
40147,0,0,2,0,0,0
40148,0,0,0,0,0,0
40149,0,0,0,0,0,0
40150,0,0,0,0,0,0
40151,0,0,0,0,0,0
40152,0,0,0,0,0,0
40153,0,0,0,0,0,0
40154,0,0,0,0,5,0
40155,0,0,0,0,13,0
40156,0,0,0,0,36,0
40157,0,0,0,0,0,0
40158,0,0,0,0,0,0
40159,0,0,0,0,0,0
40160,0,0,0,0,3,0
40161,0,0,0,0,13,0
40162,0,0,0,0,33,0
40163,0,0,0,0,0,0
40164,0,0,0,0,0,0
40165,0,0,0,0,0,0
40166,0,0,0,0,0,0
40167,0,0,0,0,0,0
40168,0,0,0,0,0,0
40169,0,0,0,0,0,0
40170,4,0,0,0,0,0
40171,23,57,0,2,0,0
40172,6,127,4,0,0,0
40173,0,109,0,0,0,0
40174,5,33,0,0,0,0
40175,13,46,0,0,0,0
40176,0,20,0,0,0,0
40177,0,2,0,0,0,0
40178,0,0,0,0,0,0
40179,0,96,0,0,0,0
40180,0,115,0,0,0,0
40181,0,121,0,0,0,0
40182,0,57,0,0,0,0
40183,0,36,0,0,0,0
40184,0,31,0,0,0,0
40185,0,6,0,0,0,0
40186,0,5,0,0,13,0
40187,0,0,0,0,0,0
40188,0,0,0,0,12,0
40189,0,0,0,0,0,0
40190,0,0,0,0,0,0
40191,0,0,0,0,0,0
40192,0,0,0,0,0,0
40193,0,0,0,0,14,0
40194,0,0,0,0,25,0
40195,0,0,0,0,3,0
40196,0,0,0,0,0,0
40197,0,0,0,0,5,0
40198,0,0,0,0,0,0
40199,0,0,0,0,0,0
40200,0,0,0,0,0,0
40201,0,0,0,0,0,0
40202,0,0,0,15,0,0
40203,0,0,0,0,0,0
40204,0,0,0,0,0,0
40205,0,0,0,0,0,0
40206,0,0,0,1,0,0
40207,0,0,0,0,0,0
40208,0,0,0,0,3,0
40209,0,0,0,0,0,0
40210,0,0,0,0,0,0
40211,0,0,0,0,2,0
40212,0,0,0,0,20,0
40213,0,0,0,0,32,0
40214,0,0,0,0,0,0
40215,0,0,0,0,0,0
40216,0,0,0,0,1,1
40217,0,0,0,15,51,0
40218,0,0,0,10,9,0
40219,0,0,0,0,114,0
40220,0,0,0,1,198,0
40221,0,0,0,0,0,0
40222,0,6,0,0,0,0
40223,0,0,0,0,0,0
40224,0,0,0,0,0,0
40225,0,0,0,0,1,0
40226,0,0,0,0,0,0
40227,0,0,0,0,0,0
40228,0,0,0,0,0,0
40229,0,0,0,0,4,0
40230,0,0,0,0,0,0
40231,0,0,0,0,17,0
40232,0,0,0,0,29,0
40233,0,0,0,0,0,0
40234,0,0,0,0,0,0
40235,0,0,0,0,0,0
40236,0,0,0,0,0,0
40237,0,2,0,0,5,0
40238,0,64,5,0,4,0
40239,0,110,3,0,23,0
40240,0,146,0,0,0,0
40241,0,104,0,0,0,0
40242,0,73,0,0,0,0
40243,0,10,0,0,0,0
40244,0,0,0,0,0,0
40245,0,0,0,0,0,0
40246,0,0,0,0,19,0
40247,0,0,0,0,7,0
40248,0,0,0,0,0,0
40249,0,0,0,0,6,0
40250,0,0,0,0,30,0
40251,0,0,0,0,0,0
40252,0,0,0,0,0,0
40253,0,0,0,0,0,0
40254,0,0,0,0,0,0
40255,0,0,0,0,0,0
40256,0,22,0,0,2,0
40257,0,25,0,0,0,0
40258,0,31,0,2,0,0
40259,0,34,0,0,0,0
40260,0,43,0,0,0,0
40261,0,79,0,0,25,2
40262,0,64,0,0,18,0
40263,0,51,0,0,18,0
40264,0,55,2,0,0,0
40265,0,41,2,0,14,0
40266,0,1,0,2,16,0
40267,0,0,0,0,2,0
40268,0,0,0,0,3,0
40269,0,0,0,0,0,0
40270,0,0,0,0,0,0
40271,0,0,0,0,0,0
40272,0,0,0,0,0,0
40273,0,0,0,0,11,0
40274,0,0,0,0,7,0
40275,0,0,0,0,0,0
40276,0,0,0,0,3,0
40277,0,0,0,0,1,0
40278,0,0,0,0,0,0
40279,0,0,0,0,5,0
40280,0,0,0,0,0,0
40281,0,0,0,0,1,0
40282,0,0,0,0,0,0
40283,0,0,0,0,0,0
40284,0,0,0,0,0,0
40285,0,0,0,0,0,0
40286,0,0,0,0,0,0
40287,0,0,0,0,0,0
40288,0,0,0,0,0,0
40289,0,0,0,0,0,0
40290,0,0,0,0,0,0
40291,0,0,0,0,0,0
40292,0,0,0,0,0,2
40293,0,0,0,0,0,0
40294,0,0,0,0,0,0
40295,0,0,0,0,0,0
40296,0,0,0,0,0,0
40297,0,0,0,0,0,0
40298,0,0,0,0,0,0
40299,0,0,0,0,0,0
40300,0,0,0,0,0,0
40301,0,0,0,0,0,0
40302,0,0,0,0,0,0
40303,0,0,0,0,0,0
40304,0,0,0,1,0,0
40305,0,0,0,0,0,0
40306,0,0,0,0,4,1
40307,0,0,0,0,0,0
40308,0,0,0,0,3,0
40309,0,0,0,0,1,0
40310,0,0,0,0,0,0
40311,0,0,0,0,0,0
40312,0,0,0,0,0,0
40313,0,0,0,0,0,0
40314,0,0,0,0,0,0
40315,0,0,0,0,0,0
40316,0,0,0,0,0,0
40317,0,0,0,0,0,0
40318,0,0,0,0,0,1
40319,0,0,0,0,0,0
40320,0,0,0,0,2,0
40321,0,0,0,0,17,0
40322,0,0,0,0,3,0
40323,0,12,0,0,0,0
40324,0,27,0,0,0,0
40325,0,11,0,0,0,0
40326,0,40,3,0,0,0
40327,0,52,0,0,0,0
40328,20,47,0,0,0,0
40329,29,68,0,0,0,0
40330,4,19,0,0,0,0
40331,0,0,0,0,0,0
40332,0,0,0,0,0,0
40333,0,18,0,0,0,0
40334,0,37,0,0,2,0
40335,0,48,0,0,0,0
40336,6,85,0,0,6,0
40337,0,164,0,0,0,0
40338,2,103,0,0,0,0
40339,0,60,0,0,0,0
40340,0,54,0,0,0,0
40341,0,44,0,0,2,0
40342,0,79,0,0,0,0
40343,0,63,0,0,1,0
40344,0,38,0,0,1,0
40345,0,16,0,11,11,0
40346,0,0,0,20,14,0
40347,0,0,0,8,10,0
40348,0,1,0,0,0,0
40349,0,0,0,0,0,0
40350,0,0,0,1,0,0
40351,0,0,0,34,84,0
40352,0,0,0,11,80,0
40353,0,0,0,3,29,0
40354,0,3,0,28,1,0
40355,0,3,0,76,12,0
40356,0,0,0,118,158,0
40357,0,0,0,25,97,0
40358,0,0,0,0,3,0
40359,0,0,0,1,2,0
40360,0,0,0,24,12,0
40361,0,0,0,41,371,0
40362,0,0,0,21,242,0
40363,0,0,0,0,21,0
40364,0,0,0,164,2,0
40365,0,0,0,121,168,0
40366,0,2,0,225,342,0
40367,0,0,0,38,128,0
40368,0,0,0,82,0,0
40369,0,0,0,188,100,0
40370,0,0,0,272,511,0
40371,0,0,0,120,606,0
40372,0,0,0,10,115,0
40373,0,0,0,84,13,0
40374,0,0,0,144,386,0
40375,0,0,0,101,693,0
40376,0,0,0,14,641,0
40377,0,0,0,4,0,0
40378,0,0,0,32,57,0
40379,0,0,0,30,592,0
40380,0,0,0,0,216,0
40381,0,0,0,0,24,0
40382,0,0,0,0,0,0
40383,0,0,0,0,84,0
40384,0,0,0,7,141,0
40385,1,0,0,16,120,0
40386,2,0,0,0,2,0
40387,0,0,0,0,37,0
40388,6,0,0,0,29,0
40389,0,0,0,0,11,0
40390,2,0,0,0,1,0
40391,0,0,0,29,161,0
40392,0,0,0,58,259,0
40393,0,0,0,58,405,0
40394,0,0,0,62,304,0
40395,0,0,0,12,573,0
40396,0,0,0,14,1422,0
40397,0,0,0,21,1655,0
40398,0,0,0,23,1713,0
40399,0,0,0,50,1684,0
40400,0,0,0,92,2067,0
40401,0,0,0,192,2265,0
40402,0,0,0,137,2018,0
40403,0,0,0,104,1485,0
40404,0,0,0,75,1432,0
40405,0,0,0,179,1560,0
40406,0,0,0,282,1485,0
40407,0,0,0,348,1718,0
40408,0,0,0,479,1454,0
40409,0,0,0,430,584,0
40410,0,0,0,456,370,0
40411,4,0,0,427,549,0
40412,0,0,0,340,668,0
40413,0,0,0,235,365,0
40414,0,0,0,37,206,0
40415,0,0,0,48,224,0
40416,0,0,0,0,240,0
40417,0,0,0,41,601,0
40418,0,0,0,211,717,0
40419,0,0,0,523,977,0
40420,0,0,0,726,1040,0
40421,0,0,0,757,1852,0
40422,0,0,0,854,2603,0
40423,0,0,0,762,2464,0
40424,0,0,0,697,988,0
40425,0,0,0,548,1403,0
40426,0,0,0,241,1852,0
40427,0,0,0,131,2564,0
40428,0,0,0,0,1451,0
40429,0,0,0,0,347,9
40430,0,0,0,1,25,0
40431,0,0,0,34,48,0
40432,0,0,0,54,69,0
40433,0,0,0,89,69,0
40434,0,0,0,89,139,0
40435,0,0,0,156,15,0
40436,0,0,0,327,43,2
40437,0,0,0,123,7,2
40438,0,0,0,20,0,0
40439,0,0,0,85,2,0
40440,0,0,0,62,0,0
40441,0,0,0,10,37,0
40442,0,0,0,0,2,0
40443,0,0,1,42,47,0
40444,0,0,0,11,0,0
40445,0,0,0,14,110,0
40446,0,0,0,2,0,0
40447,0,0,0,0,3,3
40448,0,0,0,0,27,0
40449,0,0,0,4,36,0
40450,0,0,0,0,218,2
40451,0,0,0,0,354,0
40452,0,0,0,0,763,12
40453,0,0,0,0,1022,0
40454,0,0,0,42,2255,0
40455,0,0,0,8,2479,0
40456,0,0,0,155,1932,0
40457,0,0,0,206,1104,0
40458,0,0,0,462,1071,0
40459,0,0,0,669,544,0
40460,0,0,0,598,205,0
40461,0,0,0,596,316,0
40462,0,0,0,564,286,0
40463,0,0,0,485,570,0
40464,0,0,0,487,526,0
40465,0,6,0,426,81,0
40466,0,6,0,505,631,0
40467,0,0,0,423,970,0
40468,0,0,0,179,1716,0
40469,0,0,0,84,2374,0
40470,0,0,0,198,2406,0
40471,0,0,0,284,1983,0
40472,0,0,0,319,908,0
40473,0,0,0,234,1158,1
40474,0,0,0,324,2368,0
40475,0,0,0,346,2429,0
40476,0,0,0,44,2372,0
40477,2,0,0,45,2202,0
40478,0,0,0,168,1676,0
40479,0,0,0,210,1596,0
40480,2,0,0,101,1426,0
40481,0,0,0,61,943,0
40482,1,0,0,50,393,0
40483,0,0,0,55,164,0
40484,0,0,0,14,32,2
40485,0,0,0,2,43,0
40486,0,0,0,0,86,3
40487,5,0,0,0,19,0
40488,0,0,0,0,43,0
40489,0,0,0,0,0,0
40490,0,0,0,0,5,2
40491,0,0,0,2,5,18
40492,0,0,0,0,5,49
40493,0,0,0,4,99,47
40494,0,0,0,5,171,0
40495,0,0,0,0,232,0
40496,0,0,0,5,203,0
40497,0,0,0,19,2,0
40498,0,0,0,0,93,1
40499,0,0,0,10,170,0
40500,0,0,0,3,138,0
40501,0,0,0,6,141,0
40502,0,0,0,15,50,0
40503,0,0,0,2,0,0
40504,0,0,0,2,14,0
40505,0,0,0,11,91,0
40506,0,0,0,5,336,0
40507,0,0,0,2,1158,0
40508,0,0,0,21,2929,0
40509,0,0,0,8,3358,0
40510,0,0,0,4,1918,1
40511,0,0,0,56,2471,0
40512,0,0,0,142,1672,0
40513,0,0,0,290,1040,0
40514,0,0,0,422,576,0
40515,0,0,0,510,287,0
40516,0,0,0,531,146,0
40517,0,0,0,474,262,0
40518,0,0,0,463,378,0
40519,0,0,0,400,320,0
40520,0,0,0,354,137,0
40521,0,0,0,239,22,0
40522,0,0,0,104,31,0
40523,0,0,0,24,181,0
40524,0,0,0,36,673,0
40525,0,0,0,4,1428,0
40526,0,0,0,0,2047,0
40527,0,0,0,57,2152,0
40528,0,0,0,115,1859,0
40529,0,0,0,137,903,0
40530,0,0,0,47,287,0
40531,0,0,0,86,241,0
40532,0,0,0,254,197,0
40533,0,0,0,55,49,0
40534,0,0,0,42,1,0
40535,0,0,0,60,2,0
40536,0,0,0,48,0,0
40537,0,0,0,34,23,0
40538,0,0,0,53,10,0
40539,0,0,0,79,86,0
40540,0,0,0,97,74,0
40541,0,0,0,160,144,0
40542,0,0,0,99,152,0
40543,0,0,0,14,15,0
40544,0,0,0,16,0,0
40545,0,0,0,323,52,0
40546,0,0,0,562,403,0
40547,0,0,0,298,1091,0
40548,0,0,0,57,1385,0
40549,0,0,0,6,495,0
40550,0,0,0,54,85,0
40551,0,0,0,76,150,0
40552,0,0,0,19,241,0
40553,0,0,0,1,398,0
40554,0,0,0,0,361,0
40555,0,0,0,11,256,0
40556,0,0,0,27,197,0
40557,0,0,0,47,182,0
40558,0,0,0,88,339,0
40559,0,0,0,113,835,0
40560,0,0,0,129,2474,0
40561,0,0,0,137,3019,0
40562,0,0,0,192,2201,0
40563,0,0,0,185,1896,0
40564,0,0,0,297,1387,0
40565,0,0,0,389,681,0
40566,0,0,0,473,497,0
40567,0,0,0,636,822,0
40568,0,0,0,600,810,0
40569,0,0,0,589,720,0
40570,0,0,0,229,687,0
40571,0,0,0,136,981,0
40572,0,0,0,267,1257,0
40573,0,0,0,278,1338,0
40574,0,0,0,210,1245,0
40575,0,0,0,83,1372,58
40576,0,0,0,32,1505,164
40577,0,0,0,0,1419,211
40578,0,39,0,0,1106,439
40579,0,0,0,11,1149,571
40580,0,0,0,40,1205,411
40581,0,0,0,15,879,286
40582,0,0,0,160,540,104
40583,0,0,0,325,411,137
40584,0,0,0,445,193,35
40585,0,0,0,442,196,360
40586,0,0,0,456,129,444
40587,0,0,0,516,110,659
40588,0,0,0,533,158,580
40589,0,0,0,576,205,462
40590,0,0,0,640,69,517
40591,0,0,0,686,211,328
40592,0,0,0,580,143,112
40593,0,0,0,460,131,45
40594,0,0,0,448,113,5
40595,0,1,0,408,244,0
40596,0,0,0,230,122,0
40597,0,0,0,172,115,21
40598,0,0,0,43,43,23
40599,0,0,0,80,296,350
40600,0,0,0,30,368,834
40601,0,0,0,213,1006,1105
40602,0,0,0,232,549,528
40603,0,0,0,340,880,148
40604,0,0,0,129,814,88
40605,0,0,0,40,874,270
40606,0,0,0,0,464,92
40607,0,0,0,15,366,8
40608,0,0,0,5,97,0
40609,0,0,0,64,401,1
40610,0,0,0,55,224,153
40611,0,0,0,55,370,21
40612,0,0,0,0,225,64
40613,0,0,0,0,248,29
40614,0,0,0,0,280,189
40615,0,0,0,5,129,242
40616,0,0,0,83,217,322
40617,0,0,0,26,384,80
40618,0,0,0,34,305,1
40619,0,0,0,3,342,38
40620,0,0,0,27,604,90
40621,0,0,0,96,344,549
40622,0,0,0,98,90,313
40623,0,0,0,199,180,699
40624,0,0,0,164,125,1002
40625,0,0,0,89,399,1020
40626,0,0,0,85,785,226
40627,0,0,0,95,692,33
40628,0,0,0,131,652,9
40629,0,0,0,64,213,37
40630,0,0,0,72,841,527
40631,0,0,0,15,574,609
40632,0,0,0,21,1041,1068
40633,0,0,0,0,368,792
40634,0,0,0,29,447,340
40635,0,0,0,0,78,89
40636,0,0,0,1,256,2
40637,0,0,0,4,375,42
40638,0,0,0,12,412,414
40639,0,0,0,17,160,530
40640,0,0,0,3,215,414
40641,0,0,0,0,139,428
40642,0,0,0,2,340,246
40643,0,0,0,0,334,32
40644,0,0,0,0,164,4
40645,0,0,0,0,14,0
40646,0,0,0,0,186,1
40647,0,0,0,22,70,157
40648,0,0,0,1,195,167
40649,0,0,0,73,320,117
40650,0,0,0,20,163,11
40651,0,0,0,8,4,3
40652,0,0,0,26,58,0
40653,0,0,0,17,141,0
40654,0,0,0,0,116,0
40655,0,0,0,0,29,14
40656,0,0,0,1,7,5
40657,0,0,0,0,0,0
40658,0,0,0,5,11,0
40659,0,0,0,53,2,0
40660,0,0,0,34,0,0
40661,0,0,0,50,0,0
40662,0,0,0,21,3,5
40663,0,0,0,22,3,16
40664,0,0,0,0,16,183
40665,0,0,0,0,4,21
40666,0,0,0,11,4,16
40667,0,0,0,0,0,0
40668,0,0,0,0,2,12
40669,0,0,0,0,2,45
40670,0,0,0,4,26,142
40671,0,0,0,0,4,60
40672,0,0,0,0,29,6
40673,0,0,0,0,2,0
40674,0,0,0,0,0,0
40675,0,0,0,0,0,0
40676,0,0,0,0,0,22
40677,0,0,0,0,0,26
40678,0,0,0,4,88,7
40679,0,0,0,3,300,0
40680,0,0,0,0,294,0
40681,0,0,0,0,267,0
40682,0,0,0,0,107,0
40683,0,0,0,0,31,0
40684,0,0,0,0,90,0
40685,0,0,0,0,386,0
40686,0,0,0,0,644,0
40687,0,0,0,7,596,0
40688,0,0,0,0,1004,0
40689,0,0,0,8,1257,0
40690,0,0,0,33,1136,0
40691,0,0,0,19,1062,0
40692,0,0,0,0,872,0
40693,0,0,0,0,1083,0
40694,0,0,0,0,1112,0
40695,0,0,0,0,946,0
40696,0,0,0,0,823,0
40697,0,0,0,0,552,0
40698,0,0,0,0,243,0
40699,0,0,0,0,55,0
40700,0,0,0,0,0,0
40701,0,0,0,0,18,0
40702,0,0,0,0,20,0
40703,0,0,0,0,68,0
40704,0,0,0,0,183,0
40705,0,0,0,0,170,0
40706,0,0,0,0,138,0
40707,0,0,0,0,152,0
40708,0,0,0,0,320,0
40709,0,0,0,0,293,0
40710,0,0,0,0,177,0
40711,0,0,0,0,199,2
40712,0,0,0,0,94,0
40713,0,0,0,0,119,0
40714,0,0,0,12,173,0
40715,0,0,0,16,111,0
40716,0,0,0,23,260,0
40717,0,0,0,0,239,3
40718,0,0,0,2,392,2
40719,0,0,0,0,206,0
40720,0,0,0,2,632,54
40721,0,0,0,0,381,62
40722,0,0,0,6,399,55
40723,0,0,0,0,309,2
40724,0,0,0,3,398,0
40725,0,0,0,16,215,2
40726,0,0,0,0,304,41
40727,0,0,0,0,325,129
40728,0,0,0,0,157,42
40729,0,0,0,0,250,22
40730,0,0,0,0,368,0
40731,0,0,0,3,397,0
40732,0,0,0,0,142,5
40733,0,0,0,4,111,1
40734,0,0,0,12,178,14
40735,0,0,0,0,327,0
40736,0,0,0,15,362,0
40737,0,0,0,1,512,0
40738,0,0,0,0,328,0
40739,0,0,0,0,337,2
40740,0,0,0,0,197,0
40741,0,0,0,4,153,0
40742,0,0,0,0,43,2
40743,0,0,0,0,15,0
40744,0,0,0,1,0,0
40745,0,0,0,0,2,0
40746,0,0,0,0,18,0
40747,0,0,0,9,71,0
40748,0,0,0,2,175,0
40749,0,0,0,0,211,0
40750,0,0,0,15,109,0
40751,0,0,0,0,36,8
40752,0,0,0,0,28,0
40753,0,0,0,88,30,0
40754,0,0,0,82,22,0
40755,0,0,0,1,4,0
40756,0,0,0,2,6,4
40757,0,0,0,0,0,16
40758,0,0,0,0,0,0
40759,0,0,0,0,0,0
40760,0,0,0,50,2,0
40761,0,0,0,80,2,0
40762,0,0,0,49,15,7
40763,0,0,0,28,12,0
40764,0,0,0,0,6,0
40765,0,0,0,0,2,0
40766,0,0,0,2,0,0
40767,0,0,0,2,2,0
40768,0,0,0,0,0,0
40769,0,0,0,0,3,0
40770,0,0,0,0,0,0
40771,0,0,0,0,2,1
40772,0,0,0,0,0,2
40773,0,0,0,0,0,0
40774,0,0,0,0,0,0
40775,0,0,0,0,0,0
40776,0,0,0,0,0,0
40777,0,0,0,0,0,0
40778,0,0,0,0,0,0
40779,0,0,1,0,8,0
40780,0,0,0,0,0,0
40781,0,0,0,0,7,0
40782,0,0,0,0,0,0
40783,0,0,0,0,25,0
40784,0,0,0,0,0,0
40785,0,0,0,0,23,0
40786,0,0,0,0,2,0
40787,0,0,0,0,9,0
40788,0,0,0,0,0,0
40789,0,0,0,0,0,0
40790,0,0,0,0,1,0
40791,0,0,0,0,0,0
40792,0,0,3,0,4,0
40793,0,0,0,0,3,0
40794,0,0,0,6,25,0
40795,0,0,0,0,0,0
40796,0,0,0,0,95,0
40797,0,0,0,0,0,0
40798,0,0,0,0,61,0
40799,0,0,0,0,13,0
40800,0,0,0,0,90,0
40801,0,0,0,12,13,0
40802,0,0,0,0,243,0
40803,0,0,0,0,4,0
40804,0,0,0,0,116,0
40805,0,0,0,0,6,0
40806,0,0,0,0,19,0
40807,0,0,0,0,0,0
40808,0,0,0,0,6,0
40809,0,0,0,0,6,0
40810,0,0,0,0,0,0
40811,0,0,0,0,0,0
40812,0,0,0,0,0,0
40813,0,0,0,0,0,0
40814,0,0,0,1,28,0
40815,0,0,0,4,0,0
40816,0,0,0,3,23,0
40817,0,0,0,0,0,0
40818,0,0,0,0,0,0
40819,0,0,0,0,0,0
40820,0,0,0,0,0,0
40821,0,0,0,0,0,0
40822,0,0,0,0,0,0
40823,0,0,0,0,0,0
40824,0,0,0,0,0,0
40825,0,0,0,0,0,0
40826,0,0,0,0,0,0
40827,0,0,0,4,0,0
40828,0,0,0,0,0,0
40829,0,0,0,0,0,0
40830,0,0,0,0,0,0
40831,0,0,0,0,0,0
40832,0,0,0,0,0,0
40833,0,0,0,0,0,0
40834,0,0,0,0,0,0
40835,0,0,0,0,0,0
40836,0,0,0,0,0,0
40837,0,0,0,0,0,0
40838,0,0,0,0,3,0
40839,0,0,0,0,70,52
40840,0,0,0,0,511,28
40841,0,0,0,34,1450,1
40842,0,0,0,111,2004,0
40843,0,0,0,129,2474,0
40844,0,0,0,159,2881,0
40845,0,0,0,164,2554,8
40846,0,0,0,65,2400,15
40847,0,0,0,20,2729,34
40848,0,0,0,18,3845,0
40849,0,0,0,105,5192,0
40850,0,0,0,220,5470,0
40851,0,0,0,284,5598,0
40852,0,0,0,477,5843,2
40853,0,0,0,550,6290,8
40854,0,0,0,706,6669,0
40855,0,0,0,869,6514,4
40856,0,0,0,925,6988,0
40857,0,0,0,1038,6779,0
40858,0,0,0,1095,5828,0
40859,0,0,0,1084,4236,0
40860,0,0,0,1069,3394,0
40861,0,0,0,979,2706,0
40862,0,0,0,915,3232,0
40863,0,0,0,770,4240,0
40864,0,0,0,680,5224,0
40865,0,0,0,578,5086,0
40866,0,0,0,491,4712,0
40867,0,0,0,371,5221,0
40868,0,0,0,301,5145,1
40869,0,0,0,289,5468,0
40870,0,0,0,189,4747,0
40871,0,0,3,154,4406,1
40872,0,0,0,61,3600,0
40873,0,0,0,104,3322,1
40874,0,0,0,52,3803,0
40875,0,0,0,57,4551,9
40876,0,0,0,51,3607,2
40877,0,0,0,47,2912,0
40878,0,0,0,0,2317,0
40879,0,0,3,3,2261,0
40880,0,0,0,0,2077,3
40881,0,0,0,0,1987,0
40882,0,0,0,1,1643,8
40883,0,0,0,0,1301,3
40884,0,0,0,10,1130,0
40885,0,0,0,0,1517,6
40886,0,0,0,1,1903,2
40887,0,0,0,9,1793,16
40888,0,0,0,2,601,0
40889,0,0,0,25,768,8
40890,0,0,0,0,1241,0
40891,0,0,0,12,2642,0
40892,0,0,0,0,2658,0
40893,0,0,0,28,2676,0
40894,0,0,0,0,874,0
40895,0,0,0,31,635,0
40896,0,0,1,4,137,1
40897,0,0,0,54,353,0
40898,0,0,0,9,320,1
40899,0,0,0,19,635,10
40900,0,0,0,6,414,0
40901,0,0,0,1,417,42
40902,0,0,0,0,2,3
40903,0,0,0,0,289,14
40904,0,0,0,2,16,59
40905,0,0,0,0,34,19
40906,0,0,0,0,75,15
40907,0,0,0,0,86,2
40908,0,0,0,0,62,1
40909,0,0,0,0,75,15
40910,0,0,0,0,105,1
40911,0,0,0,0,130,1
40912,0,0,0,2,200,46
40913,0,0,0,0,138,29
40914,0,0,0,0,76,6
40915,0,0,0,30,83,0
40916,0,0,0,0,51,0
40917,0,0,0,7,26,0
40918,0,0,0,0,15,0
40919,0,0,0,0,20,0
40920,0,0,0,0,21,0
40921,0,0,0,0,23,0
40922,0,0,0,0,6,0
40923,0,0,0,0,5,0
40924,0,0,0,0,6,0
40925,0,0,0,51,9,0
40926,0,0,0,22,0,0
40927,0,0,0,9,31,0
40928,0,0,0,0,67,0
40929,0,0,0,1,127,0
40930,0,0,0,23,223,0
40931,0,0,0,222,284,0
40932,0,0,0,311,327,1
40933,0,0,0,393,342,0
40934,0,0,0,532,271,0
40935,0,0,0,819,222,15
40936,0,0,0,832,260,21
40937,0,0,0,756,390,0
40938,0,0,0,745,440,0
40939,0,0,0,612,416,0
40940,0,0,0,540,244,0
40941,0,0,0,474,156,0
40942,0,0,0,240,112,0
40943,0,0,0,53,0,0
40944,0,0,0,20,6,0
40945,0,0,0,0,4,0
40946,0,0,0,0,0,0
40947,0,0,0,0,0,0
40948,0,0,0,0,10,0
40949,0,0,0,3,0,0
40950,0,0,0,5,57,0
40951,0,0,0,1,294,0
40952,0,0,0,0,485,0
40953,0,0,0,0,450,0
40954,0,0,0,0,198,0
40955,0,0,0,0,80,0
40956,0,0,0,0,18,0
40957,0,0,0,2,10,0
40958,0,0,0,8,33,0
40959,0,0,0,23,97,0
40960,0,0,0,20,653,0
40961,0,0,0,10,675,0
40962,0,0,0,10,463,0
40963,0,0,0,10,265,0
40964,0,0,0,0,331,0
40965,0,0,0,0,172,0
40966,0,0,0,0,328,0
40967,0,0,0,0,314,0
40968,0,0,0,0,265,0
40969,0,0,0,0,285,0
40970,0,0,0,0,308,0
40971,0,0,0,8,727,0
40972,0,0,0,13,1455,0
40973,0,0,0,25,1796,0
40974,0,0,0,41,2117,0
40975,0,0,0,63,2304,0
40976,0,0,0,36,2448,0
40977,0,0,0,6,2106,0
40978,0,0,0,0,2261,0
40979,0,0,0,0,2363,0
40980,0,0,0,0,2464,0
40981,0,0,0,0,2584,0
40982,0,0,0,4,2490,0
40983,0,0,0,9,2374,0
40984,0,0,0,2,2153,0
40985,0,0,0,26,1790,0
40986,0,0,0,0,1812,0
40987,0,0,0,0,2015,0
40988,0,0,0,0,2293,3
40989,0,0,0,0,2334,0
40990,0,0,0,0,2175,0
40991,0,0,0,0,2415,0
40992,0,0,0,1,2547,0
40993,0,0,0,0,2960,0
40994,0,0,0,1,2666,0
40995,0,0,0,7,2706,0
40996,0,0,0,34,1957,6
40997,0,0,0,0,866,0
40998,0,0,0,5,146,0
40999,0,0,0,0,689,0
41000,0,0,0,0,791,1
41001,0,0,0,6,448,1
41002,0,0,0,0,295,0
41003,0,0,0,0,139,0
41004,0,0,0,0,101,0
41005,0,0,0,0,116,0
41006,0,0,0,2,397,9
41007,0,0,0,14,1036,8
41008,0,0,0,1,1242,0
41009,0,0,0,5,1883,0
41010,0,0,0,0,1666,0
41011,0,0,0,4,1338,1
41012,0,0,0,2,970,0
41013,0,0,0,0,906,0
41014,0,0,0,3,765,0
41015,0,0,0,19,283,0
41016,0,0,0,36,421,0
41017,0,0,0,24,541,0
41018,0,0,0,3,492,0
41019,0,0,0,33,519,0
41020,0,0,5,0,605,0
41021,0,0,0,9,573,0
41022,0,0,0,15,820,0
41023,0,0,0,115,828,0
41024,0,0,0,103,1601,0
41025,0,0,0,24,2001,1
41026,0,0,0,171,1927,1
41027,0,0,0,443,1752,0
41028,0,0,0,98,1579,0
41029,0,0,0,25,1816,0
41030,0,0,0,96,2120,0
41031,0,0,0,59,2394,0
41032,0,0,0,20,2767,0
41033,0,0,0,0,3054,0
41034,0,0,0,0,2457,0
41035,0,0,0,67,2039,0
41036,0,0,0,27,935,0
41037,0,0,0,81,540,0
41038,0,0,0,85,629,0
41039,0,0,0,298,773,0
41040,0,0,0,289,383,0
41041,0,0,0,121,265,0
41042,0,0,0,0,6,0
41043,0,0,0,5,90,0
41044,0,0,0,0,135,0
41045,0,0,0,69,242,1
41046,0,0,0,135,27,0
41047,0,0,0,183,48,0
41048,0,0,0,244,9,4
41049,0,0,0,158,75,2
41050,0,0,0,77,123,0
41051,0,0,0,57,142,0
41052,0,0,0,47,39,0
41053,0,0,0,46,1,0
41054,0,0,0,20,91,0
41055,0,0,0,0,218,0
41056,0,0,0,2,356,0
41057,0,0,0,14,336,0
41058,0,0,0,9,247,0
41059,0,0,0,4,87,0
41060,0,0,0,0,30,0
41061,0,0,0,0,0,0
41062,0,0,0,0,27,0
41063,0,0,0,0,97,0
41064,0,0,0,0,142,0
41065,0,0,0,0,151,0
41066,0,0,0,0,130,0
41067,0,0,0,0,24,0
41068,0,0,0,0,2,0
41069,0,0,0,0,31,0
41070,0,0,0,0,0,0
41071,0,0,0,3,10,0
41072,0,0,0,0,1,0
41073,0,0,0,0,10,0
41074,0,0,0,0,41,0
41075,0,0,0,0,20,0
41076,0,0,0,0,13,0
41077,0,0,0,0,10,0
41078,0,0,0,0,86,0
41079,0,0,0,0,36,0
41080,0,0,0,0,10,0
41081,0,0,0,0,178,0
41082,0,0,0,0,559,0
41083,0,0,0,0,1381,1
41084,0,0,0,35,1772,0
41085,0,0,0,0,1335,0
41086,0,0,0,6,1183,0
41087,0,0,0,0,954,6
41088,0,0,0,5,379,2
41089,0,0,0,8,2,0
41090,0,0,0,13,321,0
41091,0,0,0,0,567,0
41092,0,0,0,0,587,0
41093,0,0,0,0,510,0
41094,0,0,0,0,357,0
41095,0,0,0,0,254,0
41096,0,0,0,0,205,0
41097,0,0,0,0,183,2
41098,0,0,0,2,227,0
41099,0,0,0,0,201,0
41100,0,0,0,0,190,0
41101,0,0,0,0,202,0
41102,0,0,0,1,215,0
41103,0,0,0,0,263,0
41104,0,0,0,0,153,0
41105,0,0,0,0,221,0
41106,0,0,0,0,465,0
41107,0,0,0,0,704,0
41108,0,0,0,0,423,0
41109,0,0,0,0,146,0
41110,0,0,0,0,59,0
41111,0,0,0,3,43,0
41112,0,0,0,66,7,0
41113,0,0,0,15,39,0
41114,0,0,0,0,285,0
41115,0,0,0,6,607,0
41116,0,0,0,155,1228,0
41117,0,0,0,151,2112,0
41118,0,0,0,272,2906,0
41119,0,0,0,761,3657,0
41120,0,0,0,553,3658,0
41121,0,0,0,806,3985,0
41122,0,0,0,842,4274,0
41123,0,0,0,392,3270,0
41124,0,0,0,112,2252,0
41125,0,0,0,25,3040,0
41126,0,0,0,9,4373,0
41127,0,0,0,101,4709,0
41128,0,0,0,169,3585,0
41129,0,0,0,180,3283,0
41130,0,0,0,185,2748,0
41131,0,0,0,130,1934,0
41132,0,0,0,54,1552,0
41133,0,0,0,2,1489,0
41134,0,0,0,0,1582,0
41135,0,0,0,4,1160,0
41136,0,0,0,6,507,1
41137,0,0,0,13,58,0
41138,0,0,0,48,57,0
41139,0,0,0,13,72,0
41140,0,0,0,22,20,0
41141,0,0,0,21,198,16
41142,0,0,0,23,243,34
41143,0,0,0,72,456,0
41144,0,0,0,0,115,0
41145,0,0,0,0,36,0
41146,0,0,0,20,56,1
41147,0,0,0,1,38,0
41148,0,0,0,42,67,1
41149,0,0,0,24,16,0
41150,0,0,0,25,48,0
41151,0,0,0,22,14,0
41152,0,0,0,0,20,0
41153,0,0,0,4,83,1
41154,0,0,0,2,238,0
41155,0,0,0,39,289,0
41156,0,0,0,4,142,0
41157,0,0,0,6,93,1
41158,0,0,0,0,24,0
41159,0,0,0,0,0,0
41160,0,0,0,1,20,0
41161,0,0,0,2,86,0
41162,0,0,0,0,38,0
41163,0,0,0,0,18,0
41164,0,0,0,0,7,0
41165,0,0,0,0,3,1
41166,0,0,0,58,49,0
41167,0,0,0,66,125,0
41168,0,0,0,67,210,0
41169,0,0,0,0,259,0
41170,0,0,0,102,449,0
41171,0,0,0,195,565,0
41172,0,0,0,32,526,0
41173,0,0,0,31,663,0
41174,0,0,0,35,349,0
41175,0,0,0,35,151,0
41176,0,0,0,74,283,0
41177,0,0,0,23,154,0
41178,0,0,0,3,164,0
41179,0,0,0,0,416,0
41180,0,0,0,0,732,0
41181,0,0,0,0,600,0
41182,0,0,0,0,476,0
41183,0,0,0,2,371,0
41184,0,0,0,1,5,0
41185,0,0,0,0,55,0
41186,0,0,0,0,179,0
41187,0,0,0,0,460,0
41188,0,0,0,0,965,0
41189,0,0,0,0,1451,0
41190,0,0,0,0,1623,0
41191,0,0,0,0,1623,0
41192,0,0,0,0,1546,0
41193,0,0,0,0,1291,0
41194,0,0,0,0,1195,0
41195,0,0,0,0,1172,0
41196,0,0,0,4,1184,0
41197,0,0,0,5,1263,0
41198,0,0,0,38,1169,0
41199,0,0,0,13,1091,0
41200,0,0,0,22,1154,0
41201,0,0,0,8,1423,0
41202,0,0,0,2,1582,0
41203,0,0,0,0,1436,0
41204,0,0,0,0,1879,5
41205,0,0,0,16,2026,0
41206,0,0,0,77,1637,0
41207,0,0,0,1,1315,0
41208,0,0,0,13,1383,3
41209,0,0,0,90,1688,0
41210,0,0,0,84,1241,0
41211,0,0,0,13,608,0
41212,0,0,0,8,497,0
41213,0,0,0,15,457,0
41214,0,0,0,0,372,8
41215,0,0,0,1,214,0
41216,0,0,0,0,173,0
41217,0,0,0,0,347,0
41218,0,0,0,26,223,0
41219,0,0,0,105,161,1
41220,0,0,0,51,108,0
41221,0,0,0,20,282,0
41222,0,0,0,0,71,0
41223,0,0,0,24,0,0
41224,0,0,0,74,0,0
41225,0,0,0,28,53,0
41226,0,0,0,0,26,0
41227,0,0,0,36,63,0
41228,0,0,0,20,204,0
41229,0,0,0,7,390,0
41230,0,0,0,0,419,0
41231,0,0,0,0,387,0
41232,0,0,0,58,335,0
41233,0,0,0,75,187,0
41234,0,0,0,43,142,0
41235,0,0,0,0,148,0
41236,0,0,0,0,243,5
41237,0,0,0,0,265,0
41238,0,0,0,0,243,0
41239,0,0,0,0,219,0
41240,0,0,0,2,222,0
41241,0,0,0,0,210,0
41242,0,0,0,0,194,0
41243,0,0,0,9,160,0
41244,0,0,0,9,152,0
41245,0,0,0,2,62,0
41246,0,0,0,0,13,0
41247,0,0,0,0,6,0
41248,0,0,0,42,0,1
41249,0,0,0,17,0,0
41250,0,0,0,0,5,0
41251,0,0,0,0,30,0
41252,0,0,0,0,51,0
41253,0,0,0,0,36,0
41254,0,0,0,0,45,0
41255,0,0,0,17,72,0
41256,0,0,0,0,0,0
41257,0,0,0,0,4,0
41258,0,0,0,2,25,0
41259,0,0,0,0,3,0
41260,0,0,0,2,4,0
41261,0,0,0,18,0,0
41262,0,0,0,0,0,0
41263,0,0,0,6,1,0
41264,0,0,0,11,0,0
41265,0,0,0,0,24,0
41266,0,0,0,15,21,0
41267,0,0,0,11,22,0
41268,0,0,0,0,1,0
41269,0,0,0,0,0,0
41270,0,0,0,0,2,0
41271,0,0,0,0,1,0
41272,0,0,0,0,0,0
41273,0,0,0,4,0,0
41274,0,0,0,6,2,0
41275,0,0,0,39,51,0
41276,0,0,0,16,61,0
41277,0,0,0,0,83,0
41278,0,0,0,0,140,0
41279,0,0,0,0,90,0
41280,0,0,0,0,16,0
41281,0,0,0,10,5,0
41282,0,0,0,81,3,0
41283,0,0,0,93,11,0
41284,0,0,0,13,0,0
41285,0,0,0,0,0,0
41286,0,0,0,4,2,0
41287,0,0,0,0,2,0
41288,0,0,0,36,293,0
41289,0,0,0,31,9,0
41290,0,0,0,52,202,0
41291,0,0,0,14,41,0
41292,0,0,0,11,382,0
41293,0,0,0,3,75,0
41294,0,0,0,33,507,0
41295,0,0,0,0,138,0
41296,0,0,0,13,534,1
41297,0,0,0,0,251,0
41298,0,0,0,2,431,0
41299,0,0,0,15,86,0
41300,0,0,0,24,75,0
41301,0,0,0,0,146,0
41302,0,0,0,10,24,0
41303,0,0,0,31,104,0
41304,0,0,0,137,23,0
41305,0,0,0,109,85,1
41306,0,0,0,47,209,0
41307,0,0,0,0,38,0
41308,0,0,0,90,90,0
41309,0,0,0,46,3,0
41310,0,0,0,4,0,0
41311,0,0,0,38,20,0
41312,0,0,0,10,2,0
41313,0,0,0,10,25,0
41314,0,0,0,119,0,0
41315,0,0,0,86,38,0
41316,0,0,0,25,6,0
41317,0,0,0,0,45,0
41318,0,0,0,0,0,0
41319,0,0,0,50,29,0
41320,0,0,0,109,0,0
41321,0,0,0,110,12,0
41322,0,0,0,59,0,0
41323,0,0,0,28,32,1
41324,0,0,0,0,0,0
41325,0,0,0,7,14,15
41326,0,0,0,18,13,6
41327,0,0,0,0,5,0
41328,0,0,0,18,45,19
41329,0,0,6,0,1,0
41330,0,0,0,5,8,0
41331,0,0,0,0,0,61
41332,0,0,0,0,0,397
41333,0,0,0,0,2,69
41334,0,0,0,0,0,7
41335,0,0,0,0,1,10
41336,0,0,0,1,134,6
41337,0,0,0,0,11,85
41338,0,0,0,35,284,184
41339,0,0,0,2,24,85
41340,0,0,0,15,407,28
41341,0,0,0,0,80,0
41342,0,0,0,8,225,6
41343,0,0,0,0,91,15
41344,0,0,0,48,242,25
41345,0,0,0,30,4,6
41346,0,0,0,19,0,0
41347,0,0,0,2,74,0
41348,0,0,0,2,11,0
41349,0,0,0,29,27,0
41350,0,0,0,92,62,4
41351,0,0,0,35,8,17
41352,0,0,0,35,14,0
41353,0,0,0,34,68,0
41354,0,0,0,122,13,0
41355,0,0,0,11,141,17
41356,0,0,0,0,48,19
41357,0,0,0,26,12,0
41358,0,0,0,61,6,0
41359,0,0,0,48,12,0
41360,0,0,0,0,8,0
41361,0,0,0,3,21,0
41362,0,0,0,0,34,0
41363,0,0,0,68,36,0
41364,0,0,0,91,3,0
41365,0,0,0,171,11,0
41366,0,0,0,263,0,0
41367,0,0,0,405,16,0
41368,0,0,0,440,43,0
41369,0,0,0,328,101,0
41370,0,0,0,411,162,0
41371,0,0,0,279,141,0
41372,0,0,0,149,85,0
41373,0,0,0,95,19,0
41374,0,0,0,12,10,2
41375,0,0,0,48,6,0
41376,0,0,0,28,0,0
41377,0,0,0,0,0,0
41378,0,0,0,32,9,0
41379,0,0,0,0,7,0
41380,0,0,0,14,9,0
41381,0,0,0,36,11,0
41382,0,0,0,58,41,0
41383,0,0,0,149,45,0
41384,0,0,0,244,32,0
41385,0,0,0,226,73,0
41386,0,0,0,96,91,0
41387,0,0,0,23,98,0
41388,0,0,0,33,4,0
41389,0,0,0,16,3,0
41390,0,0,0,36,30,0
41391,0,0,0,0,77,0
41392,0,0,0,0,95,0
41393,0,0,0,6,88,0
41394,0,0,0,20,31,0
41395,0,0,0,21,35,0
41396,0,0,0,0,5,0
41397,0,0,0,0,26,0
41398,0,0,0,0,10,0
41399,0,1,0,4,5,0
41400,0,0,0,13,0,0
41401,0,0,0,32,8,0
41402,0,0,0,9,2,0
41403,0,0,0,0,5,0
41404,0,0,0,0,10,0
41405,0,0,0,2,55,0
41406,0,0,0,1,209,0
41407,0,0,0,16,703,0
41408,0,0,0,97,1061,0
41409,0,0,0,46,1326,0
41410,0,0,0,41,1505,0
41411,0,0,0,77,1630,0
41412,0,0,0,140,1356,0
41413,0,0,0,196,1061,0
41414,0,0,0,204,837,0
41415,0,0,0,332,695,0
41416,0,0,0,470,465,1
41417,0,0,0,565,296,0
41418,0,0,0,608,225,0
41419,0,0,0,498,341,0
41420,0,0,0,452,445,0
41421,0,0,0,291,449,0
41422,0,0,0,173,284,0
41423,0,0,0,162,188,0
41424,0,0,0,27,68,0
41425,0,0,0,41,111,0
41426,0,0,0,6,207,0
41427,0,0,0,0,252,0
41428,0,0,0,0,352,0
41429,0,0,0,0,1143,0
41430,0,0,0,22,1374,0
41431,0,0,0,94,1569,0
41432,0,0,0,142,1307,0
41433,0,0,0,225,1332,0
41434,0,0,0,180,1027,0
41435,0,0,0,123,883,0
41436,0,0,0,173,507,0
41437,0,0,0,239,644,0
41438,0,0,0,154,559,2
41439,0,0,0,167,374,0
41440,0,0,0,2,242,0
41441,0,0,0,20,215,0
41442,0,0,0,38,246,0
41443,0,0,0,43,193,0
41444,0,0,0,19,144,0
41445,0,0,0,90,64,3
41446,0,6,0,102,146,1
41447,0,0,0,60,272,0
41448,0,0,0,105,249,0
41449,0,0,0,161,307,0
41450,0,0,0,103,115,0
41451,0,0,0,111,29,0
41452,0,0,0,119,9,0
41453,0,0,0,69,2,0
41454,0,0,0,95,6,0
41455,0,0,0,59,15,0
41456,0,0,0,45,12,0
41457,0,0,0,30,19,0
41458,0,0,0,25,15,0
41459,0,0,0,3,79,0
41460,0,0,0,5,42,0
41461,0,0,0,3,96,0
41462,0,0,0,62,91,2
41463,0,0,0,2,78,0
41464,0,0,0,1,16,0
41465,0,0,0,13,12,0
41466,0,0,0,0,28,0
41467,0,0,0,0,8,0
41468,0,0,0,19,10,0
41469,0,0,0,63,0,0
41470,0,0,0,8,0,0
41471,0,0,0,0,17,0
41472,0,0,0,0,16,0
41473,0,0,0,0,0,0
41474,0,0,0,14,8,2
41475,0,0,0,41,3,2
41476,0,0,0,31,3,0
41477,0,0,0,14,12,3
41478,0,0,0,18,14,0
41479,0,0,0,17,22,0
41480,0,0,0,0,23,0
41481,0,0,0,0,10,0
41482,0,0,0,29,34,0
41483,0,0,0,19,57,0
41484,0,0,0,9,71,0
41485,0,0,0,0,45,0
41486,0,0,0,2,22,0
41487,0,0,0,2,0,0
41488,0,0,0,0,18,0
41489,0,0,0,0,92,0
41490,0,0,0,0,69,0
41491,0,0,0,0,89,6
41492,0,0,0,2,53,0
41493,0,0,0,0,6,0
41494,0,0,0,0,1,0
41495,0,0,0,0,0,0
41496,0,0,0,0,2,0
41497,0,0,0,0,0,0
41498,0,0,0,0,8,0
41499,0,0,0,0,14,0
41500,0,0,0,0,47,0
41501,0,0,0,0,91,0
41502,0,0,0,0,180,0
41503,0,0,0,0,225,0
41504,0,0,0,0,238,0
41505,0,0,0,0,289,0
41506,0,0,0,2,411,0
41507,0,0,0,0,128,0
41508,5,0,0,0,414,0
41509,22,0,0,0,74,0
41510,0,0,0,11,436,0
41511,0,0,0,5,313,0
41512,0,0,0,4,486,0
41513,0,0,0,10,390,0
41514,0,0,0,60,386,0
41515,0,0,0,31,429,0
41516,0,0,0,6,498,2
41517,0,0,0,2,418,0
41518,0,0,0,30,467,0
41519,0,0,0,191,329,0
41520,0,0,0,83,92,0
41521,0,0,0,12,635,0
41522,0,0,0,1,507,0
41523,0,0,0,10,279,0
41524,0,0,0,24,162,0
41525,0,0,0,27,161,0
41526,0,0,0,13,24,0
41527,0,0,0,0,35,0
41528,0,0,0,0,35,1
41529,0,0,0,0,201,0
41530,0,0,0,0,450,0
41531,0,0,0,0,626,0
41532,0,0,0,17,1030,0
41533,0,0,0,0,952,0
41534,0,0,0,45,1416,0
41535,0,0,0,5,1044,2
41536,0,0,0,89,1566,0
41537,0,0,0,41,1017,2
41538,0,0,0,96,1083,2
41539,0,0,0,12,420,0
41540,0,0,0,27,301,0
41541,0,0,0,57,212,0
41542,0,0,0,74,212,0
41543,0,0,0,44,141,0
41544,0,0,0,5,61,0
41545,0,0,0,45,193,0
41546,0,0,0,41,190,0
41547,0,0,0,5,47,0
41548,0,0,0,7,301,0
41549,0,0,0,130,496,0
41550,0,0,0,305,489,0
41551,0,0,0,323,175,0
41552,0,0,0,284,166,0
41553,0,0,0,81,931,0
41554,0,0,0,0,1347,0
41555,0,0,0,192,1771,0
41556,0,0,0,345,1620,0
41557,0,0,0,296,580,0
41558,0,0,0,197,715,0
41559,0,0,0,181,752,0
41560,0,0,0,107,690,6
41561,0,0,0,77,634,25
41562,0,0,0,51,740,21
41563,0,0,0,39,787,30
41564,0,0,0,6,593,0
41565,0,0,0,9,284,0
41566,0,0,0,7,72,1
41567,0,0,0,0,190,27
41568,0,0,0,0,491,98
41569,0,0,0,0,558,27
41570,0,0,0,0,481,2
41571,0,0,0,0,282,0
41572,0,0,0,1,321,0
41573,0,0,0,32,446,1
41574,0,0,0,0,405,0
41575,0,0,0,0,278,0
41576,0,0,0,0,143,0
41577,0,0,0,0,32,0
41578,0,0,0,2,56,0
41579,0,0,0,12,152,0
41580,0,0,0,58,313,0
41581,0,0,0,33,176,2
41582,0,0,0,17,164,1
41583,0,0,0,0,44,0
41584,0,0,0,0,0,0
41585,0,0,0,1,0,0
41586,0,0,0,0,60,0
41587,0,0,0,4,197,0
41588,0,0,0,81,819,0
41589,0,0,0,95,1619,0
41590,0,0,0,118,1860,0
41591,0,0,0,165,1493,0
41592,0,0,0,223,863,0
41593,0,0,0,268,234,0
41594,0,0,0,360,1331,0
41595,0,0,0,292,2180,0
41596,0,0,0,174,1989,0
41597,0,0,0,100,481,0
41598,0,0,0,56,224,0
41599,0,0,0,9,264,0
41600,0,0,0,0,324,0
41601,0,0,0,0,351,0
41602,0,0,0,0,152,0
41603,0,0,0,41,182,0
41604,0,0,0,0,79,0
41605,0,0,0,0,151,0
41606,0,0,0,0,445,0
41607,0,0,0,0,825,0
41608,0,0,0,0,1248,0
41609,0,0,0,44,1971,0
41610,0,0,0,82,2871,0
41611,0,0,0,55,3494,2
41612,0,0,0,62,4505,4
41613,0,0,0,19,5359,55
41614,0,0,0,12,6209,118
41615,0,0,0,4,7106,111
41616,0,0,0,0,8918,89
41617,0,0,0,43,9795,11
41618,0,0,0,87,9851,24
41619,0,0,0,108,10182,2
41620,0,0,0,17,10127,0
41621,0,0,0,50,10057,0
41622,0,0,0,147,9608,0
41623,0,0,0,205,8610,0
41624,0,0,0,90,5391,0
41625,0,0,0,27,4730,0
41626,0,0,0,32,9168,0
41627,0,0,0,139,12734,0
41628,0,0,0,269,14672,0
41629,0,0,0,272,15036,26
41630,0,0,0,629,14557,63
41631,0,0,0,396,14110,114
41632,0,0,0,0,12656,101
41633,0,0,0,10,11115,68
41634,0,0,0,57,8821,5
41635,0,0,0,35,6454,0
41636,0,0,0,103,4680,7
41637,0,0,0,73,3603,0
41638,0,0,0,63,3355,0
41639,0,0,0,111,3913,0
41640,0,0,0,143,2971,0
41641,0,0,0,141,3271,17
41642,0,0,0,69,3106,66
41643,0,0,0,137,2668,0
41644,0,0,0,106,1872,0
41645,0,0,0,61,460,0
41646,0,0,0,69,584,1
41647,0,0,0,21,240,0
41648,0,0,0,0,296,0
41649,0,0,0,1,213,2
41650,0,0,0,0,39,2
41651,0,0,0,1,45,4
41652,0,0,0,24,78,0
41653,0,0,0,54,52,5
41654,0,0,0,37,163,0
41655,0,0,0,1,42,0
41656,0,0,0,17,134,1
41657,0,0,0,0,82,0
41658,0,0,0,15,439,0
41659,0,0,0,0,192,0
41660,0,0,0,49,686,0
41661,0,0,0,0,199,0
41662,0,0,0,12,602,0
41663,0,0,0,0,257,0
41664,0,0,0,5,1212,4
41665,0,0,0,0,1567,0
41666,0,0,0,10,2457,0
41667,0,0,0,0,2860,0
41668,0,0,0,23,3768,0
41669,0,0,0,56,4469,0
41670,0,0,0,47,3828,0
41671,0,0,0,15,2644,0
41672,0,0,0,3,1841,0
41673,0,0,0,3,1554,0
41674,0,0,0,16,1928,0
41675,0,0,0,0,2405,0
41676,0,0,0,3,2856,0
41677,0,0,0,5,3033,0
41678,0,0,0,0,3209,0
41679,0,0,0,0,2963,0
41680,0,0,0,0,2695,0
41681,0,0,0,0,2017,0
41682,0,0,0,0,875,0
41683,0,0,0,12,2309,0
41684,0,0,0,21,3483,0
41685,0,0,0,49,3897,0
41686,0,0,0,103,3664,0
41687,0,0,0,1,3709,0
41688,0,0,0,32,3682,0
41689,0,0,0,42,3020,0
41690,0,0,0,81,2562,0
41691,0,0,0,69,2636,0
41692,0,0,0,100,1672,36
41693,0,0,0,139,589,425
41694,0,0,0,200,750,211
41695,0,0,0,292,201,128
41696,0,0,0,314,57,8
41697,0,0,0,324,7,0
41698,0,0,0,422,22,0
41699,0,0,0,417,7,157
41700,0,0,0,578,12,342
41701,0,0,0,606,114,875
41702,0,0,0,690,132,457
41703,0,0,0,792,296,25
41704,0,0,0,406,652,0
41705,0,0,0,120,681,8
41706,0,0,0,29,963,172
41707,0,0,0,17,591,20
41708,0,0,0,86,217,0
41709,0,0,0,35,403,0
41710,0,0,0,169,509,6
41711,0,0,0,229,325,13
41712,0,0,0,363,169,5
41713,0,0,0,228,61,0
41714,0,0,0,46,26,0
41715,0,0,0,23,53,0
41716,0,0,0,3,82,0
41717,0,0,0,0,58,0
41718,0,0,0,0,64,0
41719,0,0,0,0,80,0
41720,0,0,0,0,32,0
41721,0,0,0,0,23,0
41722,0,0,0,0,21,0
41723,0,0,0,0,24,0
41724,0,0,0,0,3,0
41725,0,0,0,0,28,0
41726,0,0,0,42,257,0
41727,0,0,0,2,377,0
41728,0,0,0,0,465,0
41729,0,0,0,0,646,0
41730,0,0,0,0,838,0
41731,0,0,0,0,1002,0
41732,0,0,0,0,1322,0
41733,0,0,0,0,1383,0
41734,0,0,0,14,1507,0
41735,0,0,0,10,1801,0
41736,0,0,0,0,1864,0
41737,0,0,0,0,1973,0
41738,0,0,0,0,2204,0
41739,0,0,0,0,2117,0
41740,0,0,0,0,2109,0
41741,0,0,0,0,2024,0
41742,0,0,0,0,1552,0
41743,0,0,0,8,1246,0
41744,0,0,0,4,1041,4
41745,0,0,0,12,969,0
41746,0,0,0,30,1134,0
41747,0,0,0,56,1159,0
41748,0,0,0,96,1100,0
41749,0,0,0,83,1084,0
41750,0,0,0,39,1376,0
41751,0,0,2,0,1457,0
41752,0,0,0,0,1439,0
41753,0,0,0,5,1481,0
41754,0,0,0,0,1372,0
41755,0,0,0,41,1564,0
41756,0,0,0,5,1591,0
41757,0,0,0,5,1628,0
41758,0,0,0,19,1478,0
41759,0,0,0,1,1283,0
41760,0,0,0,19,606,0
41761,0,0,0,4,89,3
41762,0,0,0,11,864,0
41763,0,0,0,2,1158,0
41764,0,0,0,4,1306,0
41765,0,0,0,0,1422,0
41766,0,0,0,0,1503,0
41767,0,0,0,4,1432,0
41768,0,0,0,56,959,0
41769,0,0,0,98,244,4
41770,0,0,0,32,634,0
41771,0,0,0,13,979,0
41772,0,0,0,33,1421,0
41773,0,0,0,63,1871,0
41774,0,0,0,19,2020,0
41775,0,0,0,0,1832,0
41776,0,0,0,0,1418,0
41777,0,0,0,24,906,0
41778,0,0,0,8,112,0
41779,0,0,0,56,1091,0
41780,0,0,0,257,1641,0
41781,0,0,0,51,1417,0
41782,0,0,0,0,1428,1
41783,0,0,0,15,1906,0
41784,0,0,0,0,2254,0
41785,0,0,0,54,2550,0
41786,0,0,0,0,2361,0
41787,0,0,0,4,2115,0
41788,0,0,0,0,1782,0
41789,0,0,0,0,1724,0
41790,0,0,0,0,1488,0
41791,0,0,0,0,669,0
41792,0,0,0,0,565,0
41793,0,0,0,2,181,0
41794,0,0,3,0,288,32
41795,0,0,0,0,103,0
41796,0,0,0,0,253,0
41797,0,0,0,0,291,0
41798,0,0,1,4,714,25
41799,0,0,0,0,872,43
41800,0,0,0,0,1336,0
41801,0,0,0,2,1474,0
41802,0,0,0,0,1651,0
41803,0,0,0,0,2032,0
41804,0,0,0,29,2390,14
41805,0,0,0,60,2894,0
41806,18,0,0,80,3113,3
41807,2,0,0,71,3154,0
41808,0,0,0,4,3510,0
41809,0,0,0,4,3548,0
41810,0,0,0,0,3505,0
41811,0,0,0,0,3597,0
41812,0,0,0,0,3702,0
41813,0,0,0,0,3849,0
41814,0,0,0,0,4098,0
41815,0,0,0,0,5175,0
41816,0,0,0,0,6641,13
41817,0,0,0,0,7927,84
41818,0,0,0,0,8171,3
41819,0,0,0,0,8360,16
41820,0,0,0,0,8602,5
41821,0,0,0,0,8633,22
41822,0,0,0,0,8290,1
41823,0,0,0,0,7639,0
41824,0,0,0,0,7101,0
41825,0,0,0,0,6047,0
41826,0,0,0,0,4945,0
41827,0,0,0,0,4343,0
41828,0,0,0,0,3703,0
41829,0,0,0,0,2569,0
41830,0,0,0,0,2289,0
41831,0,0,0,0,1595,0
41832,0,0,0,0,1270,0
41833,0,0,0,0,1045,0
41834,0,0,0,0,626,0
41835,0,0,0,0,148,0
41836,0,0,0,17,379,0
41837,0,0,0,0,640,0
41838,0,0,0,26,751,0
41839,0,0,0,30,965,0
41840,0,0,0,34,1323,0
41841,0,0,0,3,1662,0
41842,0,0,0,44,2268,0
41843,0,0,0,98,2751,0
41844,0,0,0,118,3086,0
41845,0,0,0,233,3198,0
41846,0,0,0,203,2482,0
41847,0,0,1,221,1890,0
41848,0,0,0,120,1436,3
41849,0,0,0,139,1389,0
41850,0,0,0,54,909,0
41851,0,0,0,33,957,0
41852,0,0,0,17,1193,0
41853,0,0,0,3,932,2
41854,0,0,0,6,949,0
41855,0,0,0,7,1247,0
41856,0,0,0,20,1670,0
41857,0,0,0,67,2041,0
41858,0,0,0,303,2500,0
41859,0,0,0,499,3262,0
41860,0,0,0,263,3748,0
41861,0,0,0,9,4236,0
41862,0,0,0,45,5587,0
41863,0,0,0,80,8069,0
41864,0,0,0,37,9870,0
41865,0,0,0,82,10809,6
41866,0,0,0,48,10700,9
41867,0,0,0,59,11303,39
41868,0,0,0,100,11045,26
41869,0,0,0,121,10210,67
41870,0,0,0,139,8734,0
41871,0,0,0,44,6938,3
41872,0,0,0,134,3681,0
41873,0,0,0,296,1387,0
41874,0,0,0,217,1259,0
41875,0,0,0,123,547,0
41876,0,0,0,47,374,0
41877,0,0,0,42,565,0
41878,0,0,0,114,568,0
41879,0,0,0,109,1797,0
41880,0,0,0,230,2919,0
41881,0,0,0,100,4225,0
41882,0,0,0,32,5304,0
41883,0,0,0,15,6187,0
41884,0,0,0,80,7078,3
41885,0,0,0,215,5887,0
41886,0,0,0,164,4013,0
41887,0,0,0,147,2187,0
41888,0,0,0,5,2329,0
41889,0,0,0,1,3369,0
41890,0,0,0,18,3357,0
41891,0,0,0,0,3298,0
41892,0,0,0,70,2744,0
41893,0,0,0,58,2133,0
41894,0,0,0,17,1403,0
41895,0,0,0,31,2055,0
41896,0,0,0,19,3361,1
41897,0,0,0,153,4400,1
41898,0,0,0,63,5835,5
41899,0,0,0,154,6836,12
41900,0,0,0,31,8231,89
41901,0,0,0,5,8400,71
41902,0,0,0,0,8343,48
41903,0,0,0,14,7990,0
41904,0,0,0,0,7718,0
41905,0,0,0,9,8555,0
41906,0,0,0,11,8771,0
41907,0,0,0,36,7983,0
41908,0,0,0,38,6397,0
41909,0,0,0,0,4072,0
41910,0,0,0,0,2642,0
41911,0,0,0,0,2433,0
41912,0,0,0,0,2953,0
41913,0,0,0,0,4261,0
41914,0,0,0,0,5005,0
41915,0,0,0,0,4671,0
41916,0,0,0,0,4699,0
41917,0,0,0,0,4260,0
41918,0,0,0,0,4002,3
41919,0,0,0,0,3942,0
41920,0,0,0,0,3629,0
41921,0,0,0,0,3015,1
41922,0,0,0,21,1614,0
41923,0,0,0,46,1118,0
41924,0,0,0,49,1681,0
41925,0,0,0,28,2621,0
41926,0,0,0,0,2929,0
41927,0,0,0,22,3099,0
41928,0,0,0,3,3232,0
41929,0,0,0,1,3128,0
41930,0,0,0,3,3289,0
41931,0,0,0,0,2712,0
41932,0,0,0,18,2390,0
41933,0,0,0,6,1780,5
41934,0,0,0,51,1530,0
41935,0,0,0,0,1317,0
41936,0,0,0,99,2402,0
41937,0,0,0,0,2382,0
41938,0,0,0,0,2800,0
41939,0,0,0,0,2190,0
41940,0,0,0,6,2193,0
41941,0,0,0,37,2118,0
41942,0,0,0,30,2549,0
41943,0,0,0,74,2708,0
41944,0,0,0,0,2148,0
41945,0,0,0,0,2771,2
41946,0,0,0,13,3009,0
41947,2,0,0,88,3235,0
41948,0,0,0,88,2411,0
41949,0,0,0,0,1362,0
41950,0,0,1,139,858,0
41951,0,0,0,48,1581,0
41952,0,0,0,114,2330,0
41953,0,0,0,290,2623,0
41954,0,0,0,257,2316,0
41955,0,0,0,381,1646,0
41956,0,0,0,504,1380,6
41957,0,0,0,458,1424,0
41958,0,0,0,294,2561,0
41959,0,0,0,376,3511,0
41960,0,0,0,605,4089,0
41961,0,0,0,563,4083,0
41962,0,0,0,504,3821,0
41963,0,0,0,249,3548,0
41964,0,0,0,82,4088,0
41965,0,0,0,0,4751,0
41966,0,0,0,6,5439,0
41967,0,0,0,113,6336,0
41968,0,0,0,42,6463,0
41969,0,0,0,136,5851,0
41970,0,0,0,23,5993,0
41971,0,0,0,68,6639,0
41972,0,0,0,34,7452,0
41973,0,0,0,21,8035,16
41974,0,0,0,79,7896,0
41975,0,0,0,38,6379,0
41976,0,0,0,0,3789,0
41977,0,0,0,3,800,0
41978,0,0,0,16,1265,0
41979,0,0,0,51,1254,0
41980,0,0,0,167,1909,0
41981,0,0,0,120,1942,0
41982,0,0,0,82,3658,0
41983,0,0,0,63,3259,0
41984,0,0,0,31,3129,0
41985,0,0,0,21,4037,0
41986,0,0,0,49,5037,0
41987,0,0,0,5,5543,0
41988,0,0,0,4,6094,0
41989,0,0,0,98,5812,5
41990,0,0,0,26,5715,0
41991,0,0,0,95,4969,0
41992,0,0,0,0,2385,0
41993,0,0,0,77,1529,0
41994,0,0,1,45,1193,0
41995,0,0,0,8,3340,0
41996,0,0,0,0,4885,0
41997,0,0,0,14,6047,1
41998,0,0,0,29,6542,0
41999,0,0,0,71,6747,18
42000,0,0,0,221,6299,0
42001,0,0,0,328,6436,20
42002,0,0,0,328,5935,8
42003,0,0,0,296,5912,89
42004,0,0,0,385,5184,14
42005,0,0,0,246,4921,0
42006,0,0,0,435,4469,0
42007,0,0,0,389,3776,0
42008,0,0,0,492,2617,0
42009,0,0,0,347,4758,0
42010,0,0,0,157,3781,0
42011,0,0,0,77,1632,0
42012,0,0,0,1,2430,0
42013,0,0,4,171,4027,1
42014,0,0,0,148,3710,0
42015,0,0,0,274,2856,0
42016,0,0,0,377,1601,2
42017,0,0,0,702,980,0
42018,0,0,0,764,961,0
42019,0,0,8,905,1859,14
42020,0,0,26,778,757,40
42021,0,0,0,738,910,0
42022,0,0,0,635,515,0
42023,0,0,0,400,264,0
42024,0,0,0,130,84,0
42025,0,0,0,23,70,0
42026,0,0,0,0,37,0
42027,0,0,0,0,0,0
42028,0,0,0,2,60,0
42029,0,0,0,45,47,3
42030,0,0,0,100,13,0
42031,0,0,0,124,34,0
42032,0,0,0,80,49,0
42033,0,0,0,7,8,2
42034,0,0,0,5,38,252
42035,0,0,0,5,11,396
42036,0,0,0,1,6,13
42037,0,0,0,0,2,0
42038,0,0,0,30,50,0
42039,0,0,0,0,19,23
42040,0,0,0,0,18,190
42041,0,0,0,0,47,120
42042,0,0,0,0,10,34
42043,0,0,0,0,0,0
42044,0,0,0,0,0,0
42045,0,0,0,0,0,0
42046,0,0,0,0,0,0
42047,0,0,0,0,0,0
42048,0,0,0,0,0,0
42049,0,0,0,0,0,0
42050,0,0,0,0,0,0
42051,0,0,0,0,0,0
42052,0,0,0,0,0,0
42053,0,0,0,1,0,0
42054,0,0,0,71,109,0
42055,0,0,0,76,282,0
42056,0,0,0,29,362,0
42057,0,0,0,20,476,0
42058,0,0,0,0,653,0
42059,0,0,0,64,486,0
42060,0,0,0,81,255,0
42061,0,0,0,332,204,0
42062,0,0,0,493,254,0
42063,0,0,0,617,459,0
42064,0,0,0,642,482,0
42065,0,0,0,617,324,0
42066,0,0,0,577,416,0
42067,0,0,0,364,245,0
42068,0,0,0,111,134,0
42069,0,0,0,10,44,0
42070,0,0,0,26,22,0
42071,0,0,0,38,2,0
42072,0,0,0,32,9,0
42073,0,0,0,42,45,0
42074,0,0,0,39,82,0
42075,0,0,0,43,65,0
42076,0,0,0,73,50,0
42077,0,0,0,69,95,0
42078,0,0,0,48,103,0
42079,0,0,0,88,188,0
42080,0,0,0,31,157,0
42081,0,0,0,0,168,0
42082,0,0,0,4,181,0
42083,0,0,0,21,100,0
42084,0,0,0,37,118,0
42085,0,0,0,42,111,0
42086,0,0,0,61,221,0
42087,0,0,0,71,181,0
42088,0,0,0,81,128,0
42089,0,0,0,121,204,0
42090,0,0,0,137,210,0
42091,0,0,0,125,186,0
42092,0,0,0,116,313,0
42093,0,0,0,49,220,0
42094,0,0,0,88,310,0
42095,0,0,0,53,121,0
42096,0,0,0,134,302,2
42097,0,0,1,101,24,0
42098,0,0,0,81,19,0
42099,0,0,0,35,13,0
42100,0,0,0,14,5,0
42101,0,0,0,0,83,0
42102,0,0,0,0,54,1
42103,0,0,0,0,199,0
42104,0,0,0,3,27,0
42105,0,0,0,0,67,0
42106,0,0,0,9,70,0
42107,0,0,0,0,90,1
42108,0,0,0,0,200,0
42109,0,0,0,2,206,0
42110,0,0,0,0,131,0
42111,0,0,0,3,88,2
42112,0,0,0,0,159,0
42113,0,0,0,5,161,6
42114,0,0,0,3,50,0
42115,0,0,0,3,78,0
42116,0,0,0,0,18,0
42117,0,0,0,0,66,0
42118,0,0,2,29,205,0
42119,0,0,0,0,842,0
42120,0,0,0,43,2154,0
42121,0,0,0,78,3765,6
42122,0,0,0,288,6485,34
42123,0,0,0,202,7408,74
42124,0,0,0,155,9933,134
42125,0,0,0,2,10817,0
42126,0,0,0,0,11234,0
42127,0,0,0,29,10501,0
42128,0,0,0,0,9912,0
42129,0,0,0,11,7054,0
42130,0,0,0,10,4528,6
42131,0,0,0,13,4286,71
42132,0,0,0,0,4091,120
42133,0,0,0,0,4051,99
42134,0,0,0,0,3349,1
42135,0,0,0,1,3748,116
42136,0,0,0,0,3867,133
42137,0,0,0,20,3756,79
42138,0,0,0,4,3701,10
42139,0,0,0,2,3868,0
42140,0,0,0,0,3630,0
42141,0,0,0,7,3666,0
42142,0,0,0,0,2900,0
42143,0,0,0,0,2204,0
42144,0,0,0,0,1402,0
42145,0,0,0,35,1846,0
42146,0,0,0,3,3128,0
42147,0,0,0,23,3844,0
42148,0,0,0,0,5108,0
42149,0,0,0,6,4728,2
42150,0,0,0,6,5148,1
42151,0,0,0,42,4548,0
42152,0,0,0,0,3854,4
42153,0,0,0,3,2908,1
42154,0,0,0,0,3318,0
42155,0,0,0,22,2877,0
42156,0,0,0,0,2536,0
42157,0,0,0,0,1734,0
42158,0,0,0,4,914,0
42159,0,0,0,8,1188,0
42160,0,0,0,8,2026,0
42161,0,0,0,20,2279,0
42162,0,0,0,72,2572,5
42163,0,0,0,85,2645,0
42164,0,0,0,90,2886,0
42165,0,0,0,135,3443,0
42166,0,0,0,117,4180,3
42167,0,0,0,39,4347,0
42168,0,0,0,0,4744,0
42169,0,0,0,0,3546,0
42170,0,0,0,0,1815,0
42171,0,0,0,9,425,0
42172,0,0,0,6,999,0
42173,0,0,0,1,2317,0
42174,0,0,0,16,2837,0
42175,0,0,0,12,3255,0
42176,0,0,0,32,2855,0
42177,0,0,0,55,2904,0
42178,0,0,0,145,2825,0
42179,0,0,0,119,2520,0
42180,0,0,0,183,1757,0
42181,0,0,0,276,1686,0
42182,0,0,0,240,2533,0
42183,0,0,0,139,3776,0
42184,0,0,0,75,4586,0
42185,0,0,0,34,6005,0
42186,0,0,0,6,7311,0
42187,0,0,0,2,8696,1
42188,0,0,0,11,8416,59
42189,0,0,0,2,7920,2
42190,0,0,0,40,7327,11
42191,0,0,0,82,6467,0
42192,0,0,0,29,5027,0
42193,0,0,0,31,4641,0
42194,0,0,0,2,4132,0
42195,0,0,0,94,4228,0
42196,0,0,0,97,1497,15
42197,0,0,0,46,643,3
42198,0,0,0,70,454,0
42199,0,0,0,173,488,0
42200,0,0,0,85,296,0
42201,0,0,0,45,370,0
42202,0,0,0,0,7,4
42203,0,0,0,1,8,0
42204,0,0,0,0,8,0
42205,0,0,0,0,0,0
42206,0,0,0,0,2,0
42207,0,0,0,10,14,0
42208,0,0,0,22,0,0
42209,0,0,0,23,20,5
42210,0,0,0,0,4,7
42211,0,0,0,0,56,31
42212,0,0,0,31,538,21
42213,0,0,0,5,849,5
42214,0,0,0,63,1035,0
42215,0,0,0,45,1035,0
42216,0,0,1,125,2425,3
42217,0,0,0,66,2714,0
42218,0,0,0,130,3728,1
42219,0,0,0,35,4512,73
42220,0,0,0,40,5595,99
42221,0,0,0,0,5642,36
42222,0,0,0,0,5714,1
42223,0,0,0,6,5689,0
42224,0,0,0,43,6056,5
42225,0,0,0,74,5731,0
42226,0,0,0,218,6245,1
42227,0,0,0,225,5409,0
42228,0,0,0,226,5499,0
42229,0,0,0,260,4979,0
42230,0,0,0,177,5445,0
42231,0,0,0,129,4472,0
42232,0,0,0,109,4555,2
42233,0,0,0,48,3819,0
42234,0,0,0,9,3736,0
42235,0,0,0,32,3618,0
42236,0,0,0,0,3911,0
42237,0,0,0,4,3408,0
42238,0,0,0,9,3347,0
42239,0,0,0,0,3147,0
42240,0,0,0,19,2783,0
42241,0,0,0,26,2461,2
42242,0,0,0,87,2502,0
42243,0,0,0,240,2208,0
42244,0,0,0,496,1894,0
42245,0,0,0,598,1718,0
42246,0,0,0,829,1406,0
42247,0,0,0,945,1435,0
42248,0,0,0,1275,3050,0
42249,0,0,0,1559,4860,0
42250,0,0,0,1478,7570,0
42251,0,0,0,1139,10120,0
42252,0,0,0,539,11986,0
42253,0,0,0,352,13613,1
42254,0,0,0,265,13795,24
42255,0,0,0,232,13404,47
42256,0,0,0,221,12615,73
42257,0,0,0,121,11673,98
42258,0,0,0,207,10462,68
42259,0,0,0,99,10080,73
42260,0,0,0,17,9045,0
42261,0,0,0,0,8183,51
42262,0,0,0,13,5845,17
42263,0,0,0,56,4190,0
42264,0,0,0,137,3769,0
42265,0,0,0,80,3817,0
42266,0,0,0,16,2834,9
42267,0,0,0,2,898,0
42268,0,0,0,2,1201,5
42269,0,0,0,56,1336,9
42270,0,0,0,102,1403,2
42271,0,0,0,104,563,0
42272,0,0,0,95,185,0
42273,0,0,0,123,216,0
42274,0,0,0,122,184,0
42275,0,0,0,12,103,16
42276,0,0,0,21,34,0
42277,0,0,0,0,0,0
42278,0,0,0,0,0,0
42279,0,0,0,0,0,0
42280,0,0,0,0,4,0
42281,0,0,0,0,2,0
42282,0,0,0,0,0,0
42283,0,0,0,3,0,0
42284,0,0,0,0,0,0
42285,0,0,0,0,2,0
42286,0,0,0,0,1,0
42287,0,0,0,0,0,0
42288,0,0,0,10,0,0
42289,0,0,0,37,0,0
42290,0,0,0,46,0,0
42291,0,0,0,38,1,0
42292,0,0,0,23,0,0
42293,0,0,0,14,0,0
42294,0,0,0,21,0,0
42295,0,0,0,77,0,0
42296,0,0,0,152,8,0
42297,0,0,0,129,3,0
42298,0,0,0,65,28,0
42299,0,0,0,82,215,0
42300,0,0,0,40,11,0
42301,0,0,0,33,32,0
42302,0,0,0,7,28,0
42303,0,0,0,0,44,0
42304,0,0,0,7,124,0
42305,0,0,0,100,196,0
42306,0,0,0,88,150,0
42307,0,0,0,46,84,0
42308,0,0,0,74,33,0
42309,0,0,0,50,0,0
42310,0,0,0,58,0,0
42311,0,0,0,55,38,0
42312,0,0,0,14,90,0
42313,0,0,0,1,148,0
42314,0,0,0,0,157,0
42315,0,0,0,0,176,0
42316,0,0,0,0,266,0
42317,0,0,0,0,341,0
42318,0,0,0,0,362,0
42319,0,0,0,2,337,0
42320,0,0,0,3,397,0
42321,0,0,0,19,174,0
42322,0,0,0,45,399,0
42323,0,0,0,17,478,0
42324,0,0,0,0,708,0
42325,0,0,0,0,635,0
42326,0,0,0,2,934,0
42327,0,0,0,3,745,0
42328,0,0,0,4,749,0
42329,0,0,0,0,658,0
42330,0,0,0,0,260,0
42331,0,0,0,0,133,0
42332,0,0,0,2,185,0
42333,0,0,0,1,284,0
42334,0,0,0,6,236,0
42335,0,0,0,5,201,0
42336,0,0,0,1,260,0
42337,0,0,0,40,197,0
42338,0,0,0,0,418,0
42339,0,0,0,53,947,2
42340,0,0,0,12,1447,0
42341,0,0,0,1,1353,0
42342,0,0,0,14,858,0
42343,0,0,0,124,708,0
42344,0,0,0,354,717,0
42345,0,0,0,197,677,0
42346,0,0,0,28,852,30
42347,0,0,0,130,862,0
42348,0,0,0,229,457,0
42349,0,0,1,363,722,8
42350,0,0,0,128,540,1
42351,0,0,5,118,624,0
42352,0,0,0,3,70,0
42353,0,0,0,0,26,0
42354,0,0,0,11,42,0
42355,0,0,0,0,83,0
42356,0,0,0,2,26,0
42357,0,0,0,0,35,0
42358,0,0,0,2,3,0
42359,0,0,0,1,2,0
42360,0,0,3,0,1,0
42361,0,0,0,0,132,0
42362,0,0,0,0,199,2
42363,0,0,0,0,169,0
42364,0,0,0,5,25,0
42365,0,0,0,0,8,0
42366,0,0,0,2,16,0
42367,0,0,0,0,10,0
42368,0,0,0,0,2,0
42369,0,0,0,12,76,0
42370,0,0,0,1,27,0
42371,0,0,0,15,211,0
42372,0,0,0,0,2,0
42373,0,0,0,0,0,0
42374,0,0,0,2,5,0
42375,0,0,0,0,4,0
42376,0,0,0,0,13,0
42377,0,0,0,20,7,0
42378,0,0,0,20,0,0
42379,0,0,0,0,23,0
42380,0,0,0,6,95,0
42381,0,0,0,1,42,0
42382,0,0,0,0,27,0
42383,0,0,0,0,6,0
42384,0,0,0,0,0,0
42385,0,0,0,0,0,0
42386,0,0,0,4,0,0
42387,0,0,0,37,0,0
42388,0,0,0,51,0,0
42389,0,0,0,3,0,0
42390,0,0,0,0,0,0
42391,0,0,0,28,7,0
42392,0,0,0,91,0,0
42393,0,0,0,0,0,0
42394,0,0,0,0,3,0
42395,0,0,0,0,0,0
42396,0,0,0,2,0,0
42397,0,0,0,0,0,0
42398,0,0,0,0,0,0
42399,0,0,0,12,0,0
42400,0,0,0,59,0,0
42401,0,0,0,1,0,0
42402,0,0,0,0,0,0
42403,0,0,0,0,0,0
42404,0,0,0,3,3,0
42405,0,0,0,11,70,0
42406,0,0,0,0,11,0
42407,0,0,0,15,22,0
42408,0,0,0,10,1,0
42409,0,0,0,0,0,0
42410,0,0,0,0,0,0
42411,0,0,0,0,6,0
42412,0,0,0,0,11,0
42413,0,0,0,0,36,0
42414,0,0,0,24,31,0
42415,0,0,0,28,98,0
42416,0,0,0,4,446,0
42417,0,0,0,13,776,0
42418,0,0,0,43,1241,0
42419,0,0,0,36,1290,0
42420,0,0,0,0,1395,0
42421,0,0,0,29,1243,0
42422,0,0,0,40,1024,0
42423,0,0,0,20,587,0
42424,0,0,0,9,294,0
42425,0,0,0,17,480,0
42426,0,0,0,2,686,0
42427,0,0,0,0,696,0
42428,0,0,0,21,378,0
42429,0,0,0,32,2364,0
42430,0,0,0,58,3334,0
42431,0,0,0,76,1692,0
42432,0,0,0,89,200,0
42433,0,0,0,93,1116,0
42434,0,0,0,77,1886,0
42435,0,0,0,53,827,0
42436,0,0,0,1,249,0
42437,0,0,0,2,656,0
42438,0,0,0,1,518,0
42439,0,0,0,0,317,0
42440,0,0,0,0,336,0
42441,0,0,0,0,276,0
42442,0,0,0,0,302,0
42443,0,0,0,0,948,0
42444,0,0,0,0,885,0
42445,0,0,0,0,823,0
42446,0,0,0,0,707,0
42447,0,0,0,0,545,0
42448,0,0,0,11,396,0
42449,0,0,0,0,445,0
42450,0,0,0,9,261,0
42451,0,0,0,0,308,0
42452,0,0,0,0,95,0
42453,0,0,0,3,86,0
42454,0,0,0,0,122,0
42455,0,0,0,0,100,0
42456,0,0,0,0,248,0
42457,0,0,0,0,234,0
42458,0,0,0,8,745,0
42459,0,0,0,0,557,0
42460,0,0,0,10,965,0
42461,0,0,0,0,730,0
42462,0,0,0,0,1029,0
42463,0,0,0,0,781,0
42464,0,0,0,11,1088,0
42465,0,0,0,0,784,0
42466,0,0,0,6,669,4
42467,0,0,0,0,583,0
42468,0,0,0,1,929,5
42469,0,0,0,28,1230,0
42470,0,0,0,9,2161,0
42471,0,0,0,12,2234,0
42472,0,0,0,41,1963,0
42473,0,0,0,291,1068,0
42474,0,0,0,436,786,0
42475,0,0,0,509,3155,0
42476,0,0,0,116,3928,0
42477,0,0,0,21,3037,0
42478,0,0,0,145,1579,0
42479,0,0,0,219,1278,0
42480,0,0,0,62,1183,0
42481,0,0,0,6,794,0
42482,0,0,0,25,1413,0
42483,0,0,0,52,1892,0
42484,0,0,0,16,1327,0
42485,0,0,0,10,536,0
42486,0,0,0,32,168,0
42487,0,0,0,13,340,0
42488,0,0,0,6,638,0
42489,0,0,0,10,672,0
42490,0,0,0,0,486,0
42491,0,0,0,0,267,0
42492,0,0,0,0,7,0
42493,0,0,0,19,43,0
42494,0,0,0,0,228,0
42495,0,0,0,0,173,0
42496,0,0,0,17,160,0
42497,0,0,0,52,132,13
42498,0,0,0,4,152,0
42499,0,0,0,0,87,0
42500,0,0,0,0,143,0
42501,0,0,0,7,129,0
42502,0,0,0,11,125,0
42503,0,0,0,0,64,0
42504,0,0,0,0,16,6
42505,0,0,0,0,7,0
42506,0,0,0,0,0,0
42507,0,0,0,0,0,0
42508,0,0,0,0,104,0
42509,0,0,0,0,135,1
42510,0,0,0,0,0,0
42511,0,0,0,0,6,0
42512,0,0,0,0,0,0
42513,0,0,0,0,0,0
42514,0,0,0,0,0,0
42515,0,0,0,0,0,0
42516,0,0,0,0,0,0
42517,0,0,0,5,1,0
42518,0,0,0,0,0,0
42519,0,0,0,4,0,0
42520,0,0,0,12,3,0
42521,0,0,0,0,0,0
42522,0,0,0,0,1,0
42523,0,0,0,0,68,0
42524,0,0,0,0,217,0
42525,0,0,0,0,135,0
42526,0,0,0,0,111,0
42527,0,0,0,0,55,0
42528,0,0,0,0,0,0
42529,0,0,0,0,12,0
42530,0,0,0,0,21,0
42531,0,0,0,11,5,0
42532,0,0,0,20,1,0
42533,0,0,0,7,0,0
42534,0,0,0,7,4,0
42535,0,0,0,0,73,0
42536,0,0,0,1,89,0
42537,0,0,0,9,220,0
42538,0,0,0,51,599,0
42539,0,0,0,153,668,0
42540,0,0,0,98,479,0
42541,0,0,0,130,212,0
42542,0,0,0,49,45,0
42543,0,0,0,12,179,0
42544,0,0,0,7,272,0
42545,0,0,0,14,357,2
42546,0,0,0,17,414,0
42547,0,0,0,6,231,0
42548,0,0,0,7,85,0
42549,0,0,0,33,0,0
42550,0,0,0,39,20,0
42551,0,0,0,43,8,0
42552,0,0,0,54,0,0
42553,0,0,0,36,0,0
42554,0,0,0,86,135,0
42555,0,0,0,75,179,0
42556,0,0,0,15,296,0
42557,0,0,0,70,295,0
42558,0,0,0,51,128,0
42559,0,0,0,62,106,0
42560,0,0,0,21,38,0
42561,0,0,0,8,78,0
42562,0,0,0,60,10,0
42563,0,0,0,3,29,0
42564,0,0,0,75,7,0
42565,0,0,0,89,2,0
42566,0,0,0,22,40,0
42567,0,0,0,10,19,0
42568,0,0,0,36,87,0
42569,0,0,0,22,254,0
42570,0,0,0,12,352,0
42571,0,0,0,0,140,0
42572,0,0,0,0,83,0
42573,0,0,0,3,3,0
42574,0,0,0,7,25,0
42575,0,0,0,0,36,0
42576,0,0,0,0,5,0
42577,0,0,0,4,19,0
42578,0,0,0,9,0,0
42579,0,0,0,4,2,0
42580,0,0,0,0,0,2
42581,0,0,0,0,4,3
42582,0,0,0,0,11,0
42583,0,0,0,15,2,0
42584,0,0,0,43,24,0
42585,0,0,0,0,60,0
42586,0,0,0,0,202,0
42587,0,0,0,0,277,0
42588,0,0,0,0,234,0
42589,0,0,0,0,147,0
42590,0,0,0,4,115,0
42591,0,0,0,5,187,0
42592,0,0,0,10,230,0
42593,0,0,0,0,232,0
42594,0,0,0,0,293,0
42595,0,0,0,0,303,0
42596,0,0,0,6,285,0
42597,0,0,0,5,134,0
42598,0,0,0,15,132,0
42599,0,0,0,13,286,0
42600,0,0,0,9,426,0
42601,0,0,0,2,654,0
42602,0,0,0,6,742,0
42603,0,0,0,18,664,0
42604,0,0,0,2,483,0
42605,0,0,0,0,323,0
42606,0,0,0,0,59,0
42607,0,0,0,5,1,0
42608,0,0,0,17,3,0
42609,0,0,0,11,4,0
42610,0,0,0,0,2,0
42611,0,0,0,15,0,0
42612,0,0,0,1,3,0
42613,0,0,0,0,67,0
42614,0,0,0,0,251,0
42615,0,0,0,5,623,0
42616,0,0,0,18,628,0
42617,0,0,0,0,648,0
42618,0,0,0,46,790,0
42619,0,0,0,3,1129,0
42620,0,0,0,3,1294,0
42621,0,0,0,0,1650,0
42622,0,0,0,0,2001,0
42623,0,0,0,6,2570,0
42624,0,0,0,8,3041,0
42625,0,0,0,14,3938,0
42626,0,0,0,0,4847,0
42627,0,0,0,13,5129,0
42628,0,0,0,60,3830,0
42629,0,0,0,130,2205,0
42630,0,0,0,220,1756,0
42631,0,0,0,239,3238,0
42632,0,0,0,145,4141,0
42633,0,0,0,398,4381,0
42634,0,0,0,465,3981,0
42635,0,0,0,248,3471,0
42636,0,0,0,139,1324,0
42637,0,0,0,82,783,0
42638,0,0,0,84,1399,0
42639,0,0,0,220,2082,0
42640,0,0,0,424,2311,0
42641,0,0,0,383,1677,0
42642,0,0,0,210,783,0
42643,0,0,0,221,173,0
42644,0,0,0,195,69,0
42645,0,0,0,54,7,0
42646,0,0,0,0,14,0
42647,0,0,0,0,8,0
42648,0,0,0,25,2,0
42649,0,0,0,0,2,0
42650,0,0,0,0,0,0
42651,0,0,0,0,33,0
42652,0,0,0,0,29,0
42653,0,0,0,0,39,0
42654,0,0,0,0,19,0
42655,0,0,0,0,7,0
42656,0,0,0,0,0,0
42657,0,0,0,0,0,2
42658,0,0,0,34,0,5
42659,0,0,0,71,11,0
42660,0,0,0,19,2,0
42661,0,0,0,0,0,0
42662,0,0,0,0,0,0
42663,0,0,0,13,0,0
42664,0,0,0,2,7,0
42665,0,0,0,1,78,0
42666,0,0,0,0,4,0
42667,0,0,0,0,1,0
42668,0,0,0,0,0,0
42669,0,0,0,1,0,1
42670,0,0,0,6,0,0
42671,2,0,0,7,0,0
42672,0,0,0,6,0,0
42673,2,0,0,23,10,0
42674,2,0,0,0,30,0
42675,0,0,0,0,60,0
42676,0,0,0,23,132,0
42677,0,0,0,62,178,0
42678,0,0,0,13,137,0
42679,0,0,0,99,103,0
42680,0,0,0,93,221,0
42681,0,0,0,69,347,0
42682,0,0,0,13,96,1
42683,4,0,0,1,103,0
42684,0,0,0,0,2,0
42685,3,0,0,0,0,0
42686,0,0,0,0,2,0
42687,0,0,0,4,10,0
42688,0,0,0,26,46,0
42689,0,0,0,14,66,0
42690,0,0,0,16,12,0
42691,0,0,0,12,1,0
42692,0,0,0,45,0,0
42693,0,0,0,20,0,0
42694,0,0,0,0,2,0
42695,0,0,0,1,8,0
42696,0,0,0,0,0,0
42697,0,0,0,1,0,0
42698,0,0,0,12,2,0
42699,0,0,0,0,0,0
42700,0,0,0,0,0,0
42701,0,0,0,0,1,0
42702,0,0,0,0,0,0
42703,0,0,0,0,0,0
42704,0,0,0,0,2,0
42705,0,0,0,0,2,0
42706,0,0,0,0,5,1
42707,0,0,0,0,0,0
42708,0,0,0,0,0,0
42709,0,0,0,0,159,0
42710,0,0,0,0,127,0
42711,0,0,0,0,0,0
42712,0,0,0,0,1,0
42713,0,0,0,0,8,0
42714,0,0,0,0,0,0
42715,0,0,0,0,0,0
42716,0,0,0,0,1,0
42717,0,0,0,0,0,0
42718,0,0,0,0,0,0
42719,0,0,0,0,0,0
42720,0,0,0,0,0,0
42721,0,0,0,0,37,0
42722,0,0,0,0,20,0
42723,0,0,0,0,13,0
42724,0,0,0,0,51,0
42725,0,0,0,0,50,0
42726,0,0,0,0,21,0
42727,0,0,0,0,12,0
42728,0,0,0,0,24,0
42729,0,0,0,0,7,0
42730,0,0,0,1,84,0
42731,0,0,0,0,453,0
42732,0,0,0,27,715,0
42733,0,0,0,30,1078,0
42734,0,0,0,13,1240,0
42735,0,0,0,28,1603,0
42736,0,0,0,21,1529,0
42737,0,0,0,20,1453,2
42738,0,0,0,6,1542,0
42739,0,0,0,30,1997,0
42740,0,0,0,82,2810,0
42741,0,0,0,86,3538,0
42742,0,0,0,84,4344,0
42743,0,0,0,61,5016,8
42744,0,0,0,97,5166,59
42745,0,0,0,97,4730,11
42746,0,0,0,127,4289,0
42747,0,0,0,77,3308,0
42748,0,0,0,63,3231,0
42749,0,0,0,20,3643,0
42750,0,0,0,75,4472,0
42751,0,0,0,29,4625,0
42752,0,0,0,14,4205,0
42753,0,0,0,1,3088,0
42754,0,0,0,16,1706,0
42755,0,0,0,48,984,0
42756,0,0,0,69,2411,0
42757,0,0,0,45,4766,0
42758,0,0,0,11,6429,0
42759,0,0,0,24,6900,0
42760,0,0,0,331,6274,2
42761,0,0,0,180,5140,1
42762,0,0,0,48,3936,0
42763,0,0,0,18,958,0
42764,0,0,0,197,1828,0
42765,0,0,0,138,3609,0
42766,0,0,0,366,3395,0
42767,0,0,0,484,1820,0
42768,0,0,0,215,1207,0
42769,0,0,0,32,2646,0
42770,0,0,0,13,3155,0
42771,0,0,0,97,3338,0
42772,0,0,0,202,4153,0
42773,0,0,0,119,4023,0
42774,0,0,0,76,2505,0
42775,0,0,0,55,1813,0
42776,0,0,0,104,1515,0
42777,0,0,0,308,1872,0
42778,0,0,0,250,709,0
42779,0,0,0,583,642,2
42780,0,0,0,609,139,0
42781,0,0,0,832,478,13
42782,0,0,0,996,283,0
42783,0,0,0,823,381,0
42784,0,0,0,570,995,0
42785,0,0,0,183,1241,0
42786,0,0,0,179,1043,5
42787,0,0,3,80,461,0
42788,0,0,0,39,204,0
42789,0,0,0,15,309,0
42790,0,0,0,82,410,0
42791,0,0,0,145,844,0
42792,0,0,0,61,256,0
42793,0,0,0,28,248,0
42794,0,0,0,54,41,0
42795,0,0,0,0,2,0
42796,0,0,0,9,191,1
42797,0,0,0,35,410,0
42798,0,0,1,42,1394,0
42799,0,0,0,37,1747,0
42800,0,0,0,21,1607,1
42801,0,0,0,24,861,7
42802,0,0,0,24,425,1
42803,0,0,0,43,881,0
42804,0,0,0,73,1042,0
42805,0,0,0,197,999,0
42806,0,0,0,248,725,0
42807,0,0,0,347,679,0
42808,0,0,0,245,447,0
42809,0,0,0,187,186,0
42810,0,0,0,86,220,0
42811,0,0,0,22,1001,0
42812,0,0,0,25,2768,0
42813,0,0,0,20,2081,0
42814,0,0,0,21,1321,0
42815,0,0,0,0,472,2
42816,0,0,0,52,905,0
42817,0,0,0,34,1373,0
42818,0,0,0,0,1314,0
42819,0,0,0,22,909,0
42820,0,0,0,75,319,0
42821,0,0,0,107,1040,0
42822,0,0,0,133,670,0
42823,0,0,0,159,800,0
42824,0,0,0,196,208,0
42825,0,0,0,88,248,0
42826,0,0,0,36,149,0
42827,0,0,0,0,141,0
42828,0,0,0,0,124,0
42829,0,0,0,0,154,0
42830,0,0,0,9,100,0
42831,0,0,0,0,1,3
42832,0,0,0,0,31,0
42833,0,0,0,8,17,0
42834,0,0,0,26,51,1
42835,0,0,0,33,66,0
42836,0,0,0,79,17,0
42837,0,0,0,30,44,0
42838,0,0,0,5,7,0
42839,0,0,0,3,241,0
42840,0,0,0,9,4,0
42841,0,0,0,24,148,0
42842,0,0,0,11,11,0
42843,0,0,0,0,5,0
42844,0,0,0,0,9,0
42845,0,0,0,0,1,0
42846,0,0,0,2,0,0
42847,0,0,0,0,3,0
42848,0,0,0,0,29,0
42849,0,0,0,0,27,0
42850,0,0,0,0,36,0
42851,0,0,0,0,55,3
42852,0,0,0,0,61,15
42853,0,0,0,0,80,0
42854,0,0,0,6,65,2
42855,0,0,0,10,11,0
42856,0,0,0,47,61,1
42857,0,0,0,62,42,0
42858,0,0,0,80,56,0
42859,0,0,0,52,29,0
42860,0,0,0,72,207,32
42861,0,0,0,30,100,0
42862,0,0,0,11,296,0
42863,0,0,0,2,273,0
42864,0,0,0,0,371,0
42865,0,0,0,0,240,0
42866,0,0,0,0,261,0
42867,0,0,0,0,188,0
42868,0,0,0,0,64,0
42869,0,0,0,0,0,0
42870,0,0,0,0,0,0
42871,0,0,0,0,13,0
42872,0,0,0,0,18,0
42873,0,0,0,0,0,0
42874,0,0,0,0,0,0
42875,0,0,0,0,1,0
42876,0,0,0,0,5,0
42877,0,0,0,0,0,0
42878,0,0,0,0,6,0
42879,0,0,0,0,6,0
42880,0,0,0,25,3,2
42881,0,0,0,3,4,0
42882,0,0,0,0,1,0
42883,0,0,0,0,1,0
42884,0,0,0,0,0,0
42885,0,0,0,3,0,2
42886,0,0,0,0,22,0
42887,0,0,0,0,4,0
42888,0,0,0,0,6,0
42889,0,0,0,0,0,0
42890,0,0,0,3,0,0
42891,0,0,0,0,0,0
42892,0,0,0,6,0,0
42893,0,0,0,19,159,0
42894,0,0,0,12,5,0
42895,0,0,0,24,0,0
42896,0,0,0,3,0,0
42897,0,0,0,1,10,0
42898,0,0,0,0,5,0
42899,0,0,0,0,3,0
42900,0,0,0,0,0,0
42901,0,0,0,0,5,0
42902,0,0,0,0,3,0
42903,0,0,0,0,0,0
42904,0,0,0,0,12,0
42905,0,0,0,0,2,0
42906,0,0,0,0,4,0
42907,0,0,0,0,0,0
42908,0,0,0,0,0,0
42909,0,0,0,0,0,0
42910,0,0,0,0,0,0
42911,0,0,0,0,0,0
42912,0,0,0,0,9,0
42913,0,0,0,0,3,0
42914,0,0,2,0,0,0
42915,0,0,0,0,1,0
42916,0,0,0,5,45,0
42917,0,0,0,0,0,0
42918,0,0,0,0,3,0
42919,0,0,0,0,0,0
42920,0,0,0,0,0,0
42921,0,0,0,0,0,0
42922,0,0,0,0,0,0
42923,0,0,0,0,1,0
42924,0,0,0,0,0,0
42925,0,0,0,0,0,0
42926,0,0,0,0,0,0
42927,0,0,0,0,0,0
42928,0,0,0,0,0,0
42929,0,0,0,0,1,0
42930,0,0,0,0,0,0
42931,0,0,0,0,6,0
42932,0,0,0,10,2,0
42933,0,0,0,5,2,0
42934,0,0,0,52,0,0
42935,0,0,0,43,40,0
42936,0,0,0,46,2,0
42937,0,0,0,0,6,0
42938,0,0,0,0,29,0
42939,0,0,0,0,47,0
42940,0,0,0,0,97,0
42941,0,0,0,0,159,0
42942,0,0,0,0,132,0
42943,0,0,0,0,130,0
42944,0,0,0,0,146,0
42945,0,0,0,0,84,0
42946,0,0,0,0,50,1
42947,0,0,0,0,42,0
42948,0,0,0,0,38,0
42949,0,0,0,0,13,0
42950,0,0,0,0,0,0
42951,0,0,0,1,0,0
42952,0,0,0,0,12,0
42953,0,0,0,0,57,0
42954,0,0,0,5,29,0
42955,0,0,0,69,30,0
42956,0,0,0,225,110,0
42957,0,0,0,240,35,0
42958,0,0,0,171,8,0
42959,0,0,0,29,48,0
42960,0,0,0,81,4,0
42961,0,0,0,460,55,1
42962,0,0,0,531,11,0
42963,0,0,0,487,185,0
42964,0,0,0,280,0,0
42965,0,0,0,178,10,0
42966,0,0,0,187,48,0
42967,0,0,0,202,13,0
42968,0,0,0,271,43,0
42969,0,0,0,377,5,0
42970,0,0,0,576,0,0
42971,0,0,0,697,94,0
42972,0,0,0,565,11,0
42973,0,0,0,389,48,0
42974,0,0,0,132,471,0
42975,0,0,0,30,326,0
42976,0,0,0,68,76,0
42977,0,0,0,148,81,0
42978,0,0,0,132,318,0
42979,0,0,0,127,852,0
42980,0,0,0,61,425,0
42981,0,0,0,79,223,0
42982,0,0,0,60,0,0
42983,0,0,0,29,6,0
42984,0,0,0,8,178,0
42985,0,0,0,0,59,0
42986,0,0,0,1,42,0
42987,0,0,0,1,25,0
42988,0,0,0,0,3,0
42989,0,0,0,0,12,0
42990,0,0,0,0,0,0
42991,0,0,0,0,0,0
42992,0,0,0,0,2,0
42993,0,0,0,0,2,0
42994,0,0,0,0,23,0
42995,0,0,0,1,43,0
42996,0,0,0,0,118,0
42997,0,0,0,4,335,0
42998,0,0,0,0,259,0
42999,0,0,0,0,164,0
43000,0,0,0,0,192,0
43001,0,0,0,2,116,0
43002,0,0,0,0,166,0
43003,0,0,0,0,277,0
43004,0,0,0,101,570,0
43005,0,0,0,2,835,0
43006,0,0,0,11,1804,0
43007,0,0,0,51,1658,0
43008,0,0,0,70,1150,0
43009,0,0,0,86,191,0
43010,0,0,0,77,460,0
43011,0,0,0,40,843,0
43012,0,0,0,28,460,0
43013,0,0,0,44,14,0
43014,0,0,0,0,695,0
43015,0,0,0,7,1492,0
43016,0,0,0,70,1731,0
43017,0,0,0,16,1140,0
43018,0,0,0,89,1494,0
43019,0,0,0,1,516,0
43020,0,0,0,0,15,0
43021,0,0,0,0,940,0
43022,0,0,0,14,1951,0
43023,0,0,0,64,1421,0
43024,0,0,0,14,66,0
43025,0,0,0,1,252,0
43026,0,0,0,12,66,0
43027,0,0,0,19,87,0
43028,0,0,0,2,120,0
43029,0,0,0,9,142,0
43030,0,0,0,14,454,0
43031,0,0,0,8,1035,0
43032,0,0,0,4,1290,0
43033,0,0,0,30,1246,0
43034,0,0,0,73,559,0
43035,0,0,0,77,181,0
43036,0,0,0,71,141,0
43037,0,0,0,65,155,0
43038,0,0,0,31,99,0
43039,0,0,0,21,61,0
43040,0,0,0,11,96,0
43041,0,0,0,0,74,0
43042,0,0,0,1,101,0
43043,0,0,0,0,44,0
43044,0,0,0,0,0,0
43045,0,0,0,4,11,0
43046,0,0,0,0,0,0
43047,0,0,0,0,8,0
43048,0,0,0,0,0,0
43049,0,0,0,0,2,0
43050,0,0,0,0,0,0
43051,0,0,0,8,0,0
43052,0,0,0,13,1,0
43053,0,0,0,14,0,0
43054,0,0,0,7,0,0
43055,0,0,0,0,0,0
43056,0,0,0,0,0,0
43057,0,0,0,0,9,0
43058,0,0,0,2,24,0
43059,0,0,0,0,33,0
43060,0,0,0,3,36,0
43061,0,0,0,0,0,0
43062,0,0,0,0,0,0
43063,0,0,0,0,0,0
43064,0,0,0,12,4,0
43065,0,0,0,67,26,0
43066,0,0,0,30,19,0
43067,0,0,0,8,72,0
43068,0,0,0,8,84,0
43069,0,0,0,234,48,0
43070,0,0,0,465,24,0
43071,0,0,0,563,0,0
43072,0,0,0,496,12,0
43073,0,0,0,283,18,0
43074,0,0,0,152,11,0
43075,0,0,0,57,52,0
43076,0,0,0,10,119,0
43077,0,0,0,28,65,0
43078,0,0,0,98,53,0
43079,0,0,0,63,18,0
43080,0,0,0,17,1,0
43081,0,0,0,11,36,0
43082,0,0,0,79,46,0
43083,0,0,0,78,7,0
43084,0,0,0,35,0,0
43085,0,0,0,11,0,0
43086,0,0,0,0,0,0
43087,0,0,0,2,11,0
43088,0,0,0,4,0,0
43089,0,0,0,10,10,0
43090,0,0,0,0,19,0
43091,0,0,0,4,60,0
43092,0,0,0,0,34,0
43093,0,0,0,7,41,0
43094,0,0,0,3,67,0
43095,0,0,0,0,2,0
43096,0,0,0,2,5,0
43097,0,0,0,0,1,0
43098,0,0,0,0,15,1
43099,0,0,0,0,0,0
43100,0,0,0,0,2,0
43101,0,0,0,0,0,0
43102,0,0,0,3,8,0
43103,0,0,0,0,171,0
43104,0,0,0,15,274,0
43105,0,0,0,57,681,0
43106,0,0,0,118,1101,0
43107,0,0,0,64,1278,0
43108,0,0,0,35,1209,0
43109,0,0,0,154,1019,0
43110,0,0,0,378,689,0
43111,0,0,0,533,408,0
43112,0,0,0,423,931,0
43113,0,0,0,271,1166,0
43114,0,0,0,69,1114,0
43115,0,0,0,83,772,0
43116,0,0,0,37,659,0
43117,0,0,0,23,832,0
43118,0,0,0,25,916,0
43119,0,0,0,35,693,0
43120,0,0,0,39,391,0
43121,0,0,0,29,163,0
43122,0,0,0,6,121,0
43123,0,0,0,0,26,0
43124,0,0,0,4,20,0
43125,0,0,0,83,0,0
43126,0,0,0,178,5,0
43127,0,0,0,90,39,0
43128,0,0,0,41,94,0
43129,0,0,0,6,28,0
43130,0,0,0,0,0,0
43131,0,0,0,0,0,0
43132,0,0,0,0,0,0
43133,0,0,0,0,0,0
43134,0,0,0,23,0,0
43135,0,0,0,24,0,0
43136,0,0,0,13,0,0
43137,0,0,0,0,0,0
43138,0,0,0,0,0,0
43139,0,0,0,2,102,0
43140,0,0,0,0,0,0
43141,0,0,0,0,2,0
43142,0,0,0,0,0,0
43143,0,0,0,0,2,0
43144,0,0,0,2,22,0
43145,0,0,0,2,8,0
43146,0,0,0,0,0,0
43147,0,0,0,0,0,0
43148,0,0,0,1,0,0
43149,0,0,0,1,24,0
43150,0,0,0,19,22,0
43151,0,0,0,0,48,0
43152,0,0,0,0,4,0
43153,0,0,0,0,0,0
43154,0,0,0,0,0,0
43155,0,0,0,0,0,0
43156,0,0,0,0,25,1
43157,0,0,0,56,0,0
43158,0,0,0,60,6,0
43159,0,0,0,10,0,0
43160,0,0,0,0,2,0
43161,0,0,0,2,3,0
43162,0,0,0,30,26,0
43163,0,0,0,59,185,0
43164,0,0,0,105,115,0
43165,0,0,0,96,198,0
43166,0,0,0,82,225,0
43167,0,0,0,31,743,0
43168,0,0,0,9,758,0
43169,0,0,0,33,750,0
43170,0,0,0,36,349,0
43171,0,0,0,5,426,0
43172,0,0,0,3,128,0
43173,0,0,0,0,101,0
43174,0,0,0,7,207,0
43175,0,0,0,13,369,0
43176,0,0,0,10,330,0
43177,0,0,0,0,198,0
43178,0,0,0,5,123,0
43179,0,0,0,21,189,0
43180,0,0,0,69,307,0
43181,0,0,0,719,561,0
43182,0,0,0,1162,796,0
43183,0,0,0,887,854,0
43184,0,0,0,349,657,0
43185,0,0,0,19,294,0
43186,0,0,0,1,189,0
43187,0,0,0,25,253,0
43188,0,0,0,82,370,0
43189,0,0,0,104,504,0
43190,0,0,0,73,546,0
43191,0,0,0,136,430,0
43192,0,0,0,247,368,0
43193,0,0,0,134,355,0
43194,0,0,0,33,236,0
43195,0,0,0,43,242,0
43196,0,0,0,119,261,0
43197,0,0,0,179,213,0
43198,0,0,0,192,249,0
43199,0,0,0,157,408,0
43200,15,0,0,127,554,0
43201,0,0,0,175,548,0
43202,0,0,0,75,346,0
43203,0,0,0,16,17,0
43204,0,0,0,0,48,0
43205,0,0,0,13,437,0
43206,0,0,0,23,543,0
43207,0,0,0,7,237,0
43208,0,0,0,0,41,0
43209,0,49,0,0,59,0
43210,0,7,0,2,71,0
43211,0,0,0,7,204,0
43212,0,2,0,5,10,0
43213,0,0,0,0,0,0
43214,0,0,0,16,0,0
43215,0,0,0,0,16,0
43216,0,0,0,3,159,0
43217,0,0,0,4,167,0
43218,0,0,0,1,57,0
43219,0,1,0,0,35,0
43220,0,0,0,0,85,0
43221,0,0,0,4,11,0
43222,0,0,0,0,29,0
43223,0,0,0,2,80,0
43224,0,0,0,0,99,0
43225,0,0,0,3,122,0
43226,0,0,0,2,299,2
43227,0,0,0,8,354,0
43228,0,0,0,7,502,0
43229,0,0,0,0,443,0
43230,0,0,0,0,344,0
43231,0,0,0,0,200,0
43232,0,0,0,4,98,0
43233,0,0,0,8,102,1
43234,0,0,2,3,76,0
43235,0,0,0,15,87,0
43236,0,0,0,15,63,0
43237,0,0,0,30,109,0
43238,0,0,0,0,469,0
43239,0,0,0,0,743,0
43240,4,0,0,17,1358,0
43241,4,0,0,14,946,0
43242,0,0,0,124,567,0
43243,0,0,0,223,281,4
43244,0,0,0,327,613,0
43245,0,0,0,315,767,0
43246,0,0,0,258,691,0
43247,0,0,0,112,621,0
43248,0,0,0,18,323,0
43249,0,0,0,30,406,0
43250,0,0,0,2,205,2
43251,0,0,0,51,221,0
43252,0,0,0,230,128,0
43253,0,0,0,218,137,0
43254,0,0,0,83,292,0
43255,0,0,0,0,766,0
43256,0,0,0,15,830,0
43257,0,0,0,80,710,0
43258,0,0,0,29,380,0
43259,0,0,0,84,280,0
43260,0,0,0,13,267,0
43261,0,0,0,27,275,1
43262,0,0,0,45,137,0
43263,0,0,0,22,100,0
43264,0,0,0,18,24,0
43265,0,0,0,41,35,0
43266,0,0,0,41,3,0
43267,0,0,0,165,38,0
43268,0,0,0,340,38,0
43269,0,0,0,496,55,0
43270,0,0,0,424,43,0
43271,0,0,0,426,51,0
43272,0,0,0,227,83,0
43273,0,0,0,249,28,0
43274,0,0,0,122,38,0
43275,0,0,0,130,67,0
43276,0,0,0,35,102,0
43277,0,0,0,14,34,4
43278,0,0,0,41,0,0
43279,0,0,0,6,0,0
43280,0,0,0,0,0,0
43281,0,0,0,4,0,0
43282,0,0,0,10,0,0
43283,0,0,0,26,0,0
43284,0,0,0,0,0,0
43285,0,0,0,0,0,0
43286,0,0,0,0,0,0
43287,0,0,0,0,0,0
43288,0,0,0,0,0,0
43289,0,0,0,0,0,0
43290,0,0,0,0,0,0
43291,0,0,0,0,0,0
43292,2,0,0,0,0,0
43293,0,0,0,0,0,0
43294,6,0,0,0,8,0
43295,2,0,0,0,19,0
43296,0,0,0,0,21,0
43297,0,0,0,0,40,0
43298,0,0,0,0,13,0
43299,0,0,0,0,0,0
43300,0,0,0,0,8,0
43301,0,0,0,0,100,0
43302,0,0,0,10,149,0
43303,0,0,0,1,187,0
43304,2,0,0,12,392,0
43305,0,0,0,3,279,0
43306,6,0,0,12,289,0
43307,0,0,0,1,213,3
43308,0,0,0,5,236,0
43309,0,0,0,8,376,0
43310,0,0,0,0,411,0
43311,0,0,0,0,257,0
43312,0,0,0,0,118,0
43313,0,0,0,0,2,0
43314,0,0,0,5,46,0
43315,0,0,0,0,253,0
43316,0,0,0,23,441,0
43317,0,0,0,34,522,0
43318,0,0,0,55,348,0
43319,0,0,0,42,166,0
43320,0,0,0,17,71,0
43321,0,0,0,6,73,0
43322,0,0,0,0,85,0
43323,0,0,0,8,83,0
43324,0,0,0,1,49,0
43325,0,0,0,66,52,0
43326,0,0,0,56,149,0
43327,0,0,0,0,332,0
43328,0,0,0,13,394,0
43329,0,0,0,16,161,0
43330,0,0,0,41,73,0
43331,0,0,0,19,149,0
43332,0,0,0,6,65,0
43333,0,0,0,14,2,0
43334,0,0,0,12,0,0
43335,0,0,0,0,0,0
43336,0,0,0,0,0,0
43337,0,0,0,0,0,0
43338,0,0,0,0,0,0
43339,0,0,0,0,0,0
43340,0,0,0,0,0,0
43341,0,0,0,4,0,0
43342,0,0,0,55,0,0
43343,0,0,0,270,0,0
43344,0,0,0,554,1,0
43345,0,0,0,952,0,0
43346,0,0,0,964,32,0
43347,0,0,0,1162,88,0
43348,0,0,0,1228,438,0
43349,0,0,0,1189,628,0
43350,0,0,0,1080,729,0
43351,0,0,0,923,417,0
43352,0,0,0,674,270,0
43353,0,0,0,320,17,0
43354,0,0,0,93,0,0
43355,0,0,0,3,4,0
43356,0,0,0,3,79,0
43357,0,0,0,37,147,0
43358,0,0,0,4,185,0
43359,0,0,0,72,187,0
43360,0,0,0,105,114,0
43361,0,0,0,62,8,0
43362,0,0,0,30,0,4
43363,0,0,0,33,0,0
43364,0,0,0,11,0,0
43365,0,0,0,8,0,0
43366,0,0,0,18,12,0
43367,0,0,0,59,0,0
43368,0,0,0,147,0,0
43369,0,0,0,284,0,0
43370,0,0,0,274,0,0
43371,0,0,0,202,0,0
43372,0,0,0,183,9,0
43373,0,0,0,169,114,0
43374,0,0,0,89,77,0
43375,0,0,0,105,374,0
43376,0,0,0,754,1247,0
43377,0,0,0,772,1918,0
43378,0,0,0,465,2011,0
43379,0,0,0,700,1546,0
43380,0,0,0,245,1399,0
43381,0,0,0,77,1241,0
43382,0,0,0,55,357,0
43383,0,0,0,48,60,0
43384,0,0,0,69,46,0
43385,0,0,0,70,219,0
43386,0,0,0,9,41,0
43387,0,0,0,26,11,0
43388,0,0,0,176,28,0
43389,0,0,0,267,26,7
43390,0,0,0,70,51,10
43391,0,0,0,4,6,23
43392,0,0,0,7,0,11
43393,0,0,0,0,0,0
43394,0,0,0,0,122,16
43395,0,0,0,0,180,24
43396,0,0,0,0,100,202
43397,0,0,0,8,100,644
43398,0,0,0,23,70,240
43399,0,0,0,10,86,20
43400,0,0,0,11,42,0
43401,0,0,0,0,29,1
43402,0,0,0,17,49,0
43403,0,0,0,18,14,0
43404,0,0,0,87,10,0
43405,0,0,0,181,86,0
43406,0,0,0,146,220,0
43407,0,0,0,110,153,0
43408,0,0,0,80,207,0
43409,0,0,0,40,38,0
43410,0,0,0,4,1,0
43411,0,0,0,14,7,4
43412,0,0,0,3,74,0
43413,0,0,0,4,100,0
43414,0,0,0,0,9,0
43415,0,0,0,0,18,0
43416,0,0,0,2,0,0
43417,0,0,0,0,1,0
43418,0,0,0,0,10,0
43419,0,0,0,3,37,0
43420,0,0,0,136,148,0
43421,0,0,0,337,325,0
43422,0,0,0,637,588,0
43423,0,0,0,973,424,0
43424,0,0,0,1096,228,0
43425,0,0,0,1225,414,0
43426,0,0,0,1240,868,0
43427,0,0,0,1050,1387,0
43428,0,0,0,911,1757,0
43429,0,0,0,581,1329,0
43430,0,0,0,160,840,0
43431,0,0,0,37,130,0
43432,0,0,0,43,74,0
43433,0,0,0,99,299,0
43434,0,0,0,36,279,0
43435,0,0,0,6,78,0
43436,0,0,0,13,47,0
43437,0,0,0,36,351,0
43438,0,0,0,99,754,0
43439,0,0,0,126,1299,8
43440,0,0,0,117,1408,14
43441,8,19,0,158,1228,2
43442,12,0,0,92,791,0
43443,3,0,0,79,230,0
43444,7,0,0,0,23,0
43445,8,0,0,4,60,0
43446,0,0,0,69,111,0
43447,0,0,0,114,220,0
43448,0,0,0,117,190,0
43449,0,0,0,163,303,0
43450,0,0,0,155,519,0
43451,0,0,0,58,315,155
43452,0,11,0,29,66,131
43453,0,1,0,34,101,2
43454,0,0,0,57,64,0
43455,0,0,0,2,46,0
43456,0,0,0,3,43,27
43457,0,0,0,0,13,271
43458,0,33,0,2,8,39
43459,0,234,0,0,106,0
43460,0,317,0,0,240,0
43461,0,107,5,2,132,0
43462,0,1,0,30,591,1
43463,0,10,0,75,988,2
43464,1,130,0,73,762,0
43465,0,614,0,88,357,0
43466,10,663,0,120,315,0
43467,2,580,6,232,291,0
43468,6,337,2,339,787,0
43469,3,620,6,367,1383,0
43470,0,567,0,352,1130,0
43471,0,61,0,363,977,0
43472,0,2,0,512,569,0
43473,0,107,0,580,491,0
43474,0,621,0,547,629,0
43475,0,808,0,456,1165,0
43476,0,26,0,230,374,0
43477,0,11,0,44,11,1
43478,0,54,0,25,29,0
43479,0,50,0,59,141,0
43480,0,156,0,241,212,0
43481,0,14,0,461,454,1
43482,0,0,0,933,669,0
43483,0,0,0,1372,985,0
43484,0,27,2,1596,1266,0
43485,0,13,0,1811,1361,3
43486,0,354,1,1967,2172,70
43487,0,1328,0,2032,1485,13
43488,2,1263,23,2067,1511,18
43489,11,565,0,1880,452,0
43490,13,387,30,1841,265,4
43491,10,596,2,1850,235,0
43492,6,519,27,1801,347,0
43493,0,131,0,1704,953,0
43494,0,306,0,1425,410,0
43495,0,161,3,1274,302,0
43496,0,177,15,846,89,1
43497,0,44,22,691,190,0
43498,2,21,10,399,2,0
43499,0,17,9,68,37,0
43500,0,4,9,27,0,0
43501,0,125,0,8,5,0
43502,0,51,0,11,4,0
43503,9,30,5,16,0,0
43504,4,5,0,28,1,1
43505,17,67,1,122,6,0
43506,7,168,13,184,1,0
43507,33,185,2,178,10,0
43508,35,107,8,117,111,0
43509,40,175,2,38,9,0
43510,29,213,0,12,8,6
43511,12,181,0,39,9,0
43512,1,418,0,25,106,0
43513,0,382,6,65,144,0
43514,0,316,0,38,82,0
43515,0,245,0,63,81,0
43516,0,156,0,0,7,61
43517,0,6,5,21,83,435
43518,0,8,0,12,115,71
43519,0,163,0,0,200,0
43520,0,134,0,51,69,0
43521,0,92,0,97,6,50
43522,0,14,2,74,2,46
43523,0,0,0,16,0,11
43524,0,78,0,0,3,0
43525,0,90,0,1,1,0
43526,0,80,0,26,0,0
43527,0,157,0,9,0,0
43528,0,189,4,0,33,0
43529,0,93,3,0,17,0
43530,3,132,0,1,71,0
43531,0,113,1,0,6,0
43532,0,7,0,1,122,0
43533,0,0,0,12,5,0
43534,0,3,0,14,567,0
43535,0,24,0,1,1062,0
43536,0,10,1,0,1661,0
43537,0,4,0,3,1997,0
43538,0,9,0,89,2173,0
43539,0,0,0,73,1550,0
43540,0,0,0,106,1158,0
43541,0,0,0,50,1035,0
43542,0,25,0,64,678,0
43543,0,31,0,77,886,0
43544,0,26,0,41,1265,0
43545,0,5,0,26,1312,0
43546,0,13,1,53,939,1
43547,0,0,0,89,724,0
43548,0,0,0,90,134,0
43549,0,2,0,24,125,0
43550,0,36,0,91,129,0
43551,0,0,0,394,422,0
43552,0,0,0,172,519,0
43553,0,0,0,138,993,0
43554,0,0,0,41,570,0
43555,0,0,0,33,194,0
43556,0,0,0,0,45,3
43557,0,0,0,0,2,0
43558,0,0,0,71,43,0
43559,0,0,0,182,60,0
43560,0,0,0,18,219,0
43561,0,0,0,20,153,0
43562,0,0,0,70,43,11
43563,0,0,0,26,10,20
43564,0,0,0,0,0,0
43565,0,0,0,1,1,0
43566,0,0,0,11,0,0
43567,0,0,0,2,19,0
43568,0,0,0,0,67,0
43569,0,0,0,2,90,0
43570,0,0,0,3,51,0
43571,0,0,0,0,73,0
43572,0,0,0,0,670,0
43573,0,0,0,2,1250,0
43574,0,0,0,16,1393,1
43575,0,0,0,0,1254,0
43576,0,0,0,20,1003,0
43577,0,0,0,65,490,0
43578,0,0,2,65,344,0
43579,0,0,0,53,601,0
43580,0,0,0,24,771,0
43581,0,0,0,5,845,0
43582,0,0,0,2,731,0
43583,0,0,0,2,381,0
43584,0,0,0,0,58,0
43585,0,0,0,2,63,0
43586,0,0,0,0,10,0
43587,0,0,0,0,14,0
43588,0,0,0,0,16,0
43589,0,0,0,0,41,0
43590,0,0,0,0,31,0
43591,0,0,0,0,26,0
43592,0,0,0,0,12,0
43593,0,0,0,0,0,0
43594,0,0,0,0,0,0
43595,0,0,0,0,0,0
43596,0,0,0,0,1,0
43597,0,0,0,1,3,0
43598,0,0,0,4,0,0
43599,0,0,0,0,0,0
43600,0,0,0,0,0,0
43601,0,0,0,0,25,0
43602,0,0,0,0,83,0
43603,0,0,0,0,171,0
43604,0,0,0,0,160,0
43605,0,0,0,0,74,0
43606,0,0,0,0,62,0
43607,0,0,0,0,16,1
43608,0,0,0,0,6,0
43609,0,0,0,0,2,0
43610,0,0,0,0,24,0
43611,0,0,0,0,60,0
43612,0,0,0,0,148,0
43613,0,0,0,0,124,0
43614,0,0,0,0,8,0
43615,0,0,0,0,3,0
43616,0,0,0,0,250,0
43617,0,0,0,0,252,0
43618,0,0,0,0,134,0
43619,0,0,0,0,54,0
43620,0,0,0,0,0,0
43621,0,0,0,2,9,0
43622,0,0,0,6,1,0
43623,0,0,0,5,0,0
43624,0,0,0,7,58,0
43625,0,0,0,20,174,0
43626,0,0,0,75,10,0
43627,0,0,0,70,3,0
43628,0,0,0,110,0,0
43629,0,0,0,153,19,0
43630,0,0,0,147,78,0
43631,0,0,0,75,57,0
43632,0,0,0,87,0,0
43633,0,0,0,26,0,0
43634,0,0,0,1,0,0
43635,0,0,0,0,114,0
43636,0,0,0,0,273,0
43637,0,0,0,23,82,0
43638,0,0,0,12,0,0
43639,0,0,0,0,0,0
43640,0,0,0,0,0,0
43641,0,0,0,0,0,0
43642,0,0,0,1,0,0
43643,0,0,0,3,0,0
43644,0,0,0,0,3,0
43645,0,0,0,0,0,0
43646,0,0,0,0,0,0
43647,0,0,0,0,0,0
43648,0,0,0,0,0,0
43649,1,0,0,5,0,0
43650,0,0,0,0,0,0
43651,0,0,0,0,2,0
43652,0,0,0,9,0,0
43653,0,0,0,6,2,0
43654,0,0,0,4,0,0
43655,0,0,0,0,15,0
43656,0,0,0,3,0,0
43657,0,0,0,0,3,0
43658,0,0,0,26,4,0
43659,0,0,0,0,2,0
43660,0,0,0,23,2,0
43661,0,0,0,212,58,0
43662,0,0,0,249,91,0
43663,0,0,0,223,208,0
43664,0,0,0,323,194,0
43665,0,0,0,442,59,0
43666,0,0,0,309,82,0
43667,0,0,0,268,102,0
43668,0,0,0,278,34,0
43669,0,0,0,256,40,0
43670,0,0,0,161,86,0
43671,0,0,0,116,150,0
43672,0,0,0,56,48,0
43673,0,0,0,91,27,0
43674,0,0,0,78,49,0
43675,0,0,0,7,18,0
43676,0,0,0,144,3,0
43677,0,0,0,97,2,0
43678,0,0,0,13,5,0
43679,0,0,0,30,13,0
43680,0,0,0,32,1,0
43681,0,0,0,0,48,0
43682,0,0,0,18,186,0
43683,0,0,0,0,154,0
43684,0,0,0,4,6,0
43685,0,0,0,7,0,0
43686,0,0,0,0,0,0
43687,0,0,0,27,11,0
43688,0,0,0,57,89,0
43689,0,0,0,3,0,0
43690,0,0,0,0,34,0
43691,0,0,0,0,344,0
43692,1,0,0,0,785,0
43693,4,0,0,0,1312,0
43694,2,0,0,129,2024,0
43695,2,0,0,340,2528,5
43696,0,0,0,410,4388,7
43697,1,0,0,309,7066,0
43698,3,0,0,20,7876,16
43699,4,0,0,7,8765,69
43700,0,0,0,149,9431,0
43701,0,1,0,314,8997,0
43702,0,7,0,377,7857,2
43703,0,0,0,365,5986,5
43704,0,0,0,557,3686,0
43705,0,10,0,598,2037,0
43706,0,11,0,337,3107,0
43707,0,3,0,373,6367,6
43708,0,0,0,437,8097,70
43709,0,0,0,451,7030,44
43710,3,24,0,636,6253,35
43711,0,10,0,820,6905,74
43712,0,0,0,886,5503,6
43713,0,0,0,751,4098,4
43714,0,7,0,597,2341,0
43715,0,0,0,497,1858,0
43716,0,0,0,376,3985,0
43717,0,0,0,302,6018,0
43718,0,0,0,246,7627,0
43719,0,0,0,171,8517,0
43720,0,0,0,120,8908,0
43721,9,0,0,40,8611,0
43722,0,0,0,32,7745,0
43723,1,0,0,2,6888,5
43724,0,0,0,287,5964,0
43725,0,0,0,553,8105,18
43726,0,0,0,827,10568,35
43727,0,0,0,741,13297,163
43728,0,0,0,574,12626,203
43729,0,0,0,912,8454,90
43730,0,0,0,1452,2933,0
43731,0,0,0,1704,2918,0
43732,0,0,0,1400,1356,2
43733,0,0,0,1220,1113,21
43734,0,0,0,1044,336,1
43735,0,0,0,888,414,0
43736,0,0,0,669,107,0
43737,0,0,0,373,112,0
43738,0,0,0,297,80,4
43739,0,0,0,38,212,4
43740,0,0,0,88,175,156
43741,0,0,0,35,513,251
43742,0,7,0,1,268,386
43743,0,0,0,2,100,217
43744,0,0,0,39,39,139
43745,0,0,0,73,53,46
43746,0,0,0,143,2,33
43747,0,0,0,113,59,13
43748,0,0,0,5,0,0
43749,0,0,0,0,11,1
43750,5,2,0,9,0,0
43751,0,0,0,10,0,0
43752,0,0,0,0,0,0
43753,0,0,0,15,0,0
43754,0,0,0,0,12,1
43755,0,0,0,23,8,78
43756,2,0,0,27,171,46
43757,1,0,0,16,318,19
43758,10,0,0,38,838,11
43759,5,0,0,57,1233,9
43760,7,0,0,116,1614,0
43761,19,0,0,150,1506,12
43762,3,0,0,284,1876,4
43763,2,0,0,79,1705,2
43764,0,0,0,59,3261,3
43765,0,0,0,52,4187,3
43766,0,0,0,78,5914,65
43767,0,0,0,330,8267,396
43768,0,0,0,455,10001,458
43769,6,0,0,911,12081,178
43770,8,0,0,1263,13909,68
43771,3,0,0,1765,14072,69
43772,0,0,0,2019,12166,352
43773,0,0,0,2143,8670,298
43774,0,0,0,2172,6957,197
43775,0,0,0,2099,10728,0
43776,0,0,0,1834,11716,0
43777,2,0,0,1528,11141,0
43778,1,0,0,1109,10044,9
43779,8,0,0,629,8867,53
43780,4,0,0,162,8764,100
43781,10,0,0,19,8095,120
43782,4,0,0,50,7706,124
43783,2,0,0,88,6431,80
43784,0,0,0,101,5648,467
43785,0,0,0,123,5335,284
43786,0,0,0,104,5246,35
43787,0,0,0,129,4796,25
43788,0,0,0,209,5202,37
43789,0,0,0,146,4865,424
43790,0,0,0,163,4375,802
43791,3,0,0,229,3556,975
43792,0,0,0,328,1471,289
43793,0,0,0,455,1974,129
43794,0,0,0,392,2219,33
43795,0,0,0,414,1140,2
43796,0,0,1,292,1258,0
43797,0,0,0,242,364,0
43798,0,0,0,192,441,0
43799,0,0,0,75,4,0
43800,0,0,0,24,4,0
43801,0,0,0,5,77,17
43802,0,0,0,0,45,0
43803,0,0,0,0,83,0
43804,0,0,0,0,0,0
43805,0,0,0,4,0,1
43806,0,0,0,15,3,22
43807,0,0,0,58,24,0
43808,4,0,0,48,4,0
43809,2,0,0,24,7,0
43810,0,0,0,0,2,1
43811,0,0,0,0,0,0
43812,0,0,0,0,2,0
43813,0,0,0,30,6,0
43814,0,0,0,5,184,0
43815,0,0,0,20,295,0
43816,0,0,0,89,673,0
43817,0,0,0,347,1532,0
43818,6,0,0,330,2469,0
43819,8,0,0,132,3751,0
43820,5,0,0,125,3923,0
43821,8,0,0,198,2458,0
43822,0,0,0,593,475,0
43823,0,0,0,537,626,0
43824,0,0,0,501,492,0
43825,0,0,0,532,1559,0
43826,0,0,0,727,3652,0
43827,0,0,0,875,3692,0
43828,0,0,0,848,2817,3
43829,1,0,0,616,1395,0
43830,0,0,0,400,1020,0
43831,0,0,1,291,1249,0
43832,0,0,0,201,794,0
43833,0,0,0,314,393,0
43834,0,0,0,382,502,0
43835,0,0,0,241,392,0
43836,0,0,0,95,282,0
43837,0,0,0,104,412,0
43838,0,0,0,235,664,0
43839,0,0,0,259,950,0
43840,0,0,0,220,858,0
43841,0,0,0,135,566,0
43842,0,0,0,54,142,0
43843,0,0,0,50,164,0
43844,0,0,0,46,114,0
43845,0,0,0,0,30,36
43846,0,0,0,3,20,0
43847,0,0,0,14,11,5
43848,0,0,0,50,9,263
43849,0,0,0,48,20,78
43850,0,0,0,0,40,0
43851,0,0,0,1,17,0
43852,0,0,0,0,10,0
43853,1,0,0,16,1,0
43854,8,0,0,5,40,0
43855,0,0,0,0,100,5
43856,0,0,0,0,94,54
43857,0,0,0,0,27,2
43858,0,0,0,0,5,0
43859,0,0,0,44,83,0
43860,0,0,0,52,3,0
43861,0,0,0,52,4,9
43862,0,0,0,31,0,18
43863,0,0,0,7,17,0
43864,2,0,0,2,111,0
43865,9,0,0,0,113,0
43866,10,0,0,0,111,0
43867,13,0,0,0,106,2
43868,25,0,0,0,3,0
43869,4,0,0,0,2,0
43870,6,0,0,0,0,0
43871,1,0,0,0,0,0
43872,0,0,0,0,0,0
43873,0,0,0,0,0,0
43874,0,0,0,0,0,0
43875,0,0,0,0,0,0
43876,4,0,0,0,0,0
43877,6,0,0,0,0,0
43878,8,0,0,0,0,0
43879,11,0,0,0,0,0
43880,7,0,0,0,0,0
43881,14,0,0,0,0,0
43882,0,0,0,0,0,0
43883,0,0,0,0,0,0
43884,0,0,0,0,57,0
43885,0,0,0,0,0,0
43886,0,0,0,0,0,0
43887,0,0,0,0,0,0
43888,0,0,0,0,0,0
43889,0,0,0,0,0,0
43890,14,0,0,0,0,0
43891,4,0,0,9,6,0
43892,11,0,0,0,8,0
43893,10,0,0,2,0,0
43894,3,0,0,0,0,0
43895,10,0,0,3,0,0
43896,4,0,0,0,2,0
43897,0,0,0,0,0,0
43898,0,0,0,0,0,0
43899,0,0,0,0,0,0
43900,0,0,0,0,0,0
43901,0,0,0,0,5,0
43902,0,0,0,0,4,0
43903,2,0,0,0,15,0
43904,0,0,0,37,52,0
43905,0,0,0,85,14,0
43906,0,0,0,3,45,0
43907,0,0,0,2,9,0
43908,0,0,0,0,0,0
43909,0,0,0,0,28,0
43910,0,0,0,0,35,11
43911,0,0,0,22,8,0
43912,0,0,0,61,14,0
43913,0,0,0,62,12,0
43914,0,0,0,31,1,0
43915,0,0,0,0,3,0
43916,0,0,0,10,195,60
43917,0,0,0,181,346,0
43918,0,0,0,351,356,0
43919,0,0,0,503,296,0
43920,0,0,0,210,89,0
43921,0,0,0,66,6,0
43922,0,0,0,144,41,0
43923,0,0,0,339,288,0
43924,0,0,0,425,407,0
43925,0,0,0,283,267,0
43926,0,0,0,64,6,0
43927,0,0,0,42,69,0
43928,0,0,0,195,366,0
43929,0,0,0,402,676,0
43930,0,0,0,379,622,0
43931,0,0,0,169,610,0
43932,0,0,0,7,101,0
43933,0,0,0,0,0,0
43934,0,0,0,25,147,0
43935,0,0,0,30,155,0
43936,0,0,0,17,98,0
43937,0,0,0,8,4,0
43938,0,0,0,0,0,0
43939,0,0,0,3,82,0
43940,0,0,0,12,103,0
43941,0,0,0,8,206,0
43942,0,0,0,10,0,0
43943,0,0,0,0,0,0
43944,0,0,0,0,0,0
43945,0,0,0,0,1,0
43946,0,0,0,0,0,0
43947,0,0,0,0,0,0
43948,0,0,0,0,0,0
43949,0,0,0,0,44,0
43950,0,0,0,0,0,0
43951,0,0,0,0,28,0
43952,0,0,0,0,101,0
43953,0,0,0,0,224,0
43954,0,0,0,0,309,0
43955,0,0,0,0,250,0
43956,0,0,0,0,232,0
43957,0,0,0,0,208,0
43958,0,0,0,0,77,0
43959,0,0,0,0,9,0
43960,0,0,0,0,0,0
43961,0,0,0,0,61,0
43962,0,0,0,0,0,0
43963,0,0,0,0,0,0
43964,0,0,0,0,0,0
43965,0,0,0,0,0,0
43966,0,0,0,0,11,0
43967,0,0,0,0,11,0
43968,0,0,0,0,8,0
43969,0,0,0,0,76,0
43970,0,0,0,28,318,0
43971,0,0,0,8,250,0
43972,0,0,0,0,105,0
43973,0,0,0,0,144,0
43974,0,0,0,0,57,0
43975,0,0,0,0,116,0
43976,0,0,0,8,119,0
43977,0,0,0,18,173,0
43978,0,0,0,25,175,0
43979,0,0,0,0,201,0
43980,0,0,0,26,310,0
43981,0,0,0,63,583,0
43982,0,0,0,256,935,0
43983,0,0,0,430,1258,0
43984,0,0,0,523,1755,0
43985,0,0,0,630,2277,0
43986,0,0,0,548,2360,0
43987,0,0,0,631,2510,0
43988,0,0,0,579,3482,0
43989,0,0,0,543,4375,0
43990,0,0,0,434,4397,0
43991,0,0,0,305,4445,4
43992,0,0,0,169,4478,0
43993,0,0,0,17,4440,0
43994,0,0,0,0,4643,10
43995,0,0,0,0,4532,0
43996,0,0,0,0,3986,0
43997,0,0,0,4,3692,0
43998,0,0,0,0,3635,0
43999,0,0,0,0,3414,0
44000,0,0,0,1,3664,0
44001,0,0,0,10,4012,0
44002,0,0,0,36,4003,0
44003,0,0,0,16,4280,0
44004,0,0,0,77,4759,0
44005,0,0,0,162,4736,0
44006,0,0,0,83,4398,0
44007,0,0,0,128,4097,0
44008,0,0,0,115,4258,0
44009,0,0,0,97,4868,0
44010,0,0,0,162,6923,0
44011,0,0,0,221,9316,0
44012,0,0,0,246,10504,0
44013,0,0,0,306,10780,0
44014,0,0,0,346,10826,8
44015,0,0,0,409,10494,17
44016,0,0,0,367,10192,3
44017,0,0,0,322,9035,46
44018,0,0,0,215,7435,5
44019,0,0,0,79,4644,0
44020,0,0,0,18,1571,0
44021,0,0,0,0,759,0
44022,0,0,0,0,1992,0
44023,0,0,0,0,3133,0
44024,0,0,0,28,4126,0
44025,0,0,0,100,3792,0
44026,0,0,0,165,3576,0
44027,0,0,0,91,3195,0
44028,0,0,0,55,2780,0
44029,0,0,0,24,3088,0
44030,0,0,0,15,4126,0
44031,0,0,0,23,4767,0
44032,0,0,0,122,4631,0
44033,0,0,0,297,4530,0
44034,0,0,0,733,4322,47
44035,0,0,0,910,3775,4
44036,0,0,0,1042,2523,0
44037,0,0,0,574,1107,0
44038,0,0,0,96,387,0
44039,0,0,0,109,450,0
44040,0,0,0,105,366,0
44041,0,0,0,87,380,0
44042,0,0,0,127,356,0
44043,0,0,0,161,144,0
44044,0,0,0,227,98,0
44045,0,0,0,285,109,0
44046,0,0,0,411,271,0
44047,0,0,0,503,400,0
44048,0,0,0,442,541,0
44049,0,0,0,207,398,0
44050,0,0,0,86,319,0
44051,0,0,0,99,78,0
44052,0,0,0,64,18,0
44053,0,0,0,0,21,0
44054,0,0,0,11,2,0
44055,0,0,0,31,33,0
44056,0,0,0,47,16,0
44057,0,0,0,16,25,0
44058,0,0,0,1,3,0
44059,0,0,0,2,1,0
44060,0,0,0,32,0,0
44061,0,0,0,27,0,0
44062,0,0,0,0,3,0
44063,0,0,0,0,1,0
44064,0,0,0,0,9,0
44065,0,0,0,14,0,0
44066,0,0,0,8,7,0
44067,0,0,0,0,0,0
44068,0,0,0,0,0,0
44069,0,0,0,0,0,0
44070,0,0,0,0,0,0
44071,0,0,0,0,0,1
44072,0,0,0,0,12,0
44073,0,0,0,0,2,0
44074,0,0,0,0,0,0
44075,0,0,0,0,0,0
44076,0,0,0,0,0,0
44077,0,0,0,0,2,0
44078,0,0,0,0,4,0
44079,0,0,0,0,17,0
44080,0,0,0,0,34,0
44081,0,0,0,0,78,0
44082,0,0,0,18,125,0
44083,0,0,0,36,239,0
44084,0,0,0,64,344,0
44085,0,0,0,103,268,0
44086,0,0,0,233,177,0
44087,0,0,0,158,48,0
44088,0,0,0,71,148,0
44089,0,0,0,41,147,0
44090,0,0,0,9,69,0
44091,0,0,0,33,41,0
44092,0,0,0,0,21,0
44093,0,0,0,0,20,0
44094,0,0,0,0,6,0
44095,0,0,0,27,2,0
44096,0,0,0,0,81,0
44097,0,0,0,0,7,0
44098,0,0,0,6,2,0
44099,0,0,0,0,21,0
44100,0,0,0,0,16,0
44101,0,0,0,9,48,0
44102,0,0,0,3,12,0
44103,0,0,0,0,34,0
44104,0,0,0,0,48,0
44105,0,0,0,0,27,0
44106,0,0,0,45,2,0
44107,0,0,0,27,25,0
44108,0,0,0,16,39,27
44109,0,0,0,9,36,0
44110,0,0,0,0,1,0
44111,0,0,0,0,0,0
44112,0,0,0,8,0,0
44113,0,0,0,63,14,0
44114,0,0,0,0,4,0
44115,0,0,0,0,0,0
44116,0,0,0,0,19,12
44117,0,0,0,14,2,10
44118,0,0,0,0,6,0
44119,0,0,0,0,0,0
44120,0,0,0,25,0,0
44121,0,0,0,2,0,0
44122,0,0,0,8,0,6
44123,0,0,0,10,0,13
44124,0,0,0,11,0,0
44125,0,0,0,12,0,0
44126,0,0,0,20,0,0
44127,0,0,0,0,2,0
44128,0,0,0,16,0,2
44129,0,0,0,156,106,0
44130,0,0,0,707,1718,0
44131,0,0,0,1268,8111,28
44132,0,0,0,1261,11468,305
44133,0,0,0,1120,9533,191
44134,0,0,0,1421,4057,2
44135,0,0,0,1179,1658,0
44136,0,0,0,712,6490,47
44137,0,0,0,846,8797,86
44138,0,0,0,1120,7159,14
44139,0,0,0,1549,3390,0
44140,0,0,0,1765,2493,0
44141,0,0,0,1931,2632,0
44142,0,0,0,1974,1582,4
44143,0,0,0,1893,1490,0
44144,0,0,0,1588,1652,0
44145,0,0,0,1074,1186,0
44146,0,0,0,505,1049,2
44147,0,0,0,158,743,0
44148,0,0,0,128,288,0
44149,0,0,0,365,156,0
44150,0,0,0,702,884,0
44151,0,0,0,989,1232,0
44152,0,0,0,1008,1636,0
44153,0,0,0,894,1655,12
44154,0,0,0,681,1262,0
44155,0,0,0,607,675,0
44156,0,0,0,237,165,0
44157,0,0,0,85,7,0
44158,0,0,0,409,560,0
44159,0,0,0,451,1160,0
44160,0,0,0,507,1142,0
44161,0,0,0,475,972,1
44162,0,0,0,305,528,0
44163,0,0,0,107,53,0
44164,0,0,0,34,6,0
44165,0,0,0,1,162,0
44166,0,0,0,18,232,0
44167,0,0,0,30,250,0
44168,0,0,0,1,152,0
44169,0,0,0,13,11,0
44170,0,0,0,0,0,0
44171,0,0,0,1,0,0
44172,0,0,0,0,0,0
44173,0,0,0,0,0,0
44174,0,0,0,52,41,0
44175,0,0,0,86,39,0
44176,0,0,0,64,20,0
44177,0,0,1,184,27,0
44178,0,0,0,407,118,0
44179,0,0,0,595,317,0
44180,0,0,0,641,23,0
44181,0,0,0,792,32,0
44182,0,0,0,735,312,0
44183,0,0,0,634,864,0
44184,0,0,0,252,917,0
44185,1,0,0,81,457,0
44186,3,0,0,194,4,0
44187,3,0,0,232,98,0
44188,2,0,0,432,510,0
44189,0,0,0,629,655,0
44190,0,0,0,1014,607,0
44191,0,10,0,1782,695,0
44192,0,1,0,2036,122,0
44193,0,0,0,2187,110,0
44194,0,0,0,2157,1144,0
44195,0,0,0,2026,2178,0
44196,0,0,0,1906,2633,0
44197,0,0,0,1732,2787,0
44198,0,0,0,1301,2322,0
44199,0,0,0,989,1456,0
44200,0,0,0,1492,496,0
44201,0,2,0,2397,64,0
44202,0,0,0,3441,364,0
44203,0,0,0,3897,1242,0
44204,0,0,0,3777,2281,0
44205,0,0,0,3254,3130,0
44206,0,0,0,2807,3760,2
44207,0,0,0,2152,3855,4
44208,0,0,0,1674,2858,1
44209,0,0,0,696,1381,0
44210,0,0,0,41,61,0
44211,0,0,0,446,952,0
44212,0,0,0,1290,1594,0
44213,0,0,0,1839,1967,0
44214,0,0,0,1997,1821,0
44215,0,0,0,2061,1714,0
44216,0,0,0,2035,1446,0
44217,0,0,0,1488,958,0
44218,0,0,0,1018,442,0
44219,0,0,0,470,225,0
44220,0,0,0,43,64,0
44221,0,0,0,0,462,0
44222,0,0,0,30,944,1
44223,0,0,0,69,1233,0
44224,0,0,0,133,1390,0
44225,0,0,0,112,1388,0
44226,0,0,0,70,1123,0
44227,0,0,0,50,782,0
44228,0,0,0,27,654,0
44229,0,0,0,0,487,0
44230,0,0,0,0,241,0
44231,0,0,0,5,152,0
44232,0,0,0,11,32,0
44233,0,0,0,11,3,0
44234,0,0,0,0,1,0
44235,0,0,0,0,7,0
44236,0,0,0,0,107,2
44237,0,0,0,0,0,0
44238,0,0,0,0,0,0
44239,0,0,0,0,36,0
44240,0,0,0,16,93,0
44241,0,0,0,18,38,0
44242,0,0,0,30,8,0
44243,0,0,0,29,3,0
44244,0,0,0,7,0,0
44245,0,0,0,32,0,0
44246,0,0,0,64,150,0
44247,0,0,0,130,58,0
44248,0,0,0,127,131,0
44249,0,0,0,210,144,0
44250,0,0,0,242,7,0
44251,0,0,0,180,16,0
44252,0,0,0,95,197,0
44253,0,0,0,35,487,0
44254,0,0,0,54,285,0
44255,0,0,0,337,419,0
44256,0,0,0,506,109,0
44257,0,0,0,575,3,0
44258,0,0,0,758,334,0
44259,0,0,0,829,718,0
44260,0,0,0,691,1006,0
44261,0,0,0,489,887,0
44262,0,0,0,217,689,0
44263,0,0,0,123,146,0
44264,0,0,0,80,4,0
44265,0,0,0,5,6,0
44266,0,0,0,5,182,0
44267,0,0,0,15,350,0
44268,0,0,0,57,182,0
44269,0,0,0,112,20,0
44270,0,0,0,263,0,0
44271,0,0,0,544,6,0
44272,0,0,0,792,0,0
44273,0,0,0,827,4,0
44274,0,0,0,847,4,0
44275,0,0,0,682,27,0
44276,0,0,0,493,28,0
44277,0,0,0,263,120,0
44278,0,0,0,187,328,0
44279,0,0,0,152,572,0
44280,0,0,0,122,598,0
44281,0,0,0,43,480,2
44282,0,0,0,2,98,0
44283,0,0,0,0,0,0
44284,0,0,0,19,67,0
44285,0,0,0,21,298,0
44286,0,0,0,23,324,0
44287,0,0,0,9,112,0
44288,0,0,0,0,26,0
44289,2,0,0,0,10,0
44290,0,0,0,1,0,0
44291,0,0,0,6,230,0
44292,0,0,0,0,2,0
44293,0,2,0,0,1,0
44294,0,0,0,6,0,0
44295,0,0,0,0,0,0
44296,0,2,0,0,12,0
44297,0,2,0,22,2,0
44298,0,0,0,0,0,0
44299,0,0,0,0,1,0
44300,0,0,0,15,0,0
44301,0,0,0,63,0,0
44302,0,0,0,4,32,0
44303,0,0,0,1,83,0
44304,0,0,0,30,57,0
44305,0,0,0,122,53,0
44306,0,0,0,572,197,0
44307,0,0,0,1106,234,0
44308,0,0,0,1786,149,0
44309,0,0,0,2350,45,0
44310,0,0,0,2384,149,0
44311,0,0,0,2391,992,0
44312,0,0,0,1927,1683,0
44313,0,0,0,1805,2294,0
44314,0,0,0,1550,2467,0
44315,0,0,0,966,1845,0
44316,0,0,0,275,572,0
44317,0,0,0,0,6,0
44318,0,0,0,167,790,0
44319,0,0,0,472,1313,0
44320,0,0,0,763,1360,0
44321,0,0,0,977,1030,0
44322,0,0,3,1163,649,0
44323,1,0,0,1074,352,0
44324,14,0,0,946,169,0
44325,20,0,0,672,3,0
44326,42,0,0,474,7,0
44327,51,0,0,359,4,0
44328,61,0,0,219,0,0
44329,93,8,0,171,0,0
44330,55,0,0,141,0,0
44331,0,0,0,194,0,0
44332,0,0,0,269,0,0
44333,0,0,0,285,0,0
44334,0,0,0,497,45,0
44335,3,0,0,577,284,0
44336,0,0,0,577,898,0
44337,0,0,0,479,1497,3
44338,1,0,0,341,1493,0
44339,6,0,0,115,1676,0
44340,9,0,0,0,1604,0
44341,25,0,0,8,904,0
44342,32,0,0,32,374,0
44343,10,0,0,82,732,0
44344,8,0,0,173,820,0
44345,4,0,0,303,1017,0
44346,7,0,0,400,1345,0
44347,6,0,0,470,1361,0
44348,7,0,0,383,1113,0
44349,0,0,0,97,566,0
44350,0,0,0,21,213,0
44351,0,0,0,28,156,0
44352,0,0,0,55,45,0
44353,0,0,0,65,136,0
44354,0,0,0,228,121,0
44355,0,0,0,349,130,0
44356,0,0,0,559,364,0
44357,0,0,0,902,386,0
44358,0,0,0,1212,448,0
44359,0,0,0,1308,444,0
44360,0,0,0,1283,487,0
44361,0,0,0,929,428,0
44362,0,0,0,485,389,0
44363,0,0,0,143,140,0
44364,0,0,0,0,198,0
44365,0,0,0,175,245,0
44366,0,0,0,756,399,0
44367,0,0,0,1528,257,0
44368,6,0,0,2201,220,0
44369,0,0,0,2600,135,0
